run_id,group_key,target,pred_xgb,pred_rf,pred_mlp_surrogate
00200be0-70ce-4eed-a102-4c0f98d22da5,BUTTER-E|16777216|20|0|6435.0|wide_first_2x,914899.650886,1.0322239e+06,1055909.527190592,1.1014679e+06
0026036f-6149-4b95-bd07-e348e2f63b96,BUTTER-E|32768|10|0|15000.0|rectangle,322731.5038989998,246079.03,222959.14922717394,201532.86
0028908d-49ea-4ffe-8873-bf133c5a5764,BUTTER-E|1024|6|0|3848.0|rectangle_residual,45801.18173799972,48592.473,46918.54889308652,55000.22
003599fb-537f-4c3b-87a1-3fde09773f3f,BUTTER-E|1024|14|0|12958.0|wide_first_8x,316074.340084,203294.31,198710.07127630498,184476.23
00432ea5-6eb3-4820-bfb5-fbf02204f0a3,BUTTER-E|2048|16|0|6435.0|wide_first_2x,143996.6190469997,109176.15,122805.13339945769,106925.5
0057bd7a-57c6-430e-b450-ffb1068c4695,BUTTER-E|16384|3|0|4898.0|wide_first_16x,71581.45893999985,64964.066,63997.952198536164,48537.637
005c82e3-5201-4677-a28b-0394e21d71d8,BUTTER-E|131072|7|0|3848.0|exponential,107658.03093899976,102108.41,105341.59771218942,86985.85
006129c6-8cf0-441e-8d48-510403ae5111,BUTTER-E|8388608|7|0|3848.0|rectangle,230337.10636899987,220972.81,223844.18821442255,214418.19
0067f916-6232-41b9-a457-9a2dd9b50ef9,BUTTER-E|8388608|14|0|15000.0|wide_first_8x,1468735.8519649997,1.3493294e+06,1324731.5388332196,1.5159364e+06
00693010-d94e-4b49-af7c-d5f00a33569b,BUTTER-E|16777216|16|0|12958.0|rectangle,1623640.75635,1.9224756e+06,1989497.386149279,2.2520498e+06
0086f6cd-3a8b-4059-9f54-e8468e22fc35,BUTTER-E|1048576|16|0|12958.0|rectangle_residual,596717.6587279999,744892.2,769134.9184925247,756537.4
009a01b7-c9b5-42c5-9a3f-9bd1316e6b8a,BUTTER-E|4096|12|0|4898.0|wide_first_4x,60701.1228199998,75719.42,80884.06116135934,84095.625
00a62a66-0dc7-4a93-8b21-54dac36458cd,BUTTER-E|128|9|0|12958.0|rectangle,118478.9908459998,119124.63,120201.91265749483,122546.65
00b74fc1-71e1-42b2-a9de-0846ce2169e0,BUTTER-E|32768|12|0|6435.0|trapezoid,182702.3280419999,180326.08,186769.3556076838,142121.78
00e4ef9f-1f85-49f1-a6d7-9d9ff1be8cca,BUTTER-E|524288|10|0|3188.0|wide_first_8x,108408.95166899986,119260.695,116881.18609664332,127691.89
00f4d8cc-f499-4bc5-a774-6f83d45311f5,BUTTER-E|131072|5|0|20640.0|rectangle_residual,353608.69732799975,386678.6,382218.7271034906,403129.56
00fcbd26-a0e2-4aaf-885b-94bba0e0fec3,BUTTER-E|4194304|9|0|15000.0|wide_first_4x,751118.646922,821277.1,781999.4386165406,751050.94
0107bf43-9531-40d4-a375-86a93e6ec0d9,BUTTER-E|32768|20|0|6435.0|exponential,254725.58299,222601.47,232050.68296747043,133882.3
011e5c61-2418-4a64-a19e-c7359f82bf7b,BUTTER-E|262144|2|0|12958.0|rectangle,205749.9576279997,209284.44,200661.66792485773,255557.88
01212d65-2d92-4537-bb79-f7779539adb5,BUTTER-E|16777216|16|0|15000.0|wide_first_8x,2140224.35322,2.2559298e+06,2214169.0796361007,2.3906325e+06
012dbe8b-7599-4fa0-9d2d-d6b696b24143,BUTTER-E|131072|7|0|5300.0|rectangle_residual,116129.63327799996,139625.12,130143.22105495709,121961.71
0130657e-020b-4242-a342-90d23d4a605c,BUTTER-E|1048576|3|0|20640.0|wide_first_2x,353190.7866409999,479525.28,427679.1732227714,389110.1
01411fe2-0b6d-4292-924d-38d45a96d1ce,BUTTER-E|1048576|4|0|15000.0|trapezoid,223649.1187039998,265104.1,256490.86763162375,270277.4
01443461-c47b-4051-aea1-c8eef10f89e2,BUTTER-E|2097152|10|0|67557.0|exponential,2406774.078,2.1505548e+06,2414633.382835788,2.229558e+06
0147c4a0-f1a1-4d20-aa75-3460e2984d87,BUTTER-E|2097152|12|0|3188.0|wide_first_4x,174413.13533099962,169588.77,167961.20531022627,159748.52
015877a8-94df-4e5d-9853-4c19ec9d6738,BUTTER-E|512|16|0|5300.0|rectangle,108562.04913999996,93026.73,91693.58198920543,75711.266
016c32a1-9c57-4af0-8d55-841958781037,BUTTER-E|8388608|16|0|48842.0|trapezoid,4246412.751148,4.4742495e+06,4379697.434683257,4.4389015e+06
016f9120-4373-44ce-a664-d0e814b73e32,BUTTER-E|16777216|2|0|70000.0|rectangle,5142173.233872,5.624676e+06,8899900.73435482,6.2248565e+06
016fe06a-7f9e-4dd2-ba1d-df427d094165,BUTTER-E|4194304|14|0|12958.0|rectangle_residual,884198.6339479999,890181.3,846190.2119071314,849369.94
017a762e-46f0-4bab-9a56-ef208bfc1e8a,BUTTER-E|4194304|14|0|48842.0|wide_first_4x,2772585.762717,3.373349e+06,3922593.2650632295,3.301484e+06
0189f642-3ecd-41e9-ae55-c69260a8fd26,BUTTER-E|128|4|0|3848.0|wide_first_4x,40801.7607769998,45144.96,40179.28155802677,45326.848
01936f97-0f35-4c41-a564-2a34f002acda,BUTTER-E|65536|5|0|6435.0|wide_first_8x,105656.40336499992,116428.695,118480.10967128143,121989.164
01956214-8423-4a00-b2d3-00ec92f534fe,BUTTER-E|4194304|6|0|12958.0|wide_first_8x,612392.0144909997,615791.06,685843.1641552034,641411.2
019a663d-f528-4b02-9448-e55277f135b3,BUTTER-E|131072|12|0|20640.0|rectangle,580601.4956429998,632238.3,591339.6813027151,610685.5
01a6b9ec-75be-4fb5-9e90-f59959fae897,BUTTER-E|2048|16|0|20640.0|trapezoid,243034.0749999997,306914.84,304499.0735141585,350154.4
01ae970a-34cf-40ef-8f6a-6d2e27015db2,BUTTER-E|1024|7|0|3848.0|wide_first_4x,59132.345645999885,49305.63,50445.20894964874,51508.8
01b63d60-547b-46ad-8c2e-3cb049b0bc10,BUTTER-E|1024|3|0|6435.0|wide_first_4x,60606.628411999685,66936.336,64423.21594516107,71427.39
01d28709-232e-43c3-b330-2bf3d954fc89,BUTTER-E|8388608|6|0|70000.0|wide_first_4x,4721437.763682,4.4725945e+06,4203131.327183041,4.6207395e+06
02058407-aa85-4ae6-b4e1-49897a9fa0c4,BUTTER-E|256|6|0|105908.0|wide_first_4x,934300.621732,966483.7,985981.8831302371,1.1746094e+06
0255ba66-3b77-418d-bee3-8336db2fec85,BUTTER-E|65536|20|0|67557.0|trapezoid,2319556.998928,2.573325e+06,2937479.090463282,3.2171565e+06
025e09c0-dd52-4398-9c89-50468b875ee7,BUTTER-E|524288|10|0|6435.0|wide_first_4x,223872.3228769999,238877.39,225024.16446195,218870.45
025feeea-4226-4920-9aa7-198572d43fc4,BUTTER-E|4096|16|0|15000.0|trapezoid,174959.20404,217832.81,189075.57816117664,307746.34
02600b81-dac2-4e59-8113-3823dc6a2c2a,BUTTER-E|65536|20|0|48842.0|trapezoid,1601773.6333679997,1.8471489e+06,1563216.1125313784,2.1059122e+06
0260168c-b84d-406e-850e-7ca6c5465cea,BUTTER-E|4194304|16|0|12958.0|rectangle,1011845.8463390002,851451.8,884814.2848667084,941386.2
0278d79e-c2d4-45e0-9b40-007de5311853,BUTTER-E|512|9|0|15000.0|wide_first_2x,242513.637556,203864.92,232120.07042932024,216055.38
0283040e-3dbb-46bf-bef2-5514592623e9,BUTTER-E|4194304|8|0|15000.0|wide_first_2x,747098.9199019998,744814.75,751064.7271578981,765256.7
028359b4-5b31-4c99-9102-c3168dd637f7,BUTTER-E|8388608|16|0|12958.0|wide_first_16x,1212575.7496979998,1.279242e+06,1176845.0349924911,1.363486e+06
029231ff-7823-40ee-840d-7b9473d6a488,BUTTER-E|512|6|0|12958.0|wide_first_16x,114730.8788629998,127125.55,127616.0119817708,121521.68
0298c36b-11f8-4b43-846a-7cf4f87dc5b3,BUTTER-E|4096|3|0|6435.0|exponential,77693.37891299964,84303.12,83141.18682157427,73688.305
029b420d-a724-473c-89c1-8179de1a5667,BUTTER-E|262144|6|0|15000.0|wide_first_4x,473539.221405,323130.25,325000.5588243068,338083.94
02ab7d1f-22ba-4012-aa17-bde2676ceb55,BUTTER-E|2097152|4|0|4898.0|exponential,150456.94959999996,152001.03,153213.8700167038,153578.06
02adfd8b-68f4-4a4b-8422-d1f475c6eed4,BUTTER-E|16384|8|0|3188.0|wide_first_4x,48949.29370499976,56054.914,49715.83437359519,45468.38
02ecb29b-f4a8-4045-a5a1-718c63f7cc4b,BUTTER-E|262144|16|0|3848.0|wide_first_16x,241655.35894099995,230189.72,246480.78626302027,192762.44
0327a58c-0846-4564-a965-8b5c4554746d,BUTTER-E|8192|8|0|70000.0|wide_first_2x,862802.4556109998,943671.1,905404.9271063764,932371.94
032c9b8f-5d97-4cb5-80f2-8ff973df3b59,BUTTER-E|32768|12|0|3848.0|wide_first_16x,200266.8549749996,108865.38,132072.58337667037,55321.8
03304d43-30a7-43ca-b28d-ee342412251e,BUTTER-E|4096|7|0|70000.0|wide_first_8x,694163.6475369999,727062.4,759685.7130384455,803028.4
036007d8-b027-4622-83d5-c599490252ce,BUTTER-E|262144|16|0|3848.0|rectangle_residual,180623.711155,234757.81,243110.11089752964,214157.02
0390b3a8-fb18-4afe-8e7c-aea1bc415344,BUTTER-E|131072|14|0|12958.0|wide_first_8x,421225.8743499998,502494.62,550473.2159961233,520406.7
03a1586e-d566-4276-9b0e-07973ce52289,BUTTER-E|8192|20|0|105908.0|exponential,2011241.111654,1.8741699e+06,1776201.9503160536,2.0073668e+06
03a29c10-4423-4d55-a852-c82359017c58,BUTTER-E|131072|12|0|3188.0|wide_first_4x,141908.49519199991,115584.56,109586.28165020817,117124.18
03af7983-c355-48a3-88bd-354fd1dd9159,BUTTER-E|4194304|7|0|4898.0|wide_first_2x,240707.5995179999,239549.25,251983.2799313285,249315.48
03bd6809-d43a-4832-8eff-a5477331f4d1,BUTTER-E|16384|4|0|3848.0|exponential,56411.499701999885,61139.824,61418.96576226116,49058.49
03c26ad1-fc33-47c8-a2e4-717a748cf6e1,BUTTER-E|4194304|8|0|5300.0|rectangle_residual,268286.8647409999,284596.5,277229.0060933482,264617.12
03d6b510-efd8-4c5b-b32a-948ae4c6b1ea,BUTTER-E|2097152|6|0|67557.0|rectangle_residual,2194977.555013,2.2518758e+06,2181239.877404646,2.234377e+06
03d7a44e-8535-41a6-9f78-4d4affa2a870,BUTTER-E|4096|4|0|48842.0|rectangle_residual,487530.86785799975,476198.97,504012.91198101774,534807.44
03dbadda-89af-4d93-84cf-0689130b571d,BUTTER-E|262144|20|0|70000.0|wide_first_16x,1299284.175499,2.361249e+06,2776360.773652504,2.1208692e+06
03ef51d2-8a54-423a-b956-68d4d051bc3e,BUTTER-E|4096|9|0|70000.0|wide_first_4x,813526.2574790001,794449.0,831178.9256561872,873586.56
040065b2-eac2-4214-a597-cf29873028fc,BUTTER-E|65536|12|0|5300.0|wide_first_8x,141735.224502,199927.33,216564.8063350717,199410.34
0436f86b-abe7-4547-a73b-85892b682bda,BUTTER-E|524288|3|0|6435.0|wide_first_2x,129239.7094639998,119332.484,130427.05788270691,116593.92
0443b024-6777-4744-9ecf-9a765af8326b,BUTTER-E|16777216|6|0|6435.0|rectangle,544500.6396869998,553616.8,629951.5349614009,620243.9
04521240-9862-468d-a4a8-17279e383079,BUTTER-E|16777216|9|0|5300.0|rectangle_residual,652938.295253,648205.56,647471.5694415806,635799.7
04608cd8-6833-4167-9aac-52d0861f1dcd,BUTTER-E|4096|6|0|3188.0|trapezoid,45199.33743299977,42315.773,46160.37668845658,46972.125
04750319-561d-4f27-8554-ff237e44f730,BUTTER-E|2048|7|0|3188.0|rectangle,41611.50982199988,38055.758,38864.73007305439,37853.344
047631a7-445d-4e04-8e57-8b0e13d453cb,BUTTER-E|262144|12|0|20640.0|trapezoid,781735.332975,709009.3,668947.7697340765,724401.94
048674c2-48e2-4767-86cf-718b300ad65f,BUTTER-E|16777216|10|0|20640.0|wide_first_16x,2396856.23622,2.7247672e+06,2744204.564369013,2.6278108e+06
0486e314-0611-416b-8a01-0cad83f37530,BUTTER-E|1048576|5|0|3188.0|wide_first_2x,88289.369154,89791.12,84563.12556006211,87403.8
048a2bf0-838a-4ec6-8110-92a9d49a4ba1,BUTTER-E|8388608|16|0|3848.0|rectangle,335821.0317279998,392368.06,392955.5963621465,387235.1
049e656e-652e-4a15-bd6b-971038cec030,BUTTER-E|2048|5|0|15000.0|rectangle_residual,138361.19766199993,154197.39,144585.1689895991,182208.11
04bed6a9-17da-44e1-aece-188610610648,BUTTER-E|65536|5|0|105908.0|wide_first_8x,2265216.600405,1.5947034e+06,1671251.5885100742,1.4030404e+06
04c76660-131c-42d8-895d-c37ebc7362c7,BUTTER-E|1048576|20|0|70000.0|trapezoid,6459600.743546,3.7538338e+06,3790761.5265721926,4.41763e+06
04cb26d6-6963-4b13-9ec4-b03d61a8759c,BUTTER-E|524288|7|0|3188.0|wide_first_4x,89651.7485199997,97099.836,101989.46673535711,99874.4
04ce2ad4-6570-48a5-80b0-06240e5006e1,BUTTER-E|4194304|7|0|15000.0|rectangle,507952.6219679999,534840.56,547520.1249159725,497266.9
04d3b997-22d9-4e00-a2e3-a96c4795f1d3,BUTTER-E|262144|16|0|4898.0|rectangle,191436.7472689997,217412.95,239558.65978569153,221892.69
0506bcc1-c36d-4cf1-8208-a5ad0bc172c1,BUTTER-E|4096|16|0|15000.0|rectangle,156128.75877499994,185399.19,162808.42148322167,229319.19
050c8023-9030-43a0-842d-f63da79683e2,BUTTER-E|16384|7|0|105908.0|rectangle_residual,1732449.921448,1.6603369e+06,1647192.7569672267,1.3847372e+06
0510a24b-e196-4b3d-9eb3-344cf4755717,BUTTER-E|262144|18|0|3188.0|exponential,146447.81490399985,140184.83,137268.9437420698,141376.8
051f7693-c88b-4dff-badb-7e9564fe39e4,BUTTER-E|1024|7|0|67557.0|exponential,847578.6439249997,757714.3,739806.1822525809,850157.6
052bf3f5-5bb9-45b8-9e97-92eeb0a58339,BUTTER-E|1024|9|0|4898.0|wide_first_4x,82276.74975799982,74723.01,93268.32163821865,69248.06
0533911e-e6fe-4235-8790-564f3c1bbbd8,BUTTER-E|524288|18|0|6435.0|rectangle_residual,385558.2346149997,416357.3,455078.046945999,391596.12
0536c351-90f6-43f1-b82c-9e3ad1f93910,BUTTER-E|16777216|10|0|20640.0|wide_first_8x,2412399.34358,2.5770875e+06,2430680.0044316435,2.5944255e+06
0538514f-6282-47fd-86ea-f5c1870288ca,BUTTER-E|262144|8|0|15000.0|rectangle,229719.9518879997,266104.66,277824.1838276292,257096.72
054223d6-178d-4d17-b2e8-f7dbb362029f,BUTTER-E|1048576|6|0|4898.0|rectangle,87282.338598,115400.734,122174.15982404075,101115.42
054b9be1-a8e4-4089-aff2-e6ee4949fa3c,BUTTER-E|262144|3|0|70000.0|wide_first_8x,920944.008009,899874.3,919395.7354023695,1.01637675e+06
054d8707-14e3-4b60-a96e-a15b47cf7227,BUTTER-E|4096|18|0|15000.0|wide_first_16x,279134.67323599994,284325.22,287016.9463193514,217227.88
057434a7-f5a4-47e0-ae8d-05b666b2afde,BUTTER-E|262144|20|0|3848.0|wide_first_8x,250648.533275,277729.8,265357.0313254594,256103.67
0589ceca-c07a-41ee-998a-5bc9389bb204,BUTTER-E|524288|12|0|5300.0|wide_first_8x,245636.77252499963,239498.31,202398.54444291774,231533.4
059e0477-79b0-45bd-b90d-c6708ef3f5f5,BUTTER-E|256|4|0|12958.0|exponential,133498.21507699968,133117.12,134215.29150847817,143662.75
05a847ff-751e-479e-b006-b2ed2c4d0bb4,BUTTER-E|16777216|2|0|15000.0|rectangle,4377448.07035,4.650669e+06,4613702.76480957,2.1809572e+06
05b99195-671c-4ec7-a949-3a8a24bee91e,BUTTER-E|2097152|8|0|3188.0|trapezoid,115780.75623,127928.96,125495.35877879434,129774.52
05c5b057-b9f4-484b-bf4e-8811911070c8,BUTTER-E|8388608|2|0|3188.0|rectangle,162306.47939999975,416113.6,1649717.6048069915,361159.66
05c64636-6452-4a2e-87ba-5e52a14a08f6,BUTTER-E|8388608|20|0|15000.0|wide_first_16x,1735743.9679519995,1.7817794e+06,1523316.0769217308,1.7112766e+06
05c6d1b8-ae99-4906-bb3d-7ef9fb1c8fa7,BUTTER-E|8388608|18|0|67557.0|wide_first_2x,10669587.036944002,6.9167745e+06,6823327.72606502,6.9291535e+06
05db2223-8112-46a1-a398-98254fb0371c,BUTTER-E|32768|18|0|48842.0|exponential,1480420.46947,1.1369861e+06,1165019.0000381386,1.2259425e+06
05e3fffa-be0a-4a1b-909a-161b5b151e95,BUTTER-E|524288|2|0|3848.0|rectangle,225970.6526579997,162659.14,437691.276517733,266113.03
05e41a1b-aa6b-4abe-b74c-e48cfef6f5a8,BUTTER-E|1024|16|0|5300.0|wide_first_8x,103261.26216399984,94919.45,106554.59075033604,74161.87
05e87110-be1d-40d3-946b-b070e382e5de,BUTTER-E|64|9|0|20640.0|trapezoid,318712.88807099964,252585.34,255745.07203488104,270784.12
05ea0180-a534-49c6-a3e1-781acc9cd616,BUTTER-E|32768|14|0|12958.0|wide_first_8x,538404.9707719998,382125.53,461170.32287932996,307714.34
05eea49b-581e-4298-b1db-8a00c4da9219,BUTTER-E|65536|14|0|15000.0|rectangle_residual,539425.7251769998,572916.6,515064.0408340504,525748.8
05f2d919-8c46-4bfb-9f5c-ea6fd6de1963,BUTTER-E|32|12|0|20640.0|rectangle_residual,161950.36572099972,219134.03,200164.68878324292,306657.97
05f4a954-b559-4008-88cb-049e7ad65d09,BUTTER-E|2048|18|0|6435.0|rectangle,183091.8485899998,111419.23,127900.95799465553,101865.055
062ec819-0230-4123-8934-7d26384f529e,BUTTER-E|262144|4|0|67557.0|rectangle,751245.532231,702531.7,749385.778743426,800102.9
063fabe2-8b0b-410f-9a4c-e900528bc3da,BUTTER-E|2097152|9|0|3848.0|exponential,125951.11506399998,186677.31,198787.85105780128,157325.53
0640907e-c379-4b9b-91ab-83f46cd94bda,BUTTER-E|1048576|10|0|5300.0|wide_first_8x,267613.740207,209232.75,207567.44858714228,240849.23
064b5220-5dfb-491d-b437-848f6283d357,BUTTER-E|2097152|10|0|105908.0|exponential,3620790.139932999,3.5220312e+06,4122448.420663381,4.1435488e+06
065206ec-605d-44bc-803f-b4de1f1e3083,BUTTER-E|262144|10|0|3188.0|wide_first_2x,96903.782138,107055.695,101030.82556778454,111066.48
0667eb78-309f-4081-95e1-07df341f1c11,BUTTER-E|262144|12|0|67557.0|rectangle_residual,3454582.296483,2.3284685e+06,2294597.034126869,2.4855302e+06
06798af0-f012-4890-93ff-ee5ff6c0da59,BUTTER-E|65536|3|0|5300.0|trapezoid,68127.81480699984,59022.168,69172.31857404039,58314.56
06942ee8-50e8-43bc-9def-59ecffe0a36d,BUTTER-E|64|7|0|5300.0|wide_first_2x,73134.17485599997,65185.688,64598.67614585091,66054.68
06981b86-5f81-44b2-947f-f263a3528609,BUTTER-E|1048576|2|0|105908.0|rectangle,1824789.3442460003,2.1318278e+06,1567599.4426427467,1.8246611e+06
069a2c9c-8426-4ee7-8daf-cd4317cb83d0,BUTTER-E|8388608|2|0|67557.0|rectangle,4291417.033708,3.9681145e+06,3606876.0824951576,4.490498e+06
06a8b095-999f-492b-8c68-d6b57255c7dc,BUTTER-E|65536|5|0|3188.0|wide_first_4x,62335.33031999989,57937.496,54238.5613649183,56261.97
06bc15cd-a678-4b70-a8ba-53d3a0f157bd,BUTTER-E|2097152|4|0|3848.0|wide_first_16x,120855.78699399972,129540.945,129037.70518114774,122839.29
06cf878d-0eed-4273-942d-11716fd41620,BUTTER-E|2048|8|0|12958.0|wide_first_4x,194124.7608049998,169867.02,176348.82179992666,167603.08
06e14b98-e626-43e0-beb7-b12722d35072,BUTTER-E|2048|9|0|48842.0|wide_first_4x,537092.7718559997,606508.4,559175.7916064418,598801.8
06e20445-7203-4a12-9cbb-9e34eac31019,BUTTER-E|128|10|0|5300.0|trapezoid,65017.027377,76156.12,76717.06862097679,85203.94
06e41fcf-c69d-4570-969e-2e01dcfa73aa,BUTTER-E|32768|12|0|4898.0|trapezoid,167635.21127199984,156080.81,162396.900338469,125821.34
06eef6a9-8eda-4174-9e69-e53872ea56ef,BUTTER-E|1048576|20|0|15000.0|wide_first_16x,788250.4130160001,1.0121121e+06,945273.1135183942,959746.5
06f39f46-926f-4f30-bad9-1984d3820a09,BUTTER-E|64|14|0|12958.0|wide_first_8x,141537.52853799984,132293.23,140069.13479459038,183499.94
0703121e-6e63-45a9-a13d-581c346267d0,BUTTER-E|131072|14|0|105908.0|rectangle,4317769.775579,3.6366232e+06,3410619.89688865,3.796685e+06
0715c585-ffd7-483b-80cb-1e4ab27ed271,BUTTER-E|4096|16|0|70000.0|wide_first_16x,821975.5415439999,1.0280025e+06,932676.3033302269,824765.94
0724823b-bf56-4df2-ab6f-4cc3fa1853f7,BUTTER-E|512|16|0|20640.0|wide_first_16x,986708.710172,287428.03,328787.73979783163,250255.95
0732a8d5-7a18-49a4-8cbd-bf0873210bf7,BUTTER-E|64|18|0|4898.0|wide_first_4x,55566.671662999805,60359.49,60253.799688157014,85995.055
073dd5d3-9049-44f5-8385-362a6f54a581,BUTTER-E|262144|10|0|3188.0|rectangle,66001.29994599997,68556.586,68426.94531898599,73366.66
074b4f40-bcb5-45fb-9f25-a402e810fbe0,BUTTER-E|524288|14|0|3848.0|rectangle,225370.115401,204887.22,204261.55850184613,210148.25
076201a4-8f85-42fb-a7a5-cc2c371eca9c,BUTTER-E|8388608|20|0|67557.0|rectangle_residual,8142314.933403001,7.4932945e+06,7064189.482933188,7.3187005e+06
076643fb-d267-4161-9641-a88f67f7da77,BUTTER-E|32768|8|0|15000.0|rectangle,181007.676515,206610.0,195929.7455653531,180228.27
077f74a6-055c-4419-b836-e31d12a454d3,BUTTER-E|32768|5|0|6435.0|wide_first_8x,121983.7795759998,108907.23,110216.23220558555,104508.234
07887b52-75a3-4e65-9ae7-2e371f584a1a,BUTTER-E|2097152|7|0|67557.0|trapezoid,2247605.943604,2.1139975e+06,2132938.7531701378,2.2502808e+06
07973d96-be63-4205-bce1-823a988b9687,BUTTER-E|16384|10|0|4898.0|wide_first_2x,135295.83613599985,125200.71,140217.9871546298,78274.516
079f6318-bf4c-4e72-a5d3-b4c76fcd28be,BUTTER-E|8388608|4|0|105908.0|wide_first_4x,6243912.063204,6.60563e+06,6203452.338898751,6.3909335e+06
07ac6252-fe0c-499b-8402-d947df6cfdfc,BUTTER-E|65536|5|0|3188.0|wide_first_16x,47722.49819399988,46998.383,53666.74538176749,40713.938
07d0190d-79c6-49da-9453-618e9c613d68,BUTTER-E|2097152|18|0|20640.0|exponential,922281.752678,1.0534965e+06,1176651.660750593,1.0774968e+06
07d83bae-c82f-4fa7-a48d-8d2f22ffe92a,BUTTER-E|262144|8|0|12958.0|rectangle_residual,332366.62302799994,357411.84,355294.76811718754,366826.47
07ef0bad-db28-4c5f-b189-2196388801e2,BUTTER-E|131072|18|0|6435.0|exponential,267232.0953439998,240556.33,271931.7531598052,263092.47
080dc3b2-0074-45e7-af59-ab9a3f57162b,BUTTER-E|512|16|0|4898.0|trapezoid,87424.94955599999,96592.22,97478.02868635695,92496.64
082ae5a0-b5ed-4885-9bb9-bb1e288e118f,BUTTER-E|4194304|10|0|70000.0|exponential,3309746.4860439994,3.1269182e+06,3439507.273332129,3.5597062e+06
082d1895-b9bb-46ec-a2c7-211b95c18028,BUTTER-E|65536|6|0|48842.0|exponential,775063.1185139999,681886.56,797593.2711227958,772536.6
082dbdf3-899d-4e9a-b901-fe563e74fe18,BUTTER-E|4194304|14|0|3188.0|exponential,179658.23411799973,198328.16,187529.92267251696,179950.89
084b5923-e327-4302-a76f-264900809ba1,BUTTER-E|2048|5|0|48842.0|exponential,485350.3375539999,480850.12,448851.9444371194,528568.7
084d4484-a541-4085-b604-0f1f2c5b9bd7,BUTTER-E|262144|5|0|4898.0|wide_first_4x,104566.58357899968,109426.74,98610.34258779476,102630.72
085c3c07-93a4-4743-a85f-0dcb2599ee33,BUTTER-E|4096|10|0|48842.0|rectangle,525171.858515,448004.1,466316.33128613763,542329.25
08732bd1-cf75-4387-b561-5ca588c51ba3,BUTTER-E|256|7|0|15000.0|wide_first_8x,151673.80224599998,160196.75,157237.42495700845,196356.58
08771632-3940-4b9b-9262-b73964932138,BUTTER-E|16777216|3|0|48842.0|rectangle_residual,4978380.809786999,4.600184e+06,4655223.1739237,4.4634885e+06
088be7f5-a5d6-43c3-9c6e-0f8f03b0a163,BUTTER-E|524288|12|0|6435.0|rectangle_residual,243961.4317829997,304406.78,332147.7982558851,295195.66
088e1821-52b8-4149-9607-a7da7649b2d9,BUTTER-E|256|7|0|67557.0|rectangle,489956.3505429998,546185.25,461683.1056140618,580629.4
08b10de6-c504-4f86-96fd-58cc88acfbdf,BUTTER-E|1024|8|0|4898.0|exponential,73776.6356149998,69791.66,66134.99774516464,71811.39
08b66f55-8796-439d-9827-d1b77ae00f01,BUTTER-E|32768|12|0|3848.0|trapezoid,113371.71740899992,134682.55,142621.3979673083,83242.945
08c4e231-e7f9-4122-8273-c1bb49ed05f2,BUTTER-E|16384|20|0|6435.0|wide_first_2x,114782.539923,154003.4,131935.0929840765,125769.63
08cb71d8-84e2-45ab-86ed-73d043c4e2f9,BUTTER-E|4194304|7|0|20640.0|wide_first_2x,881301.4822279998,974554.5,2082441.6168318028,1.0492442e+06
08d8c07a-f57d-47e8-84d8-a085dec09c80,BUTTER-E|262144|5|0|70000.0|rectangle_residual,1320908.649593,1.3131801e+06,1187026.974181615,1.2997676e+06
08de6a65-9b24-446f-ad36-65ef619d9dd6,BUTTER-E|16777216|4|0|15000.0|wide_first_4x,1554241.016476,1.5599622e+06,1424806.705557062,1.5581795e+06
08defcc7-0e1a-4c5b-b359-bbb40ec494ac,BUTTER-E|1048576|16|0|48842.0|wide_first_8x,4180921.564961,2.376004e+06,2371212.7818846856,2.68023e+06
08e05e08-adc7-48be-b433-9ba10708392c,BUTTER-E|128|4|0|5300.0|exponential,57501.491706,55327.29,54328.32703923863,59493.945
08e4a705-c8f1-43d0-a8cb-aeb998911e5b,BUTTER-E|16384|6|0|5300.0|wide_first_4x,91670.00679899965,89686.7,97293.22106864331,67967.625
090a7da8-a7b3-4962-96e6-3b91b6c6dfe0,BUTTER-E|4194304|5|0|105908.0|rectangle_residual,4619254.568265,4.4680285e+06,4156831.2415509815,4.6013905e+06
092d4d8f-8d47-4de9-b219-9d5e359e8776,BUTTER-E|16384|7|0|5300.0|wide_first_4x,113786.38356599987,101018.17,100941.34027304965,79310.195
095232f2-1f5c-4e79-a256-5ca2ebf811aa,BUTTER-E|131072|3|0|48842.0|wide_first_16x,625702.7489539997,656561.7,603118.31477023,664309.94
095bf04f-d066-4378-aa8b-33b1396a0a53,BUTTER-E|65536|10|0|20640.0|rectangle_residual,598351.5399679999,583529.9,536973.2908772174,553381.9
095e25c2-08b1-45ca-a1f1-7d06b9da64f1,BUTTER-E|65536|6|0|3848.0|exponential,72412.31847999977,84103.56,82486.20188714223,70916.836
09609c09-7a0c-496d-89ee-8edc61bd2745,BUTTER-E|524288|4|0|12958.0|exponential,228677.73918999985,238445.86,234239.72714208634,228647.03
0977b4de-9932-42d5-9b29-565ae7e0fde2,BUTTER-E|524288|2|0|67557.0|rectangle,903424.7875089998,873784.06,954722.7109093741,855973.6
097d05df-42f3-4dfe-b0b3-28b8afaee915,BUTTER-E|1048576|8|0|67557.0|trapezoid,1794231.608166,1.930068e+06,2034571.258374002,1.947957e+06
098690c7-af7c-4a70-819f-0ba9e7b9d911,BUTTER-E|32768|20|0|3848.0|wide_first_8x,172761.1979499997,178009.66,187113.28000387416,120377.33
098fd5fe-7e0e-4ed7-92e0-778f28bd5f3f,BUTTER-E|1048576|10|0|67557.0|wide_first_8x,2201782.740452,2.3844142e+06,2125526.8654475138,2.444311e+06
099951e7-1ea6-4051-9bb3-ee138c825a8c,BUTTER-E|65536|3|0|3188.0|wide_first_8x,48564.6021199998,44446.523,51198.36394532596,44903.6
09b1274a-cd08-404e-a8f7-27a24b8b7941,BUTTER-E|1048576|7|0|5300.0|wide_first_2x,153926.897094,159466.16,159905.5545334993,178051.75
09b499d1-9f66-4c7d-9417-35d3e31cbcfa,BUTTER-E|16384|10|0|12958.0|trapezoid,261989.53129599983,277914.22,255918.25927417786,219179.8
09b8fabb-dc2b-4bc8-85e2-8522c36530d5,BUTTER-E|16777216|14|0|15000.0|exponential,1571142.1630589997,1.9034696e+06,2040263.178350084,1.9703758e+06
09c85463-1f13-4491-ab72-9fafb957c6d6,BUTTER-E|4096|8|0|5300.0|rectangle,50714.7980709998,52856.44,52302.12358150978,55573.934
09d0ee03-9274-400e-aaaf-08c962d63c23,BUTTER-E|4096|12|0|3848.0|exponential,55583.04501,65772.18,69415.93430454572,59151.664
09d14329-85b4-4a4b-9668-b830a7093b7f,BUTTER-E|1048576|5|0|4898.0|exponential,192059.0019199998,124286.82,122969.50052590968,120946.59
0a0bc510-3859-4573-8aeb-09f37c680ada,BUTTER-E|1024|4|0|15000.0|wide_first_16x,169676.3407879998,148912.72,135602.12574244238,143529.64
0a1b830d-a9da-4e03-a4da-e78098de2779,BUTTER-E|1024|6|0|105908.0|wide_first_4x,1281642.704536,1.1343921e+06,1043861.7682619385,1.1765826e+06
0a1d78c4-059a-4f60-8cb4-7adb04853284,BUTTER-E|65536|2|0|4898.0|rectangle,68052.41298499968,75650.42,71850.49496889247,92297.76
0a26695a-cc9b-4bc4-95f1-fcef094545cc,BUTTER-E|32768|7|0|4898.0|rectangle,68358.67441299972,71082.18,72801.81180268676,56533.156
0a4185cb-94b2-4aca-aebd-97fda96f0f32,BUTTER-E|16777216|16|0|67557.0|exponential,8060334.945002999,8.490651e+06,7835939.214703895,8.614725e+06
0a46be9b-753a-4388-a1fc-6dc0425c4c25,BUTTER-E|65536|3|0|20640.0|wide_first_16x,242333.3842029997,268549.03,261092.65846472268,185777.23
0a4703c9-313c-46c2-b64a-de2ff19f3974,BUTTER-E|1048576|4|0|48842.0|rectangle_residual,1051131.7518669998,1.054362e+06,975359.4031790111,1.1144951e+06
0a676266-68b2-4e9d-bd41-da31a5d7a6ee,BUTTER-E|2097152|10|0|105908.0|rectangle,4158549.733263001,3.614319e+06,3997453.913856544,4.6388155e+06
0a6e41e7-f938-4497-aa05-7f6a5f242385,BUTTER-E|2097152|2|0|15000.0|rectangle,874323.0495699998,872724.7,572951.0908622146,803021.5
0a7ab23f-3e50-4685-b2ac-050aeae8fa6f,BUTTER-E|16384|3|0|4898.0|exponential,65697.06310499988,69520.69,69268.96921025527,59777.746
0ab9eb43-d2a5-48ab-acbc-b94674298312,BUTTER-E|8388608|12|0|6435.0|wide_first_4x,580486.348373,611166.75,625092.5906587276,581343.56
0abcf963-c1f5-4762-ac35-ca1b521dcdc9,BUTTER-E|512|3|0|67557.0|wide_first_2x,687661.961616,610040.56,611394.493597319,679967.6
0ad3f418-9444-4d48-b648-5872344e2b35,BUTTER-E|8192|20|0|105908.0|rectangle_residual,1505484.5670789997,1.3853052e+06,1623515.7831224995,1.990232e+06
0b0118e1-3e9d-4561-97db-b95d1e761337,BUTTER-E|16777216|14|0|48842.0|rectangle_residual,7514186.128336999,7.160558e+06,7208468.068488355,7.747299e+06
0b235ae4-d9bf-4796-83ce-97a9931881dd,BUTTER-E|256|18|0|67557.0|trapezoid,1147123.557239,1.103215e+06,1369591.178565578,1.2701622e+06
0b244090-ab39-4490-9bdd-5090abb4a691,BUTTER-E|131072|3|0|67557.0|wide_first_2x,891778.2958789999,871954.4,860248.0651892045,851990.3
0b3091ef-881a-4cc4-96e8-cb975d3b7b36,BUTTER-E|2048|18|0|12958.0|trapezoid,255305.59318199987,229561.2,233143.93646765026,277548.97
0b36db80-e401-43b2-aaff-8453cd8f10ec,BUTTER-E|2097152|8|0|3848.0|wide_first_2x,179441.1619429997,187277.34,176973.68160223623,193392.17
0b4cf634-d8dd-41a9-b536-8b4c4c5b1c18,BUTTER-E|1024|7|0|5300.0|wide_first_16x,77873.66398799964,64060.47,85479.69353346834,56513.535
0b5f72a4-f4ac-4f7d-ae1c-e51e4ee7b95e,BUTTER-E|64|3|0|4898.0|wide_first_8x,55976.47486799976,49508.664,49620.44820136627,54444.883
0b735eec-07df-4ed9-a3eb-60c9f604b88a,BUTTER-E|2097152|20|0|4898.0|wide_first_2x,394515.9727849998,350605.84,328766.2627139228,365240.6
0b7a1981-88a0-43e4-bf3e-5c058d445525,BUTTER-E|512|4|0|15000.0|wide_first_16x,113169.75183499968,134081.75,130028.28238624432,143338.4
0b7eed2a-c92d-4db0-aaa0-905f2a9b230a,BUTTER-E|131072|9|0|3848.0|wide_first_4x,197784.169128,153927.2,164964.90122536357,140362.22
0b9a20f6-8892-42fa-a814-78d953f242da,BUTTER-E|1024|5|0|3848.0|exponential,47698.43662299996,45126.84,45089.93465057876,47921.387
0ba8c0c7-5a48-434a-9b75-e01672f313d2,BUTTER-E|4194304|2|0|5300.0|rectangle,3358451.179477,2.5606098e+06,1736401.7493965714,3.4271318e+06
0bc2bfb0-8791-40d8-9d7c-c57a9d3c2326,BUTTER-E|16384|5|0|12958.0|trapezoid,122372.15158800002,143306.28,155999.16460441018,143299.05
0bf60a40-d8b2-4dd5-a812-5367980aa726,BUTTER-E|262144|7|0|6435.0|wide_first_4x,181128.479557,170509.75,166640.18500866316,166354.3
0bfd79af-dc1f-4a4e-88fd-26e95cbceac3,BUTTER-E|1048576|10|0|12958.0|wide_first_16x,412174.633946,491320.8,461001.1128519403,514513.5
0bfe4139-7c0c-41f5-b8fe-8d38f3070a6f,BUTTER-E|16384|5|0|67557.0|rectangle,518677.9893959996,582651.8,579003.9564462139,557633.3
0c1bf57f-f284-4d4d-bab8-ef11ab9457e8,BUTTER-E|2097152|2|0|105908.0|rectangle,2494791.399177,3.3322078e+06,4134981.5294629578,2.8997585e+06
0c2c7356-89b7-48ad-9c6d-e52e9b44e5d7,BUTTER-E|8192|20|0|20640.0|rectangle_residual,273480.2685239997,275054.12,296438.70129457425,370411.47
0c4b9a61-8085-4921-864e-8bdbc848e513,BUTTER-E|1048576|14|0|6435.0|rectangle,335078.6851049997,320079.47,407484.365364692,294888.38
0c66564d-bac3-4c0b-84df-097e8d62df9e,BUTTER-E|65536|8|0|12958.0|rectangle,181887.37109400003,195262.66,210718.1653005291,174313.25
0c6cb819-e415-4af0-97df-146c1cc8ea7d,BUTTER-E|2048|9|0|5300.0|rectangle,46419.43615599997,49373.62,52469.63887153422,56894.297
0c6d4767-37e5-4058-9c89-f022d7391777,BUTTER-E|8192|9|0|4898.0|wide_first_2x,62726.33250099971,81281.88,87097.78404104966,73476.17
0c70b82a-c2c5-461a-a96e-2ea430f3ca63,BUTTER-E|2097152|7|0|4898.0|trapezoid,181650.50724299977,187946.52,183455.00782528822,177315.83
0c73d34f-8be2-415d-9f3a-1947102e1427,BUTTER-E|4096|20|0|20640.0|trapezoid,313792.70405199984,346540.3,409657.7367833551,434131.4
0c82aecc-fdbf-477b-84db-9956cae26eed,BUTTER-E|8388608|9|0|70000.0|rectangle_residual,5036954.475758999,5.399143e+06,5291049.760707878,5.650499e+06
0c98c2dd-142e-429a-af1b-0f45c03f4170,BUTTER-E|4096|6|0|105908.0|wide_first_4x,1171750.0689419997,1.1512689e+06,1121406.893864817,1.1845109e+06
0c9a5f52-014a-48fe-a5d1-b5ebee621bc2,BUTTER-E|8388608|5|0|5300.0|rectangle_residual,482869.4966859997,368933.94,348192.42389809055,315882.22
0cab8bec-6163-4ed0-9d86-622c66f91d30,BUTTER-E|524288|8|0|105908.0|wide_first_16x,2428448.654014,2.77259e+06,2552209.5815730942,2.8169772e+06
0cce01bc-b45a-441d-a64b-3c1865335bf1,BUTTER-E|16384|14|0|5300.0|rectangle,144810.19218199968,128805.01,161346.45696961303,82583.875
0cd82485-10eb-4165-bed9-8f4cfd921a8e,BUTTER-E|128|5|0|3848.0|trapezoid,37666.04474999967,37705.082,35980.97895580795,40445.008
0ce7649c-92f8-440d-ae45-ba4f673d03c4,BUTTER-E|16777216|6|0|12958.0|rectangle_residual,1448568.7927799996,1.44948e+06,1352384.7689780525,1.4492975e+06
0d02dd0b-dfff-4e6c-8d99-cd1c8566225e,BUTTER-E|4194304|20|0|12958.0|rectangle_residual,1058773.7623689997,1.0855459e+06,1096509.1954378916,1.1637981e+06
0d079bf8-3783-45c8-8bb4-962f4a1ed701,BUTTER-E|8192|10|0|4898.0|wide_first_4x,73530.09378599976,79242.0,77287.04215304245,78518.77
0d0b1bef-b664-4fe4-88db-4ef0941223bf,BUTTER-E|524288|5|0|67557.0|wide_first_16x,1238574.294727,1.2908352e+06,1215310.721681263,1.3091638e+06
0d176b0f-3dc4-45d9-9696-1deb2d19cc27,BUTTER-E|8192|20|0|67557.0|rectangle,937748.63049,911940.8,911009.779453989,1.217565e+06
0d219924-ac4e-4718-8523-ec21b03fd9f7,BUTTER-E|524288|14|0|5300.0|trapezoid,195585.19490999987,221088.11,234437.45019947292,210930.52
0d36120d-5e43-4d24-a25b-274eb1eee5a5,BUTTER-E|8192|8|0|3188.0|wide_first_16x,51277.644666,47293.293,48903.91491565959,37912.56
0d43eaa5-23ab-4007-8d8a-42cf4cf5c567,BUTTER-E|64|2|0|4898.0|rectangle,61908.16617799992,47144.773,44363.399050842694,54667.363
0d44a830-dfd7-4f30-97bd-2dd81b8d5d0e,BUTTER-E|8388608|8|0|20640.0|wide_first_2x,1393636.993012,1.5503724e+06,1425996.531163625,1.4965044e+06
0d51909f-6f34-48d9-ab2e-7a7fe37a35d6,BUTTER-E|256|7|0|48842.0|trapezoid,486953.4177639997,476107.7,546553.182040463,582203.56
0d67fa22-13e5-4757-869a-c4b802b20017,BUTTER-E|8388608|4|0|5300.0|wide_first_16x,319973.4930839998,361891.6,378927.563973618,325886.12
0d70ef86-a918-43ae-9936-087e99b95328,BUTTER-E|256|4|0|105908.0|wide_first_8x,926111.0863239998,899474.5,896009.7821664405,1.0655936e+06
0d80124b-ad83-4963-93a1-69c9a9fa21e7,BUTTER-E|1024|20|0|105908.0|wide_first_16x,1342958.289133,1.4068724e+06,1288318.8369807606,1.6432892e+06
0d893d82-1655-4e65-a9d3-2fb642f9e7b5,BUTTER-E|2097152|20|0|3848.0|wide_first_8x,563421.285549,384098.84,366929.50456346397,378018.8
0da320ce-3ba2-4e86-9433-f73f8ae6f0f3,BUTTER-E|524288|4|0|70000.0|wide_first_8x,1098830.780073,1.1487639e+06,1223704.8821773739,1.2493784e+06
0dafc45e-00c6-495f-a210-00f19a36ba95,BUTTER-E|1048576|18|0|70000.0|trapezoid,3342623.742657,3.631359e+06,3617438.719030462,4.005405e+06
0dd33b12-f9eb-4277-ade6-6ff8d6bfad83,BUTTER-E|128|18|0|4898.0|rectangle,74528.03080499977,99751.32,102083.18897150732,78782.125
0dd6c122-0f78-49f2-87e0-67ec74ed52d0,BUTTER-E|65536|20|0|3188.0|exponential,123463.81275099984,110374.33,119574.71911772146,85285.56
0ddb8bd3-809b-4c4f-ad92-7b4deff37b4b,BUTTER-E|16384|10|0|3848.0|wide_first_8x,76813.9411429998,93818.96,111501.14791478432,85011.98
0de800c1-1d10-4fe2-ad51-13125c20cfd9,BUTTER-E|1048576|18|0|67557.0|wide_first_4x,3969079.737979,3.513289e+06,3618420.8033267627,3.7543565e+06
0df350c5-480c-4def-9b4c-c6960f95545a,BUTTER-E|64|6|0|3848.0|rectangle,40596.90926799996,37190.027,37345.252914349454,40972.383
0e11b8b1-fa79-4d0d-be25-93a09ef7134c,BUTTER-E|8192|9|0|4898.0|exponential,107299.623222,83163.914,90202.18087074658,78125.66
0e12cfe8-fc31-4923-a0ba-5767b34fed69,BUTTER-E|8192|2|0|67557.0|rectangle,571892.6475179996,587965.8,596757.5865571348,569065.7
0e17ec1d-9453-4002-8a4e-d3d2fb9a9faa,BUTTER-E|256|4|0|5300.0|rectangle,46126.78654399992,41913.25,42457.36500841805,46642.727
0e1fdcc4-e176-4823-940e-666667b1fc67,BUTTER-E|8388608|8|0|5300.0|exponential,333807.71620199975,367701.72,420886.6851538487,348710.12
0e3418f1-745a-45aa-af1f-0e106c00459a,BUTTER-E|65536|18|0|15000.0|wide_first_2x,1041833.6103239995,662728.0,657866.9873464359,475307.4
0e470e1a-5fcc-44c1-927b-c0a5fe7941af,BUTTER-E|32768|18|0|67557.0|exponential,1495493.0140070005,1.5594446e+06,1996951.5158312337,1.5600381e+06
0e50819e-0dad-4cea-8697-2387c829d6a7,BUTTER-E|2097152|2|0|6435.0|rectangle,490414.5848949998,327881.6,448028.11086600716,359513.6
0e6171bd-cd57-458b-b64c-ec807e891673,BUTTER-E|16777216|16|0|70000.0|exponential,8005343.759451999,9.257945e+06,8346402.831706239,9.007506e+06
0e7e6eea-917a-4cdc-8c7e-658671b8e2b0,BUTTER-E|128|6|0|5300.0|wide_first_2x,58017.87146299968,63034.816,66521.05596329048,65604.48
0e8d796f-2e5a-4900-a06d-6d064fac5039,BUTTER-E|128|12|0|5300.0|wide_first_2x,116447.49302999976,89748.734,97702.85446056856,73942.51
0e968a51-9924-4d29-aa64-5fdca60db461,BUTTER-E|512|16|0|12958.0|wide_first_8x,278576.9848599998,209006.0,239439.16957118444,194619.78
0ea26fb6-dbe5-4af7-aac2-8457132f523b,BUTTER-E|65536|7|0|5300.0|trapezoid,109469.096622,101220.49,107295.98217618145,100075.29
0ea6c6fc-c186-4e5c-9c88-f20068376ee0,BUTTER-E|262144|8|0|67557.0|rectangle_residual,1695794.029033,1.7792934e+06,1768133.423149831,1.8250875e+06
0eb374b5-885e-4edc-a654-7a873c868845,BUTTER-E|1024|16|0|3848.0|rectangle,72185.537151,68630.836,75483.76277999041,63623.496
0eb591ec-49f4-4af5-960a-db07a8c9231c,BUTTER-E|32|6|0|5300.0|exponential,76075.26051299975,66077.67,61888.445146603364,62452.836
0eb9e11e-13a6-448f-b085-8615c425c4e5,BUTTER-E|4096|8|0|4898.0|wide_first_8x,70954.4339119998,75153.81,73784.92963868071,75136.61
0ec44e55-9be1-4932-b394-6c63ac6574f7,BUTTER-E|131072|14|0|3188.0|wide_first_2x,120659.44358199996,120971.28,105947.70039267739,135305.02
0ed6a1a3-df16-4d9a-a81e-22701e96cac3,BUTTER-E|524288|2|0|6435.0|rectangle,141450.0956239997,129795.07,134031.06675267752,140742.64
0ee03de3-de92-4603-8c43-b52e6c062c5a,BUTTER-E|8388608|4|0|15000.0|wide_first_2x,952151.14904,902741.75,872303.9174832045,934755.3
0ee61ed4-b071-4433-bdff-dfe2a7e29e08,BUTTER-E|16384|20|0|6435.0|trapezoid,231581.65897099985,144763.98,193645.11478251943,124656.945
0eed2ae9-20fd-4045-9ae0-f19d407fecc8,BUTTER-E|8388608|4|0|6435.0|wide_first_4x,437999.6761349998,431439.12,515508.2568110532,455019.22
0ef63137-0424-45c0-9b05-5ff56281893a,BUTTER-E|262144|6|0|20640.0|trapezoid,304007.9168659997,351838.47,415811.8874178992,384966.88
0efbbe95-31f7-412e-bad5-af3692cd313e,BUTTER-E|4096|10|0|3188.0|rectangle,38090.17520899992,41253.473,40535.226257237555,40945.664
0f0544b7-0486-4e1c-9a4e-ce20df88f663,BUTTER-E|2097152|2|0|48842.0|rectangle,1443666.6325289998,1.4306106e+06,1066521.029214345,1.5622595e+06
0f2b1b4e-a6cb-4994-b03d-cce87d28b116,BUTTER-E|131072|16|0|20640.0|wide_first_4x,908719.544447,841358.75,908122.2597838871,802161.94
0f368900-51b8-4fea-9f0e-9e1325f9730b,BUTTER-E|16777216|12|0|5300.0|rectangle_residual,681007.9565959999,722742.3,700872.9633701831,704433.0
0f463672-af1e-40bb-acb7-f5c5aa6bed28,BUTTER-E|16777216|12|0|3848.0|wide_first_16x,696287.1379680001,556879.2,518864.1563566513,571605.2
0f845d80-6e89-4a12-bfb8-cbca2f81a9f5,BUTTER-E|4194304|2|0|5300.0|rectangle,3677408.192551,2.5606098e+06,1736401.7493965714,3.4271318e+06
0f8f81e3-b20e-481f-b219-ecc969a6733c,BUTTER-E|524288|12|0|70000.0|rectangle_residual,2846539.943485,2.8891642e+06,2498114.740430574,3.2189672e+06
0f95487d-a2f4-46d7-95f4-b2ed1e325bb2,BUTTER-E|131072|16|0|67557.0|exponential,2191435.539366,1.9962216e+06,1848296.6004929873,2.0382316e+06
0f9ac7a6-4505-4b1a-98d1-e074cefc6dbd,BUTTER-E|131072|18|0|12958.0|trapezoid,423877.0500449996,559918.9,529085.238959649,604384.1
0fd2bcc3-c41c-4c70-95e1-8f7ac150a15c,BUTTER-E|1024|7|0|6435.0|wide_first_16x,75780.92665800001,82648.01,82428.08790176248,73603.18
0fd94153-4a13-44fc-8e48-82707e23f34a,BUTTER-E|1048576|8|0|3848.0|rectangle,142678.23876699994,109852.516,111014.78120989849,113179.67
0fdf572a-665e-4db6-a158-c2ee9c324086,BUTTER-E|512|7|0|48842.0|exponential,444562.47465999983,528725.44,495622.40347957227,601921.06
0fe211dc-59fa-47cd-92d5-85ac37dc5043,BUTTER-E|8192|7|0|6435.0|wide_first_4x,81076.00881199968,99409.055,100624.78945140926,87806.08
0fe71691-42a7-4967-aa85-8f993754d04d,BUTTER-E|4194304|6|0|3188.0|trapezoid,142842.98881699992,133461.1,141683.26630911112,140509.81
0ff5a77f-5154-42ba-891f-5764f95a5879,BUTTER-E|65536|6|0|105908.0|rectangle,1103472.677825,1.2432548e+06,1425477.2341846747,1.2784565e+06
0ff735d6-1100-412a-881c-d966d37d8baf,BUTTER-E|2097152|7|0|15000.0|exponential,483665.84449300007,473255.75,520995.3922786483,476136.75
0ffe2a1a-c70d-4569-830d-1ea214c4a0dd,BUTTER-E|16777216|5|0|20640.0|wide_first_16x,2514990.93664,2.4122562e+06,2265340.1582949753,2.2334355e+06
10067907-f909-4986-87b3-44cea538cdff,BUTTER-E|16777216|9|0|70000.0|wide_first_16x,8158830.929686,7.4828115e+06,7997750.280826335,7.5900225e+06
1012abd7-3251-434b-a86f-fe552cc4b152,BUTTER-E|32768|6|0|105908.0|exponential,1706884.71882,1.4816998e+06,1599641.6685313103,1.3522445e+06
10291101-ad18-452c-aa7e-aa8d52acdc5c,BUTTER-E|2097152|16|0|105908.0|exponential,4574790.575424,5.2066105e+06,5970846.601739906,5.3341345e+06
102b6079-8fb8-4a24-a1c9-75c14b028dc0,BUTTER-E|8192|4|0|3188.0|rectangle_residual,43620.13125,52459.21,46357.23317433977,43573.2
102c63be-649b-42dc-b813-4c85d81f0a85,BUTTER-E|4096|3|0|67557.0|wide_first_8x,733193.130807,668428.56,637246.2491752583,668777.4
1031dccf-1b2e-4059-a0d7-f38113ca4498,BUTTER-E|32768|6|0|5300.0|exponential,92018.74380199992,88709.125,92978.7444413373,70302.766
103bbc0f-71c7-409e-8fe8-02becee5e5b2,BUTTER-E|8388608|20|0|4898.0|wide_first_2x,770253.0963009996,548458.94,635606.5751050492,643312.06
103ef9a2-25e0-45f8-8092-fe05f93dec7a,BUTTER-E|262144|8|0|67557.0|wide_first_2x,1374972.91752,1.6377742e+06,1592192.1362082732,1.6506369e+06
105a9a71-383f-444d-b7fd-8745781cc252,BUTTER-E|16384|7|0|12958.0|wide_first_16x,156063.67511799996,196022.6,181420.72278829332,131974.67
108a81ae-fb21-4160-b7bf-558432fe91ad,BUTTER-E|4194304|12|0|20640.0|wide_first_4x,1145143.5279809998,1.2918426e+06,1172506.7677909897,1.2539776e+06
1090bc61-eb90-4188-ad52-fa97245e2fc8,BUTTER-E|2097152|6|0|15000.0|trapezoid,373351.1088499997,420700.72,421787.475704863,410448.75
10922a66-a031-455a-9e1f-8a7fa6fcf806,BUTTER-E|262144|20|0|15000.0|trapezoid,564723.9727259998,768946.7,610355.2923238759,676767.9
10a8bcd0-aad8-4dbf-9a0f-b9fd2dcf7d2b,BUTTER-E|4096|9|0|48842.0|wide_first_4x,921894.110254,607894.1,616562.7164785336,604704.1
10b459c5-5359-40a4-9d42-ef053b1eb38b,BUTTER-E|524288|10|0|105908.0|wide_first_2x,2890484.739314,3.449794e+06,3605404.3646950293,3.4773385e+06
10c170a7-d330-4de8-9484-774c6a31ce59,BUTTER-E|2048|9|0|67557.0|wide_first_2x,832122.99535,781663.94,861387.9736357024,820567.8
10c19a6f-3bfa-4415-9d89-52b27fbb0709,BUTTER-E|2048|8|0|6435.0|rectangle_residual,66639.37059599976,82395.305,93228.54536687348,91649.82
10d533d9-41e5-4f80-b803-24baa4bc0f36,BUTTER-E|64|2|0|3848.0|rectangle,43974.29982899988,40059.246,40043.14718193422,48996.63
10ed7962-7029-4d91-8706-f2843f972345,BUTTER-E|1024|12|0|4898.0|rectangle_residual,87760.38588699995,95320.23,109921.55415077577,77744.07
10fc1b16-d19c-4552-b890-31a070cd4b4b,BUTTER-E|4194304|7|0|3188.0|rectangle_residual,183389.21496899964,167588.38,165418.3961428013,155865.12
111b1a02-2e99-4214-835f-56e81ae3aa24,BUTTER-E|2097152|3|0|12958.0|exponential,412908.32863499975,381276.25,361895.43276334926,389725.1
11229a6d-990c-4675-b620-706de58c9439,BUTTER-E|16384|12|0|12958.0|exponential,250620.1651279998,279364.84,274949.0765622046,231267.92
1126acd0-835f-4e8e-aca5-bc53250ed178,BUTTER-E|1048576|9|0|3188.0|rectangle_residual,118250.71652499984,132835.34,139282.14921530956,126138.88
1138afae-17ed-424e-9abb-2a770df1f7ca,BUTTER-E|512|12|0|6435.0|wide_first_2x,102457.59219599976,112408.51,119284.19532489427,103562.7
1150c264-c180-4a87-97c0-e1930a70105c,BUTTER-E|4194304|20|0|20640.0|wide_first_4x,2089572.120794,1.7262401e+06,1816757.1395209641,1.5782452e+06
1157c8f9-e994-4ae3-9d15-49d4bc5631ac,BUTTER-E|8388608|6|0|15000.0|rectangle,761063.6030209999,767736.94,778519.4023443246,806062.2
1165f406-94d8-44ba-9005-0ae02e10bc62,BUTTER-E|4096|20|0|3848.0|wide_first_2x,59004.53955299988,57020.207,69234.52269949212,76141.086
117a63ec-1ab2-4b2b-8c01-637baf44ba0e,BUTTER-E|131072|18|0|20640.0|rectangle_residual,894515.6364319999,943807.0,1062874.6257629266,1.0988522e+06
1192455f-03d5-4d5f-87a2-6afc9c459006,BUTTER-E|1024|2|0|6435.0|rectangle,62488.989549000005,57243.33,53823.41738443018,68976.31
119b46c1-d959-4d09-a180-adc1c47d7a8f,BUTTER-E|8388608|4|0|105908.0|rectangle,6230739.489606,5.783366e+06,6292031.813601689,6.808059e+06
119f15cf-f334-4ac1-b3e3-7b3fe5e2be78,BUTTER-E|32768|7|0|4898.0|exponential,92487.85649999965,97939.37,93575.89766862153,74853.88
11b6bd60-aab8-407f-8b6d-d9bb535a0796,BUTTER-E|8192|16|0|105908.0|wide_first_16x,1609225.991463,1.6281579e+06,1783592.1552177488,1.4362975e+06
11c34d7d-263c-435a-8b73-90464bb5a6b4,BUTTER-E|65536|4|0|12958.0|trapezoid,191265.05251699983,147282.0,141272.328079254,144922.28
11c683cd-f526-4507-b038-77dc877352a8,BUTTER-E|1024|18|0|3188.0|rectangle,62291.76006199968,67337.59,54468.45014871391,55849.688
11d6ae61-3095-4931-96d0-f87e74ee3382,BUTTER-E|64|2|0|3848.0|rectangle,39860.47273999968,40059.246,40043.14718193422,48996.63
11e01e73-6887-4b9f-aa9f-4bf1c87ef566,BUTTER-E|512|5|0|5300.0|trapezoid,44462.14756599996,46786.406,48308.691815958635,54935.633
11e53754-fe0c-4d74-b890-492915f259af,BUTTER-E|512|7|0|105908.0|rectangle,805224.3991499998,915068.4,855851.5122677413,999148.9
11f85156-83f1-4a26-82f1-4c49554b1286,BUTTER-E|16384|20|0|70000.0|rectangle_residual,1094471.563334,1.0857975e+06,1167591.3193388255,1.3849354e+06
11fdb318-f9b5-4822-9f2d-cbd7d1ee84ec,BUTTER-E|2048|2|0|105908.0|rectangle,877235.9586679998,890615.25,877192.6392350214,913737.6
121648fb-6f35-488a-8e57-79492c90410f,BUTTER-E|4096|9|0|3188.0|wide_first_8x,59942.69466999984,51614.77,53460.572160059615,46479.938
121c8696-0cb8-4df7-a198-e131d52d9994,BUTTER-E|4194304|14|0|70000.0|wide_first_16x,4023676.538564,4.3150445e+06,4149493.665667882,4.225664e+06
1227c2c7-e9b6-464f-a088-7727294704d0,BUTTER-E|16384|20|0|15000.0|wide_first_16x,252194.89479199992,280029.03,229258.08413738804,225875.9
122b1c81-ed48-4bad-99f2-2494c2c9f41e,BUTTER-E|4096|7|0|48842.0|exponential,582297.18111,554781.7,564477.1996141348,610698.94
122ec9d7-ec51-4916-8feb-639c78f7ebda,BUTTER-E|1048576|5|0|4898.0|rectangle,88547.72083999967,102950.98,104399.72870237363,97146.055
125cbc45-ddd8-420e-879d-d1fd31f9e5be,BUTTER-E|131072|20|0|3848.0|rectangle,218275.468686,218174.81,226709.0702991132,237494.05
1263614c-9dea-4378-9d7b-4224b8d30fdf,BUTTER-E|131072|3|0|12958.0|wide_first_16x,216330.8215709999,191146.73,196603.10579439168,185962.66
1274556a-4c33-48ea-934f-3dae1a007386,BUTTER-E|256|6|0|12958.0|wide_first_16x,136272.90528299988,129701.27,136540.21314516387,121414.984
12801524-7f6e-447e-b326-ce81ba688889,BUTTER-E|131072|4|0|3188.0|rectangle,42826.20163199964,43272.875,48658.54503987654,49702.582
1292360b-30c7-4a44-819f-3eccca4f9cc9,BUTTER-E|16384|18|0|12958.0|exponential,312797.9785959997,297915.2,334209.91169460287,283946.12
1299d882-a6d5-47ab-aee8-56fe0a6fd957,BUTTER-E|2097152|9|0|67557.0|rectangle,2488960.8483220004,2.1791485e+06,2215929.2668234217,2.4295512e+06
1299ef6f-2132-4f13-9678-39d9ab208b61,BUTTER-E|262144|3|0|6435.0|rectangle_residual,121583.58285999997,111722.48,101837.07501460204,112325.45
12ace343-36a1-48df-abe2-2b830130be4a,BUTTER-E|16384|6|0|20640.0|rectangle,200984.17612099968,219039.17,234320.59567184767,188264.22
12ba269c-a041-44e1-a64d-f8fe09a1798f,BUTTER-E|262144|16|0|6435.0|trapezoid,248990.506002,277226.75,273289.3874468564,290887.72
12c2c532-96e2-4523-94ff-7864e3757265,BUTTER-E|16777216|9|0|105908.0|rectangle_residual,11968121.961654,1.2700706e+07,12095172.40843687,1.3410781e+07
12cb847f-21bb-4c9f-a180-34bf6b56d125,BUTTER-E|256|4|0|3848.0|rectangle_residual,51119.95774799989,45282.95,42237.08380659077,48777.17
12dab64b-d188-4a19-bf74-9f8be0ab19d6,BUTTER-E|16777216|2|0|15000.0|rectangle,4233324.072237,4.650669e+06,4613702.76480957,2.1809572e+06
12fa3221-943f-4e6e-bbf6-b33044539e3b,BUTTER-E|32768|12|0|4898.0|wide_first_8x,185616.02330299985,159187.48,192286.54478068452,131873.77
1308d861-1153-4920-be1d-7a1b94a2965c,BUTTER-E|256|3|0|6435.0|wide_first_16x,62389.29279999996,64642.387,66286.24530298411,65697.016
13280a74-eb5f-4400-b362-006cf1a158f2,BUTTER-E|16777216|7|0|5300.0|wide_first_2x,525462.346112,556869.6,557728.787671352,610392.06
1334d6d5-a2f6-4cb0-af18-e8858ee37a52,BUTTER-E|256|16|0|12958.0|trapezoid,246928.2144009998,238474.06,253187.16677992124,259352.97
1349d9f7-7c42-4fdf-a921-c30ad5ab400b,BUTTER-E|16384|14|0|3188.0|wide_first_2x,51647.90053099968,62254.633,49154.08139727217,57037.34
134de283-8f27-4edf-8687-e786f126ee18,BUTTER-E|16777216|10|0|15000.0|trapezoid,1626023.44103,1.877218e+06,1635076.2022023455,1.8875042e+06
135ac7b6-b760-4281-8ff1-401c80061ea7,BUTTER-E|256|16|0|4898.0|rectangle_residual,73388.38437900001,106948.55,128291.32445386153,90050.79
13605555-d47d-4205-a1a8-059e047c4836,BUTTER-E|8388608|6|0|3848.0|wide_first_4x,293485.74117199995,279100.94,268910.24640125706,270669.22
136291cd-d1ee-49a9-a65a-7fc376eaaa49,BUTTER-E|524288|5|0|5300.0|rectangle,86852.21124399986,92020.29,90524.26098532548,89941.35
13773f79-b7ea-4f73-bcfe-ba11d90afe26,BUTTER-E|16384|5|0|12958.0|wide_first_8x,164781.3316609998,177766.55,182588.82088093477,150790.67
13924ef8-18cd-4fa3-b761-bb9d00c834b1,BUTTER-E|131072|3|0|20640.0|trapezoid,159513.00241999968,203000.81,211490.61295073206,222131.53
13a1f9ad-377d-47c8-9118-f617be5e181d,BUTTER-E|2048|9|0|15000.0|wide_first_8x,207544.27608199985,207421.62,213435.606031719,209157.55
13aa1cbd-2006-45e9-899a-82ac2f3903eb,BUTTER-E|32|3|0|3848.0|wide_first_4x,51468.89260399993,39882.445,40019.65684150166,45023.28
13b6716c-3fe9-4619-ba76-197fa4a81b11,BUTTER-E|512|8|0|15000.0|trapezoid,195057.8456449997,203218.72,222554.29094825586,233798.64
13c0109d-a076-44f5-9083-54b4e70472bd,BUTTER-E|8388608|16|0|3188.0|wide_first_4x,301718.36925000005,301643.47,302356.45288730913,306399.84
13c4125a-52f2-470d-9abd-bf4e6b5df553,BUTTER-E|32768|14|0|3848.0|trapezoid,132003.63711699983,137934.34,143262.96768112906,84126.266
13d9c393-4a68-40db-b51c-345075d8bf62,BUTTER-E|1048576|7|0|4898.0|wide_first_2x,160928.30210099975,163882.84,155083.28968316858,164972.2
13db4692-7d78-4204-9b95-aec6ad4956e6,BUTTER-E|16384|4|0|105908.0|trapezoid,750050.9925239999,1.1602242e+06,1267628.198148698,1.1290831e+06
13dbcb5b-6cdf-40ec-b6a5-59b2c0caaa07,BUTTER-E|64|6|0|5300.0|wide_first_8x,47139.81104399976,52964.73,53572.11634366825,64882.77
13dd1236-2b94-45b2-acfa-1e49bd4b64a1,BUTTER-E|2097152|5|0|105908.0|exponential,2851139.654754,2.775659e+06,3088922.3581987442,2.9003865e+06
13e5a620-9410-4d4d-95af-91ec51916904,BUTTER-E|8388608|5|0|3188.0|wide_first_4x,242033.4078529997,229161.12,238249.33419262504,209461.95
13eb5a61-b25f-4fa2-9295-14803a6885c2,BUTTER-E|4096|18|0|3848.0|wide_first_2x,50396.12158399992,61948.5,71986.36818042389,73069.336
13f7e311-5168-4e22-b871-938523c93941,BUTTER-E|512|7|0|12958.0|rectangle,107615.80520799985,108495.26,102156.41045748691,115275.01
140b13af-cfd5-4908-8d04-f84ed251d7b1,BUTTER-E|1024|20|0|3188.0|wide_first_2x,106494.58297399968,83770.16,87724.71881188608,68487.65
14187e78-a58c-4f08-abdb-44644d6c4f57,BUTTER-E|1024|5|0|20640.0|rectangle_residual,171460.42752399985,185044.48,176810.53284242866,219476.19
142a703b-8540-4c91-bd6b-4ca9c846afa5,BUTTER-E|8192|7|0|70000.0|wide_first_16x,699211.1196639999,801076.4,792645.9431300825,736217.44
142eb140-42ef-4a8a-91bf-b25678b6252b,BUTTER-E|16777216|18|0|20640.0|trapezoid,2614911.99758,2.8598812e+06,2879204.550456087,2.7526852e+06
14365ff3-8035-46d0-8f5a-a1028b7aca00,BUTTER-E|2048|9|0|4898.0|wide_first_8x,95930.97133999968,75122.5,71615.74979738423,80506.94
144182d6-6918-4c88-b26a-c4fd1c5850f9,BUTTER-E|256|10|0|5300.0|exponential,82784.13514799975,79008.08,77702.80999781936,71622.21
144fe7f2-78f9-44e1-8cf2-e3511ae8e115,BUTTER-E|16384|6|0|15000.0|trapezoid,137668.02002099974,178386.92,179039.6329407716,165863.69
145f788f-2613-4280-97ea-6bb7f3b1e519,BUTTER-E|1024|9|0|12958.0|wide_first_8x,189794.32571999988,164942.0,151356.57186158362,164132.94
14629cc5-cb76-4b7f-a326-1af8f039f329,BUTTER-E|262144|14|0|3848.0|wide_first_8x,166082.79548799974,209749.2,217367.89223334304,211727.0
14668c3a-3b35-4014-b4cd-3010f70e7cc7,BUTTER-E|16384|20|0|70000.0|wide_first_16x,897859.9869269998,890597.4,955051.8911909573,925308.5
146d985b-e907-4c78-b5e6-bc84ece550fa,BUTTER-E|524288|10|0|70000.0|rectangle_residual,4087385.444295,2.4408985e+06,2261550.4460813343,2.6389762e+06
147007e6-d0b4-4974-9c72-995e3e877db9,BUTTER-E|256|3|0|5300.0|wide_first_4x,46973.4134149998,49545.508,46378.24911022362,49261.727
147e5bfc-2896-46b0-befe-0b3db8a2e236,BUTTER-E|262144|9|0|105908.0|wide_first_16x,2917345.197027,2.6379498e+06,2584249.413851065,2.7604378e+06
147eae49-ea1c-49ac-8220-0ee411a3297f,BUTTER-E|32768|4|0|5300.0|exponential,82068.20974699991,83564.45,84207.22742721366,66675.44
14c8a31c-0953-4a73-b7f9-423969deb0a3,BUTTER-E|1024|12|0|4898.0|wide_first_16x,93049.8523039998,90777.5,88305.44585566693,61133.06
14cff6be-35b2-4fa4-9b05-afb1d42bb66e,BUTTER-E|8388608|4|0|3188.0|rectangle,157748.74177199978,167835.48,178971.22950641005,184066.42
14e94585-3364-4a61-abc3-430527f8ecda,BUTTER-E|8388608|6|0|15000.0|wide_first_16x,961432.1368439998,1.0779962e+06,1113717.1638038359,1.0974362e+06
14efb387-1d09-4262-9ea5-d57fce566912,BUTTER-E|8192|12|0|4898.0|wide_first_16x,72769.88476099979,84659.63,85504.31865613392,62235.047
15059702-6607-4094-b325-f6dc305068fd,BUTTER-E|16384|7|0|4898.0|trapezoid,88811.72996999975,94320.27,95984.78473786562,84507.336
15359d07-c4cc-4846-9d85-05bafc71db60,BUTTER-E|4096|2|0|105908.0|rectangle,899704.0134109999,884065.4,874113.3249988223,918278.44
15497d29-38cb-4a12-ae19-3436b48aea15,BUTTER-E|262144|9|0|15000.0|wide_first_2x,410439.4663169999,422608.0,438403.637552778,438949.84
1568a0a2-f0a6-4cb3-a195-3acaba646ad8,BUTTER-E|2097152|3|0|3188.0|wide_first_8x,96217.21723999968,90228.22,93182.27430941498,105243.06
156a79e1-72a2-4df0-a0d9-501ca01deb08,BUTTER-E|524288|2|0|6435.0|rectangle,140983.93735599998,129795.07,134031.06675267752,140742.64
157376c7-0c92-4a9e-8eb2-29f27989d813,BUTTER-E|32|4|0|3848.0|trapezoid,35945.232000999764,34393.438,35406.50912679689,37280.01
1575f488-fa90-4b91-936a-4aea8ddaef53,BUTTER-E|131072|8|0|6435.0|wide_first_16x,206352.4245849997,174781.5,166588.23706309716,175553.62
1582ab70-f45a-4c44-9812-19658f652169,BUTTER-E|8192|5|0|105908.0|trapezoid,1176031.390367,1.0913214e+06,1131965.319884132,1.1879625e+06
1593fc11-5634-4c06-ac1d-8ef8915bf427,BUTTER-E|1048576|7|0|4898.0|rectangle,101893.04694599964,124513.414,116279.13380953974,108864.13
15bf55d4-a3ca-4038-ba68-0bd3ff6742fa,BUTTER-E|8192|9|0|15000.0|wide_first_2x,188262.32746,202426.25,200902.47834059122,222626.3
15bf575f-5061-4235-9a16-ef2faa1f28e7,BUTTER-E|1048576|12|0|12958.0|trapezoid,709235.7724599998,556595.1,515378.0714917739,560823.6
15c53f7e-b62f-461c-93dc-fe1198e3d790,BUTTER-E|2048|14|0|3848.0|wide_first_16x,65300.00654199997,69776.35,68158.80637754306,54676.85
15d9c50c-87c1-4c18-b813-5663d33f5c0f,BUTTER-E|8388608|10|0|70000.0|wide_first_16x,4417579.860358,4.6663295e+06,4543322.400614074,4.69108e+06
15e63e54-5e04-4310-896f-18cbe0503dd8,BUTTER-E|4194304|8|0|3848.0|wide_first_8x,240155.9447299999,235458.94,240378.63587586727,242997.89
15f64f59-fddb-4e9d-8ff4-d0bb8577578f,BUTTER-E|65536|10|0|12958.0|exponential,251251.3891379999,322533.6,350047.3798336256,283251.6
15f86088-70f6-4afe-aa1b-057518e0cf09,BUTTER-E|8192|16|0|15000.0|exponential,226990.9142059997,259398.23,221537.84605460704,346950.7
16028b2c-aec7-48d9-8f32-489e3010d992,BUTTER-E|8192|3|0|15000.0|rectangle_residual,186348.9728529997,188084.22,206338.76964180692,175525.17
16165ceb-dc88-4c81-8d27-0ee9f51209c7,BUTTER-E|16384|9|0|3848.0|rectangle,56452.20384099995,59496.668,78424.53251353471,50092.223
161b10b8-7d39-4097-baa8-9187d0bf9e59,BUTTER-E|128|9|0|20640.0|wide_first_16x,157005.5052699997,189043.08,208836.13243562245,202291.36
16263d20-4b0a-4728-ad2f-acec7f882c48,BUTTER-E|131072|5|0|6435.0|wide_first_8x,121418.29282899995,129823.17,128745.31158047607,125507.23
164170be-4c41-4661-8c68-537ec21eb29f,BUTTER-E|16384|14|0|6435.0|trapezoid,170334.17960999976,156352.27,144779.4862118687,116451.34
165b6f8c-32ed-4990-acd2-8d55b125a0cd,BUTTER-E|8388608|20|0|3188.0|trapezoid,319650.8367529998,340496.16,343609.14513251453,375233.03
1667900e-b769-411a-98a8-3402e12c3d02,BUTTER-E|131072|2|0|105908.0|rectangle,1131326.300922,1.20673e+06,1339454.544679412,1.2051095e+06
166920ee-dae1-4cb5-8102-3166d1c3efa0,BUTTER-E|524288|6|0|3188.0|exponential,72919.36387699992,82630.44,84493.57038736936,73002.74
16898e94-2aa2-4008-a269-b5db8c894229,BUTTER-E|16384|14|0|67557.0|trapezoid,1263310.6123199998,1.2906358e+06,1081621.4882847304,1.2311962e+06
16964482-3411-4d66-bdc7-97c2a2b3d562,BUTTER-E|512|6|0|67557.0|wide_first_8x,600399.3179359998,612777.56,579738.2634424825,715356.3
169f98b4-dd58-4ec0-b7ad-ec8bfa1a1c7e,BUTTER-E|262144|3|0|4898.0|wide_first_8x,99030.14259999985,85373.29,89228.34866126585,89738.3
16a25ec0-fbfb-4cf8-a586-990b1a5a125f,BUTTER-E|4096|2|0|4898.0|rectangle,58718.84254899984,56900.914,56402.45700930656,56135.586
16a2961b-5955-4012-a4c8-5d4e4efcbff5,BUTTER-E|2048|10|0|70000.0|wide_first_2x,1144495.623792,938557.06,929372.0462915641,1.0028576e+06
16a9a8d3-57df-49f5-99a3-5d503c64032e,BUTTER-E|2048|14|0|5300.0|wide_first_16x,139563.61428299974,86009.164,94562.73968055363,67191.15
16aebe51-2a05-4d8a-ac85-f1565ed5d239,BUTTER-E|65536|16|0|48842.0|rectangle,1995331.874666,1.7561506e+06,2019944.7783198478,2.0079354e+06
16bcdf9e-1143-4b46-8604-e778aee458d3,BUTTER-E|1024|16|0|67557.0|wide_first_4x,855500.0146489999,1.0828648e+06,1076607.7214850492,1.0252748e+06
16c44167-afd3-41be-a1cf-db86e7faa9e0,BUTTER-E|524288|3|0|3848.0|wide_first_8x,90358.34824699991,78196.4,75526.78232964626,83075.29
16c8635b-f896-406c-a4fb-c2def35c4a67,BUTTER-E|524288|4|0|3848.0|wide_first_16x,157325.58019199988,92401.59,93141.67676432966,84138.14
16ce0d9d-2bf2-4538-9313-0ca467c11e68,BUTTER-E|2097152|10|0|5300.0|wide_first_4x,256998.4896929997,253458.14,227313.5337770393,242882.73
16e7b17a-bee2-4557-b33f-6c0e4926cfd0,BUTTER-E|2048|10|0|12958.0|rectangle_residual,135291.70739499983,158934.31,170044.77886786187,178490.05
16eb30eb-4f00-4f98-9d1d-3350973a4d72,BUTTER-E|8388608|9|0|5300.0|wide_first_16x,460351.8300749998,454002.34,436123.21529974,416329.53
16ef751b-2b44-49e9-ab01-3d79697bd382,BUTTER-E|262144|10|0|67557.0|exponential,1448478.216171,1.4929905e+06,1624288.5261796606,1.5545535e+06
16f78e79-f2b6-4340-ac32-967bdd36ec0b,BUTTER-E|65536|8|0|4898.0|wide_first_8x,123405.7346209998,132727.83,130652.66732105547,131138.08
17026ed1-0fda-43c4-b291-1da2f30cb127,BUTTER-E|8388608|5|0|3848.0|rectangle,198444.67591099968,215380.39,226811.78571204867,203982.78
1712e509-14c9-46e6-990e-2856e22d579e,BUTTER-E|16777216|8|0|12958.0|wide_first_16x,2183186.318052,1.6770751e+06,1592357.3028470145,1.642155e+06
17335ad2-f23a-42dc-9555-046c16abb0de,BUTTER-E|2048|16|0|48842.0|exponential,662053.0122069998,876648.6,924961.9591999799,874389.25
17385863-e3be-4c40-9b18-31ce40992d01,BUTTER-E|2097152|9|0|5300.0|rectangle_residual,247094.8569709999,250166.23,228283.10840048763,222376.55
17400bb8-3cbd-4539-8462-964f6d090fa6,BUTTER-E|8388608|7|0|3848.0|trapezoid,253885.78488200004,294267.53,249311.15916995917,261105.06
174d9b8e-b390-462c-986e-4350b811b7cf,BUTTER-E|65536|7|0|3848.0|rectangle,55748.51858799973,63206.62,60663.80497639737,62896.344
174f30c5-ace7-4baa-b16c-02d19c10bf55,BUTTER-E|2097152|6|0|70000.0|trapezoid,2049125.921397,1.9863789e+06,1915868.0971563312,2.0088872e+06
1754a52a-e873-4d4a-8ab7-50cf56db3b72,BUTTER-E|16777216|18|0|20640.0|wide_first_4x,3039829.729885,2.8822788e+06,2865949.166693268,2.7342425e+06
175aa2da-835b-4aa5-bd43-31451c6cfff1,BUTTER-E|2097152|8|0|6435.0|wide_first_8x,244345.18678799976,272687.8,275852.4589598285,285601.97
175fe8b7-3df4-42fd-9323-91895bd5b0c2,BUTTER-E|16777216|10|0|70000.0|wide_first_2x,7591602.393861,7.9691115e+06,7977464.368985607,8.355158e+06
17669ad8-5447-4117-b670-f6ff4f6694b6,BUTTER-E|1024|16|0|5300.0|trapezoid,128250.15034599972,93798.38,99738.54073070553,86446.734
1789a83e-0b8d-4aee-b2c9-1ba3ed0512e4,BUTTER-E|8388608|18|0|3188.0|wide_first_2x,320468.6768649998,329601.5,319781.68970383215,344898.72
17a7143b-f9ed-4453-93b6-4ee15ba2940b,BUTTER-E|65536|3|0|3188.0|trapezoid,34998.9037039998,38423.254,41046.717552249414,41889.992
17a85e83-9a39-45e5-b095-ef5cb1455727,BUTTER-E|256|9|0|12958.0|exponential,138001.42924099992,177530.55,208248.52774268013,178798.6
17b12c9a-9398-428c-b635-c48cf76e0e7a,BUTTER-E|8192|9|0|105908.0|exponential,1345026.542732,1.3821711e+06,1229302.6844190555,1.4567568e+06
17c039fa-b52e-433a-9975-ceec3c381ec0,BUTTER-E|2048|7|0|15000.0|rectangle_residual,144748.24572999997,170546.98,164057.9303040073,195247.77
17db8fb1-7510-4fd6-a62e-8c4daa2250b1,BUTTER-E|131072|4|0|15000.0|trapezoid,155823.7641949998,183404.6,208364.55419912373,179336.19
17ea9eab-7ec9-4e0f-a918-948a83b1b5f5,BUTTER-E|512|5|0|12958.0|rectangle,97530.09208799987,91734.91,96793.7262489043,107599.62
17ec0ef5-b353-420b-9441-3ca1f66c2a19,BUTTER-E|1048576|7|0|6435.0|trapezoid,187181.84961799992,191457.8,187820.32786140617,177341.53
17f6c827-0681-43f1-a561-f62c716a913c,BUTTER-E|512|2|0|67557.0|rectangle,559732.201692,516597.22,507815.90353909874,549734.06
1806f39a-2ea9-4e58-8e73-c178c31f6805,BUTTER-E|65536|2|0|70000.0|rectangle,727973.2133309998,706579.25,689473.2597314807,713926.44
18086c84-455c-4439-a89b-cf4e264a90b4,BUTTER-E|4194304|16|0|15000.0|rectangle,889296.9111179999,1.01422525e+06,1081239.021771959,1.0075713e+06
182c1319-a4ae-4314-83fe-ea6fed36453e,BUTTER-E|1048576|6|0|12958.0|wide_first_4x,470640.5584949999,392477.34,376106.5637119481,357987.0
18335014-945b-4e46-b602-1b54a5f7b84c,BUTTER-E|512|16|0|20640.0|exponential,275820.8737279997,346816.06,302635.23034511285,304683.56
1849c13f-ca57-4a55-a09d-21d93cef1db1,BUTTER-E|8388608|2|0|3188.0|rectangle,160289.38318399992,416113.6,1649717.6048069915,361159.66
185768c4-b19e-4aab-8701-086d1ad473ba,BUTTER-E|16777216|10|0|3848.0|rectangle_residual,490804.4738979998,484038.56,477789.71186766133,498764.4
1860d136-2f4a-462c-b326-3e7701d1dd11,BUTTER-E|65536|14|0|105908.0|wide_first_4x,3550796.6744760005,3.4020575e+06,3816641.501010876,3.76766e+06
186eeba2-7d5f-4245-9532-7da39b4d7bef,BUTTER-E|8388608|4|0|6435.0|wide_first_2x,424113.073314,406700.75,406948.27183857106,406731.38
1870ab2d-ca06-47f1-80bf-3fb13ecfa5e8,BUTTER-E|131072|8|0|5300.0|wide_first_16x,166429.47389199983,144624.19,150287.1415431404,138635.42
1879b0bc-b5b1-4649-a9f4-5607cc5336e6,BUTTER-E|256|9|0|3848.0|rectangle_residual,61067.82052699992,61245.1,64961.06037236797,61284.715
188c573e-dc5c-435b-89e8-b47bff0b982b,BUTTER-E|8388608|5|0|70000.0|rectangle,3828101.994386,3.712362e+06,4068912.508320777,3.8459845e+06
18c9e3a8-7722-4b9a-81ae-def18b61a311,BUTTER-E|8192|9|0|20640.0|wide_first_2x,274398.97767999984,299137.12,352044.0311844981,275266.16
18cbdda0-5e1e-4f8f-a0e0-49b924ea00c8,BUTTER-E|4096|5|0|48842.0|wide_first_4x,543479.507149,534651.9,516090.59457246447,540866.5
18cec19b-7f60-40bc-8633-fefaedcf2824,BUTTER-E|16777216|3|0|3848.0|exponential,456955.4657719998,447290.72,443989.0779365277,448900.1
18d5a878-b6a8-4e49-ae1c-db1e1d40817f,BUTTER-E|65536|10|0|5300.0|wide_first_2x,160168.5788539997,156680.5,153786.65853620076,149518.5
18dc089c-c28d-420b-a4cc-2abf09396a23,BUTTER-E|8192|6|0|15000.0|wide_first_2x,248065.4519239997,207423.61,324244.8424349411,186809.47
1906f67c-dd2d-49f3-8cb1-7110b9d0dabf,BUTTER-E|524288|16|0|3188.0|wide_first_2x,133329.92946399972,170862.66,173070.8870918782,170414.81
1908938d-2536-491a-97a8-f844cbd1c7d2,BUTTER-E|524288|5|0|3848.0|wide_first_4x,111065.21161299972,104972.516,90706.50807115324,98599.234
19092e5b-2c2c-42ed-a4c9-343638daedfa,BUTTER-E|128|7|0|4898.0|rectangle,53147.345482999874,49728.516,54522.439902088336,46061.605
192abf46-ff33-43c2-8778-372c5bd3b9e5,BUTTER-E|4194304|8|0|70000.0|wide_first_2x,3593880.856534,3.532119e+06,3295468.29102061,3.3838305e+06
19358de0-26eb-4c93-9ef6-79617470e111,BUTTER-E|2097152|7|0|105908.0|exponential,3219105.547505,3.0681318e+06,3517610.190635469,3.2588658e+06
193bb0b1-fada-4a93-a2f9-952203da85e4,BUTTER-E|16777216|6|0|3188.0|wide_first_4x,340864.5225809999,365216.22,356580.03069934796,342117.78
1947f02a-0085-4a47-af2c-31d029cf8087,BUTTER-E|16384|9|0|20640.0|wide_first_4x,379984.516299,374879.28,423178.75679596246,256529.23
19481479-47f7-4c03-88ef-a9e710726ee3,BUTTER-E|262144|12|0|3188.0|exponential,100328.62958599968,111881.984,116219.94711765724,100848.945
194c7fb7-569a-4c89-bcc9-8035eb6fc805,BUTTER-E|4194304|2|0|5300.0|rectangle,3302197.3682040004,2.5606098e+06,1736401.7493965714,3.4271318e+06
195422fb-2b5c-47f1-96cc-01dd3afd104b,BUTTER-E|16777216|16|0|5300.0|wide_first_16x,725742.102704,797693.06,799670.7345889359,816760.94
196a2f88-fcc8-4b2e-afd9-7bdcb595d270,BUTTER-E|16384|16|0|3188.0|rectangle,48806.87106899988,69308.12,49796.37206546207,55354.31
198832c9-f9fe-49c6-ab37-71abb9bf6ba8,BUTTER-E|32|5|0|4898.0|wide_first_8x,54815.27685699995,45670.812,49005.575954110165,59337.777
19958798-7636-4c55-84e4-0950362af33c,BUTTER-E|8388608|7|0|105908.0|exponential,6472201.863865,6.881541e+06,6592306.875115253,6.5986095e+06
1996e486-ccc4-4001-9571-6f8abafcd0eb,BUTTER-E|1024|14|0|4898.0|trapezoid,111838.78499799996,88816.89,88127.21259364688,90961.05
199cf762-e9c3-4ae8-8104-96f61bd09995,BUTTER-E|1048576|6|0|67557.0|rectangle,1060302.9513449995,1.2885574e+06,1202388.971662229,1.3408451e+06
19a14bc1-192d-4441-b1ab-27fc473f87a8,BUTTER-E|128|10|0|5300.0|wide_first_8x,60536.18050899984,66556.25,65991.64505180578,70316.71
19a50e49-9d3a-4e9a-ba68-2973b70117cd,BUTTER-E|2097152|4|0|70000.0|wide_first_4x,1928927.059032,1.7357901e+06,1629536.7071808607,1.6616818e+06
19ab401c-1761-4a30-83ce-33784a986980,BUTTER-E|262144|3|0|48842.0|wide_first_8x,873074.444733,696491.7,626152.7812237608,735576.7
19b820e3-05b9-4b2c-a246-bbacd2acd40f,BUTTER-E|65536|12|0|5300.0|trapezoid,146887.08178799986,171891.02,179004.961280993,154103.75
19c00252-7bf5-4685-9bde-5c6a49556c70,BUTTER-E|262144|10|0|6435.0|wide_first_16x,214826.71679399983,210512.31,219700.77914590674,213861.89
19c4b1df-508b-4734-a94d-8214064da610,BUTTER-E|32768|4|0|4898.0|wide_first_16x,95227.45880499973,75377.05,85813.23451922194,52299.207
19c5c857-30f3-483f-92e7-c66a0a174360,BUTTER-E|524288|4|0|48842.0|trapezoid,548209.3319999997,737959.3,824669.8716080738,747645.0
19ca1a35-6145-485e-ac00-0fdfb4676a91,BUTTER-E|262144|12|0|5300.0|wide_first_16x,223739.5810919997,201832.72,225169.0898533943,196937.0
19d489ca-09a6-4a6a-afc7-c287fa531bc9,BUTTER-E|32768|9|0|5300.0|exponential,118776.2034069997,116726.65,111196.05440398859,81028.875
19e3488f-0c4c-4554-a12e-884d6120153d,BUTTER-E|1024|16|0|105908.0|exponential,1583192.32841,1.7700189e+06,1752923.9090471512,1.8737142e+06
19f2ac9c-97d9-4976-b1c9-bded96fe4bec,BUTTER-E|16777216|12|0|70000.0|exponential,7493166.968631999,8.1882585e+06,7579805.00679194,8.307177e+06
1a0148d6-642e-4ad9-9898-88575bef43d3,BUTTER-E|32768|10|0|3188.0|wide_first_8x,52295.447109999965,67276.3,55738.804069457015,51154.32
1a22c9ad-a4bc-45e4-aff0-b2bafda89430,BUTTER-E|256|18|0|6435.0|wide_first_8x,77181.59220999983,96008.67,85244.06781434473,100705.07
1a2ae0c3-4ddf-433b-ad5d-9e372e4306d4,BUTTER-E|524288|14|0|105908.0|wide_first_2x,5489372.000526,3.8951922e+06,3875518.211090306,4.624919e+06
1a3ee78f-b53a-41d6-87a6-b0b188fec9fb,BUTTER-E|16384|7|0|3848.0|wide_first_2x,82332.210654,89673.445,83034.4216351966,62914.46
1a40a492-cd1c-4e64-9489-875c09705e5d,BUTTER-E|4194304|9|0|70000.0|rectangle_residual,3847701.133496,3.850337e+06,3602666.2586974315,4.134821e+06
1a4a6bf8-494e-4f21-88a2-b468d098e8a0,BUTTER-E|16384|10|0|20640.0|wide_first_4x,498344.6931769998,402305.0,408129.6929864323,257742.36
1a50aa92-3253-4e02-be9b-d77c16a8b58e,BUTTER-E|131072|4|0|67557.0|rectangle_residual,1037087.5367939996,1.0818429e+06,1047705.5132420959,1.0698275e+06
1a588bd0-f3b6-4867-bf9f-00d20674e26d,BUTTER-E|262144|4|0|3188.0|wide_first_2x,64584.77794899984,66113.92,57427.03666406387,64314.203
1a5f18ee-feaa-4971-b391-df9821eb1da3,BUTTER-E|8192|4|0|67557.0|exponential,701268.0938179999,740384.25,745443.0004376947,765576.44
1a6ba661-c338-4e7b-b533-2ef355efddf4,BUTTER-E|16777216|8|0|12958.0|exponential,1360519.4693199997,1.4639278e+06,1433744.7343837505,1.415464e+06
1a7a64e5-8592-42d3-9986-56803050ec99,BUTTER-E|8388608|6|0|15000.0|wide_first_4x,1120069.470411,1.0565039e+06,1016610.1451287752,1.0112197e+06
1a8c64bc-9b8e-4b7d-9114-cbcfeb1f0da0,BUTTER-E|4096|14|0|70000.0|wide_first_2x,1282857.62385,1.2006036e+06,1296093.4352745607,1.179137e+06
1a8d3a2d-e7af-4e75-9641-eb15c8c5c8ce,BUTTER-E|2048|6|0|4898.0|wide_first_8x,97548.49415299969,64993.5,58990.17683092872,63263.73
1a8ff53a-bc8b-4f7a-9dda-f4227edb8339,BUTTER-E|32768|14|0|20640.0|exponential,527543.166816,567681.25,587094.480459792,396860.7
1a91cf31-efd1-41ec-9a44-1729b67184c6,BUTTER-E|4096|3|0|4898.0|wide_first_16x,61933.415724000006,67131.195,60422.672618633434,47436.484
1a957d07-c4fb-4909-85b4-1d224c2959f8,BUTTER-E|4096|6|0|70000.0|trapezoid,821052.683415,760992.7,825458.2992022728,828731.9
1a98c09c-fefa-4f97-beab-190a537aba6f,BUTTER-E|1048576|6|0|6435.0|trapezoid,123079.69788399976,151137.08,129469.13901974667,139457.17
1a9b21d8-7d87-4ab9-95d7-fe03569097d7,BUTTER-E|65536|4|0|4898.0|rectangle,83895.030932,60711.945,58810.29423970953,56146.938
1a9c8b94-10b1-4a10-8215-d760a3374fec,BUTTER-E|32768|18|0|105908.0|rectangle,3689222.284908999,3.1689168e+06,3256865.0245358837,2.1509138e+06
1aa53371-5ad8-4874-93a1-5173a924fddc,BUTTER-E|65536|2|0|4898.0|rectangle,68576.88073399992,75650.42,71850.49496889247,92297.76
1ac023b8-7338-4d44-bfaa-72e01fca6cf0,BUTTER-E|2097152|2|0|12958.0|rectangle,936386.334564,836562.2,564684.5591586503,1.0198732e+06
1ac8c1fc-719b-40aa-a0ab-5262ddea69c5,BUTTER-E|1048576|3|0|48842.0|wide_first_8x,882606.2123519996,886643.2,899935.365180418,1.0575926e+06
1aca1532-55a3-4abe-b8bf-70957c684ee7,BUTTER-E|512|10|0|3188.0|wide_first_4x,39364.566192,43730.1,39992.63655491772,45526.566
1acc890b-2bae-4af1-895c-7fce1c1cd074,BUTTER-E|4096|14|0|12958.0|rectangle_residual,130352.72577599988,166611.5,189874.72687222122,198177.47
1ad06aea-a6d3-4d2b-8429-33a76d9dd5de,BUTTER-E|16777216|16|0|4898.0|wide_first_4x,690233.915425,692066.1,724990.9326214483,695506.7
1add494d-1ca9-4bda-993a-61714b83ad06,BUTTER-E|32768|7|0|105908.0|wide_first_4x,2000299.66913,1.9929728e+06,1816564.786988036,1.40098e+06
1ae4680f-e440-4df2-8543-08e691820249,BUTTER-E|16777216|10|0|4898.0|wide_first_4x,570103.5214049998,616180.56,598080.3115186512,618660.06
1aea1251-8507-43a5-a445-95b911d647cc,BUTTER-E|1024|20|0|5300.0|trapezoid,103455.83189199996,105082.59,98379.48424992904,100298.2
1b090bcb-f4b5-4208-9b3a-b0492b9ee2d1,BUTTER-E|32768|16|0|5300.0|wide_first_2x,419248.0284799997,241249.23,244487.7961363581,140241.0
1b17aaab-7df3-443b-a9b0-23b807d14ab4,BUTTER-E|65536|8|0|48842.0|wide_first_8x,1131334.261802,1.1402416e+06,1091031.887107471,1.2320312e+06
1b246308-4199-4699-84f3-ac631dbd84e5,BUTTER-E|131072|10|0|12958.0|wide_first_4x,418098.469635,410757.7,433458.3232280034,411588.22
1b26bdf5-cd6e-4ad4-b288-6221a37f10c7,BUTTER-E|1048576|4|0|3848.0|rectangle,68999.90156899992,86261.68,84890.569953593,79752.01
1b4acefb-3106-40cc-8657-8442a9ca02b3,BUTTER-E|65536|8|0|67557.0|exponential,1081458.790614,1.1497459e+06,1330004.4479158279,1.2162189e+06
1b62dca6-4896-4c5c-abbc-eb1449191469,BUTTER-E|512|8|0|4898.0|wide_first_2x,74384.42533099992,73354.836,79851.60729314912,69083.484
1b6b6b16-83c1-4f9f-b312-aeb6c9c54e74,BUTTER-E|8388608|2|0|3188.0|rectangle,172568.34559899973,416113.6,1649717.6048069915,361159.66
1b9b0c5c-2f97-4b06-9c21-1e76374c2633,BUTTER-E|65536|7|0|4898.0|wide_first_8x,118581.268653,121149.19,116685.50847469036,120068.22
1bbcfe70-c869-4622-add6-a6432e31294d,BUTTER-E|16777216|6|0|105908.0|trapezoid,10307852.02479,1.0617546e+07,11150356.631528087,1.0934856e+07
1bc51093-9329-4668-8061-98b30b04204b,BUTTER-E|8192|6|0|15000.0|wide_first_16x,179644.39586799982,209363.5,185871.06759448632,154299.92
1bd78279-4b38-458d-88b0-1eaf0899b860,BUTTER-E|2048|10|0|70000.0|rectangle_residual,864114.68642,933989.0,914927.2660772802,966036.75
1be5ffc2-c708-4fc9-aa14-8c0265bd66ed,BUTTER-E|262144|20|0|48842.0|wide_first_16x,1956205.075505,2.2495705e+06,2031783.3391100331,2.4830472e+06
1be68596-9c4c-45f3-a89e-ac350e9b3bc4,BUTTER-E|1024|8|0|3188.0|trapezoid,58244.31056999987,50921.027,49919.20288059673,53754.254
1be99e0f-16f7-4d4b-942b-0b8da8630d30,BUTTER-E|16384|5|0|67557.0|wide_first_4x,783273.1700799996,787057.2,865019.4750467577,755252.8
1bec207a-3f3d-4292-807c-587d9dbd9e92,BUTTER-E|4194304|12|0|48842.0|rectangle,2938367.572715,2.776228e+06,3109892.5817398005,3.0346868e+06
1bedfb93-4727-418c-8796-a2d52e7a93b8,BUTTER-E|131072|3|0|12958.0|wide_first_8x,192965.81088099995,183284.47,183189.2553607039,182173.36
1bfa66bb-b7ca-4607-855c-d3d3471d2093,BUTTER-E|4096|3|0|15000.0|wide_first_8x,204834.86714399976,185314.86,175968.57294373444,160944.64
1c0f0959-2b22-49d2-9f78-6bbe322a05f4,BUTTER-E|4096|5|0|5300.0|wide_first_4x,74706.11764699969,66867.49,69688.8153053922,56182.824
1c134e2c-a966-498f-b9fd-ede40d50681c,BUTTER-E|256|16|0|12958.0|wide_first_8x,156551.47047399994,184086.78,190163.13428113246,194346.94
1c1da024-058a-48c7-a871-4af58ade6b2e,BUTTER-E|4096|4|0|20640.0|trapezoid,206235.903591,177409.19,181136.2167211328,157074.27
1c471b84-658f-4d4a-8ada-516fa29d68ab,BUTTER-E|128|12|0|20640.0|wide_first_2x,333173.0953369998,262372.88,255061.9662623769,280212.56
1c5421ca-a104-497c-b76a-e5554d5d9d2a,BUTTER-E|16777216|12|0|70000.0|wide_first_8x,8001508.216514999,8.558427e+06,8550879.673291204,8.888161e+06
1c606380-517a-47f1-849f-9a29c2bb62d7,BUTTER-E|2048|2|0|3848.0|rectangle,53407.46012499972,49848.84,46579.9902302325,49774.637
1c69151a-3288-4b5c-a028-56bcfe9a7d71,BUTTER-E|65536|16|0|70000.0|wide_first_2x,2159848.862994,1.9945565e+06,1718722.5739380808,1.4663086e+06
1c6c369c-475d-4a10-ae39-e050a9b2302e,BUTTER-E|512|18|0|20640.0|rectangle_residual,277505.09526699974,336520.9,354755.66299701435,340569.88
1c79661c-7c38-4de0-867b-1cc73e7d0bc0,BUTTER-E|524288|10|0|3188.0|wide_first_2x,116434.862712,120322.12,122651.10828798157,121331.65
1c7d80b4-6ff7-43ba-983a-596489530c74,BUTTER-E|2048|14|0|105908.0|wide_first_8x,2417759.273044,1.6879492e+06,1552894.2888959255,1.4868096e+06
1cc141ce-a222-4d69-bf8e-d43a45921dc4,BUTTER-E|262144|16|0|6435.0|rectangle,349254.08571299975,280258.53,302170.8982683526,285078.4
1cc323d3-7432-4dcc-9d36-b2c2cdf13007,BUTTER-E|512|9|0|5300.0|trapezoid,56076.88506199992,71877.71,70728.83032266694,81474.516
1ccc7a01-b5de-4614-884d-a62cddcbf7e8,BUTTER-E|128|9|0|20640.0|wide_first_8x,141419.3819949997,205867.9,203475.9958692253,261246.3
1cdb4032-77b3-4e06-ade0-78909555b106,BUTTER-E|512|18|0|4898.0|wide_first_16x,77874.81707499984,91833.91,88182.67328001373,70119.09
1ce04780-8528-4ef3-b332-da22a7d929c8,BUTTER-E|4194304|12|0|4898.0|wide_first_16x,325926.91374299995,344706.7,312859.1677238069,343004.1
1cea0d10-2b21-40e3-bb00-729156736500,BUTTER-E|512|9|0|12958.0|trapezoid,159546.47264199972,171664.61,175828.2360156502,187838.64
1cfcb840-db0d-4de4-a594-6aebd064327f,BUTTER-E|65536|14|0|67557.0|wide_first_16x,956047.33065,1.3857941e+06,1234126.7238261725,912322.7
1d047b3b-370d-4e37-a26c-3445a39abe7b,BUTTER-E|8388608|3|0|48842.0|trapezoid,2727989.8842130005,2.666328e+06,3057146.9036086556,2.836841e+06
1d0bd7c1-f06c-4ca6-b6e3-6d39a5693005,BUTTER-E|4194304|2|0|67557.0|rectangle,2519217.060476,2.5171132e+06,2060618.8657236646,2.4541845e+06
1d1bdd8a-3e41-4077-9f47-89230c0f0b50,BUTTER-E|256|9|0|5300.0|wide_first_16x,58236.92920399968,66277.234,59848.711489106674,58842.04
1d398e4a-49d7-4e78-a2ea-146a4dd2d619,BUTTER-E|16777216|18|0|15000.0|trapezoid,2205157.1301919995,2.186107e+06,2104237.604711481,2.2779965e+06
1d45df2b-3c82-4500-b167-a5f30b3ac73d,BUTTER-E|2048|20|0|48842.0|wide_first_16x,2191512.762112,857683.94,784917.3277313015,682933.06
1d58b839-56c0-4ac2-b140-016dfc9fc733,BUTTER-E|512|7|0|12958.0|rectangle_residual,183979.955809,170821.77,155738.32927582317,161372.38
1d8b8477-5545-433f-a49a-eb7bd9525e7e,BUTTER-E|2097152|7|0|3848.0|trapezoid,169470.54616799988,184854.88,165325.3457935659,165346.3
1d929590-e41f-4cf2-946d-1fc620695b00,BUTTER-E|4194304|12|0|48842.0|wide_first_4x,2528207.176477,3.1501328e+06,3559415.0631361767,2.9960182e+06
1d953bce-8f97-400f-91b6-0eaec502474e,BUTTER-E|4096|2|0|105908.0|rectangle,854564.2126259998,884065.4,874113.3249988223,918278.44
1db31dc6-03be-4951-a33e-3e61e78fb985,BUTTER-E|524288|14|0|48842.0|wide_first_8x,3371110.715278,2.1361522e+06,2585787.3619588516,2.3027065e+06
1dbb6ad6-a4a3-4486-8a2e-a60ae98014c7,BUTTER-E|256|4|0|3848.0|wide_first_8x,51190.8175459998,47198.22,44591.17073958459,55455.125
1dbcfb26-f80f-44e1-88b7-f78b2b30addc,BUTTER-E|8192|3|0|3188.0|rectangle_residual,45229.7061979998,48860.793,45388.67029212504,41980.535
1dbee6de-9f79-4fce-8c81-94cf87ca3127,BUTTER-E|2097152|3|0|15000.0|wide_first_16x,506999.4031719996,423685.84,394100.92124701454,397792.47
1dd52336-031f-49ac-8508-501f20ef9004,BUTTER-E|4194304|6|0|20640.0|wide_first_16x,1115736.3012889998,1.0814344e+06,967717.8139465225,972676.1
1ddcae28-7219-46ab-99b2-2a1fe75ac5df,BUTTER-E|8192|12|0|67557.0|rectangle,677154.017398,778232.7,850286.7856776121,1.0354914e+06
1df80eef-8668-4073-b48e-a3f2133d00d1,BUTTER-E|2097152|12|0|70000.0|rectangle_residual,3364949.072406,3.9754932e+06,3678892.6221973454,3.8039552e+06
1e027da3-fa4e-48f7-8d54-5d079c15d7d9,BUTTER-E|8192|5|0|105908.0|rectangle,763442.1859589999,830798.8,762120.315097348,922679.94
1e17e08b-5515-4512-948d-10d5423ea975,BUTTER-E|1024|7|0|105908.0|wide_first_4x,1521448.1515149998,1.2459301e+06,1088450.1346255166,1.2262524e+06
1e4eb9b2-1dee-4888-9fe0-71726560e994,BUTTER-E|524288|2|0|5300.0|rectangle,415631.0121679998,230456.61,483159.8792816555,554704.44
1e5ac88f-71b0-4d59-8a19-46fd4af2a296,BUTTER-E|32768|16|0|48842.0|rectangle_residual,3764548.64848,1.5997728e+06,1536405.3492580678,942021.1
1e64f10a-6bb8-4deb-8758-baa5390adb83,BUTTER-E|1024|8|0|12958.0|wide_first_4x,167039.87528399975,168676.8,163851.54857247192,166731.83
1e6d5af2-aa96-470b-b885-7510d430146b,BUTTER-E|2048|18|0|3188.0|exponential,62215.05173799996,69774.555,62613.1287138004,63983.293
1e754d0f-ed29-4611-b219-d3f299e61a32,BUTTER-E|2048|6|0|48842.0|trapezoid,335707.34932599973,407698.78,402134.9392379562,506624.16
1e777fcc-ec52-4d02-aaa2-120559057a34,BUTTER-E|262144|10|0|70000.0|wide_first_8x,2139328.798527,1.8989929e+06,1893327.238519097,1.982868e+06
1ea8a6cc-7b3a-4d9f-b032-de1304bdaedc,BUTTER-E|131072|18|0|48842.0|trapezoid,1743410.2521179998,1.7130238e+06,1587798.7094628606,2.0128166e+06
1eb3f046-b2e7-4249-b9aa-314750be9d5b,BUTTER-E|4194304|18|0|48842.0|wide_first_4x,6166827.263217,3.9788615e+06,4924727.110345912,4.0140242e+06
1ebbd3c5-c1f7-48e1-a560-def7637c5827,BUTTER-E|16777216|20|0|3188.0|rectangle_residual,677034.5737519999,560238.8,568134.841879505,547078.75
1ec324a2-4185-4ad5-aed7-560721bac365,BUTTER-E|16384|3|0|48842.0|exponential,524149.797536,505097.28,521163.6838862735,489757.8
1ef87f78-47b8-4db3-b44c-883c788aa76d,BUTTER-E|64|7|0|5300.0|wide_first_16x,46903.62997499976,53124.184,56703.49869920013,56389.383
1f008002-fa7d-421f-ba86-90627a775db6,BUTTER-E|32768|6|0|6435.0|rectangle_residual,124381.15208399988,130027.24,121651.42485300047,94249.96
1f12bb87-32bb-40be-bb68-8249fbbe4990,BUTTER-E|32768|3|0|5300.0|wide_first_8x,80435.789964,82549.55,77128.36418137192,75863.914
1f2a47a7-d94d-4144-b07c-800149cbf235,BUTTER-E|16777216|10|0|4898.0|trapezoid,865344.3262029997,599918.1,579940.0864986514,701504.6
1f4b9233-f397-4b4e-9104-8d94445d1155,BUTTER-E|8388608|7|0|4898.0|exponential,327137.06113399984,351042.78,339972.56099369406,341371.44
1f5467d5-44d6-436f-ac0c-b83cef006762,BUTTER-E|1024|10|0|105908.0|exponential,1223133.2932829997,1.4832125e+06,1400880.7718902389,1.5137202e+06
1f6c4912-f438-400d-99be-eb4feeb3e37f,BUTTER-E|256|5|0|3848.0|wide_first_16x,48731.02543199988,43308.59,41732.758422006256,40579.074
1f6c7b21-522c-4344-b15a-0623bfff4b0b,BUTTER-E|65536|3|0|15000.0|wide_first_2x,233636.9268439997,213327.17,210555.62447871626,223994.61
1f752ce1-6e90-41ee-a660-f2c6b34659eb,BUTTER-E|512|6|0|67557.0|wide_first_16x,617154.4270339999,597627.2,580096.4332987072,628134.75
1f8ba6c9-a68b-4843-b1a5-d0e8cec2e96a,BUTTER-E|4096|9|0|5300.0|rectangle,51723.54735499992,52187.105,52242.90590792241,57801.344
1f8c3802-4554-403b-aed1-3a9adeb92b42,BUTTER-E|128|14|0|6435.0|wide_first_4x,109932.7941559998,94965.445,95755.90958278855,98556.55
1f8f5d30-29fb-4a34-b568-013c6c84643c,BUTTER-E|65536|12|0|5300.0|exponential,192673.467292,150782.77,157579.95878546656,124639.47
1f99fd64-67c8-4fab-94f0-8e2f221f8da2,BUTTER-E|4194304|16|0|12958.0|wide_first_8x,1128309.3036639995,918653.3,922358.9874679918,1.0217365e+06
1fa3d760-8153-483e-8780-89b3442e3fba,BUTTER-E|16384|10|0|48842.0|rectangle,574561.1552169998,623090.25,668430.6941531814,596359.25
1fa8db24-7792-4061-8b15-3dbdf42c290f,BUTTER-E|2097152|8|0|3848.0|wide_first_8x,180754.5598039998,198001.4,223000.23046142817,193835.88
1fa9b286-bf48-401a-9d0e-078756e5b7eb,BUTTER-E|128|7|0|5300.0|wide_first_4x,62520.47932799988,63398.24,59508.27245478275,63384.574
1fac4689-b7fd-4fa9-918c-66d81a3cd506,BUTTER-E|32768|4|0|15000.0|rectangle,224706.0723919999,157144.55,157459.69258689877,150867.2
1fb5f531-46bd-4cec-a4d5-a7fc45426dac,BUTTER-E|32768|12|0|5300.0|rectangle,139698.56379599962,162773.97,190844.43586175705,109174.586
1fc342cb-d294-4e27-9dd0-7c9ea5cde91e,BUTTER-E|32768|8|0|48842.0|wide_first_8x,687452.2111119999,883258.06,869609.5464076177,825656.8
1fcae883-d03c-4aea-8fdb-6f2204c0c3b2,BUTTER-E|4096|4|0|67557.0|wide_first_8x,749194.091596,701235.75,735424.0966679528,700378.25
1fe48819-523c-47d6-8afd-0e4ba716d25a,BUTTER-E|2097152|2|0|15000.0|rectangle,629919.4874579998,872724.7,572951.0908622146,803021.5
1fe7bcb3-178e-4729-affd-de4f7e1b6ae7,BUTTER-E|4096|16|0|6435.0|wide_first_2x,83013.74676399995,100956.336,90735.7844662183,107534.58
1fecc19f-5aaf-4344-bb11-4c4d443c2be1,BUTTER-E|2048|12|0|67557.0|trapezoid,988100.9488389998,959716.3,972379.6726458672,1.0467267e+06
1ffc6ba3-784c-47bc-ad35-7c00ee702435,BUTTER-E|1024|16|0|67557.0|wide_first_8x,733956.715215,902197.8,758572.660394142,1.0091099e+06
20454237-126a-41bb-bf3c-85ca55785fbd,BUTTER-E|64|10|0|3848.0|rectangle_residual,54449.8932169998,64786.62,67927.10801481352,62209.23
20505f3f-6fcc-4b23-a2db-b83d8ae5db8f,BUTTER-E|512|3|0|4898.0|wide_first_16x,49548.0831859998,52182.375,51348.79092427177,47120.098
206681f7-b8c5-43d4-ac2e-2b0ab74c835d,BUTTER-E|16777216|7|0|20640.0|wide_first_4x,2074350.123758,2.3651412e+06,2206863.065636672,2.340243e+06
20865254-fa88-40ff-8ae4-4e7566f63d0a,BUTTER-E|131072|18|0|105908.0|rectangle_residual,5775832.362646,5.075567e+06,4515439.803176857,5.7367285e+06
208ebbc4-097e-4db6-94b7-d686e510103b,BUTTER-E|262144|10|0|48842.0|rectangle,836477.2157079997,1.1028511e+06,989783.6518067012,1.1595418e+06
2090d320-904f-46b6-98c8-d322c102811a,BUTTER-E|131072|9|0|15000.0|wide_first_8x,386605.0835129999,404914.7,440460.6753325127,457074.22
2092f808-ea0a-4042-a989-67ca2d10fd6c,BUTTER-E|16384|4|0|105908.0|wide_first_2x,1440925.82218,1.3111141e+06,1324442.700705739,1.0781802e+06
20ada924-6a53-4a1b-9fd7-e280bc51423d,BUTTER-E|262144|6|0|67557.0|wide_first_8x,1234853.378072,1.4571639e+06,1689913.1299263164,1.4111011e+06
20bba5e2-a0e2-4b3d-a3a7-b98527b023f8,BUTTER-E|512|2|0|67557.0|rectangle,604514.5267349998,516597.22,507815.90353909874,549734.06
20c6292a-372c-46ba-aa1e-e5f94a16b61b,BUTTER-E|32768|9|0|5300.0|rectangle_residual,135118.1578319997,161908.06,147045.43915146322,97308.414
20d9754f-b364-45b9-baa6-1d2814d58139,BUTTER-E|512|6|0|5300.0|exponential,56657.90168999999,61442.434,66372.22326923811,62528.285
20dd9f42-b621-4ef8-aace-84246c26064e,BUTTER-E|2097152|2|0|105908.0|rectangle,2633670.586982,3.3322078e+06,4134981.5294629578,2.8997585e+06
20f60758-4f04-4558-82ce-08bcfb7e7fe4,BUTTER-E|256|8|0|48842.0|exponential,588331.5733699999,553420.94,548522.8240243507,651037.44
20f78723-e476-4639-93fc-0301743d1256,BUTTER-E|65536|9|0|67557.0|wide_first_16x,871812.9510840001,1.1095955e+06,1007554.6788123414,791197.8
20fd35c3-36e5-44b1-ae34-fd7dccc07ec5,BUTTER-E|2097152|4|0|12958.0|rectangle,269534.910735,308231.28,307134.9271933025,294205.22
21012471-b451-471d-bad2-596c92cf851c,BUTTER-E|4194304|2|0|67557.0|rectangle,2744308.301077,2.5171132e+06,2060618.8657236646,2.4541845e+06
2110dcb4-5073-43f4-a0c2-b916d2d03dda,BUTTER-E|16777216|5|0|6435.0|wide_first_4x,947358.880322,718965.44,677882.0860961023,694129.06
211d6f53-dc00-4c87-9712-6a254118c039,BUTTER-E|16777216|5|0|20640.0|wide_first_4x,2192598.662572,2.313102e+06,2259386.9400316062,2.2431178e+06
2143a18f-3a3b-4a32-a321-95e07cabe872,BUTTER-E|4096|3|0|4898.0|exponential,66551.65496399988,60121.816,58593.47909742393,58384.453
214a81ea-1e5f-4eb4-be4d-e30d27aefb79,BUTTER-E|1024|5|0|48842.0|wide_first_4x,492304.2033759998,475898.88,482802.3331623396,526930.44
215b8e35-9488-4ec8-a833-e2c897d34c46,BUTTER-E|65536|6|0|48842.0|rectangle_residual,976257.141456,931301.1,950237.0265770054,1.0091022e+06
216345be-108f-4b62-b240-f1f5ea5601a8,BUTTER-E|16384|12|0|70000.0|trapezoid,804509.514729,1.027101e+06,942843.8161256993,1.1454021e+06
216c87b8-3729-49e9-8999-88f1daa9c7c8,BUTTER-E|1048576|6|0|48842.0|wide_first_2x,1207909.3772729998,1.2049245e+06,1272609.1846293833,1.0997506e+06
21703558-c163-4853-98a1-c3d887e7367b,BUTTER-E|2097152|2|0|12958.0|rectangle,687249.336086,836562.2,564684.5591586503,1.0198732e+06
2177e756-6df0-4602-84e3-da60528d543d,BUTTER-E|4096|7|0|3848.0|exponential,61022.63010299976,60288.266,56481.38593883642,50760.68
217dafa2-fa14-4359-9e77-df016d586994,BUTTER-E|8388608|10|0|20640.0|wide_first_8x,1617498.872186,1.7910029e+06,1720281.5616222804,1.7387078e+06
217dec71-b284-45d1-b464-da06648d4772,BUTTER-E|65536|18|0|70000.0|wide_first_16x,1583000.1621100002,1.3340671e+06,1334764.8725154605,1.00319244e+06
218736b7-631b-4478-8174-888cfc3c5606,BUTTER-E|131072|10|0|20640.0|wide_first_2x,534494.93004,586625.5,557875.7528523557,598536.94
219671df-bca5-4fe3-8bf1-904d15b9d542,BUTTER-E|16384|7|0|48842.0|trapezoid,729332.064751,656252.44,607759.2856750467,639962.5
21aa4ca7-f31b-4cb1-a468-ecba1487e727,BUTTER-E|2097152|14|0|67557.0|wide_first_2x,3288455.10984,3.5657065e+06,3612465.9053292377,3.7089222e+06
21b66e87-6be5-40db-9928-ddbbf4e9b251,BUTTER-E|4194304|5|0|20640.0|wide_first_16x,1041555.92018,976175.8,836581.5915200226,912801.3
21b9b4d1-d1c9-469a-abbe-b903a68b510f,BUTTER-E|8388608|16|0|6435.0|rectangle_residual,641386.0443259998,687271.4,728416.9582891626,679500.25
21bd5666-7322-440e-824f-baf6f90654a3,BUTTER-E|4096|18|0|3848.0|rectangle_residual,55395.00081699984,56494.082,67710.4676854955,72003.336
21ca2a50-48d9-4713-aa3f-49b34decf7e6,BUTTER-E|8388608|5|0|70000.0|rectangle_residual,4295304.124005,4.383243e+06,4366754.116020667,4.517197e+06
21cbda86-9880-457e-ab7b-4acd47d614d9,BUTTER-E|256|2|0|15000.0|rectangle,126892.21056899976,125801.305,123108.71977065841,153829.47
21d00492-a0dd-4b59-8fbf-58726a9a190f,BUTTER-E|4194304|2|0|67557.0|rectangle,2720908.567797,2.5171132e+06,2060618.8657236646,2.4541845e+06
21dc8746-f00d-4c30-b231-7c0f00cac42b,BUTTER-E|16384|4|0|67557.0|wide_first_4x,685041.1264559999,733773.2,803796.4630458815,709793.4
220dbc98-e3f3-45fe-b7d4-0b18dfd503fe,BUTTER-E|16777216|16|0|48842.0|exponential,8440830.031485,6.125661e+06,6828216.928461075,6.3224495e+06
220e5e22-ee2b-4af6-aa4d-7d375594b39d,BUTTER-E|131072|6|0|6435.0|wide_first_16x,126532.45302899976,138337.47,137114.67480525436,137919.48
221130c6-200c-4300-a63b-a75f5c06b961,BUTTER-E|8388608|8|0|12958.0|rectangle_residual,1008502.9961240002,998471.6,1044339.8948018437,994225.2
2218c20b-1240-41a6-9220-28542a2ee1ad,BUTTER-E|4096|10|0|6435.0|wide_first_4x,74291.45002999992,92423.28,93353.23990105135,95354.59
22224e7d-413f-4daf-a777-9e3b5a3b044b,BUTTER-E|16777216|8|0|3848.0|rectangle_residual,490523.1651959998,464052.56,498715.1822886274,469382.1
223a5d52-e859-4968-ac61-cf78bef1d0ba,BUTTER-E|524288|10|0|20640.0|rectangle,346404.3066629997,495723.3,518085.5636914534,562736.8
223d5f77-7317-4568-8dc2-df566614fa5a,BUTTER-E|524288|7|0|15000.0|wide_first_4x,430798.1281209997,414955.25,428388.47198059317,401981.3
2253f583-6858-4b52-ab24-04c9b06b14b7,BUTTER-E|524288|10|0|20640.0|exponential,542607.3781839997,503376.22,550306.2457248304,498798.2
225a7316-702b-4699-b7b5-4761dc5875ce,BUTTER-E|65536|10|0|3848.0|wide_first_8x,122287.20852199968,125866.47,132389.73289551988,142257.8
227af435-a52d-462d-876b-176adf522852,BUTTER-E|16777216|2|0|15000.0|rectangle,4476806.573879,4.650669e+06,4613702.76480957,2.1809572e+06
22aaf175-dd43-4065-af08-18fc48071da7,BUTTER-E|16384|12|0|20640.0|rectangle,538667.5705329999,436119.1,462437.96960516594,355688.9
22b692f9-af49-4d4e-8ce4-cbf106eb0670,BUTTER-E|4096|16|0|15000.0|exponential,172966.049352,237790.7,212125.0321831212,331561.84
22c5a426-fcad-4c34-8eb7-8f420cbd0dce,BUTTER-E|512|7|0|15000.0|wide_first_16x,132642.68307599987,155456.16,146643.05398920004,158724.52
22c841b7-e6ec-4c06-897b-c41bfd2b10c9,BUTTER-E|131072|18|0|6435.0|rectangle_residual,343804.6344919997,342085.8,389966.3007547278,331898.78
22e6a0ca-4322-43fc-8515-4eb314fe268e,BUTTER-E|131072|18|0|12958.0|wide_first_8x,483359.766146,575142.5,559104.8682403466,613110.75
22f77bd1-3c6e-4406-8c69-6b3bfefb75e1,BUTTER-E|131072|3|0|67557.0|wide_first_16x,836007.572176,869733.56,762551.034311739,852649.5
2309f5e4-630d-49b9-b2d7-8d63eee1ba14,BUTTER-E|2097152|14|0|70000.0|wide_first_16x,3062030.33933,3.3364118e+06,3369770.846727119,3.4738418e+06
230c17bb-7541-4b67-ae86-8eae77c0fe3b,BUTTER-E|2097152|12|0|105908.0|rectangle,5955686.720152001,5.12673e+06,4909143.500047677,5.166176e+06
23142a90-563c-4d92-97f2-726d7c1c1fca,BUTTER-E|2048|16|0|67557.0|exponential,1069087.6540819998,1.257742e+06,1374223.1878092664,1.1765164e+06
23213d5e-3ee0-4fd0-9f1b-0ba13240ab33,BUTTER-E|8192|18|0|12958.0|wide_first_16x,209930.1139359997,220553.64,232463.4607788102,170742.11
2325bde1-7168-49f7-8ecc-1889d018831d,BUTTER-E|1048576|8|0|3848.0|rectangle_residual,166419.777208,166237.73,162443.78977110787,159713.62
2333dce8-7ba2-4355-ba54-be057519f626,BUTTER-E|16384|3|0|5300.0|wide_first_16x,102947.24880999971,69666.17,65807.44889552888,52269.19
2336c956-6fda-4bfd-9ee0-df79f1bad062,BUTTER-E|32768|18|0|67557.0|trapezoid,1814068.890367,1.7922706e+06,2124420.147132861,1.7758945e+06
233e15dc-2415-4ed7-b9cc-fcf2d83228ad,BUTTER-E|8388608|10|0|48842.0|exponential,3136612.281226,3.284297e+06,3618684.483932676,3.5022662e+06
2340c0b7-a5dc-43e0-a764-c19145498126,BUTTER-E|256|3|0|67557.0|rectangle_residual,566458.343837,668273.7,717441.2871290756,662316.6
234be5c0-1fd6-41f5-aec2-e89f82fc1a4d,BUTTER-E|16384|6|0|15000.0|exponential,277680.6844819999,224015.55,225111.87006560806,193476.84
236a1074-61fa-4d31-83bb-c367059223f3,BUTTER-E|1048576|3|0|5300.0|wide_first_2x,124564.8059599997,118658.164,129843.23313974602,122313.59
236b2c35-444a-4f27-950f-ec4c70d47624,BUTTER-E|2097152|3|0|67557.0|wide_first_16x,1728851.0617919995,1.5890438e+06,1649643.1237196308,1.6787986e+06
23715844-9238-4b7a-bdd4-ccefd8f920d8,BUTTER-E|65536|12|0|12958.0|wide_first_4x,455297.6007,434620.22,423561.556893589,452401.0
2385e903-b264-46a0-abae-0641ac6b34ba,BUTTER-E|256|10|0|15000.0|rectangle_residual,259300.6116849997,219768.58,218853.9153602035,224743.52
23972035-87e4-4da0-8369-4d5cc9c3cd35,BUTTER-E|1024|12|0|12958.0|wide_first_8x,180882.7356069997,201169.75,220316.87705192485,180379.06
239b1517-0af0-412c-a7e5-b57ee28ff4b8,BUTTER-E|16777216|18|0|67557.0|exponential,8652763.914854,8.774462e+06,8644449.530010909,9.070814e+06
239ffb87-1cc4-40f0-83f3-45340db67831,BUTTER-E|262144|7|0|5300.0|trapezoid,112444.01767399968,118982.48,119634.32632349068,109766.12
23ae3135-69a9-4c30-939c-498dcb51d762,BUTTER-E|16384|4|0|3848.0|wide_first_16x,65116.916919,59324.875,73948.85230731254,40164.14
23bb0f8b-8f97-4385-b846-4533dd1c3ec9,BUTTER-E|4194304|4|0|70000.0|trapezoid,2110847.347086,2.445183e+06,2785554.071763599,2.4892618e+06
23c2885b-920e-4893-87af-abeb38d60ffa,BUTTER-E|2097152|8|0|15000.0|wide_first_4x,504561.8176199997,596067.56,563236.3597301708,531319.0
23c4a9dc-aa7a-4925-bbc7-53f603a83d7b,BUTTER-E|65536|2|0|70000.0|rectangle,719857.4353059999,706579.25,689473.2597314807,713926.44
23c700e1-e516-4728-a54d-484eee5a2208,BUTTER-E|262144|9|0|3848.0|wide_first_4x,163291.3947459997,155834.95,195945.67124198956,153666.4
23cd6cea-3cbe-41e2-8c94-f05a98a9a566,BUTTER-E|8388608|5|0|67557.0|wide_first_4x,4160037.740481,4.348722e+06,4828343.913763826,4.296349e+06
23ce71a6-e76e-4ffc-a8d3-36280952da18,BUTTER-E|65536|20|0|3188.0|trapezoid,137936.41257299975,121828.26,135328.46319777492,123788.69
23d06227-dd25-4062-91bd-428cbf9572f1,BUTTER-E|1048576|9|0|20640.0|wide_first_8x,732399.8560849997,765773.56,940697.9099174214,838716.6
24147b09-9a97-416f-9e18-d6590e7a7b28,BUTTER-E|256|5|0|15000.0|wide_first_4x,202395.7236809999,156995.8,142116.08669403146,179250.52
244a2364-cedf-4724-8eae-3c6271467bdd,BUTTER-E|512|7|0|5300.0|trapezoid,63670.52326499964,61409.273,67535.85637823581,68435.55
2459057d-c9c6-480a-9315-6766abc3f0da,BUTTER-E|65536|10|0|3848.0|wide_first_4x,121362.45246399996,124767.32,114148.17120197433,143904.64
2459a225-1735-41de-8b4e-dcc4ce561a8e,BUTTER-E|4194304|7|0|67557.0|exponential,3343678.815899999,2.796207e+06,2903244.628542933,2.8385295e+06
24705564-a78c-410c-9e66-27c5890ffb0a,BUTTER-E|524288|5|0|15000.0|rectangle,217082.16507399984,238573.47,273518.68165137374,243433.25
24753015-5804-451d-9d12-1eb61a5ad81d,BUTTER-E|4194304|10|0|4898.0|wide_first_2x,272552.584496,283024.78,279952.3887071091,294137.34
2479bcdf-ee36-44a5-b0de-210b94081769,BUTTER-E|8388608|3|0|6435.0|wide_first_2x,587097.628952,390051.94,397559.8487602223,384689.06
247a43d0-951e-43fa-b6e8-a8d67d8aa788,BUTTER-E|16384|12|0|6435.0|wide_first_8x,109784.1298779997,126238.65,100657.43111506847,124167.516
2486197c-6637-401d-b4d7-50a7312db37b,BUTTER-E|4096|5|0|67557.0|wide_first_16x,770095.9733689997,677754.75,606173.0087049502,616025.44
2489b809-8451-4722-8f34-637253e11d14,BUTTER-E|65536|5|0|48842.0|exponential,560359.4215239998,640881.06,721010.6966663984,692808.4
24a08445-8463-42c7-87b8-2e3e469a1300,BUTTER-E|16384|14|0|15000.0|wide_first_8x,212009.7019099997,288577.78,243187.83564817195,274131.03
24afd3b8-d144-4507-9b75-84f83fdf2fb3,BUTTER-E|32768|6|0|3848.0|wide_first_8x,84726.50348599991,93019.54,85197.74493480286,89648.31
24b62efe-c5db-4e7b-907d-91832d033840,BUTTER-E|131072|16|0|6435.0|exponential,242240.07173999972,230320.38,210438.0612929585,242375.53
24b70754-dd3f-4cd1-9d0c-d859d984927d,BUTTER-E|262144|12|0|105908.0|rectangle_residual,3257288.698401,3.738076e+06,3436588.0266887727,3.9253795e+06
24bbf845-9c1c-47c1-90a8-1079fd50f627,BUTTER-E|1024|12|0|15000.0|trapezoid,284582.67008599977,233492.48,220279.14354305193,257001.11
24bf0831-9f08-42ce-bf92-1aa4e2376b4f,BUTTER-E|8192|5|0|3848.0|exponential,55001.36354199983,63256.31,62968.60802937599,48929.527
24c42426-5150-4954-b7c2-8dffac0396a3,BUTTER-E|4096|2|0|5300.0|rectangle,67689.31123899973,63688.574,66995.54257124341,69824.48
24d10ac3-ebae-4182-baef-e141150346a5,BUTTER-E|16384|8|0|6435.0|wide_first_4x,212187.85733999987,134394.77,133082.18815637444,102541.98
24dcc54a-a4ec-4934-8c4e-805a931e69d2,BUTTER-E|8388608|12|0|48842.0|trapezoid,3649684.818114,4.1560625e+06,4356863.08065978,4.0492508e+06
24f08789-57bb-4616-bfdc-6d39d2f74bd3,BUTTER-E|512|2|0|15000.0|rectangle,124220.41912399969,122746.19,122735.09547833656,154064.95
24f95b05-9b53-4290-a9ac-8cc5e50837c7,BUTTER-E|8192|14|0|15000.0|trapezoid,224784.94091999976,231019.94,208454.6695217037,286342.97
2508eb0b-2a8e-4ed8-8781-bd5ab6875b36,BUTTER-E|256|5|0|6435.0|trapezoid,53296.85821499979,58602.906,58647.49241089186,62791.58
2522e72f-b1b9-45a6-a0d3-b2faa1a5155e,BUTTER-E|512|7|0|4898.0|wide_first_8x,73891.66093499988,66661.195,69381.26787211889,66014.625
252a2cef-67d0-4900-84a8-fd8a4129c60b,BUTTER-E|128|7|0|15000.0|wide_first_4x,148465.4175559998,173940.94,165258.5605027011,204383.52
25347fe6-f36a-4008-936e-859a00ff079b,BUTTER-E|8388608|14|0|67557.0|trapezoid,5509705.779094,5.9231065e+06,5854599.772352272,5.6060025e+06
253a7e78-35d4-453d-88d8-91c8a26a8750,BUTTER-E|1024|5|0|12958.0|exponential,120512.62145899978,128178.336,121075.36828612965,152022.92
253e019c-67e7-4825-9650-e147085eee8e,BUTTER-E|4194304|6|0|5300.0|wide_first_2x,249683.49168899973,235560.69,250779.20571741584,250743.3
2541d440-0c19-43a9-9455-a85adc710a9b,BUTTER-E|2097152|20|0|5300.0|rectangle,317226.0758149998,403666.62,431096.11825453985,410597.12
254eb950-1173-4651-964c-21c25d8a6c6f,BUTTER-E|8388608|8|0|15000.0|rectangle,795723.9422879998,860718.1,802810.9360414661,892256.8
25d44f1d-9291-4906-bfda-f5c44cbef053,BUTTER-E|4096|2|0|105908.0|rectangle,793838.3317579998,884065.4,874113.3249988223,918278.44
25f1c71f-1317-4900-8262-489f5003d851,BUTTER-E|256|10|0|3848.0|exponential,77519.4559099999,60464.69,58715.96966286722,55537.48
25f8f36d-bf98-47e1-ba45-3ed0b73c5cad,BUTTER-E|512|16|0|20640.0|wide_first_8x,243241.14323399976,308626.9,308936.67800934386,308786.47
2619b449-4add-4c7e-bd07-7afe569bd6e6,BUTTER-E|262144|9|0|67557.0|wide_first_4x,1899490.483788,1.8249414e+06,2247160.5568355946,1.9730496e+06
26638742-4418-4ea4-83a2-6ef1e67d0685,BUTTER-E|4096|12|0|12958.0|rectangle_residual,123204.79270699991,159693.08,158040.94093058322,181671.44
2673fd9c-8aa4-4520-8ec5-6e5a8a0af3c1,BUTTER-E|8388608|9|0|3848.0|wide_first_16x,318893.1589519999,362319.8,313788.11914347,337226.4
2677f083-b714-4ad2-baaa-0833d6404a1a,BUTTER-E|64|16|0|4898.0|wide_first_4x,59234.89754399976,59050.152,58929.39728565023,82442.94
268b89e2-ab52-4aaa-a6c6-22c30fc11034,BUTTER-E|4096|16|0|70000.0|wide_first_4x,860780.2284869998,1.0620438e+06,1016919.9129395012,1.0638929e+06
269b0936-a530-41e8-9e37-e0b8fb0df920,BUTTER-E|8388608|12|0|5300.0|rectangle,547865.596867,429531.75,456707.92788056075,462534.88
269eb705-8143-41d2-8dfa-964d1ef3fdec,BUTTER-E|1048576|18|0|3848.0|wide_first_2x,423446.6262389998,293389.6,338832.3111861234,315417.16
26a207e5-91ee-478e-b733-cfb5bce7bbb7,BUTTER-E|262144|2|0|12958.0|rectangle,211972.2167639999,209284.44,200661.66792485773,255557.88
26a58afd-d2fc-4fd5-90dd-d1c3a5e0f796,BUTTER-E|4096|4|0|20640.0|wide_first_4x,250084.712074,233389.64,239945.84901221047,190154.19
26a7e08d-97bd-4a4c-bcc2-5bcf109d6e9e,BUTTER-E|131072|16|0|6435.0|wide_first_16x,254738.344693,262023.78,283910.92134508624,264262.03
26b62992-205b-4c88-9ef5-b683a5e5e871,BUTTER-E|4194304|9|0|67557.0|wide_first_4x,3514355.413254,3.6180298e+06,3437065.24247345,3.5121398e+06
26b93412-4921-4f56-b811-14900c54f914,BUTTER-E|256|3|0|48842.0|wide_first_4x,392533.9903229998,394292.75,415401.0515160268,460023.84
26cf73c3-6e60-46fe-aeae-3cfd673a2c98,BUTTER-E|4194304|8|0|12958.0|wide_first_4x,637249.4267069999,712169.94,660704.5836533981,678252.6
26e3719c-548c-4777-b3e9-dbd93b060508,BUTTER-E|4096|14|0|3848.0|wide_first_8x,61654.601244999954,64785.016,69382.63070833939,59486.797
26f2c646-30f1-4a6d-ab16-4ad8502b98dc,BUTTER-E|2097152|16|0|3188.0|rectangle,218665.6297279999,181185.77,205443.43619215608,204516.69
2703b90e-bc44-46b6-924a-8612e9d8011f,BUTTER-E|1024|18|0|12958.0|exponential,254448.69488399988,253808.38,322850.58095023537,257091.81
2726de9b-5b7a-45f4-87b9-7b5d9b77dcf1,BUTTER-E|8192|3|0|20640.0|wide_first_16x,248511.18248299984,229944.64,229973.44460490497,158379.62
27272b5a-f0bc-4a4c-b4f7-a68540b0f912,BUTTER-E|1048576|9|0|4898.0|wide_first_8x,227555.98073599968,194778.9,187441.8922011475,217141.9
2744ffb2-043c-4566-9ae9-8bfa7d5b3649,BUTTER-E|2048|7|0|4898.0|rectangle_residual,49825.05914499984,61032.164,56874.61714812623,68228.445
276bc14d-d6bd-46b5-b28f-d01620b073d6,BUTTER-E|131072|16|0|15000.0|wide_first_2x,904261.801412,649083.4,640315.0485082753,674142.9
276f6e89-11ef-4205-9aaa-36cf0db1ddb3,BUTTER-E|4194304|18|0|4898.0|wide_first_8x,360853.224174,426880.22,496992.54088420345,438841.0
277237a0-fba3-4bc2-a3b0-778509dc94a0,BUTTER-E|4096|16|0|20640.0|exponential,353680.03263499995,344582.44,317803.9179736373,314646.8
27736699-b035-4917-91ae-b5d7f76d7f8e,BUTTER-E|32768|3|0|6435.0|wide_first_16x,92979.41764199975,86330.32,89180.69269226203,70548.79
2773d7b0-53d5-48cb-bd6e-e44fc3c978b7,BUTTER-E|131072|6|0|4898.0|exponential,98124.93318599965,103152.74,99441.69699699762,91258.65
2774800b-1218-4b36-846b-4c2330e24841,BUTTER-E|524288|8|0|67557.0|exponential,1379401.3996339997,1.4271902e+06,1489257.2933057256,1.4354649e+06
277585bc-cdb3-442d-a0cd-7449a50c5032,BUTTER-E|1048576|5|0|48842.0|wide_first_8x,1052425.0302819998,1.1594411e+06,1080795.216490546,1.2339398e+06
277b3049-cc6b-405c-9960-3b47b7885575,BUTTER-E|2048|20|0|3188.0|exponential,94421.46611199997,69453.76,74191.12866205045,66463.14
2780b2f3-55db-4f05-9170-f1a1d31a415d,BUTTER-E|32|4|0|20640.0|wide_first_16x,221503.5691119997,180241.84,160029.8693208402,163512.08
27833e7a-e31d-4ff4-815b-3fde6605909c,BUTTER-E|16777216|2|0|70000.0|rectangle,5058622.314722,5.624676e+06,8899900.73435482,6.2248565e+06
2785dd92-09cf-42e0-abcd-4664e9398f06,BUTTER-E|256|9|0|3848.0|wide_first_8x,51436.432233,57536.2,55880.951828707184,61661.27
2788818b-5165-4af3-9d61-7e153dbc4db4,BUTTER-E|512|18|0|20640.0|trapezoid,283761.1748539998,345497.56,345333.47148288245,375902.8
2791930c-3028-43df-b699-674e2fd44c53,BUTTER-E|16384|3|0|12958.0|exponential,134261.5206429997,157886.17,165665.36609413367,142540.53
2798507d-fc8a-43a0-99e1-364a90721d38,BUTTER-E|131072|6|0|3848.0|wide_first_8x,84520.99751999977,102558.016,126071.99425098735,97547.58
27b23ca8-9582-48b0-9caf-e0a53644dd33,BUTTER-E|1048576|2|0|3848.0|rectangle,1249949.4755639995,361811.9,832498.4162365478,411623.94
27c26b1a-230a-47fc-bb13-70bd5394ea41,BUTTER-E|2048|12|0|67557.0|wide_first_2x,847489.872024,946727.8,938313.9517863261,932107.0
27d0a592-8a5d-4acc-bd30-9a9000e66ae4,BUTTER-E|16384|8|0|70000.0|trapezoid,776435.6103949997,971085.6,898495.9409297679,967792.44
28001942-2f4c-42e0-9f2a-2f65303d0229,BUTTER-E|8192|14|0|20640.0|wide_first_16x,288357.45722899993,346175.97,340887.21198357164,245850.56
28013f83-87c5-4830-833b-e833f437ec3d,BUTTER-E|64|7|0|5300.0|rectangle_residual,60498.771013999794,63866.668,64156.93440820439,64671.43
28130f74-1d9d-4e4d-8103-653a79e58a51,BUTTER-E|4096|16|0|70000.0|rectangle,1069126.4653040003,1.0462157e+06,1174665.4331318897,1.0318794e+06
28324160-bb79-4186-93c9-881dcc37adcf,BUTTER-E|8192|14|0|6435.0|trapezoid,130981.71263099975,119511.29,117958.29442507231,108404.45
283ea174-9349-4ae6-9188-189592068460,BUTTER-E|262144|3|0|20640.0|wide_first_8x,271595.98719999974,318997.97,315347.4460598133,328124.62
283f73ce-ccbd-4fee-b003-cd8ef89f5f7d,BUTTER-E|131072|9|0|48842.0|wide_first_4x,1282275.777835,1.2748904e+06,1423960.004794763,1.3415908e+06
283fedf5-dcdd-44eb-b56e-ca652c2e4de6,BUTTER-E|1048576|16|0|15000.0|trapezoid,980917.8889499998,699497.2,686940.5757229008,727224.0
2842dca3-1f41-4e42-931d-59e25eb442ea,BUTTER-E|8388608|18|0|4898.0|rectangle,531457.381124,495485.12,521041.10591451934,548351.2
285c3dad-8676-4589-a0cf-5c30a2f518f8,BUTTER-E|16777216|4|0|48842.0|wide_first_16x,4450106.053848001,4.8893205e+06,4713450.852076822,5.332054e+06
285f093a-f335-41df-ab9d-fcb01375a768,BUTTER-E|524288|9|0|4898.0|wide_first_2x,180373.08328799976,161283.3,159044.69660736053,164957.27
2875bdee-7ae3-432e-b17c-1e07fe8030f4,BUTTER-E|1048576|8|0|105908.0|trapezoid,2990585.904943,3.0394718e+06,3118615.3351368783,3.0461052e+06
2876c9b7-56fd-4bdd-a8d4-eed70386014d,BUTTER-E|32768|20|0|5300.0|rectangle,279187.31616999983,220097.89,228354.75716433107,112699.51
2892884f-3801-43e9-9a22-a2abe66663dd,BUTTER-E|1024|2|0|6435.0|rectangle,54257.255665999925,57243.33,53823.41738443018,68976.31
28aedb60-3201-47be-a5a3-aa559b1cff48,BUTTER-E|65536|6|0|3848.0|wide_first_8x,80397.41755199975,98143.664,83453.25261599597,92488.35
28fa254b-5bf6-4032-9e49-97910413ec46,BUTTER-E|16384|20|0|15000.0|wide_first_2x,256675.86750299967,280468.16,252697.3692444082,273420.6
2915a685-11b4-472e-8e1c-fa2f1d169403,BUTTER-E|512|14|0|12958.0|wide_first_4x,450924.2065679998,195664.0,208528.27543368956,198683.69
291da2ca-d6c7-4270-ae24-d1712d9765ee,BUTTER-E|2048|4|0|20640.0|wide_first_2x,203242.70914399985,189830.22,192443.86926045478,208578.1
292826a7-b703-48e5-b120-19e5343e03aa,BUTTER-E|1024|6|0|20640.0|wide_first_4x,263995.33500900003,203568.84,194979.51044157887,215433.19
2929fbd1-9d79-4fa0-a14c-6eb178cc0ec5,BUTTER-E|131072|8|0|48842.0|trapezoid,1171939.554864,1.0718996e+06,976755.4834041968,1.1072848e+06
2948c6a2-8c36-4e70-9607-e7fdd48eddae,BUTTER-E|131072|8|0|12958.0|rectangle_residual,336975.94851099985,352051.94,359491.94847675884,343169.97
29495583-b461-4aff-adbb-221a9dc8cded,BUTTER-E|16384|18|0|3848.0|wide_first_2x,68233.77560599992,103926.6,95361.86163338614,79272.84
2956abd4-61b2-4c6e-85ab-e6a8813b019a,BUTTER-E|131072|20|0|48842.0|wide_first_8x,4553395.41526,2.0417432e+06,1734424.346827712,2.459604e+06
295ec683-f7ea-410a-8461-20c9e6179f87,BUTTER-E|64|2|0|3848.0|rectangle,46395.81509999975,40059.246,40043.14718193422,48996.63
295ecb1f-0183-4c45-af68-fd3aa6009b46,BUTTER-E|8388608|10|0|3188.0|rectangle,198569.0781979997,200685.52,225184.92985613932,221701.48
295f4c25-0bbb-413e-aadf-383124a2820f,BUTTER-E|32768|3|0|3188.0|exponential,49606.18840199988,45415.723,52871.07174297719,43670.547
296c9dfd-99d3-4ff0-8178-1ad7649c617e,BUTTER-E|262144|12|0|6435.0|trapezoid,221122.105074,230913.77,242471.4765445868,237284.86
2973d172-5fb3-4a37-8c75-5ef492576489,BUTTER-E|512|4|0|3848.0|trapezoid,31505.21808699996,34867.402,35366.10413160986,37308.715
297d487a-5cbc-406d-85e6-ab4efa3b8db5,BUTTER-E|131072|6|0|20640.0|wide_first_8x,394495.8077499998,407546.78,421341.82737972564,456920.8
29a1bdb5-e3ad-43de-9798-099d2858ec4a,BUTTER-E|16777216|20|0|67557.0|trapezoid,10894444.729574,1.0508088e+07,11247418.936806949,1.1089908e+07
29a3c471-8a89-4b3b-bb16-c5a1ca1c78b7,BUTTER-E|2048|9|0|5300.0|wide_first_16x,83190.38455199989,70803.1,68294.6150357233,59133.613
29a97033-6295-4abb-bc85-4cd00ed8be82,BUTTER-E|4194304|4|0|6435.0|rectangle,202328.96283199984,212142.75,240745.3066629444,212755.23
29b2769e-c2fd-4aa1-a8f4-e7e46ba83a6e,BUTTER-E|16777216|14|0|3188.0|rectangle,386362.2425720001,416470.1,439445.80556543905,448629.2
29c665d6-3184-43bb-b896-50a6200a029b,BUTTER-E|16777216|10|0|15000.0|wide_first_2x,1748989.996594,1.8241479e+06,1771007.2400601613,2.0286672e+06
29c92d8f-05c1-4e51-8627-15047cd4dd76,BUTTER-E|8192|20|0|6435.0|wide_first_16x,248690.93235199992,116211.16,146122.3854827116,92631.17
29cc52c5-729d-460e-bb6a-5cf00ef54df3,BUTTER-E|16777216|5|0|105908.0|trapezoid,10117556.227371002,1.0041702e+07,9815551.772452967,1.0642099e+07
29d4cf95-ac7e-484b-9811-75f88314f7f1,BUTTER-E|128|20|0|6435.0|wide_first_8x,83206.77141699972,79908.01,84088.80058070553,103961.0
29d7795c-c2bd-4604-b5fd-98e85e81e266,BUTTER-E|2048|4|0|70000.0|wide_first_2x,691179.4464459999,735108.2,684419.2110948936,754951.75
2a06e488-b6e5-4c53-8d61-52f0bcc2e9ea,BUTTER-E|8388608|8|0|70000.0|trapezoid,5191061.221474,4.9617855e+06,4761593.491058043,4.818529e+06
2a1ba5e6-f854-4f3a-994a-9bea4aa1dcdb,BUTTER-E|32768|8|0|5300.0|wide_first_2x,214693.705792,137060.52,127423.82778294433,93914.57
2a2ae3aa-5f07-495d-88d8-eef498f29a83,BUTTER-E|4096|10|0|20640.0|wide_first_16x,378183.886785,274012.38,279802.2879128464,210162.48
2a30360e-278c-4ada-9ea6-1f581313ddf9,BUTTER-E|4096|2|0|5300.0|rectangle,67670.13673199988,63688.574,66995.54257124341,69824.48
2a31cc8f-a349-4f70-afa1-8e5b9c9f490b,BUTTER-E|65536|9|0|67557.0|rectangle,894578.4355060001,1.0939545e+06,1012163.6507990897,1.2916468e+06
2a45ca0c-1bd6-4e11-8dd1-92ceeb11ba3e,BUTTER-E|2097152|6|0|67557.0|rectangle,1454542.11714,1.752475e+06,1770349.6988861393,1.9049569e+06
2a52e8a5-5ab1-410f-9afc-c8c69b25371c,BUTTER-E|4194304|2|0|67557.0|rectangle,2539823.433171,2.5171132e+06,2060618.8657236646,2.4541845e+06
2a53d627-cdab-4db5-81de-912ed3fef398,BUTTER-E|8192|20|0|3188.0|wide_first_16x,57470.27214199968,57976.574,58640.182789718405,47762.605
2a5410c3-613a-42a5-8750-e441dcde5dac,BUTTER-E|2048|8|0|12958.0|rectangle,93974.85106999992,110844.16,111380.38912603045,119430.625
2a649733-b811-4ffe-bd44-21d8d8a32ff1,BUTTER-E|16777216|20|0|67557.0|wide_first_16x,9455881.798762,1.1304346e+07,9940848.71310263,1.105736e+07
2a7625fd-3daf-4ab3-a7d7-0e2e77e50113,BUTTER-E|2048|18|0|70000.0|wide_first_16x,812442.7892239997,939334.3,862112.1085705053,851664.56
2a79a136-9aec-4b28-b51c-c21dde4c5af9,BUTTER-E|8388608|12|0|105908.0|wide_first_2x,8117737.751133998,8.25766e+06,8282669.437436294,8.619952e+06
2a840e85-8770-470e-aea7-b5cef2a49f03,BUTTER-E|65536|4|0|12958.0|exponential,175621.69283799996,182578.1,191167.52751672524,186499.19
2aa1205b-7dcd-4bb0-8054-1fc8b31b240c,BUTTER-E|16384|16|0|3848.0|wide_first_16x,65127.23779199975,83636.37,89798.78499525914,59399.605
2aae21f7-5ce7-4599-8290-a50df6ac59ba,BUTTER-E|65536|14|0|3188.0|exponential,79619.59447199965,85990.22,87761.88929552176,72962.8
2ab0983b-60a0-483c-a403-f2a7c31c2a50,BUTTER-E|131072|9|0|15000.0|rectangle_residual,637732.8463159999,420884.94,404136.13949270034,454579.0
2ab14454-9c6d-40b2-a67e-c9214579fd74,BUTTER-E|32768|14|0|3848.0|exponential,140169.57054899976,111973.15,127953.49029781533,67519.195
2ab7d9c6-e9d4-48ac-9652-03d62c8bf703,BUTTER-E|4194304|16|0|3848.0|wide_first_4x,281021.1781339998,341713.44,343703.85100482404,337214.8
2acef645-d6fb-406f-a75a-fea45e9173e8,BUTTER-E|262144|7|0|5300.0|wide_first_8x,166188.80945999987,143497.75,154443.2801223059,144934.3
2ad12770-a4a7-479e-ba7d-9edbcebf543b,BUTTER-E|1048576|5|0|70000.0|wide_first_2x,1536680.669175,1.556623e+06,1595197.8092597013,1.5271355e+06
2ae56180-80cd-4bc7-a703-114c968fdc8a,BUTTER-E|1048576|14|0|105908.0|wide_first_2x,4497782.73882,4.4787835e+06,5081966.939233015,5.206824e+06
2ae9c79c-efe5-42e9-9228-b900d9c1d2f3,BUTTER-E|16777216|10|0|105908.0|rectangle_residual,13325896.087425996,1.3315202e+07,12682165.763957573,1.3700558e+07
2aed758d-e309-4cbe-84db-a320149d6f24,BUTTER-E|4194304|10|0|15000.0|rectangle_residual,857190.781174,848481.75,864690.0228090725,802730.5
2b03ad29-e3a8-459a-9f41-7c45b8c7a1c1,BUTTER-E|2097152|6|0|6435.0|rectangle_residual,254717.08276599992,235775.55,213046.20130342612,227339.61
2b2c08b3-eac9-4732-b6b3-00c25d11f996,BUTTER-E|65536|16|0|5300.0|rectangle_residual,243790.0618439999,235056.89,229487.7179222553,191732.06
2b6e17ae-6a15-4123-b0fa-bbdeeae09a14,BUTTER-E|32768|20|0|3848.0|rectangle_residual,264262.8279389998,157741.23,150890.24543327463,86009.164
2b8e16c4-0a58-480b-ad95-4b69c56ac4f4,BUTTER-E|2048|14|0|3188.0|wide_first_2x,66708.2247439997,56427.043,65395.36715395952,55380.45
2bd958d3-44e8-43ad-a230-655e8480f653,BUTTER-E|262144|9|0|4898.0|trapezoid,137858.88114799993,145455.22,141893.38770551496,150008.39
2bdb6438-33b3-46ca-b84d-ac26ab4edae4,BUTTER-E|16777216|7|0|15000.0|wide_first_2x,1532887.505397,1.58537e+06,1660179.3967660824,1.7037339e+06
2be86743-bd88-405b-837e-5f177f889e50,BUTTER-E|32768|8|0|70000.0|rectangle,730167.5796049997,807574.94,790562.8508642717,752318.4
2bf90728-3dfc-4dba-b6af-d94a54d2bb67,BUTTER-E|16777216|2|0|3188.0|rectangle,319940.6466959996,985481.0,3048251.6868840856,515323.28
2bfc51ec-2792-40c3-a0ec-69f54230b1cc,BUTTER-E|512|7|0|4898.0|wide_first_4x,61472.74118799996,67944.62,64062.79632516183,67313.65
2c07ea31-c958-4378-b6ff-5950a42ecfd0,BUTTER-E|524288|6|0|3188.0|wide_first_8x,83133.48425599979,88028.44,85878.90812537601,89041.805
2c1ce350-21a2-4c79-873e-b8f3bf83e6e6,BUTTER-E|262144|4|0|4898.0|rectangle_residual,125251.17940799965,101653.3,104254.643650704,98290.35
2c1e6e6a-3beb-4bd5-b276-324cd1b31d7b,BUTTER-E|2097152|16|0|70000.0|exponential,3950560.160665,3.431645e+06,3654289.3208384914,4.0710348e+06
2c2af4fc-941d-425c-8205-37efb9c69c25,BUTTER-E|2048|6|0|4898.0|wide_first_16x,78319.12666599972,66291.08,62652.7758554899,51280.246
2c6326e2-eac2-458b-9b0d-ab580ed12f19,BUTTER-E|32|18|0|5300.0|rectangle,56714.40479799972,58697.324,56116.182839543355,83522.86
2c6826d5-c109-44e9-a008-054ff49916f5,BUTTER-E|2097152|18|0|5300.0|exponential,286057.6354959998,310034.66,359477.1219588427,281372.88
2c6b9569-f937-4b59-952a-9c7c182daa2f,BUTTER-E|4096|5|0|5300.0|trapezoid,49936.19784999984,50451.465,57314.170872131566,55669.47
2c90fc34-76d7-4a3a-a067-c0d5e5713d26,BUTTER-E|524288|10|0|20640.0|wide_first_2x,664854.9645299998,653871.7,704620.9968726819,662230.75
2c959a17-6ac5-432c-8dc0-9aeeab46b16b,BUTTER-E|262144|9|0|3848.0|rectangle_residual,135203.76770399968,156838.97,186077.7532341007,148317.02
2c9f0f87-fcf3-40a9-8c19-0e28f9651026,BUTTER-E|4096|7|0|67557.0|trapezoid,706113.7980859998,730411.5,735043.0170608654,810862.5
2ca097ae-cde4-492a-9a7d-d1dc1e2315df,BUTTER-E|2097152|10|0|20640.0|wide_first_4x,793526.2492399999,901901.06,970391.1912998435,903062.94
2ca4796e-f6f3-4aaf-9b22-f8fd7c64491e,BUTTER-E|2048|12|0|5300.0|rectangle,48175.13351199997,69610.25,60283.315863547956,67156.484
2caef461-ac8c-491b-a590-0eed223e3f95,BUTTER-E|65536|2|0|70000.0|rectangle,695149.3935580001,706579.25,689473.2597314807,713926.44
2cbb5e61-1679-4bfb-b6b7-5477bd04fe8f,BUTTER-E|512|4|0|4898.0|rectangle_residual,48370.14148099968,59441.145,56244.672775293075,59667.42
2cc96a52-3b3f-486c-9309-08c473f92230,BUTTER-E|8192|12|0|3848.0|wide_first_2x,64296.501813,68223.82,69897.65231654701,65870.11
2cd2bfa2-32b6-4269-b469-fac5bc1bedf3,BUTTER-E|1024|14|0|3188.0|trapezoid,46998.75872299968,54887.035,51858.30314678662,60936.316
2cd82e5b-d3ed-4dd8-a3d2-d065ba3bbb23,BUTTER-E|262144|3|0|3188.0|rectangle_residual,62179.81396599996,59061.7,62742.437467096075,60735.57
2ce99910-1dbe-442b-be8f-bc16f2829120,BUTTER-E|4096|2|0|105908.0|rectangle,855897.9020899998,884065.4,874113.3249988223,918278.44
2d03e7ea-3594-41c9-ab35-2ee42d78c617,BUTTER-E|32768|7|0|3188.0|trapezoid,62231.43983199983,61673.387,64562.11911226514,60684.45
2d0ac01d-db08-4831-86e0-e40e1a3e0632,BUTTER-E|131072|10|0|70000.0|wide_first_2x,1840434.900698,1.7609991e+06,1715816.2652688902,1.6964638e+06
2d120e2d-4236-42cb-af58-62654aff37c4,BUTTER-E|16777216|20|0|15000.0|wide_first_2x,1974846.434536,2.4235482e+06,2311447.3133007805,2.6180875e+06
2d1a4847-9c8a-4e0a-9a80-6872b60e7684,BUTTER-E|4194304|5|0|105908.0|rectangle,4086592.022723,3.8527502e+06,4956453.682769516,4.526507e+06
2d22dea1-0e46-478c-9ea2-ab80d463bc56,BUTTER-E|1048576|5|0|48842.0|rectangle_residual,1217991.2205899996,1.1973254e+06,1056015.2021753453,1.2488864e+06
2d25fd6f-ecb0-49e3-997a-426fde75f8fc,BUTTER-E|16384|4|0|15000.0|wide_first_2x,193463.4948719997,216575.66,223666.9591548515,180705.17
2d3a48a8-5119-48c7-af22-adfac6046431,BUTTER-E|131072|20|0|6435.0|exponential,233249.9288549997,259148.73,273253.1650762916,278634.75
2d58e7bc-9efb-4e3b-8908-d279c2f88d13,BUTTER-E|128|12|0|20640.0|wide_first_16x,150882.0673159998,208244.78,243442.8004817678,226725.36
2d5ac506-db07-4261-bef9-46a36fbb6d3b,BUTTER-E|524288|20|0|48842.0|rectangle_residual,2937064.061256,2.9569145e+06,2584822.755091774,3.5113528e+06
2d5f21e7-5e66-427d-8c4c-a549d79e3906,BUTTER-E|1024|5|0|3848.0|wide_first_2x,41409.28700399973,44878.812,50160.33730546377,53614.89
2d6d7c66-0b4e-4927-a6a7-0736f80f0e46,BUTTER-E|4194304|4|0|105908.0|rectangle_residual,3981306.16387,4.1735945e+06,3997597.921370265,4.334181e+06
2d7379dd-92e1-4ed7-81e4-1c8d98174252,BUTTER-E|262144|7|0|3188.0|trapezoid,77857.47079999992,79872.35,81225.7016666791,80799.46
2d84409c-80a7-46a4-92e5-cb575b8bbdea,BUTTER-E|512|3|0|4898.0|exponential,59063.90635999985,53094.402,49746.99999620024,57989.348
2d89a270-f6fa-48fb-8878-039161e81796,BUTTER-E|128|9|0|20640.0|rectangle_residual,273525.691221,269951.03,248385.0930710407,270539.44
2d9f51db-b939-4782-a879-02d70a0ee6c6,BUTTER-E|16384|10|0|3848.0|rectangle,60269.00202899965,61331.434,92067.24535796569,53915.98
2dc6c6ab-5e79-4a30-9050-ed7bd2757a99,BUTTER-E|2097152|6|0|20640.0|rectangle_residual,651518.32367,710604.8,641233.0791985046,665166.4
2dc73b6e-b604-417b-ac22-ffefdbd6ad5e,BUTTER-E|1024|6|0|15000.0|rectangle_residual,151967.15479499975,173070.58,166714.4954565943,188596.31
2dc7875a-5c54-4c47-8f87-f164342cd2b2,BUTTER-E|16777216|5|0|20640.0|wide_first_8x,1882898.318509,2.280581e+06,2128616.3286913205,2.2088955e+06
2dcbc271-8d0d-47fb-89ee-dec891672ba9,BUTTER-E|262144|18|0|12958.0|wide_first_8x,795646.6110099999,647207.4,590426.7699680387,645661.2
2dee2b71-4100-45d7-9668-e62228736eed,BUTTER-E|524288|20|0|67557.0|rectangle_residual,3957325.673645,4.1402978e+06,4060882.436259473,4.6806055e+06
2deefaae-653c-467e-826e-cb988a713fa9,BUTTER-E|8192|3|0|3848.0|wide_first_8x,55506.45521199996,53483.133,56480.31802551394,55047.656
2df00a0f-f53a-44e5-9bf2-eed5b6429fd8,BUTTER-E|32768|6|0|70000.0|rectangle,759894.5245810001,700193.3,674566.6416042285,703020.94
2df430ac-5cde-4a44-80c9-d399770757a4,BUTTER-E|1048576|20|0|48842.0|trapezoid,2524911.19521,2.5491582e+06,2373601.4601830184,2.8537405e+06
2dfea403-782d-4b31-9c93-3bdae4eabeb8,BUTTER-E|1048576|16|0|105908.0|wide_first_4x,4454888.725818001,5.2242925e+06,5029316.4085976435,5.292422e+06
2e05356a-1e4c-4973-abcf-06d306b5c891,BUTTER-E|8192|7|0|12958.0|wide_first_8x,157130.00792199973,195076.72,175336.75127562982,156806.66
2e05c42d-ba2d-408b-991e-af5e35fc7e4f,BUTTER-E|131072|12|0|4898.0|rectangle_residual,193179.4400039997,200827.77,170782.40571099296,179340.62
2e1dbe7d-4e87-4428-a370-4ec775209ec7,BUTTER-E|4096|16|0|6435.0|rectangle,75200.18490599976,90758.195,82143.01059630678,99556.2
2e276892-64fa-4025-883b-525ffaed919f,BUTTER-E|512|5|0|67557.0|rectangle,450106.48440599977,483749.22,447958.09996849677,533056.3
2e2bf902-ec32-4e96-b429-4fe3983fb1a3,BUTTER-E|32768|7|0|5300.0|exponential,78250.04498599992,95963.266,93282.16772866157,73690.555
2e455cef-b088-42ce-b1d7-752d1390a2d9,BUTTER-E|32768|6|0|15000.0|wide_first_16x,185605.08513899977,200607.64,232002.82786705764,164512.19
2e5471fc-6f17-445c-a6d1-284e73e0ac55,BUTTER-E|131072|8|0|20640.0|wide_first_16x,447819.35072799993,493847.66,488983.8311221877,484686.2
2e556a29-4238-4c83-b792-1efc4456edd6,BUTTER-E|2097152|12|0|6435.0|wide_first_2x,335330.16104299965,364608.94,312929.95950911794,367670.2
2e581b2e-3ee2-4755-bcac-832e37a344ab,BUTTER-E|1048576|14|0|48842.0|wide_first_16x,2108429.122185,2.1831965e+06,2238408.973044553,2.2809508e+06
2e83685e-c2c5-43df-84cc-fb3eef336058,BUTTER-E|64|10|0|5300.0|trapezoid,71535.15575599967,70171.21,70152.56186121046,85164.05
2e8552bd-ef23-4253-af87-445140f26501,BUTTER-E|131072|4|0|5300.0|trapezoid,83447.93572999997,75555.75,70888.22292658362,67366.31
2e90eb1d-5d50-4e9a-b5df-c8b2822e698d,BUTTER-E|2097152|2|0|15000.0|rectangle,1008106.584236,872724.7,572951.0908622146,803021.5
2e94c032-acb7-42b0-8773-f7fbb5a04f67,BUTTER-E|262144|16|0|48842.0|wide_first_8x,1764652.550755,2.2265322e+06,2471456.05344957,2.3696318e+06
2e9ba917-ebe9-4600-baaf-7ffe7ddce292,BUTTER-E|2048|5|0|70000.0|wide_first_8x,694103.0567139997,675534.94,737351.8303360061,738080.4
2ecb69d3-88fe-436a-ad09-f2a9482b79c2,BUTTER-E|2048|3|0|105908.0|wide_first_8x,894211.1559029998,1.0715481e+06,966144.0247997212,1.0237477e+06
2ed00ecb-303b-4e88-b4b3-b21b17409f3f,BUTTER-E|2097152|2|0|70000.0|rectangle,1185258.830614,1.5402789e+06,1452997.5075593526,1.2413935e+06
2ed2f62b-8f9c-4680-8486-2db7f97bd14b,BUTTER-E|32768|3|0|70000.0|wide_first_4x,739420.49309,765038.5,755682.6407326836,759785.3
2ef01cd2-a7ff-474c-8cb6-a17d6f06f104,BUTTER-E|524288|12|0|70000.0|wide_first_16x,2535622.286118,2.0747644e+06,2054180.1535108204,1.7634292e+06
2efa0304-8d80-4246-a71c-ba0a5bad7272,BUTTER-E|1048576|2|0|3848.0|rectangle,427162.6616749999,361811.9,832498.4162365478,411623.94
2f117d7f-cd80-4476-a14f-66fc69998137,BUTTER-E|524288|9|0|5300.0|trapezoid,184732.90571599992,161008.36,189614.46272444658,164377.16
2f1668a2-45bd-414e-bdfb-7850dfba64fa,BUTTER-E|4194304|20|0|70000.0|wide_first_16x,8283343.987731,5.10537e+06,4716065.843613532,5.470502e+06
2f23094f-b98e-47a4-b6c8-4ea56d595efa,BUTTER-E|8192|6|0|5300.0|wide_first_4x,122735.15982599978,79404.42,80106.61364091131,62809.066
2f23ee45-b030-4b65-ad3f-3d9dde55a820,BUTTER-E|8192|18|0|3848.0|trapezoid,84166.52665199977,76536.266,67166.75834999698,76563.56
2f2a3b1f-f237-47cf-8be4-f941bea47f35,BUTTER-E|64|18|0|3848.0|wide_first_16x,55565.340489999726,48393.61,50395.52450552457,60651.758
2f35299d-c069-41bd-ad3a-10e3424e7221,BUTTER-E|32768|9|0|3848.0|wide_first_8x,131850.88913599993,120482.76,118340.78911892489,111547.984
2f3bba8e-2323-4273-9144-aff8dbad0dc5,BUTTER-E|16777216|9|0|5300.0|trapezoid,595741.447615,588713.1,579953.3735976041,644553.2
2f5468a0-df2c-4d9c-96c0-6e961c48d16d,BUTTER-E|8388608|10|0|6435.0|exponential,527844.5429599999,509725.3,558852.3769921411,490642.3
2f5e63c5-ac53-4a87-abc1-440d99cbc355,BUTTER-E|1024|4|0|67557.0|wide_first_2x,617610.3428359998,625312.44,616804.9582808502,686930.6
2f5ec1a7-2374-4821-b671-5a39e7d6fc74,BUTTER-E|1048576|10|0|12958.0|rectangle_residual,525304.8829699997,510809.53,492454.6069603267,545804.6
2f6bb5d1-2c18-46a5-a37f-7ded57408eef,BUTTER-E|65536|16|0|70000.0|wide_first_4x,1052284.173214,1.7423214e+06,1317292.8298854767,1.27477e+06
2f7b4e14-3bf7-46d1-b2a3-69e353a0c151,BUTTER-E|131072|12|0|48842.0|trapezoid,1236940.129979,1.4676461e+06,1509683.6936489,1.5264279e+06
2f8906a1-cab7-4e20-ac08-51a01fc23c5d,BUTTER-E|4194304|3|0|67557.0|wide_first_4x,2264182.949382,2.432767e+06,2358418.755708241,2.4549078e+06
2f9e0bcd-128a-4f8c-b4a6-e44cb967d77e,BUTTER-E|524288|7|0|105908.0|rectangle_residual,2993083.680933,2.7179808e+06,2555243.7872104505,2.7419952e+06
2facca5a-776b-4ce0-bc3a-bb6930797cee,BUTTER-E|32768|6|0|20640.0|wide_first_16x,433374.3839309998,314220.4,375589.41567398387,199939.53
2fd0e576-63be-472e-8db7-215345d373d3,BUTTER-E|16384|3|0|15000.0|wide_first_8x,179604.6104719998,171612.72,183640.83244096622,174932.92
2fdcc88e-00ec-49fe-a539-b3a2890e565a,BUTTER-E|262144|20|0|15000.0|rectangle_residual,1017572.223013,912431.44,782953.3279143958,812103.06
2fea04d2-84b0-4b4d-ac22-4d7792921937,BUTTER-E|4096|9|0|4898.0|wide_first_16x,117999.75468999996,80106.086,73001.46259966123,55645.156
3013de98-68dc-4347-87a6-e9adc7cc009b,BUTTER-E|32768|9|0|105908.0|wide_first_4x,2430004.59814,2.11505e+06,2399627.0039714067,1.7222312e+06
301b3fa3-b2d7-4bf3-87ea-b24bfe495000,BUTTER-E|32768|3|0|67557.0|rectangle_residual,718707.7420739996,867340.6,799323.7341323973,715334.44
30231328-32e3-4d38-a91b-09136975789b,BUTTER-E|1048576|9|0|3848.0|rectangle_residual,195936.1613199997,182775.66,179564.19915036127,176927.98
303f64fe-7280-4307-98bf-955b55dd4104,BUTTER-E|4194304|5|0|4898.0|wide_first_2x,213010.3603799996,222515.28,238297.7590818769,222412.39
30553981-41a4-4c7a-a746-ecef3c94d510,BUTTER-E|4194304|16|0|70000.0|wide_first_8x,5196204.367305999,4.7641725e+06,4628593.914307898,5.3588585e+06
305bbab1-3dce-4257-b327-9fe2557dd9b8,BUTTER-E|32768|9|0|48842.0|wide_first_8x,780781.5788649999,887044.9,848371.2696324039,896929.56
3069483d-5f60-47b9-9986-5e769e642ad6,BUTTER-E|8388608|14|0|70000.0|wide_first_4x,5405029.51378,6.087963e+06,6327415.587257108,6.0102345e+06
30706f25-8b2e-4d19-a738-3398514b82aa,BUTTER-E|2048|3|0|3188.0|wide_first_2x,44425.23000799968,42456.33,46437.5682203447,41559.395
30798ae4-187e-43c6-9ced-776866405d26,BUTTER-E|8388608|12|0|5300.0|trapezoid,468939.0173869998,448915.06,463074.34331794624,466723.06
309a9e7c-538e-431e-bd3e-b5293af89bc9,BUTTER-E|64|2|0|20640.0|rectangle,158601.47622200003,159118.58,156331.6157867306,196517.12
30a4b271-c32c-407b-a6aa-bdae97e711a2,BUTTER-E|512|6|0|48842.0|wide_first_2x,457548.3159359997,468117.44,459005.1925633096,529923.4
30c4705b-d545-4d99-929e-497cd21eaa38,BUTTER-E|256|10|0|4898.0|trapezoid,89154.19484699977,79663.6,78891.07565754393,85388.1
30f1c2cf-fb46-4a0a-8ff3-3cc6950c5c9a,BUTTER-E|8192|10|0|20640.0|rectangle_residual,233232.8163489997,306566.12,395605.82451522804,294877.4
30f2b661-c6e4-43f9-88e8-541b063c95e6,BUTTER-E|128|8|0|5300.0|rectangle_residual,63153.3730249998,71694.445,64744.91284001723,68086.16
30fc5b4c-7b93-4888-8dfd-8cc48a7c5678,BUTTER-E|4194304|6|0|3188.0|wide_first_4x,153976.44730599973,148794.17,149254.67180056692,140565.3
310f2672-fbd0-45c4-b245-33afcecc2e2f,BUTTER-E|64|6|0|20640.0|wide_first_2x,242194.1557469997,215050.16,208761.27550812793,218799.7
3112b786-a8bb-4f03-a171-1af04381fce9,BUTTER-E|2097152|16|0|12958.0|rectangle_residual,982343.9360669998,838769.44,865357.719623986,833580.5
31142a7c-e9cc-464e-bed5-53d028f368c4,BUTTER-E|8388608|9|0|3848.0|rectangle_residual,312704.8431679998,340462.72,313071.333667699,291995.6
311b4237-16c8-4b0d-b5bc-901dcaeea8cd,BUTTER-E|512|20|0|15000.0|wide_first_2x,277601.6403019998,263926.03,271057.0061018295,262264.53
31223266-f472-40c5-80db-6b0609c9c36f,BUTTER-E|32768|9|0|105908.0|exponential,1721259.095092,1.7557388e+06,1857263.3729988735,1.5954472e+06
3124e09e-1fad-4fec-8697-d5f7d6140b5c,BUTTER-E|16384|9|0|48842.0|rectangle,925399.41007,590363.9,633608.5742433604,536808.44
31404635-76f5-4644-bc8c-e84b60dae5f7,BUTTER-E|65536|14|0|6435.0|wide_first_4x,181508.0354719999,242642.19,233890.72940336898,234390.7
314c4f13-591f-4131-bde2-df5eab8bfcbd,BUTTER-E|1024|3|0|20640.0|exponential,168127.5652259998,165138.75,176413.43175011108,190986.39
3153e5e5-d666-4130-a5f4-1e78f5649adc,BUTTER-E|32|5|0|5300.0|trapezoid,46240.85401099971,55105.96,55427.80065481435,54840.625
316e5e69-c02f-4931-8022-21257fb5e0a0,BUTTER-E|2097152|18|0|3848.0|trapezoid,534896.4945839997,484934.03,440062.0896320558,569426.1
318af59f-f875-4e0f-92a7-dfa764ce703b,BUTTER-E|1024|12|0|5300.0|rectangle_residual,96299.75831999976,97478.945,118830.822918306,76090.93
3192b58c-73ce-4727-9cf0-b7153c53beb3,BUTTER-E|16384|12|0|5300.0|wide_first_2x,210461.0149759997,149639.19,161862.13448561128,83725.35
31955814-de4c-45c3-952f-89c6aee9ef9b,BUTTER-E|256|5|0|5300.0|rectangle,42710.26884799969,44675.883,42522.19166077641,47942.96
31957304-f066-4e53-a9c5-449fbff6208b,BUTTER-E|32768|8|0|5300.0|trapezoid,109953.39855999996,119364.24,118256.00714727076,100068.61
31a30a2e-c566-4d96-ac5e-3f85d6df8236,BUTTER-E|8388608|12|0|3188.0|rectangle_residual,279996.6427679999,296071.34,292629.266762618,289785.16
31a509e0-2235-44d0-ad12-4f450c6bf455,BUTTER-E|8388608|20|0|5300.0|rectangle,504083.577666,574568.5,559240.2042325566,649594.9
31ab24bc-6ec4-4bd7-b507-bd374a1382d9,BUTTER-E|4096|7|0|6435.0|wide_first_16x,112723.391412,90925.14,81604.03045467974,74148.0
31d06f2d-1c07-4079-85a4-afc9106e8407,BUTTER-E|16777216|14|0|20640.0|trapezoid,2394894.199652,2.6156542e+06,2675941.286907497,2.672537e+06
31d5d537-ad37-4907-b7eb-6864f03f4885,BUTTER-E|524288|6|0|20640.0|wide_first_8x,421991.4861019998,536401.1,504209.19119730336,524557.8
31e37857-c98e-456a-8837-c51cca6b3107,BUTTER-E|2048|7|0|105908.0|wide_first_2x,1151247.745899,1.1511514e+06,1157108.2653506817,1.2641936e+06
31f615e9-6075-4d81-91d4-d8b6324c4719,BUTTER-E|512|6|0|6435.0|rectangle,53952.44142799988,56501.57,66248.6464670014,62668.52
322a1e1c-f688-4701-979a-a8d91a70df57,BUTTER-E|2097152|7|0|5300.0|exponential,183336.2898079998,175690.62,170657.28622661624,151598.44
3247e792-a5a4-4295-9b67-8b212155bf22,BUTTER-E|2097152|6|0|12958.0|wide_first_16x,457239.22938,453086.66,452922.22890193376,454976.72
324beef5-361c-44fa-96a8-f4a311df4c90,BUTTER-E|16384|14|0|12958.0|rectangle,470450.4174749999,282699.97,399850.6236738154,224951.73
32632b32-c4e4-4bfd-8bd1-d0229965a004,BUTTER-E|64|2|0|4898.0|rectangle,51223.46027899968,47144.773,44363.399050842694,54667.363
32686de9-59b7-4d2e-90c6-d6434d633117,BUTTER-E|1048576|20|0|5300.0|wide_first_16x,344054.8872099997,335591.8,293956.5441604072,341981.75
326afe0a-bffd-4ff1-a699-9a3da239fee1,BUTTER-E|4096|14|0|12958.0|wide_first_16x,224327.33973599976,216270.39,229004.74581002115,154448.77
327107d3-0553-4733-a2ac-ecdee4c2b4b4,BUTTER-E|2097152|4|0|3848.0|rectangle,91752.59085399972,100799.52,110525.8309457151,107010.984
3274e482-4c68-49aa-acca-d73b20be17ee,BUTTER-E|262144|20|0|67557.0|wide_first_16x,2630278.441062,3.282437e+06,3876243.0030280594,3.4332818e+06
3283b292-bf7a-42e6-9b1a-cd018c43eeb4,BUTTER-E|16384|4|0|5300.0|rectangle_residual,107891.06800999968,93539.06,88052.97067467352,60453.797
328cd871-2815-4500-845d-a2bd45d5f722,BUTTER-E|16777216|16|0|20640.0|wide_first_4x,2382032.81181,2.7601272e+06,2584431.849770194,2.6152102e+06
32912451-15c0-4d3d-a620-31fea11a8975,BUTTER-E|2048|3|0|3188.0|rectangle_residual,46006.02740199996,44039.562,45850.204274883945,41130.75
32956b09-a829-4d53-96c2-98bbed2e628e,BUTTER-E|512|2|0|67557.0|rectangle,583838.2298999998,516597.22,507815.90353909874,549734.06
32aa3b42-3fd0-47c8-8c25-0dfd35e72ec5,BUTTER-E|1048576|2|0|105908.0|rectangle,1811150.164168,2.1318278e+06,1567599.4426427467,1.8246611e+06
32b35390-9658-4489-b1e4-2bf607897402,BUTTER-E|32768|3|0|105908.0|rectangle_residual,1447090.9707119998,1.2765206e+06,1202211.2693406986,1.1362956e+06
32d50e4f-b262-4f62-bf79-f39f0f6f4ff9,BUTTER-E|262144|6|0|105908.0|trapezoid,2036961.657534,1.9217166e+06,1979173.5457839228,1.9005075e+06
32e2626b-90f9-49f4-a064-d4e5c21b870e,BUTTER-E|4096|18|0|5300.0|rectangle,71572.06035,77991.29,69109.00501515623,84562.88
32e2d5c0-1ae8-4c50-8e02-3eb8788a7f53,BUTTER-E|32768|16|0|3188.0|rectangle,137319.910812,93835.96,92506.4092669775,65838.45
32f62505-e92c-4805-985c-b336bf274a94,BUTTER-E|4194304|18|0|20640.0|wide_first_16x,1974162.60859,1.6391134e+06,1698822.5291155241,1.6013709e+06
32fc3727-3e36-421a-a0db-4db9e0e820f8,BUTTER-E|131072|5|0|67557.0|exponential,907987.316621,929836.8,999069.3110196124,1.0677401e+06
33086145-1e62-4173-a90d-f45597a72f75,BUTTER-E|32768|18|0|15000.0|rectangle_residual,558313.5076569996,569257.25,553818.9062767341,290933.22
335040f1-460a-4c97-b2e9-d229088d01f1,BUTTER-E|16777216|14|0|15000.0|rectangle,1963680.634468,1.9584609e+06,1999514.9692171202,2.095169e+06
33597599-a104-45ff-b85c-2d970d78d6fd,BUTTER-E|4096|10|0|20640.0|rectangle_residual,210136.38217599987,226455.89,236705.54999697514,291201.66
335f9b86-bf0f-4c02-9284-1508c8f8f151,BUTTER-E|32768|20|0|3188.0|wide_first_2x,61571.33642499985,135970.42,87518.93890770724,89275.73
338be7cd-c00e-4120-839d-ed127af5f7ee,BUTTER-E|16777216|14|0|20640.0|wide_first_2x,2211370.345119,2.5515635e+06,2685721.222596422,2.6635678e+06
339fb7c1-ba65-4837-bbb5-03b6ce8d0d02,BUTTER-E|2097152|6|0|4898.0|wide_first_16x,219004.6418649997,185491.67,165566.81195036997,168950.64
33a8ff40-e699-4933-8a6c-4c34cc58e91d,BUTTER-E|4194304|12|0|70000.0|wide_first_2x,6165848.130704,4.259903e+06,3915619.3732435796,4.0300038e+06
33af7132-b9c2-4946-8f95-58fabcc01e61,BUTTER-E|16384|9|0|70000.0|rectangle,649527.566738,746774.94,738884.374496344,756202.7
33c9c7f5-422e-46ce-bf14-b206b8a89a7a,BUTTER-E|65536|5|0|70000.0|exponential,949606.5225829995,881401.0,950693.3293337116,847756.25
3427763c-edde-4508-b424-11130271e1d6,BUTTER-E|4194304|4|0|105908.0|exponential,3939553.886744,3.964317e+06,3760901.8388110236,3.9144898e+06
34553705-58a1-49f7-8c5f-6f62b33a569a,BUTTER-E|131072|20|0|70000.0|wide_first_2x,6179940.699712998,2.9955012e+06,3580902.0427343803,2.6938475e+06
345eca1c-1e3c-4ac3-9a21-72dc94fadd12,BUTTER-E|65536|10|0|15000.0|rectangle,227809.88968699976,296928.7,260938.50188954003,288929.16
345fbc8a-3e7b-4465-9f7a-432461b602a5,BUTTER-E|131072|20|0|67557.0|rectangle_residual,2927221.505257,3.7363082e+06,3340641.0842131604,4.1746972e+06
346cb72e-2969-4d3f-a53e-88b8b42b730b,BUTTER-E|1024|4|0|3188.0|wide_first_2x,45799.09230099996,42852.46,44514.05084885998,43085.55
3485e75b-ae8f-49e8-becd-aa0814a9c05a,BUTTER-E|2097152|7|0|12958.0|exponential,399837.6438499998,404691.2,442834.4448110221,384009.5
34920987-cfc8-4624-815d-2bbbb7dd6102,BUTTER-E|4194304|18|0|105908.0|rectangle_residual,8709466.222997,8.493696e+06,7802354.875794812,9.101142e+06
34a3073a-57fd-4419-8612-5613a672d710,BUTTER-E|1024|20|0|67557.0|wide_first_2x,1106694.169624,1.4190091e+06,1269622.651408823,1.2769188e+06
34ae9d3c-906b-4c08-b27b-4ae15f55aba4,BUTTER-E|262144|10|0|4898.0|rectangle_residual,166730.2198129998,170027.97,169193.49328831906,168187.52
34d13603-be35-41a3-b602-a7a7cebb48f6,BUTTER-E|32768|8|0|5300.0|wide_first_16x,110510.1794809998,120231.27,129399.93988926293,62661.047
34d2e6b1-a08b-4fe2-b0e7-7308a4ec8291,BUTTER-E|8192|6|0|105908.0|rectangle_residual,1100855.692865,1.2522902e+06,1213174.479637863,1.2997949e+06
34dfced3-c09f-4ad4-8124-e61dbc15d8ba,BUTTER-E|16777216|4|0|48842.0|wide_first_8x,4449553.296474,4.913393e+06,4802279.6480781,5.519658e+06
34ed8475-f732-4c11-8dd8-3d8a49bb4cc8,BUTTER-E|262144|9|0|105908.0|rectangle_residual,4261457.895611,3.015453e+06,2901699.956991521,3.0124638e+06
350ad701-69cd-44f6-b5e9-0731872eab2a,BUTTER-E|1048576|9|0|3188.0|trapezoid,125564.91890999976,119403.75,131656.3236152479,131977.56
352b5540-29f2-43eb-9d22-4372e3bc1a70,BUTTER-E|512|2|0|67557.0|rectangle,539094.0358429999,516597.22,507815.90353909874,549734.06
353f2c6e-4166-4a44-abcb-ba90ccec3f98,BUTTER-E|8192|3|0|12958.0|wide_first_16x,132556.15343999988,148197.12,148887.79199975994,112860.734
3544b537-ff92-4045-a7ec-4cf5c713d944,BUTTER-E|4194304|5|0|15000.0|wide_first_4x,615408.6856149997,695518.6,624944.3143652279,656357.0
3544df29-a550-40e5-87d5-4a5189db9798,BUTTER-E|4096|14|0|4898.0|wide_first_2x,68998.07459399976,72635.86,58447.68338843703,83305.84
3548e403-8dde-423e-b7c9-fb558c6e72b3,BUTTER-E|16777216|18|0|12958.0|wide_first_16x,2435618.715828,2.210731e+06,2195198.9397788644,2.240565e+06
354cd792-34fc-4f0c-ac06-ea08765fe19e,BUTTER-E|8192|20|0|105908.0|wide_first_8x,2313523.714256,1.6483872e+06,1923712.9520386893,1.8189225e+06
35511c32-b136-486d-932c-56df63a6463f,BUTTER-E|512|12|0|105908.0|rectangle_residual,2153041.831218,1.6225636e+06,1368429.0772241696,1.5538642e+06
35704b94-6578-4c5f-acf4-b01940f66308,BUTTER-E|4096|10|0|70000.0|wide_first_4x,730132.8480940001,849134.25,840017.602006671,899316.6
35780452-9efa-409a-9f08-c9cb126d1cf1,BUTTER-E|512|14|0|3188.0|wide_first_16x,44868.82656199968,40229.273,44052.31540419789,41525.402
357c0bdd-a6ef-4c61-8608-127176cb50c0,BUTTER-E|128|12|0|6435.0|wide_first_16x,66986.75923799972,80200.8,73510.0306965934,80757.625
35846b11-3786-484f-b084-b88cd4711d52,BUTTER-E|256|8|0|3848.0|exponential,54327.00922999992,55654.71,54917.47489800327,51822.965
35a5cc1f-722f-435f-9f3d-b81f9ab0b00d,BUTTER-E|16777216|4|0|3188.0|exponential,293449.84683599987,323736.7,308986.6359890006,316726.56
35a7948b-3ab7-427a-9bf9-86c3becd7e3f,BUTTER-E|2097152|14|0|67557.0|rectangle,3875342.789232,3.3231285e+06,3383498.297959014,3.4901695e+06
35aa5d3f-c36c-48ec-8b1c-d46a4e55b0a4,BUTTER-E|131072|14|0|3188.0|wide_first_8x,112736.06510899968,106890.73,141444.02940083976,132188.3
35af41e7-091d-44b7-a31b-ff42e81e06f5,BUTTER-E|2097152|4|0|67557.0|rectangle_residual,1725700.5430930003,1.8360561e+06,1764976.7217234427,1.8929321e+06
35effbcd-0820-4a82-9391-35a7486d168c,BUTTER-E|1048576|18|0|12958.0|wide_first_16x,699701.740236,714785.5,662333.0023057051,773381.4
3601d6e5-c1b4-4476-aa49-b8cbf01a94e8,BUTTER-E|32768|6|0|67557.0|wide_first_16x,875509.594515,820970.94,899384.565491174,670890.56
360b34a0-a9a8-4a6a-9005-998b4522e303,BUTTER-E|8192|14|0|6435.0|wide_first_8x,88577.26560499969,113319.97,133727.4675495238,116195.53
362d68d4-6a50-4f41-b503-a82b61151f82,BUTTER-E|4096|20|0|67557.0|wide_first_4x,1050259.7638389997,1.1477148e+06,1101903.9789774916,1.0746398e+06
3642234b-4ccb-4f8f-9dcd-96f8e3dfcaf8,BUTTER-E|524288|7|0|3848.0|wide_first_4x,185485.81725599972,133558.5,140547.97841543032,132090.0
3661362b-e429-4d8a-ada2-9c13168b0b5b,BUTTER-E|524288|2|0|67557.0|rectangle,867419.4740980001,873784.06,954722.7109093741,855973.6
366594eb-e83a-4e11-add1-38e145618d68,BUTTER-E|32768|4|0|70000.0|wide_first_16x,825890.294227,761050.0,782260.4368416242,698589.2
368063fc-a0d9-46e2-b7d2-e43ff838f635,BUTTER-E|16384|10|0|3188.0|rectangle,38775.30070199976,46873.9,47386.63312126062,43010.707
36827ba9-c131-4a24-8e91-73ace2258d0a,BUTTER-E|32768|4|0|6435.0|exponential,108269.88906399984,92957.28,92040.31738929987,87390.8
369c5a9d-fd1d-4457-a1fa-711571745896,BUTTER-E|4096|18|0|4898.0|rectangle_residual,70165.96004399976,77907.58,70284.72715676203,95930.14
369d0b42-860a-42a7-98c6-7c7ab28a921f,BUTTER-E|8388608|10|0|3188.0|wide_first_16x,235293.49305499965,258088.69,258636.34851611813,254962.44
36aed3fd-202a-4529-b916-097c1d55a54a,BUTTER-E|2097152|5|0|3188.0|wide_first_8x,152488.34470399967,111176.91,125749.78690270198,121429.58
36b90a14-c60d-4aba-bb23-d09b99f8976d,BUTTER-E|2048|4|0|48842.0|trapezoid,487374.9269549998,377293.47,365884.0344476336,430458.1
36b94659-08c1-4f2d-aafd-1288fcbfb566,BUTTER-E|131072|10|0|70000.0|rectangle_residual,1914994.008648,2.053254e+06,1795531.9140980858,2.1804332e+06
36ce7024-79ff-4c3a-9428-0c379024edde,BUTTER-E|64|7|0|20640.0|wide_first_2x,264615.1470289998,225374.33,193608.01678698434,231265.94
36cfb3e7-c7c0-4cf3-9793-1c21663b277e,BUTTER-E|1024|6|0|5300.0|wide_first_8x,62598.1721689998,57575.008,59022.32751385089,65371.145
36d1c3f4-7c66-4b2a-9b1e-fdac1ad34e8e,BUTTER-E|64|5|0|3848.0|rectangle,34938.12273399988,36319.8,35403.46248337999,39590.34
36da92ed-a1c1-498e-8d2d-49c90068fe35,BUTTER-E|8388608|2|0|67557.0|rectangle,4463581.189671,3.9681145e+06,3606876.0824951576,4.490498e+06
36dad29c-375d-4f71-a2e8-b11889afa9c4,BUTTER-E|256|12|0|5300.0|wide_first_16x,118823.35267899973,75427.45,69224.85139913985,64709.926
36e53eb2-e06c-4e1e-a70e-04d1c51e90cc,BUTTER-E|4096|20|0|3848.0|trapezoid,68421.97353399984,72706.62,85366.27579045115,87669.94
36e61ccb-1e60-4702-8001-ae9054b4d939,BUTTER-E|16777216|5|0|12958.0|exponential,1235860.6610870005,1.388416e+06,1302743.6100343915,1.3962809e+06
36f92155-05b1-4e04-8aa1-9ffe46888912,BUTTER-E|8388608|5|0|48842.0|wide_first_4x,2930918.176978,3.2825998e+06,3067633.919707522,3.1016495e+06
37185c6d-4c02-48ed-94be-0383ff16bcc1,BUTTER-E|2048|8|0|67557.0|exponential,797918.5518409997,843912.56,867239.349509396,896002.8
37225d60-1e0c-4932-a3b4-33c6b04fe928,BUTTER-E|524288|12|0|4898.0|trapezoid,217333.805134,210373.03,223453.15413025333,200433.05
3722a44b-32a6-4ea9-98a5-2a55194b4e6e,BUTTER-E|64|2|0|3848.0|rectangle,39329.68698499968,40059.246,40043.14718193422,48996.63
3731c0c2-7558-4267-9b81-7e217fdf2526,BUTTER-E|131072|9|0|3188.0|wide_first_8x,83267.462934,89691.33,101283.98620685472,97516.98
3742ca2d-25a1-41b6-ac5f-b1530e95fd1e,BUTTER-E|16777216|6|0|5300.0|rectangle_residual,597094.1003049999,574264.5,578156.2630089761,543047.6
376659cc-4681-412f-abb3-78bd549f4d16,BUTTER-E|2048|7|0|6435.0|wide_first_8x,101345.83690899996,89482.086,83369.37245372013,83219.3
378327f6-1e39-48da-8921-2da7314cd79e,BUTTER-E|2097152|9|0|5300.0|trapezoid,249126.49646,220552.58,203278.87200652945,218842.28
378a6851-a18d-41a3-a92a-7ada4642b0bc,BUTTER-E|4096|7|0|67557.0|exponential,788432.2669659999,793804.5,819730.0135819322,857293.0
3792682c-599f-4acc-9b83-63e334393ef5,BUTTER-E|512|4|0|15000.0|rectangle,104681.53232399988,112214.96,140461.61639071087,130185.08
37cda591-2650-461b-b542-cd07e25a2cd6,BUTTER-E|32768|8|0|67557.0|rectangle_residual,1663900.597067,1.3971946e+06,1513274.5039030118,953703.7
37ce2c72-aa97-4b6f-89aa-d65685a948b4,BUTTER-E|4194304|12|0|15000.0|exponential,977179.5530299996,847458.8,971239.0003115924,874031.56
38085d28-3003-40eb-a175-a8e511820530,BUTTER-E|16777216|5|0|67557.0|wide_first_4x,8942548.622992,7.122765e+06,7358763.871845541,6.7669425e+06
380a353b-2633-43f3-8515-2a09f4fcf32c,BUTTER-E|16384|16|0|105908.0|rectangle,1925114.880012,2.0556914e+06,1595390.6092254927,1.800954e+06
380dfa21-79f3-45a4-91a5-0a55f031a63c,BUTTER-E|2097152|12|0|67557.0|wide_first_8x,3271075.7047670004,3.2791172e+06,3542114.6921886704,3.3008418e+06
38203457-3b12-4258-a954-06612b6958f1,BUTTER-E|4194304|18|0|12958.0|rectangle_residual,993784.8706839996,1.03837e+06,970615.4251445893,1.0392349e+06
3830e901-bcc0-4c8d-9fa0-56d94d0dc15c,BUTTER-E|65536|12|0|48842.0|rectangle,1604924.738238,1.4781346e+06,1331757.2994007762,1.4163146e+06
38362b2c-3793-4a5d-b18c-91508e6cc8bb,BUTTER-E|65536|9|0|105908.0|rectangle,2293576.61653,1.7709052e+06,1562328.0525246456,2.0420956e+06
3837f934-e465-4c19-91c3-6d6625514ddc,BUTTER-E|32768|8|0|3848.0|exponential,83344.67772399972,85251.08,82482.69412402868,58643.55
38459b0c-ad38-4c5a-98fe-d3c1c739d502,BUTTER-E|8192|7|0|15000.0|rectangle,153789.36896799994,150102.84,172523.31264429577,143864.56
384a8ed7-944b-464f-932f-88a4ce974693,BUTTER-E|16777216|7|0|20640.0|rectangle,2139717.461041,1.9143962e+06,1915045.6555572,2.0881136e+06
38613098-ea96-46a1-bc0d-1223af81e1da,BUTTER-E|131072|10|0|3188.0|exponential,77153.42625299968,84255.375,86255.9401613171,82540.96
386be00d-a941-40b0-9b85-4031a04b7b67,BUTTER-E|8388608|4|0|5300.0|rectangle_residual,331031.268117,343407.34,372783.49494141026,296354.4
3874c66e-7712-4cdc-ab1f-826134617557,BUTTER-E|4096|10|0|6435.0|rectangle,64497.39838799963,64177.875,66846.62484388676,71690.0
388f2675-0c6d-4020-8176-91f9957a85ca,BUTTER-E|8192|10|0|20640.0|trapezoid,421890.5565320001,315048.88,399483.0813568364,286901.12
38b47c21-ad63-4bc5-9582-ca9e5a03f03e,BUTTER-E|131072|18|0|67557.0|rectangle,3070095.3677700004,2.6530975e+06,2951124.1331736566,3.0930772e+06
38c974c1-5895-45f9-b53c-32f589c7df9e,BUTTER-E|8388608|8|0|48842.0|wide_first_8x,3735018.499052,3.8681468e+06,3609500.2367127123,3.956793e+06
38cf4dcd-9433-4cb9-94d6-8316b618aae5,BUTTER-E|4096|12|0|12958.0|wide_first_16x,198763.71077299968,210719.81,230423.94462313363,147662.58
38d94006-f8ed-4d05-b89d-28576002df92,BUTTER-E|512|10|0|20640.0|wide_first_4x,287583.1396939998,251117.1,289762.40269109426,239741.0
38e77cbd-55f3-4590-b6bf-0e7e912ee446,BUTTER-E|512|9|0|15000.0|wide_first_16x,145206.66895299972,164301.3,149558.00213966932,174165.03
38fece80-f1cb-47f4-a9a8-d71f88116a26,BUTTER-E|4194304|12|0|48842.0|rectangle_residual,3246351.0761999995,3.1487542e+06,3115490.3133473136,3.1511452e+06
39070961-570a-47c8-ab9c-9f23d7f61f36,BUTTER-E|2097152|3|0|4898.0|wide_first_2x,167034.45860399987,140636.23,138705.9659920836,151496.55
391b5aba-05db-43fe-b8e6-e2150cf907e8,BUTTER-E|2097152|2|0|70000.0|rectangle,1260858.011643,1.5402789e+06,1452997.5075593526,1.2413935e+06
39286366-f8da-40c4-87ce-736ccf6a1bae,BUTTER-E|262144|9|0|12958.0|rectangle,212287.79289999983,224606.17,219371.9409331629,228901.86
3928f338-d55e-4d38-9733-3ea8d9c673fe,BUTTER-E|8388608|10|0|3848.0|wide_first_8x,336569.21695800003,362523.4,313016.80861309177,354271.12
396e0d16-4315-467f-b1dc-4762eb9d09d5,BUTTER-E|1048576|7|0|67557.0|wide_first_4x,2058789.5680440003,1.867043e+06,1937607.2396357718,1.8968264e+06
396f2235-cdbe-471f-9693-bc0cb171a8fc,BUTTER-E|32768|16|0|15000.0|rectangle,462212.2332349998,510205.8,542877.4252133437,350012.84
397599d3-59ae-4f70-9d8c-7814e3dff292,BUTTER-E|131072|5|0|70000.0|wide_first_4x,1016260.7365559996,1.1212296e+06,1077228.6960517804,1.0490111e+06
397718ac-a57d-4894-8298-9dc62fe612b8,BUTTER-E|2097152|12|0|3188.0|exponential,129522.5658199998,150633.72,160876.5566155617,139064.06
3978347b-962b-4f2e-8c78-c9f8630d01af,BUTTER-E|512|3|0|3188.0|rectangle_residual,52532.079228,41874.453,40348.45802932086,40998.18
39853877-ab0e-4d27-a7a7-c2f4b7f9c74e,BUTTER-E|256|3|0|67557.0|trapezoid,658767.8869899998,575334.5,609278.9852517644,592153.0
3985c9a4-2edb-4097-88bb-91d904e21db9,BUTTER-E|524288|4|0|3188.0|wide_first_2x,68882.40346599971,73131.59,67995.64193762532,67708.516
39880361-c561-4a06-b8bf-7877df56db9d,BUTTER-E|524288|2|0|3848.0|rectangle,299743.356753,162659.14,437691.276517733,266113.03
399d0ba0-602d-45fe-b2ed-5c923733858b,BUTTER-E|4096|14|0|20640.0|wide_first_2x,205967.11967299972,258203.9,230600.61818565443,306648.3
399ef014-87e0-4218-9ac2-3f4ca19bd4be,BUTTER-E|1048576|14|0|70000.0|wide_first_8x,2785010.10319,2.711909e+06,3062895.542467667,3.0785278e+06
39a5263c-58a0-472c-98c3-5bb76bf90c96,BUTTER-E|8388608|9|0|12958.0|rectangle_residual,1019806.951466,1.0358815e+06,1014647.5704516957,1.0108639e+06
39b99456-6853-4f8b-810f-89a645dffbef,BUTTER-E|262144|10|0|3848.0|trapezoid,281812.5998809999,196039.23,220314.7682918941,251581.89
39c0fafb-f6eb-47ba-a22c-54b724df1d4e,BUTTER-E|16777216|8|0|48842.0|exponential,4489054.650089999,4.9602475e+06,4794939.571824469,5.1782015e+06
39c6fc2e-4257-41f8-b509-e5841e444fc8,BUTTER-E|4096|7|0|3188.0|wide_first_2x,46926.69670399969,48454.938,48548.60646264805,46895.76
39cbf9b0-f0a5-49bd-8a7e-825f483f0190,BUTTER-E|256|4|0|15000.0|rectangle,156157.07339899978,114067.25,139186.28089903967,130060.484
39dc5342-43c9-47e8-bfb7-743eea8c8a04,BUTTER-E|64|2|0|4898.0|rectangle,50378.32343299968,47144.773,44363.399050842694,54667.363
39f604a6-e9a2-4031-9d2a-de0586606f2a,BUTTER-E|2097152|3|0|70000.0|wide_first_2x,1541675.2381899997,1.5708394e+06,1552627.6267169365,1.6919236e+06
3a144edf-5755-47e6-be18-255555c628c0,BUTTER-E|131072|12|0|20640.0|trapezoid,610133.2916789999,647949.06,649549.1143533567,684138.4
3a372bfd-a487-4ddf-902e-5fd6a9892ea3,BUTTER-E|2097152|20|0|48842.0|trapezoid,2642355.709052,3.078748e+06,3101770.16781016,3.12906e+06
3a499fe5-d7f0-41a2-ab43-954b75443344,BUTTER-E|4194304|9|0|3848.0|wide_first_8x,263059.99855599995,257424.73,247289.16874287857,258087.95
3a4beaac-b580-4b32-8d6b-8289bcd7075f,BUTTER-E|131072|8|0|3188.0|trapezoid,90294.16217599977,80246.47,94951.19910726135,86369.516
3a6b844c-565a-4a05-aaef-d21e5e202787,BUTTER-E|8388608|9|0|70000.0|rectangle,4784267.138727,4.58159e+06,4946571.304216436,4.849555e+06
3a6fa4c3-d83c-4bf6-9004-a293f539c0f9,BUTTER-E|8192|4|0|20640.0|wide_first_16x,240292.7508209998,247890.6,243426.75330957008,167200.61
3a811712-97f3-4cf9-9ba3-6e35b46cd4b3,BUTTER-E|131072|3|0|70000.0|wide_first_16x,1103062.4425729995,808365.5,834225.167095097,813908.0
3a8b9c4f-0b15-409d-8d9b-6d066809f377,BUTTER-E|16777216|20|0|6435.0|wide_first_4x,1047808.434865,1.0997738e+06,1103074.7384457702,1.010092e+06
3a93a369-d606-44f3-8310-48285c7ec723,BUTTER-E|1048576|3|0|20640.0|exponential,459691.2871779999,516473.56,417083.89710405056,414699.28
3a9662e4-6984-4c6b-8590-5e4af16814aa,BUTTER-E|8388608|8|0|15000.0|wide_first_4x,1031707.58762,1.1524101e+06,1069077.4701324445,1.0498388e+06
3a9b40fa-7d8b-4daf-9b99-4d10f6fbfc91,BUTTER-E|16777216|14|0|12958.0|wide_first_4x,1685853.4663649998,1.8960432e+06,1950300.3372347418,1.8233652e+06
3aa17846-eea8-402c-9083-99846f918fe1,BUTTER-E|8388608|3|0|3848.0|wide_first_8x,342235.88795599993,264934.53,317752.04703266494,257717.05
3aa50ffe-e8cb-4eb3-908c-2a9df986ad78,BUTTER-E|256|9|0|5300.0|exponential,59890.35247699968,74253.66,73497.96310104051,69075.25
3aacc7bc-c2f8-4d2e-a5f9-da4641d6a08a,BUTTER-E|524288|12|0|20640.0|wide_first_16x,846321.1550899999,837087.3,845389.4501580102,776952.75
3aae1a35-d957-40a8-b891-2c9bbc8044d9,BUTTER-E|2048|14|0|20640.0|rectangle_residual,192384.62447299992,275991.4,240287.90169018766,323294.56
3ab16111-6e36-4c14-8d44-66ecee8eef5d,BUTTER-E|8388608|3|0|20640.0|wide_first_8x,1366861.71235,1.3130149e+06,1246099.681237556,1.1976006e+06
3abb00f1-3643-4ff9-8009-6c45c8e4fb78,BUTTER-E|64|4|0|3848.0|trapezoid,36366.76233099972,34499.383,35898.441310841474,37281.93
3adbd07b-8272-46ba-9e9c-4ff6b89d8054,BUTTER-E|65536|8|0|3848.0|rectangle,69870.28999799995,65533.504,64667.21884949884,66912.66
3ae3ea83-65d4-463a-b388-90886725e500,BUTTER-E|4096|18|0|70000.0|rectangle,1119150.1560389998,1.070931e+06,1204970.6055988204,1.1199536e+06
3afe1a1e-df7f-42ed-9d36-7c3065885fca,BUTTER-E|524288|6|0|3848.0|rectangle,77803.13541399986,80336.75,90206.27398793427,83677.375
3b01a2e0-6e55-440f-8fd6-6206229da9ad,BUTTER-E|8192|14|0|15000.0|wide_first_4x,222706.1935399997,208405.7,207980.35024997446,253586.52
3b01bc20-7624-49e1-bb39-2b6a1db003c9,BUTTER-E|8192|7|0|20640.0|wide_first_4x,259630.3118439997,296091.97,283573.94803671236,240184.73
3b28d924-d329-4506-a14a-b4d7b62181b4,BUTTER-E|1048576|10|0|4898.0|wide_first_16x,179512.97861599992,196383.17,203541.06295554727,212614.67
3b41aaaa-9a38-4d3c-9f76-1a52a5768903,BUTTER-E|512|8|0|6435.0|rectangle_residual,84936.70324299997,98681.64,107314.93026657565,91286.15
3b478377-7249-40b9-b811-79c697bbfb28,BUTTER-E|65536|6|0|4898.0|exponential,91693.59534599975,96423.24,97557.76979814838,80725.37
3b57c50f-a27b-403b-b6b1-b937e8996ca1,BUTTER-E|262144|2|0|5300.0|rectangle,278626.5728759999,174133.8,175770.550853382,321418.97
3b5b9a05-2645-4edd-9d19-4c2933d0bcb8,BUTTER-E|524288|10|0|70000.0|exponential,1601387.666316,1.8894169e+06,1891882.7539059585,1.8016154e+06
3b93ae5b-5d7e-4a5b-b373-ec8d57636115,BUTTER-E|524288|18|0|48842.0|wide_first_4x,1928510.041926,2.3788995e+06,2722521.882390146,2.5884498e+06
3b994379-e228-4698-ad84-c31f80ae7c31,BUTTER-E|262144|10|0|15000.0|trapezoid,403105.23693599977,472709.94,533107.0626604754,489459.47
3ba0a865-2b33-4466-8a15-a109b861bb2d,BUTTER-E|8388608|16|0|67557.0|exponential,5299466.925942,5.46163e+06,5685815.561837745,5.693263e+06
3baa0ede-3b51-4ab8-8747-ec77e039bdc2,BUTTER-E|2048|2|0|105908.0|rectangle,789080.3180359999,890615.25,877192.6392350214,913737.6
3bac8ac8-0569-481c-b873-326b2622766c,BUTTER-E|8388608|16|0|12958.0|rectangle_residual,1090735.050518,1.2588004e+06,1181532.5331421217,1.2229122e+06
3bb261b1-1e0a-4175-8059-c7b05e71d026,BUTTER-E|512|3|0|67557.0|wide_first_4x,528415.77798,565118.75,584990.0791500743,636096.9
3bc097bd-c8be-4198-a5d5-de70f0566c4c,BUTTER-E|8192|16|0|15000.0|wide_first_8x,233647.609914,229691.94,248807.0122118984,261479.1
3bd4d6ee-2c19-4cc6-aeab-1ba2fcff96e2,BUTTER-E|65536|16|0|3848.0|wide_first_16x,173340.81032699987,162680.08,160005.12676749652,66133.98
3bd50066-08a0-4682-b588-492fe9e26429,BUTTER-E|512|4|0|4898.0|wide_first_8x,56217.1445119998,56479.75,54944.492504457296,57010.15
3bdcbc09-63ab-428d-b73c-d28df53aa5c3,BUTTER-E|524288|10|0|5300.0|wide_first_2x,147821.19331199976,178263.12,180438.45463465076,197793.05
3bf23cf2-14d4-4f17-ad35-c6270f51efb4,BUTTER-E|1024|6|0|3848.0|trapezoid,40475.21045799984,40334.188,42192.344129779885,44454.58
3c03e370-4de0-422c-9747-01c37ca5d043,BUTTER-E|1048576|12|0|3188.0|wide_first_8x,117464.99827199978,161762.98,139730.42779688543,154045.56
3c0801d8-da5d-48e9-9acb-327db1c82efb,BUTTER-E|16384|6|0|67557.0|rectangle,563254.8061799998,654499.3,677083.2942929057,579774.5
3c38b81b-a710-496a-baa9-200ddfc61062,BUTTER-E|16777216|9|0|20640.0|wide_first_16x,2426968.119925,2.7795262e+06,2910075.3126414074,2.5548702e+06
3c3c56b4-71a0-400f-82e3-c6026d6a5f1f,BUTTER-E|8388608|10|0|6435.0|wide_first_2x,678102.2051929999,554829.8,559966.7567554109,568632.2
3c594359-2803-4753-89de-5cf59f24a88a,BUTTER-E|32768|8|0|6435.0|wide_first_8x,128644.54405899985,147780.64,162828.27383557954,128182.74
3c59b01d-8ceb-4d2c-8380-5cfbdd9cf388,BUTTER-E|1024|16|0|20640.0|wide_first_4x,404997.3228240001,335364.97,331171.49827310676,294526.1
3c769a1a-d755-4bd4-a33e-8b702840e134,BUTTER-E|8192|18|0|105908.0|wide_first_4x,2286140.369572,1.4587045e+06,1517046.8459390015,1.7075158e+06
3c7ae310-5093-4dd3-a7f7-dc2d185c11e9,BUTTER-E|512|4|0|20640.0|wide_first_4x,243064.133118,184898.42,196049.22437693898,188147.38
3c81dd97-62f1-4b1f-9ae4-23baa2170025,BUTTER-E|64|14|0|5300.0|wide_first_8x,50127.83390499985,61586.984,57231.06712029091,73921.71
3c92409f-260b-4b3b-9ed7-20dc01be3d7d,BUTTER-E|16777216|3|0|67557.0|wide_first_4x,6926483.181117,6.3299005e+06,6404596.94616432,6.2905855e+06
3cae75fa-f538-4d99-8d30-fb348a7f4c72,BUTTER-E|32768|5|0|4898.0|trapezoid,87483.3517919998,70591.45,63843.88103209952,70580.08
3cdf443f-5009-4f11-8486-9984b04c702a,BUTTER-E|4194304|3|0|15000.0|wide_first_16x,694789.7412259998,599974.8,612972.198833729,617336.94
3cf1c2a8-ad8b-4c1a-b09f-bcaa788cca9d,BUTTER-E|524288|12|0|6435.0|trapezoid,281100.5293709999,261863.9,279316.13323490456,269264.78
3d037e2b-9959-4e88-bede-f07b3743aa1f,BUTTER-E|65536|9|0|4898.0|rectangle,81484.72679199997,86797.414,85722.372294185,89279.73
3d03e287-48ae-4b9c-bc92-d51ba47a01ed,BUTTER-E|1024|8|0|3848.0|trapezoid,49777.31744599968,55555.492,54928.543326528285,59469.55
3d091b68-89b3-4f6c-b86d-7699dd7c63bb,BUTTER-E|1024|18|0|3848.0|rectangle,65816.9594479998,76007.016,83830.56580813894,66257.2
3d198688-cbd7-42d6-a72b-62d30b52664d,BUTTER-E|131072|4|0|67557.0|wide_first_8x,1028971.1123669998,971345.0,1035972.7089802456,1.0707135e+06
3d35d52f-eea1-43e6-abe1-225fa220738e,BUTTER-E|65536|20|0|12958.0|rectangle,713664.2222179999,566980.06,616752.0120037727,487388.53
3d365d3f-f23b-4914-89cc-c5895b676b74,BUTTER-E|16384|16|0|15000.0|wide_first_4x,244872.98630899988,312318.8,234162.4156863958,326761.88
3d38f618-07e8-4027-bfba-6ee2f3c1d1fd,BUTTER-E|256|3|0|67557.0|wide_first_2x,567814.9936109997,592915.3,601035.6038747181,679714.75
3d40c4cb-ce97-402a-8e19-c57aeb6e2a96,BUTTER-E|2097152|2|0|105908.0|rectangle,2464389.006383,3.3322078e+06,4134981.5294629578,2.8997585e+06
3d49d614-2d72-41c2-8c51-dafb00ea95d2,BUTTER-E|8192|5|0|105908.0|wide_first_16x,1338253.412865,1.1753512e+06,1107374.4975108244,978036.7
3d55e75c-ecfc-477f-8499-87bbee869b0b,BUTTER-E|65536|18|0|3848.0|trapezoid,218875.5876429997,199143.89,181735.09884015023,145050.45
3d7e53f7-0749-4132-af4c-448fef34eb3c,BUTTER-E|8192|8|0|70000.0|trapezoid,1054598.1005940002,998492.56,991173.4688024223,953298.1
3d946ae8-971e-4de0-9407-26dcc7666d02,BUTTER-E|131072|12|0|105908.0|rectangle_residual,3411753.6732560005,3.6488482e+06,3424669.719467216,3.7371705e+06
3d9ac6c2-9da8-4aed-a273-3fc11c803cd7,BUTTER-E|128|9|0|15000.0|wide_first_4x,188952.9206149998,182044.67,155890.02071646595,212879.45
3d9bc4c9-b689-4164-b9df-e2c979b586e6,BUTTER-E|65536|6|0|6435.0|wide_first_4x,139557.19399799977,127988.39,127086.96192125014,130921.27
3daa0a6e-d74b-4be1-bb76-9de79e24bd1c,BUTTER-E|262144|14|0|15000.0|rectangle_residual,675926.5824559998,686711.9,634877.258387607,631765.2
3dc96806-4f39-40d3-9e9a-a7198e4c17ee,BUTTER-E|512|9|0|3188.0|wide_first_2x,48819.90787499988,49076.55,44174.00506646518,48629.24
3dd63dfe-6291-41dc-be3b-8557f5680101,BUTTER-E|8192|7|0|70000.0|trapezoid,1066262.912787,922232.1,903579.3220725594,898709.6
3dee6bc2-b16d-4e5b-b856-e4986e6d4999,BUTTER-E|128|4|0|67557.0|rectangle_residual,529793.976371,583785.3,547014.1489258334,695106.8
3df62465-3db0-4830-8c19-221799a4f1c1,BUTTER-E|512|6|0|12958.0|wide_first_2x,146571.41086999993,189033.34,375767.6763094201,214061.86
3e0ae1eb-09cc-4393-8baa-a1f558f936c7,BUTTER-E|2097152|10|0|12958.0|wide_first_8x,518376.2459519998,551587.8,556086.0050064189,603501.2
3e11979c-79e4-4cd8-a145-cd6ccb82d1a7,BUTTER-E|8192|16|0|48842.0|wide_first_16x,737589.4917539997,790770.1,834701.210416027,602688.5
3e1473c8-630e-45ef-8b63-b22589a15180,BUTTER-E|65536|6|0|15000.0|trapezoid,159273.84321399996,217052.67,209557.5121137729,220443.23
3e297c7d-f881-460d-9662-899450c845cc,BUTTER-E|64|6|0|4898.0|wide_first_4x,57831.92486699976,54994.812,51185.79845113151,67298.44
3e2ceb7c-8563-4b16-86be-a11b2cd5ae3e,BUTTER-E|4194304|4|0|15000.0|wide_first_4x,615664.468004,658309.1,604766.9313085853,625558.75
3e2de6a9-21b1-4e2c-84b9-8f3ddd374ca9,BUTTER-E|4096|4|0|105908.0|exponential,1003494.686455,1.0658488e+06,1017086.4195916756,1.1361266e+06
3e456d18-d101-40af-8b40-5ab9e7a6d116,BUTTER-E|128|6|0|20640.0|trapezoid,158130.25554899988,178788.53,205505.20586176138,196323.06
3e500931-744c-4300-ad95-4844fc00c485,BUTTER-E|65536|18|0|3188.0|exponential,109785.94800299963,104494.375,112699.93056012034,83508.125
3e5c6585-bb0b-46e4-92fe-5ec948478ea2,BUTTER-E|16384|16|0|15000.0|wide_first_8x,260472.6069239999,293733.97,246118.5010080362,298849.4
3e603e61-43a5-4d8a-ac1e-374f6c84f6b1,BUTTER-E|32|7|0|4898.0|wide_first_16x,45370.08935899992,46346.613,50284.09252352697,52396.21
3e72e1c4-3a28-46c5-a8f2-4d1ed879b275,BUTTER-E|2097152|14|0|15000.0|trapezoid,689052.6853980001,811073.6,727651.6750319097,856154.06
3e8d0511-3948-44ac-853e-e5bad8d7a9b7,BUTTER-E|8192|16|0|20640.0|wide_first_2x,224107.2452119997,311376.94,305364.6775269155,350175.44
3e9bbac4-a1bc-4171-a7cd-a83407e09bb9,BUTTER-E|1048576|3|0|3848.0|wide_first_8x,84438.25557099984,100855.484,114474.05409716225,102412.29
3ea06a1c-6611-4d88-b206-d6b13c38e9f3,BUTTER-E|32768|6|0|20640.0|rectangle,219049.28297599973,233393.64,235924.6432217032,214305.33
3eadc457-1bfa-411e-b467-50ee6ff19d71,BUTTER-E|1048576|4|0|6435.0|rectangle_residual,155509.54511999976,166154.52,151335.6604561059,155496.03
3edf9df0-c867-47db-b4b0-b724b9fbca09,BUTTER-E|262144|16|0|5300.0|wide_first_16x,364661.96729599976,238588.25,231352.95897775906,232500.34
3efe36d0-ac78-4f06-a26a-53a9a330bc49,BUTTER-E|4096|9|0|5300.0|wide_first_8x,67123.47921399972,75946.945,72680.2265427476,71305.49
3f018422-a67e-4775-8bfe-6ddf8b29ca8d,BUTTER-E|16384|12|0|70000.0|wide_first_16x,795134.697993,785579.1,898108.0735320243,812423.75
3f2896b6-3c0c-4f58-a754-5635ed264ba9,BUTTER-E|2097152|18|0|105908.0|wide_first_2x,5484993.187838999,6.43444e+06,6179654.049100449,6.734148e+06
3f40f524-880b-4b8c-acde-0a6c7dc7562c,BUTTER-E|4096|2|0|105908.0|rectangle,809450.1130439999,884065.4,874113.3249988223,918278.44
3f52c17d-3e92-4a73-a9b0-c6db6ae5a799,BUTTER-E|4194304|4|0|3848.0|wide_first_16x,156290.47287799968,183962.53,162104.48807058576,177986.56
3f5d47d1-99ec-4fcd-9e3f-ed4edbd26ff4,BUTTER-E|4096|18|0|70000.0|wide_first_4x,841859.0225879998,1.09581e+06,1181511.184014982,1.1219451e+06
3f6e6bea-6af4-4518-8af9-9a636c180e7f,BUTTER-E|32768|14|0|15000.0|rectangle,494134.0548039997,457326.7,516158.9038119823,299479.1
3f7f3508-2568-408a-a010-e629b9e299a4,BUTTER-E|32768|3|0|3848.0|wide_first_2x,53954.85786699996,62889.086,65164.45990056942,64215.59
3fab9995-a94e-4d56-934d-1e28918364fa,BUTTER-E|8388608|12|0|6435.0|rectangle_residual,581310.1135089997,638516.44,585487.8420228363,590206.25
3fbe9601-68ab-4142-a1b6-ad7577ef68d6,BUTTER-E|32768|14|0|67557.0|wide_first_4x,1918435.66747,1.7024085e+06,1612461.2146401186,1.3428196e+06
3fc90246-6ac1-471f-b6ce-21baf5e2fb11,BUTTER-E|262144|12|0|70000.0|wide_first_2x,2690762.593824,2.2473425e+06,2246673.126064013,2.1821058e+06
3fe98716-3ae7-4b04-ae08-f3803aaf906e,BUTTER-E|64|9|0|4898.0|wide_first_2x,62751.48813499968,63323.61,61988.37920921632,69729.72
3ff104fa-0cba-41fd-8e13-023699eaf403,BUTTER-E|512|8|0|4898.0|trapezoid,88774.33163299992,72769.33,70191.08749133596,77717.45
401c114d-f842-4ac1-a3fe-530a2d23f2f0,BUTTER-E|131072|12|0|6435.0|trapezoid,235374.50610599972,217657.12,233746.59909213544,214225.03
40232b2c-7b6b-4b79-b271-22fb714b440f,BUTTER-E|2097152|2|0|6435.0|rectangle,284471.76741599984,327881.6,448028.11086600716,359513.6
40253741-e352-495e-bf82-4053e3b73f07,BUTTER-E|16384|7|0|67557.0|wide_first_16x,873281.646063,810656.06,837039.4345797953,667231.9
402d07f0-0c33-43f8-81fc-0cc5db861dbd,BUTTER-E|1048576|4|0|67557.0|rectangle_residual,1426587.0539420005,1.3949925e+06,1344302.361516479,1.4867756e+06
40478e8b-2556-4fc5-944c-2b859382ea26,BUTTER-E|8192|3|0|3848.0|trapezoid,36177.99825199968,38347.184,44074.916550100825,34928.67
40659d6b-b4e1-40f3-a6a8-d2b9aa9428b2,BUTTER-E|2048|4|0|48842.0|wide_first_8x,392865.232068,472994.03,484921.95813901303,488739.75
406a840a-aa22-4821-b62d-dfb62d34e082,BUTTER-E|4096|8|0|15000.0|rectangle,118726.20607999968,123919.56,127942.04050942525,147756.25
4074fe92-80c8-4603-9de0-4cedd39bc462,BUTTER-E|2048|18|0|67557.0|rectangle_residual,1567728.343344,1.2829952e+06,1244980.9119301669,1.1747215e+06
4084a401-1fba-4b9c-a450-da3fb22d316f,BUTTER-E|32|8|0|4898.0|wide_first_16x,51155.389728,48472.965,51386.72558404868,53730.06
40852c8b-0277-4ddb-beb0-ee7fcbfc7915,BUTTER-E|1048576|18|0|105908.0|rectangle,5201296.432194,5.586208e+06,5039236.961207904,5.627246e+06
40950d93-c9d3-4f36-8a2e-2fe9ae775965,BUTTER-E|32768|5|0|3848.0|rectangle_residual,76426.01396099964,82408.04,82988.1654757306,58499.38
4099a0e7-9fc8-49b2-9b3d-89060d2b6dd6,BUTTER-E|64|2|0|4898.0|rectangle,48558.41226599976,47144.773,44363.399050842694,54667.363
40a4c15f-7885-43dd-88d0-7ea412e11a05,BUTTER-E|16384|12|0|67557.0|rectangle_residual,3604039.276479,1.2745816e+06,1083266.008650945,960291.25
40aa5f27-9f32-44ce-9b7d-2b48a271f5a4,BUTTER-E|8192|8|0|3848.0|rectangle,56180.9142919998,47202.766,47062.816499945504,45460.836
40bf627c-1e28-4a25-8c81-0f71207ed6bc,BUTTER-E|16777216|20|0|12958.0|trapezoid,1856055.763056,2.20311e+06,2054656.0309247617,2.2637895e+06
40efc35b-3ebc-44cf-bffc-8f0c65b4e4de,BUTTER-E|64|8|0|6435.0|wide_first_16x,66611.78063499996,70890.46,70329.1471431957,75981.28
4101c1ca-9ba8-4c51-ae1a-b66ef1445549,BUTTER-E|262144|12|0|48842.0|wide_first_16x,1435595.299246,1.6912848e+06,1770842.7886142035,1.6570214e+06
410cffb0-0bca-4a53-8abc-24329cae7e09,BUTTER-E|8192|16|0|12958.0|rectangle,140091.0943239997,176473.67,162595.6870192905,205733.47
41262f6c-d549-49c1-bb17-ecc13d114009,BUTTER-E|2048|12|0|3848.0|rectangle_residual,50676.23365299971,56647.95,52939.03394689046,62936.062
412d7789-b4db-4a40-8664-45b584d810be,BUTTER-E|262144|9|0|4898.0|rectangle_residual,173151.7835249999,161758.66,155060.8636293251,155463.4
414229de-a371-40aa-b7c1-bdf37577d49a,BUTTER-E|1048576|3|0|105908.0|wide_first_16x,1777838.262009,1.9056492e+06,1939585.7576639904,1.9088796e+06
414a19cd-3b25-4e1a-bdb1-04e73f0249f9,BUTTER-E|32768|16|0|70000.0|rectangle,1003323.7796739996,1.4144249e+06,998666.6435506394,1.1344462e+06
415ee9d8-517f-4170-bc83-b59287879abe,BUTTER-E|2048|3|0|3188.0|wide_first_16x,37133.16524999964,40039.883,39644.26527149517,34887.125
4170d4c1-3ced-47b1-a449-85118d7d2fb8,BUTTER-E|4096|20|0|20640.0|wide_first_8x,396149.9212459998,363570.4,314554.44797219976,373908.47
417e498b-fb2e-4cc0-b46b-665d7eb848d1,BUTTER-E|131072|6|0|4898.0|rectangle,76721.90071699981,78722.12,73535.57409831666,72986.805
418652db-9aaf-47e5-9c59-698e32bd100e,BUTTER-E|4096|18|0|105908.0|rectangle,1385430.4731149997,1.5129221e+06,1611972.7427581758,1.8467385e+06
41916aad-337c-477b-837d-78590287a99b,BUTTER-E|4096|3|0|3188.0|wide_first_4x,48300.44402999988,43016.695,45493.176268574396,37472.32
41936185-1584-42ee-aabb-b9b4f29135ce,BUTTER-E|524288|16|0|3848.0|rectangle_residual,258831.146785,257202.17,261120.4384999062,241592.05
419bfafa-4f74-4e89-9299-8a1fffab6de2,BUTTER-E|4096|3|0|67557.0|wide_first_4x,585752.0614559996,680411.3,639481.6999506645,641911.75
41ad1ba0-deae-4653-bb4a-fafcf2b8af24,BUTTER-E|131072|16|0|15000.0|exponential,485725.397184,509577.06,495015.76783288806,514189.78
41b4c9df-3a24-41ba-bc6f-c4617463fd8f,BUTTER-E|512|20|0|6435.0|wide_first_4x,111005.02544399964,107492.64,107848.49461869635,111547.664
41c01aa4-ec54-467c-807a-a823a72978d3,BUTTER-E|4096|9|0|105908.0|wide_first_2x,1126997.0474759997,1.3218675e+06,1216252.728208538,1.4358565e+06
41c2715b-1365-445d-bae9-89b16723f70d,BUTTER-E|4194304|16|0|5300.0|wide_first_4x,388122.0700779997,439402.16,408030.4608527367,396528.9
41ca475b-d264-4515-a408-73daa9769393,BUTTER-E|16777216|2|0|15000.0|rectangle,4511524.605569001,4.650669e+06,4613702.76480957,2.1809572e+06
41cf8a14-01cd-4f89-b8bd-1aa72513703f,BUTTER-E|64|5|0|5300.0|wide_first_16x,54947.18156799996,51835.37,53023.22991607856,52365.24
41d229e7-3ec3-43ba-88ef-9059978c025a,BUTTER-E|8388608|12|0|3188.0|wide_first_2x,310259.93267999985,269414.78,317248.1756631823,284929.47
41d94c57-d44c-4157-a267-a510fad3ede3,BUTTER-E|2097152|7|0|15000.0|trapezoid,464530.7453559999,469543.28,507905.7915207021,482185.06
41db7dc4-9870-48b1-9fe3-3786947fa181,BUTTER-E|32768|8|0|3848.0|trapezoid,109867.53978999972,103090.88,113373.62393360859,80116.93
420425a1-df73-4f3b-9cf6-ec6a7649cffb,BUTTER-E|16384|14|0|67557.0|wide_first_16x,956004.588886,968951.44,939255.8097847287,808220.56
420529e6-27d2-4b9f-a45f-6264f852c1e2,BUTTER-E|16384|18|0|3848.0|wide_first_8x,73669.0138489998,91710.32,78985.40455790835,84017.22
421faf66-c576-46f0-85c2-edbf31a55a84,BUTTER-E|512|3|0|67557.0|wide_first_8x,488826.7719409997,564835.3,611855.3238063037,662734.3
4224001d-ce41-40a7-bd2d-b0e955edff29,BUTTER-E|1048576|6|0|48842.0|rectangle,825903.2697,953519.06,1146328.3356989487,933540.2
422bdaf6-17b3-44c4-bedf-f675fceb286d,BUTTER-E|32|4|0|3848.0|wide_first_2x,53576.76258599976,44871.24,43232.02208184206,51590.805
42307e37-02b1-477e-8fe9-17937dc4b17b,BUTTER-E|8388608|8|0|3188.0|trapezoid,271279.4736179999,249403.47,240089.9140560738,252539.34
424cfdd7-3fce-4e03-838f-6b9342f67bc0,BUTTER-E|1024|5|0|105908.0|wide_first_16x,996711.540763,872621.5,898706.2754085319,963413.7
426d27bc-83f9-405a-af65-9e9cc23c3e48,BUTTER-E|262144|18|0|6435.0|wide_first_16x,273977.6003569998,304478.78,289190.6220313811,296447.12
427a7ea4-05c6-4e5b-a93d-96e0e7f630f6,BUTTER-E|16777216|4|0|105908.0|wide_first_16x,9417076.495247,1.0163249e+07,9953271.388103766,1.0659671e+07
42a0b0de-2cab-443e-83c2-0c7af06c69ce,BUTTER-E|131072|7|0|48842.0|rectangle_residual,960540.247211,1.1217504e+06,1018398.6226888332,1.1473711e+06
42abf529-a43b-444e-8e4e-f4442af0dca4,BUTTER-E|8388608|20|0|20640.0|trapezoid,2235139.5132680004,2.1893992e+06,2115082.6690480975,2.1311405e+06
42ad5d78-211f-4242-a968-ff4c6326df40,BUTTER-E|2097152|2|0|12958.0|rectangle,848004.380915,836562.2,564684.5591586503,1.0198732e+06
42b43030-de13-4dcd-b027-3ae46a51bb5f,BUTTER-E|16777216|3|0|3848.0|wide_first_4x,386096.072611,387275.72,392922.4229297209,385200.1
42d35816-b715-4345-a79f-76f62cc80c5f,BUTTER-E|1024|6|0|20640.0|wide_first_8x,186650.8257919997,203860.45,182478.49437120304,246204.14
42e760e8-e228-40bd-9be2-c0cded1f1173,BUTTER-E|1048576|3|0|3848.0|wide_first_16x,88430.72448099997,99704.72,120862.6260769944,91834.08
42f15a4b-acbf-4a4e-a39f-f781c50a1e69,BUTTER-E|16777216|12|0|3188.0|wide_first_2x,596533.975484,420405.12,434844.58958171605,466079.44
4304db46-9dec-415d-8cda-b20b9c5a3ea2,BUTTER-E|4194304|10|0|3848.0|wide_first_16x,274396.5057599996,262183.25,370004.13163414906,274776.5
43399376-3565-46dc-850b-c4e7d1d2adbc,BUTTER-E|4194304|20|0|3848.0|rectangle,460560.1063889999,383784.3,349833.8627081261,347603.12
433ac983-903b-439d-b341-c9fa70c38922,BUTTER-E|4194304|18|0|105908.0|wide_first_16x,7442712.097894998,7.9133795e+06,7811568.334412197,8.402014e+06
434030e3-a435-4904-bc2a-c0ab2c40e934,BUTTER-E|32768|12|0|4898.0|wide_first_2x,135085.48605,192359.34,192616.20888938094,103619.016
434d8a1d-1045-47ab-99c6-86a5ee7474ac,BUTTER-E|64|12|0|4898.0|wide_first_4x,60748.97568599988,62704.27,58343.111172970974,79955.73
4369303b-0d9f-4815-b4e7-23263af8cf59,BUTTER-E|256|12|0|15000.0|rectangle_residual,247925.77837999992,259606.86,236714.98117791332,242705.61
43693f11-e984-443d-b9d8-749d58918361,BUTTER-E|128|10|0|20640.0|wide_first_4x,210832.9235159997,234031.1,229391.22160002944,239428.66
43782798-a10d-444a-a807-8bae588349b4,BUTTER-E|16777216|20|0|5300.0|exponential,691130.6084599999,811187.3,809193.4891977942,763513.0
438fb95e-af7b-491a-a271-3fb199548e7a,BUTTER-E|32768|5|0|15000.0|wide_first_2x,244143.3236499997,250290.33,259141.850939374,204637.45
439a7f93-3234-4fd5-9493-52ef3a503d8d,BUTTER-E|8192|14|0|12958.0|wide_first_4x,195352.73530899984,193183.69,197828.1747625897,203678.95
43a0caab-3fbb-4f40-9e2b-bf99d3405ad5,BUTTER-E|256|7|0|12958.0|exponential,172747.23232,166709.4,173474.2650121839,166374.92
43a18960-738c-4e77-9028-d2b989e1d98f,BUTTER-E|1024|16|0|20640.0|rectangle_residual,468391.7013769998,325160.62,391265.0665920496,333523.03
43aa98d5-2002-4ff5-bf95-9b878e81574d,BUTTER-E|4194304|16|0|67557.0|trapezoid,4562543.7105,4.566362e+06,4544536.334488203,4.596299e+06
43da9af9-e00a-4434-b505-eb86a0caaee8,BUTTER-E|8192|16|0|70000.0|trapezoid,1641619.0248289998,1.293127e+06,1224378.374428803,1.2166319e+06
43e70ef5-a3f7-43c5-bd06-8fb5b93a7f7e,BUTTER-E|1048576|14|0|5300.0|trapezoid,263349.2444779998,250473.23,287491.52750882524,236753.66
43ee6fb7-3612-4c40-8b2b-ae87dd62ba1b,BUTTER-E|262144|10|0|5300.0|rectangle_residual,157634.60403799982,183056.16,194498.1517237309,176533.77
43ff9a74-f62a-4e46-bf12-68df92342bcc,BUTTER-E|16777216|14|0|6435.0|exponential,793703.418138,878227.7,932222.7171709507,857993.1
440adc82-20b5-4ed5-8e17-877df351f8c2,BUTTER-E|8388608|6|0|15000.0|exponential,917543.1716549996,966455.06,988581.8121929514,1.0560112e+06
44289d04-a3f5-4d9d-a6e2-a75c0d6e29ef,BUTTER-E|512|3|0|12958.0|trapezoid,83765.09691599976,92227.805,93062.57034951219,104449.74
44324c29-d726-4ef0-b11f-dc150d18342a,BUTTER-E|32|12|0|3848.0|wide_first_8x,50912.18180399988,44387.6,44314.86493049133,58440.94
4441cf68-0358-4d38-9ad7-5f787b73ceef,BUTTER-E|65536|14|0|3848.0|wide_first_4x,197420.09689699992,154530.25,155405.6430348853,165671.61
4442984e-f0a2-42c7-8143-dd06350f9b6c,BUTTER-E|16777216|2|0|3188.0|rectangle,284063.6480509998,985481.0,3048251.6868840856,515323.28
445ecadc-b513-4159-936e-7faf5891a40b,BUTTER-E|16777216|16|0|12958.0|trapezoid,1659270.667751,1.9752769e+06,1947291.7700146115,1.9499512e+06
44631d3f-e21a-411c-b78c-b51927ab8648,BUTTER-E|8388608|20|0|6435.0|exponential,809984.131596,643320.06,689963.5735199021,645979.0
44762edb-5a92-4567-a989-b8e6ce644fbb,BUTTER-E|16384|3|0|5300.0|wide_first_2x,71511.10318299997,78970.86,75448.64559192883,63557.453
447dee60-5fba-4b69-a4e1-666fc01ee5ed,BUTTER-E|131072|18|0|20640.0|rectangle,1105639.497014,816848.2,829692.2669563093,936643.56
449a7ba0-50ed-414d-9a2b-34e685574dd2,BUTTER-E|16384|16|0|105908.0|exponential,1927085.453553,2.1013242e+06,2489402.8019060977,2.0004601e+06
44aadb59-d5f0-4fbd-ba9d-4944e35f08fa,BUTTER-E|16777216|2|0|3188.0|rectangle,308322.2355289999,985481.0,3048251.6868840856,515323.28
44accb5c-fb0e-4d4d-a9aa-73b07d18d7b8,BUTTER-E|512|4|0|20640.0|trapezoid,132289.67924799983,147549.12,122169.37487880961,155569.9
44adce40-d855-44d6-9763-d993df431448,BUTTER-E|524288|14|0|6435.0|wide_first_8x,239103.1989599997,313116.28,305102.2216936161,312423.97
44adf9d5-2559-4b6a-9d0a-c133661da88c,BUTTER-E|524288|20|0|105908.0|rectangle,5067368.485822,5.2756515e+06,4896081.702421151,5.453214e+06
44b2f2da-d5ec-4fbd-820a-1a314b87a2c3,BUTTER-E|524288|10|0|70000.0|wide_first_16x,2030294.8805009995,1.8286225e+06,1701837.2630507993,1.4886925e+06
44c58344-d829-41c1-a7e8-006775da29eb,BUTTER-E|262144|4|0|5300.0|trapezoid,68110.40846599992,79686.09,72945.26100174426,70969.336
44cddcc5-6634-4bae-961d-63f51234de58,BUTTER-E|4194304|2|0|67557.0|rectangle,2551948.930444,2.5171132e+06,2060618.8657236646,2.4541845e+06
44e77f0c-325c-4b20-a32b-662666cf7706,BUTTER-E|16777216|8|0|70000.0|wide_first_2x,8038114.980323999,7.743266e+06,7364918.407282599,7.6652745e+06
44e7e0cd-93b1-4f34-b517-815064ca73aa,BUTTER-E|128|2|0|105908.0|rectangle,905894.91408,833724.4,875773.46571451,909500.25
44ee9201-fdb2-4de5-abf8-1aceb410f803,BUTTER-E|2048|9|0|70000.0|wide_first_2x,1095433.5264939996,884916.5,940036.7574676007,966082.8
4502cd81-e191-4907-8e1c-304143ee3b38,BUTTER-E|262144|6|0|67557.0|wide_first_2x,1261310.0139839998,1.352767e+06,1298013.2047458142,1.3170594e+06
450340e1-1299-4ba7-96bf-d418ad61c11a,BUTTER-E|2097152|9|0|70000.0|rectangle_residual,2832984.539821,2.920362e+06,2800798.004723145,2.942349e+06
45056262-fcf8-4c52-b2e0-eccc0e2c47d2,BUTTER-E|2048|2|0|105908.0|rectangle,792440.0311709997,890615.25,877192.6392350214,913737.6
4505b98d-967a-42c6-9849-a497b88efb48,BUTTER-E|65536|9|0|5300.0|exponential,96896.23293499992,116265.25,111802.2895145096,98783.516
4517212d-2de8-45a8-b413-2ae8632e2200,BUTTER-E|1024|3|0|4898.0|trapezoid,39238.55690399964,40662.91,40744.12257664527,48436.965
452ac80e-2e17-4e57-bfe4-a6c0aaccbbb9,BUTTER-E|1024|14|0|48842.0|wide_first_8x,588651.9952799999,639309.75,717725.8303739505,714055.1
4547ef19-3c32-4a29-aa94-a1a9b7f3c6ce,BUTTER-E|16384|7|0|12958.0|wide_first_8x,167521.10373799992,221384.56,195799.48465677063,171642.34
454cda75-d397-49a4-b5d6-2cc552d99429,BUTTER-E|32768|10|0|20640.0|wide_first_4x,491188.81681399967,580549.1,520430.528420679,331150.4
455c0183-ca82-4fa9-a983-80b0bb234098,BUTTER-E|1048576|2|0|105908.0|rectangle,1358729.929316,2.1318278e+06,1567599.4426427467,1.8246611e+06
455f48f9-810c-4b7b-898b-b147cd7a734b,BUTTER-E|65536|18|0|67557.0|wide_first_8x,2962407.836855,2.0456998e+06,2612781.3761048918,2.1321245e+06
455ff2a0-4a33-4597-98e5-dae70b34bd78,BUTTER-E|262144|7|0|105908.0|rectangle,2270484.114044,1.7234569e+06,1853157.2511852554,1.8590902e+06
45604880-bec9-44fd-8af7-420a44996cb4,BUTTER-E|32|12|0|3848.0|trapezoid,41757.02629599996,47443.316,46106.997128111536,65595.41
4583c344-5834-4800-aa89-e95ef9121146,BUTTER-E|64|3|0|12958.0|wide_first_16x,109963.42282499975,113349.05,119275.07339433512,110614.375
4584f8da-d5b9-448b-8101-14d3d8e15190,BUTTER-E|524288|6|0|70000.0|rectangle_residual,1707964.468734,1.6692166e+06,1529732.6240551395,1.6199816e+06
45926ec9-749f-490f-8580-5fe409a003a1,BUTTER-E|256|3|0|48842.0|wide_first_16x,347916.1744479999,400387.03,426147.19678468467,403415.72
4592a2f3-2926-4e9a-91d6-df286bf34d45,BUTTER-E|16384|18|0|3188.0|trapezoid,66419.48585199995,66114.05,59435.81295023882,70061.27
4612e44d-45f7-4888-adab-dde8b67a60eb,BUTTER-E|32768|20|0|48842.0|wide_first_4x,3934472.7484300006,1.9013759e+06,1707213.9445920622,1.2434849e+06
4624f084-5b19-4c19-af08-1366f82bc616,BUTTER-E|262144|3|0|3848.0|exponential,82055.55044999997,75148.8,75361.18353387914,72491.84
463c5c39-a93f-42d9-bb8a-8916eeeea3df,BUTTER-E|4096|7|0|4898.0|trapezoid,61125.46494599988,62427.824,69431.25151113069,75782.2
464aabb5-83ff-4609-943a-60677dc1390e,BUTTER-E|1024|14|0|67557.0|trapezoid,950350.808628,1.00732725e+06,1007257.3249252579,1.1280121e+06
46550ac9-f980-426a-81b3-770493f85767,BUTTER-E|32|8|0|4898.0|rectangle_residual,51047.85672999972,52836.586,52475.158496076416,71123.21
4664a359-3548-4640-b773-f84c4ed35986,BUTTER-E|16384|12|0|70000.0|exponential,849486.0367629997,977145.44,947110.2673408851,1.1075974e+06
467727bd-9149-46fa-906e-4feeeaa8bfda,BUTTER-E|16777216|5|0|67557.0|rectangle,6113230.484289999,6.2637185e+06,6981936.280493805,7.3576805e+06
46a22b55-06d0-49fb-8119-122b15a144bb,BUTTER-E|8388608|5|0|6435.0|wide_first_8x,428079.3544729998,466415.6,491877.99027546914,446190.25
46a9b937-e183-4a84-b0d1-ebfbfc24d0a6,BUTTER-E|256|7|0|4898.0|trapezoid,67554.9214759998,66744.91,65766.47843343765,73479.46
46ad8882-dadb-4e85-8754-2d3abe68bf30,BUTTER-E|262144|7|0|15000.0|rectangle_residual,408928.862335,395646.88,380729.695314201,388320.12
46bb9fe5-0196-4c3e-8788-de82c3183090,BUTTER-E|16777216|5|0|3848.0|exponential,510207.0027859997,433752.75,436351.5580951679,432353.12
46be78a2-955e-4249-96ce-0ca651ab6f64,BUTTER-E|512|4|0|6435.0|wide_first_4x,77323.64369199984,71387.555,73321.21671595871,74602.45
46d7e368-7efe-4d61-abf2-3d987a744d56,BUTTER-E|512|3|0|20640.0|trapezoid,124011.96812599969,130863.234,120619.03503717332,144009.53
46dcb9eb-76b6-4275-89ac-069763184724,BUTTER-E|512|12|0|3848.0|trapezoid,59498.297834999765,68974.27,70481.78571495345,65679.414
46e9bb34-6ecf-4c11-bff2-ea4ba05cd437,BUTTER-E|8388608|16|0|48842.0|wide_first_8x,3838398.8390099993,4.762705e+06,4414149.551270372,5.0146795e+06
46ef7752-9a9f-45a9-96ec-934f48f62d51,BUTTER-E|32768|18|0|70000.0|wide_first_8x,1638215.265462,1.0881849e+06,1194400.638856737,1.0838329e+06
472a78f7-dff5-44b5-8299-949c8b24522b,BUTTER-E|4096|16|0|67557.0|wide_first_4x,977332.785279,1.1000874e+06,1260505.3257968612,1.0334758e+06
472ec51b-d0e0-462b-8159-2e2f46229011,BUTTER-E|1048576|14|0|3848.0|rectangle_residual,254971.40049799992,257465.98,313037.9157134662,278760.97
4738c2c3-aec4-464e-8792-f2810ed64a8b,BUTTER-E|262144|18|0|48842.0|rectangle,1976112.916,2.0801375e+06,2038966.1394079619,2.3316285e+06
473b77f4-8fe2-4a55-a764-cf40b7ef0edd,BUTTER-E|65536|7|0|70000.0|exponential,1076619.320534,1.049974e+06,1073656.6529463984,951469.75
473ccf8f-1fbe-4e4d-9194-5e8cd8e1ed8e,BUTTER-E|262144|14|0|12958.0|wide_first_16x,544192.2322879997,540436.0,672041.5095320841,557253.2
474cdc9a-a4ce-4bb7-8505-b970fbccc434,BUTTER-E|65536|2|0|4898.0|rectangle,93507.35070999998,75650.42,71850.49496889247,92297.76
474e96dd-7d26-4f7b-bbda-68894c1cda97,BUTTER-E|4194304|20|0|3188.0|exponential,239781.832515,246529.33,244113.1731711646,232992.22
47714ec6-717c-4915-b415-740a88f003b7,BUTTER-E|4194304|6|0|6435.0|rectangle_residual,314088.172668,300506.75,307019.19317470293,323435.5
47838b8a-5a61-4cf5-bbd7-06e735c64f8d,BUTTER-E|16384|3|0|5300.0|wide_first_4x,78783.53126499972,70765.09,70278.51153385856,54655.79
478ceba6-cb90-4521-90d7-77016db7a4ee,BUTTER-E|2048|10|0|3188.0|rectangle_residual,56426.51919099996,51195.27,56664.22349022372,53692.41
47922955-1f24-4643-a71b-4d6f979c0160,BUTTER-E|2048|16|0|4898.0|rectangle,71467.8204439998,80557.48,68760.51601566566,73205.555
479d3e42-5cb8-4b30-bd46-91c5f3159b66,BUTTER-E|8388608|4|0|5300.0|rectangle,265452.6357809997,281090.47,287590.08920892497,568613.25
47aa5eef-5200-47dc-99ca-42eb46f67d6c,BUTTER-E|16384|4|0|5300.0|wide_first_4x,100355.6890009998,80893.76,87892.53227564954,56595.95
47c29950-54a6-4bb9-b370-2faa32a2560c,BUTTER-E|1024|6|0|5300.0|wide_first_4x,49592.63466399997,59083.555,57050.22125282908,59501.434
47db91e5-86ac-49ae-8465-43078bb51e28,BUTTER-E|2048|12|0|3848.0|exponential,60873.881378999766,63509.1,73522.99956451546,58862.973
47e47f98-674b-4905-a1b5-d491adf45182,BUTTER-E|131072|6|0|3848.0|trapezoid,86983.14194799983,86364.49,99345.4397222069,88647.9
47fb26fa-52b3-4caf-8004-131d1ca7c45d,BUTTER-E|4096|20|0|3188.0|rectangle,81551.23738499988,64499.457,76557.26994729135,59297.613
480d9add-3dc1-458c-9a61-64ce3537bf17,BUTTER-E|16777216|9|0|3848.0|wide_first_16x,567985.8768709997,542423.94,539030.9057992155,515388.66
481320da-1613-40ee-adb8-fecd92931470,BUTTER-E|65536|3|0|20640.0|trapezoid,178858.8324879998,189771.75,227553.38535757628,200965.9
482c2617-ee73-4bf1-a6bf-744a699987b5,BUTTER-E|262144|18|0|48842.0|wide_first_8x,3336992.7577479994,2.2241998e+06,2175647.6202552994,2.4780865e+06
4831aea9-59e4-462b-96e4-442b8b65546f,BUTTER-E|131072|8|0|70000.0|wide_first_8x,862359.3870419998,1.2593166e+06,1457494.7423935318,1.0491382e+06
48333ef7-c5d5-40d3-aec8-a1c507c93951,BUTTER-E|131072|14|0|4898.0|rectangle,212359.27392299983,187428.86,193961.22826956626,171049.98
485695c4-949e-4a48-ba48-ae2cf435e92b,BUTTER-E|4194304|6|0|12958.0|rectangle_residual,586621.07105,606997.94,610027.1282095452,621108.06
48621b34-3796-45a4-9a1f-ddfb1ca45d1e,BUTTER-E|4096|16|0|3848.0|wide_first_2x,46532.090251999805,58935.773,56533.652963751156,71042.06
487154a4-b123-40d1-9eac-6a826cee6e9d,BUTTER-E|2048|4|0|15000.0|wide_first_16x,180468.01103199983,172882.84,178346.66669459126,143912.88
4894a03b-c666-4287-99c6-59b8a2ad00a7,BUTTER-E|1024|14|0|20640.0|exponential,292148.322218,315533.88,296211.1133910145,279740.5
48a57fd1-95ca-4c47-9027-a4c370d63101,BUTTER-E|32768|10|0|3188.0|trapezoid,69735.97927199988,75485.96,74706.23456356421,64458.32
48b5a7bb-2f4c-4cbf-8347-16e915b8eb79,BUTTER-E|32768|18|0|15000.0|trapezoid,521609.3206889997,548310.94,592526.1168523293,483090.44
48b98b05-0c07-4e22-8544-9c6d237d61d4,BUTTER-E|2097152|2|0|6435.0|rectangle,331591.80178199976,327881.6,448028.11086600716,359513.6
48bb8ac7-d520-4f5a-9478-971e4fcecd7f,BUTTER-E|16384|8|0|6435.0|wide_first_16x,86704.6194739998,113275.88,98831.2232505074,79073.734
48d37ced-6519-4295-b4b1-0f2d5ff71b72,BUTTER-E|2097152|2|0|12958.0|rectangle,715774.491612,836562.2,564684.5591586503,1.0198732e+06
48daeb7d-29fd-4871-960f-41df4898916c,BUTTER-E|4096|3|0|48842.0|wide_first_4x,406177.764862,496981.5,495785.2010958702,467378.28
48f28b01-b0a4-45a0-a9e7-ce1488ac03b8,BUTTER-E|2048|7|0|105908.0|rectangle,838696.7514659998,921272.2,981135.3142648635,1.0028012e+06
48f49ce6-12ef-44fd-bb07-08d2c4c0fcb8,BUTTER-E|131072|12|0|70000.0|wide_first_2x,2588109.146879,1.9558888e+06,2547233.850038359,1.7035275e+06
490051a0-02e1-4859-b491-54a803914a5b,BUTTER-E|2048|6|0|67557.0|wide_first_2x,770344.9308619999,701528.06,709838.9859572187,714591.94
49019b1e-bc16-4e82-bb83-f74934d7eab3,BUTTER-E|4194304|3|0|6435.0|trapezoid,212656.1385479996,202389.58,224195.25119202468,198295.81
491df075-b7e0-4ac1-8d99-c8169ca661ee,BUTTER-E|512|10|0|3848.0|wide_first_8x,53191.71914199984,59775.35,61150.37020976224,62927.42
493512a9-769c-450e-9f86-0f212af11a03,BUTTER-E|524288|4|0|67557.0|rectangle_residual,1187402.2870559995,1.2189522e+06,1161523.1790563248,1.2449918e+06
49460e64-3aa6-4480-90ae-20ca4fefbdf2,BUTTER-E|8192|2|0|67557.0|rectangle,367569.9011369999,587965.8,596757.5865571348,569065.7
4946e179-12d2-4f4d-9f1e-3de73b9e4c79,BUTTER-E|131072|9|0|70000.0|trapezoid,1480852.4799840003,1.6141445e+06,1627108.092944161,1.7615518e+06
49539ff2-8d2b-42fa-83dd-dbbfa747cf77,BUTTER-E|2048|4|0|4898.0|trapezoid,45565.25619999973,45493.234,46003.48364955755,52122.594
495e1dc5-0f14-40aa-a3b3-baa2041450f5,BUTTER-E|512|3|0|4898.0|wide_first_2x,59125.46581299987,52769.105,47876.95018848485,56863.43
496abbaa-5405-4a93-8d4f-96e833d156dd,BUTTER-E|256|9|0|67557.0|wide_first_2x,608177.1595469998,715964.44,643120.9783474805,815695.25
497fe869-1617-4447-95d8-5f7fc24c01cc,BUTTER-E|8388608|7|0|70000.0|exponential,4151647.383576,4.3130695e+06,4485932.909868014,4.2154485e+06
498adac7-851d-4b57-9edb-eb6a01960af8,BUTTER-E|2048|6|0|15000.0|exponential,145576.3206439998,154667.81,163904.67187205816,176669.17
499089ac-3f21-495f-9605-f0a2ddaeeeb8,BUTTER-E|524288|18|0|15000.0|rectangle_residual,1073815.292948,899241.2,772700.9551331415,806688.2
499823ae-c59a-46c3-9458-ba32bd43221b,BUTTER-E|65536|4|0|15000.0|wide_first_2x,245095.70447899977,249107.05,258685.51447047965,243788.25
49a1b6c6-abd1-466d-98bd-e879123c62f5,BUTTER-E|262144|7|0|48842.0|rectangle,1262240.361048,780135.0,727799.8630960014,735702.94
49a5a648-574d-4e05-a873-8b1a13960fb9,BUTTER-E|16384|3|0|12958.0|wide_first_16x,134229.76430899967,149224.9,174146.72091262802,115558.33
49a919c5-250a-48c9-b8ad-5e83b18b925b,BUTTER-E|2097152|10|0|20640.0|wide_first_8x,956816.57569,938651.94,997742.500079591,985602.25
49ad5074-94e7-4d0e-a91d-b728536c249a,BUTTER-E|524288|7|0|48842.0|wide_first_8x,1104853.950499,1.3288381e+06,1118983.6796483393,1.4029695e+06
49e953a1-5175-477e-9abc-3cc2f1377932,BUTTER-E|4194304|7|0|67557.0|trapezoid,2932699.850395,3.0916765e+06,3141519.741563642,3.255598e+06
49ed56a8-54ab-4628-beef-04294fd1c061,BUTTER-E|2048|7|0|12958.0|rectangle_residual,118314.77214399978,154553.1,148285.46400674048,162173.86
49ef2394-4020-4f08-a19f-1cdc0b539c4b,BUTTER-E|2097152|3|0|4898.0|wide_first_8x,138476.29646399975,145260.45,147219.1120868281,163571.66
49f855c5-7527-4c33-820d-d793d69814af,BUTTER-E|64|16|0|4898.0|wide_first_2x,62175.42438899977,64320.152,57685.90787701328,92468.42
49ff332c-ccb8-4322-813a-94cd60637800,BUTTER-E|8388608|10|0|3848.0|rectangle,240097.248626,249715.73,298518.4909388893,242718.11
4a055977-e750-46b8-a91e-4bd1bcdbed69,BUTTER-E|16384|16|0|3188.0|wide_first_2x,52290.947169,64976.273,50685.303764797216,59458.324
4a23cb7b-ba76-4d10-8d46-76c3d1809431,BUTTER-E|128|8|0|5300.0|rectangle,47220.08661599983,54176.688,52190.19094742609,54013.56
4a423d31-cff6-4c68-a245-8636c1b686a2,BUTTER-E|262144|10|0|15000.0|rectangle_residual,413767.185768,507602.03,613288.1619340463,509015.6
4a538aea-1c1b-4fee-b3b9-4a6adfe6b802,BUTTER-E|65536|9|0|4898.0|wide_first_16x,116136.45890999996,138081.62,150310.07990862452,83595.94
4a5981c7-9bc9-410f-9a33-c1b8dbffebf7,BUTTER-E|16777216|16|0|15000.0|exponential,2561281.240671,2.0149965e+06,1995603.8217494586,2.0134195e+06
4a5c3270-b587-4f1f-8c05-823dceac7ac7,BUTTER-E|64|6|0|12958.0|trapezoid,152499.2945729997,137063.52,149949.00485841927,154517.72
4a5f7d59-388b-4451-9c3e-55f5b36b9bd1,BUTTER-E|524288|20|0|67557.0|wide_first_16x,3432883.3574359994,3.6087635e+06,4010147.9080592697,3.7588742e+06
4a615419-cabc-444f-b826-da9daa5bb738,BUTTER-E|8192|4|0|6435.0|wide_first_16x,92532.00559799989,87460.83,89809.07375568466,69837.8
4a6432e3-72b1-49d8-b852-2ffe1438173b,BUTTER-E|32768|16|0|4898.0|rectangle,209670.12508799988,170947.4,206619.91309196726,105587.28
4a832eb4-3a75-4cdc-bb98-58623fcce70a,BUTTER-E|4194304|18|0|3848.0|wide_first_8x,385233.5055329997,407589.12,500907.06077835656,436824.25
4a9749dc-7b61-4f98-8fe3-e70bba2dbb42,BUTTER-E|32768|10|0|20640.0|trapezoid,376505.1755889998,500201.56,469913.17528823554,356390.06
4aa4c0d4-be69-43e4-b33a-5e1951a537ca,BUTTER-E|16384|16|0|6435.0|wide_first_16x,104126.73759599976,118100.69,103713.57783283167,89034.59
4aaedc56-7394-46fd-a42a-9750271cef7e,BUTTER-E|4096|20|0|6435.0|rectangle,97837.58498999976,92335.97,89063.89163480427,120616.234
4abc04ff-a86f-43b5-b701-57db051d35e6,BUTTER-E|65536|4|0|15000.0|wide_first_4x,234517.38310800004,250525.08,252056.6655351465,228440.62
4ae6f5be-e1e5-4502-97e0-f80df0bd18a3,BUTTER-E|4096|2|0|4898.0|rectangle,65656.5029839998,56900.914,56402.45700930656,56135.586
4b149b81-aae1-4a04-b537-14144f0f3c95,BUTTER-E|16777216|16|0|20640.0|rectangle,2990844.9531,2.6720172e+06,2654811.9296398405,2.9818855e+06
4b17419d-7646-42c4-8191-4f1f315a4f4c,BUTTER-E|131072|4|0|3188.0|wide_first_4x,61411.66971599988,61588.98,57253.82341292845,59601.504
4b1f5a3b-e7b9-4e29-adea-10eb31687c4f,BUTTER-E|262144|10|0|67557.0|wide_first_16x,1989251.163554,1.8507178e+06,1460302.3064129034,1.9179505e+06
4b58cccd-d1aa-4505-b4d2-1ef5c3997412,BUTTER-E|4096|6|0|12958.0|rectangle_residual,122125.51244399976,155208.47,172329.4778605115,156263.86
4b610cf1-cb70-452c-be3f-f7c6fda1fbe5,BUTTER-E|512|20|0|12958.0|wide_first_4x,540464.1099000002,237685.95,245172.01202274836,208737.69
4b8b5523-86b4-43c6-9a2a-ef7d47d79afb,BUTTER-E|1048576|6|0|20640.0|rectangle_residual,567780.6184019998,591444.1,547683.9944710103,548032.3
4b8f00c5-0d6d-4d44-872a-34d84bb5cb3a,BUTTER-E|16777216|8|0|6435.0|rectangle,580987.228977,592439.4,650419.662483405,657743.7
4b8fe261-f65f-4b14-964b-d38fb2a9cf73,BUTTER-E|4096|12|0|15000.0|wide_first_2x,138009.89810799973,191641.02,207636.66686978002,239077.73
4ba178d0-26e8-49bc-aed8-e85ff2d140a9,BUTTER-E|4096|9|0|67557.0|wide_first_2x,692210.8605629998,778407.9,771144.2094456792,826171.94
4bad6837-8ebe-4436-8893-b49c24a86d3d,BUTTER-E|2048|2|0|3848.0|rectangle,51104.6659399998,49848.84,46579.9902302325,49774.637
4bb2b25a-c7f7-4d98-be69-e7b2b69de0f9,BUTTER-E|65536|6|0|3848.0|wide_first_4x,160184.09895999983,97915.555,96026.19668879744,92537.84
4bd25b1c-7d14-4eb3-b8d6-2ec37d99156d,BUTTER-E|262144|8|0|105908.0|rectangle,2385039.258218,1.9362791e+06,2064463.2599822134,2.1509978e+06
4bd58f5f-34c3-42e6-ba94-576d36de93b0,BUTTER-E|2048|9|0|105908.0|wide_first_4x,2722551.1057300004,1.3940709e+06,1327402.5596733973,1.3462998e+06
4bd94109-f5ca-4950-a637-de7870392d0e,BUTTER-E|2048|3|0|4898.0|rectangle_residual,53566.66494599976,54422.926,57212.01035609672,56998.242
4bf13593-751a-4dfb-acf6-bedb005d29a0,BUTTER-E|1048576|20|0|6435.0|wide_first_8x,324234.2220599999,436392.03,461639.83741325827,447199.88
4c04429e-e6f5-4fe3-b5be-0173094f7af7,BUTTER-E|256|3|0|12958.0|wide_first_8x,126370.09215599977,110937.65,114897.53415230846,127588.42
4c0b0dd2-8213-4838-a6c5-fc1bff77c935,BUTTER-E|131072|6|0|3188.0|wide_first_4x,71539.83457799976,72810.01,71266.31505777847,73232.305
4c0c8103-24e3-44b5-9503-c64a1f81aa05,BUTTER-E|512|14|0|12958.0|rectangle_residual,310470.96241399966,223969.61,238166.86699696677,195101.45
4c0ff625-9767-4887-8fd2-2a203982fbb4,BUTTER-E|1048576|12|0|4898.0|wide_first_16x,215083.6933599997,251644.05,279559.5961569402,243368.03
4c146e81-8ff7-44e4-b69f-5ad5c6dcad02,BUTTER-E|8192|9|0|4898.0|trapezoid,101627.3395999998,85298.9,84679.1872224115,88236.71
4c263601-85c2-40ff-98d7-55afab9dd86b,BUTTER-E|262144|14|0|105908.0|wide_first_8x,3454849.9485189994,3.6971552e+06,3992863.8325061044,4.190301e+06
4c4af1e9-a422-4477-b1da-164c5adec425,BUTTER-E|16384|10|0|4898.0|wide_first_4x,132250.674168,110445.82,123740.2697858441,91006.34
4c7d0b41-b95e-4c4f-9a19-2d3d2bdee4b0,BUTTER-E|512|2|0|67557.0|rectangle,358999.461193,516597.22,507815.90353909874,549734.06
4c7d8027-17c5-4f97-a85a-b76e635e17d2,BUTTER-E|2097152|7|0|4898.0|wide_first_8x,231039.9593679999,214096.97,218545.2280765334,217528.89
4caca963-a6ca-41ef-9ec1-231c36fa6ddf,BUTTER-E|2097152|14|0|3848.0|exponential,345087.9309609998,276697.2,242773.79333330708,244799.38
4cb54626-3005-4f0e-909f-a0eda8d0405f,BUTTER-E|16384|3|0|20640.0|rectangle_residual,282985.24484099983,255821.72,228341.9683107148,197237.17
4ccdc328-5831-4ada-a025-484cbc0a22a8,BUTTER-E|65536|9|0|67557.0|exponential,1189514.0654929995,1.2315649e+06,1250220.3153127462,1.3264186e+06
4cd1741b-1d89-4a6b-a3d9-7bb2049b64c2,BUTTER-E|524288|5|0|12958.0|wide_first_8x,267615.6502759999,275789.88,255899.30143947533,287291.84
4cd9864c-8039-475a-ab0d-3cfa1bb3a91d,BUTTER-E|16384|18|0|3188.0|wide_first_8x,86090.88697199964,55644.84,64413.88145673132,55224.12
4cde4576-ce63-4e4e-8173-44877ba52864,BUTTER-E|8192|8|0|4898.0|trapezoid,89765.87109199993,83676.734,93172.70545296275,83505.02
4cf95cff-10e7-4cf4-ac7b-cdc564298e1f,BUTTER-E|1024|6|0|6435.0|wide_first_16x,93573.15854699988,79104.66,75989.70703051217,71813.305
4d108ecd-9475-4c9f-97a4-1daa68dcd2f1,BUTTER-E|256|18|0|5300.0|trapezoid,110741.66685299989,116089.53,130737.04259909478,93698.25
4d19b279-4149-4be3-8499-6ece62e5d9e3,BUTTER-E|4194304|20|0|4898.0|wide_first_4x,367693.7518019999,424304.12,456625.73306502315,444436.72
4d343252-f615-4114-b264-00c0c7e0b8ef,BUTTER-E|8192|10|0|105908.0|rectangle_residual,1359407.18067,1.3361005e+06,1200160.2624431227,1.5315095e+06
4d354f99-2d6d-4934-92a4-23f4907d2625,BUTTER-E|65536|8|0|3848.0|rectangle_residual,91173.61054299994,112240.22,114042.18199873545,93697.266
4d3eaf4f-5593-44cf-960a-0194ad7ff46d,BUTTER-E|8388608|12|0|4898.0|wide_first_16x,449953.9654899999,457346.3,485032.551296671,456387.75
4d458cb5-8656-43ba-b468-4b3b6413292f,BUTTER-E|16777216|16|0|4898.0|wide_first_16x,667721.877439,759774.44,822846.1589039958,819573.75
4d46a1cc-6f9d-47c0-b4f3-b6f8355c8711,BUTTER-E|64|14|0|3848.0|wide_first_4x,50472.38568899988,54885.727,52133.23156971574,59459.23
4d62b6d8-e9c2-40d7-bc5b-7e8455464182,BUTTER-E|4194304|14|0|4898.0|rectangle,295342.7466839998,321444.72,317840.18958842434,326439.5
4d674f68-a41c-4052-8f4d-45779719dbdd,BUTTER-E|2048|2|0|3848.0|rectangle,46214.98937399989,49848.84,46579.9902302325,49774.637
4d6a42fc-9a36-417a-923e-13062fa3445e,BUTTER-E|8192|18|0|70000.0|wide_first_2x,1158475.938254,1.1974179e+06,1400625.3335718054,1.3952492e+06
4d6a84c8-95b2-411d-a3df-68f559104f50,BUTTER-E|128|5|0|4898.0|rectangle_residual,61552.18490699986,62406.69,57695.39347027482,62029.074
4d78fc9b-2d07-457a-9aba-0ca0b0c217cd,BUTTER-E|4096|8|0|105908.0|trapezoid,1230681.4324889998,1.2900586e+06,1415352.1330306965,1.3984918e+06
4d86075d-42a1-4461-aefb-d86267bca949,BUTTER-E|512|8|0|6435.0|exponential,111495.70154799972,90933.29,95083.43859417712,89033.32
4d8deebc-71ba-4280-8bb0-ac780e4646f7,BUTTER-E|1048576|8|0|15000.0|trapezoid,454945.66686199984,453267.3,448288.97157709085,460862.12
4d98caac-93cd-4b4a-bd0e-62f6c5f70239,BUTTER-E|4096|6|0|6435.0|exponential,112742.70071199985,87831.54,87753.55763573601,85392.75
4da9c543-3b40-4f74-93e6-8ba196ed040e,BUTTER-E|1048576|5|0|5300.0|wide_first_8x,127096.8581929997,144853.61,128604.10672014723,157226.69
4db07f56-1dbb-4a9f-bf70-2a28ee9dbf1e,BUTTER-E|64|9|0|15000.0|wide_first_16x,160145.77356599976,165001.47,172612.882482641,173979.42
4dc75de0-b422-4036-b034-34f4e54c2ad7,BUTTER-E|262144|14|0|15000.0|wide_first_2x,552243.3815319998,647108.0,614010.8085958038,625925.2
4deebea8-1da2-4648-be67-0a77b3bd62fb,BUTTER-E|512|10|0|105908.0|rectangle,1315261.533188,1.1601324e+06,1054558.0723369753,1.2604064e+06
4df44b9c-8b3d-41bc-9a0f-155279a43b87,BUTTER-E|1048576|12|0|4898.0|trapezoid,185882.7957149999,241446.25,256270.62793876033,226061.88
4df64976-0143-49f3-b21a-7bfecab42927,BUTTER-E|32768|9|0|5300.0|wide_first_2x,135635.5619119998,151760.89,146657.28811209952,108659.07
4df8578a-ce41-4976-a554-7187cbd090dd,BUTTER-E|512|6|0|4898.0|exponential,110393.40127099968,63457.457,68938.91148200152,65006.15
4e0c46a8-d207-4772-af1e-f71923f79f9a,BUTTER-E|8192|18|0|70000.0|exponential,1937736.106336,1.4431228e+06,1411913.2791158305,1.2638971e+06
4e1d79c6-0c34-4a80-b54c-ebdff4336050,BUTTER-E|1048576|5|0|12958.0|exponential,301340.8710819999,282390.38,299662.6505560012,283435.88
4e231414-35bb-4737-bb62-af0af2ba4b4e,BUTTER-E|2048|3|0|5300.0|exponential,57598.11086999976,58808.883,64710.602277596685,60015.434
4e3bce0e-9310-48ff-8f89-019d2c9f4af3,BUTTER-E|524288|14|0|105908.0|wide_first_4x,3575558.982474,4.0731748e+06,4560070.201985008,4.461599e+06
4e40b636-38d9-428d-a8d7-c1adee06ef7d,BUTTER-E|2048|12|0|105908.0|wide_first_4x,2048627.6594450008,1.6835892e+06,1619169.433336873,1.5554804e+06
4e4166c9-18de-413c-af18-37ab0a5bb44c,BUTTER-E|131072|5|0|5300.0|rectangle,66070.68613299972,78601.56,73889.10827200815,73528.18
4e469b17-86c4-40fb-b2b3-d9c54fa994a5,BUTTER-E|524288|9|0|48842.0|trapezoid,1579280.021055,1.406478e+06,1306064.0823815458,1.4776808e+06
4e4a439e-15f2-4d14-a13f-3168642ce2b4,BUTTER-E|16777216|12|0|12958.0|wide_first_4x,1944434.036268,1.8133058e+06,1821241.245767878,1.7474149e+06
4e650faf-28e7-4785-9a40-09f96059924e,BUTTER-E|131072|14|0|3188.0|rectangle_residual,194361.3433429999,132578.3,132710.37967866103,139019.5
4e68deaf-6462-47b4-ad41-8d2b5f427b93,BUTTER-E|16384|9|0|48842.0|trapezoid,1446774.2761109998,825797.0,811262.153415024,854301.8
4e6c62d8-0add-47d4-a7a6-8dfd83e91ead,BUTTER-E|32768|20|0|20640.0|trapezoid,728875.6083469999,863069.8,808198.547943019,551473.7
4e77f8bd-81b6-4ff3-9b97-9f67eb71275c,BUTTER-E|16777216|2|0|15000.0|rectangle,4127494.346316,4.650669e+06,4613702.76480957,2.1809572e+06
4e883749-b84f-42c9-8065-be14eb20cc00,BUTTER-E|65536|6|0|12958.0|wide_first_8x,355365.14555999986,244456.19,240758.9860393601,245975.8
4e9bb17d-62fa-47c1-9df4-005cadf7e801,BUTTER-E|16777216|6|0|3188.0|rectangle_residual,356514.552122,369827.66,340622.364378634,342418.06
4ea9c144-94c4-44c9-b609-ed0dfca5a109,BUTTER-E|2097152|8|0|15000.0|rectangle,402477.10164599976,421634.6,350264.400614185,393900.38
4ed5920c-96b4-496f-b5f0-2ea52e56671a,BUTTER-E|256|12|0|3848.0|wide_first_16x,52391.57069999988,60700.42,76480.36905482873,51902.3
4ed7da1c-546c-4f37-81f1-d8fa3f4f0a0a,BUTTER-E|16384|9|0|3188.0|wide_first_8x,50785.49127199968,57699.84,58136.23999745675,47845.992
4ee2ad55-19e7-4690-8c9e-93c08b821934,BUTTER-E|2048|14|0|15000.0|rectangle,141660.0791579999,191217.11,199295.87448616713,210426.61
4ef399c7-6e3e-45b1-9e6c-112e4004c2f8,BUTTER-E|2048|4|0|5300.0|wide_first_2x,81223.67351399976,57571.0,62120.21166105682,62965.723
4f0f26fb-31f1-4d03-ab8e-023eb6e99025,BUTTER-E|524288|8|0|70000.0|wide_first_4x,2272485.89085,1.8268341e+06,1816951.019955062,1.815479e+06
4f0ffacd-7777-4fa5-8e68-4ca791f1f1e5,BUTTER-E|16777216|8|0|12958.0|rectangle,1212669.96422,1.2602334e+06,1236620.4241006088,1.3633119e+06
4f17dc54-afa5-487a-9c74-745a14c81dea,BUTTER-E|16384|8|0|48842.0|trapezoid,718723.915716,779289.56,707060.4715391776,768054.06
4f2b03ca-638b-4126-833f-07504673c2ad,BUTTER-E|1048576|6|0|3848.0|wide_first_8x,136428.0491449998,140741.3,152036.0931567917,145085.88
4f384d15-ddc3-4464-8f30-10b040ee9431,BUTTER-E|8388608|20|0|3848.0|rectangle,393038.6563939997,432202.22,403007.97706559027,446473.3
4f3ae0bb-3812-4663-828d-cb67c86dbb24,BUTTER-E|1048576|7|0|12958.0|rectangle,303509.679552,289144.44,313272.556303925,272532.1
4f5dc893-44cd-4d05-81ad-b8f54612e080,BUTTER-E|1048576|14|0|12958.0|rectangle,606975.745937,576086.7,596386.4239760949,624411.44
4f7be75b-f253-4e53-a833-70e03b70d21f,BUTTER-E|8388608|12|0|12958.0|rectangle_residual,1149037.796042,1.1666172e+06,1077138.4306637698,1.0840861e+06
4f8ada34-b73f-4d7c-892e-acb9ad04af29,BUTTER-E|64|3|0|4898.0|rectangle_residual,58885.015941999714,52003.23,58144.125372069495,56795.9
4f9cd213-6d4f-4efc-9ab9-e2f4c4b01e11,BUTTER-E|524288|3|0|4898.0|trapezoid,61956.04035499992,64809.176,72013.30434055078,65971.38
4fb5c349-b09c-466f-99e0-abb2e9562d4d,BUTTER-E|128|5|0|12958.0|rectangle,90455.91957599996,95569.54,95851.0064798068,107399.59
4fc81846-4b80-48d0-baa2-359b60fe238b,BUTTER-E|4194304|7|0|70000.0|wide_first_16x,2908221.589311,3.0454052e+06,3005764.826427791,2.857117e+06
4fca917d-906e-4071-af67-198f9b196dff,BUTTER-E|8192|7|0|48842.0|wide_first_8x,815032.1017139998,632673.75,610867.9498285205,564206.0
4fcdd367-4f36-4c2d-abed-a695dca9e5e1,BUTTER-E|2097152|7|0|4898.0|wide_first_16x,225474.8861799997,204908.9,219848.01588988112,180112.11
4ff28d2d-4d27-4b69-b9d8-0d600aa1ac0a,BUTTER-E|8192|20|0|6435.0|exponential,121421.77916699988,125794.82,104846.75720628921,114545.375
4ffbda72-c61d-4b1f-be09-c1722b714165,BUTTER-E|1024|20|0|70000.0|wide_first_2x,849117.9318289999,1.4213332e+06,993480.4656479566,1.4858132e+06
500487fb-d6cc-4d2b-af4d-01ab3a9aaed2,BUTTER-E|8388608|2|0|3188.0|rectangle,182225.817647,416113.6,1649717.6048069915,361159.66
500a4f16-3b6b-4a0b-a33c-2cdba13f9a42,BUTTER-E|128|16|0|6435.0|wide_first_4x,80854.92288,92795.1,81554.7282457647,105377.54
5013f35f-10a0-49ef-aec4-c482f86bd822,BUTTER-E|524288|12|0|67557.0|exponential,1756036.448314,1.9400351e+06,2032434.4550688697,1.9805471e+06
501dc04f-a3a9-4178-ab4f-46c77d85fad6,BUTTER-E|524288|7|0|12958.0|rectangle_residual,465967.3328799999,362397.22,395430.5635653538,370740.84
502b1cf5-f1e6-47ad-a8c9-9a7ddbf15cb0,BUTTER-E|32768|18|0|3848.0|rectangle,156868.318161,126600.336,131664.9780148867,99511.97
50366cab-e086-435e-b43b-d54a20608024,BUTTER-E|1048576|8|0|6435.0|rectangle_residual,233165.35246199972,246724.08,238994.73248591012,213620.12
50384b42-4ee5-433c-b46d-5d933ec9467f,BUTTER-E|262144|14|0|105908.0|trapezoid,3765662.273896,3.5111352e+06,3324317.902949948,3.802907e+06
503dad30-6bcf-4971-8e37-2d9d503f96ba,BUTTER-E|16777216|9|0|48842.0|wide_first_16x,4932389.239243,5.7949375e+06,5698951.860777907,6.4124785e+06
503f2d19-76b7-4943-81e3-c1a6be4fa713,BUTTER-E|524288|9|0|20640.0|exponential,492462.436882,475434.34,502733.3925479122,470747.12
503fc28b-a7ce-4a64-8588-33c044d678f4,BUTTER-E|262144|2|0|5300.0|rectangle,260648.45242699972,174133.8,175770.550853382,321418.97
5057bc04-6acb-4030-940d-0c6870d5529c,BUTTER-E|128|16|0|15000.0|wide_first_4x,181056.862926,219982.47,178846.38743468423,253880.28
507dd2c5-5899-49d9-a3de-7ba2dbe95aff,BUTTER-E|16384|12|0|15000.0|exponential,323258.0231639999,325509.66,325214.3988221138,298323.2
50886d87-1972-4404-85f5-707d44397d2f,BUTTER-E|512|18|0|48842.0|rectangle,1166152.2734589998,736311.5,690802.8454202107,798151.1
508d5df3-afa1-4706-88ad-450ae983d058,BUTTER-E|1024|7|0|20640.0|exponential,202191.886592,209118.45,207549.86205455012,220066.61
50a63c59-f5f7-455c-abe9-d43924b76a4f,BUTTER-E|4194304|16|0|70000.0|wide_first_4x,4940908.573977001,4.9756505e+06,4328138.891060764,4.9418e+06
50aef7ef-e029-4356-a3a6-80d8bf02cf58,BUTTER-E|512|18|0|67557.0|wide_first_8x,782652.8328389999,800045.7,775969.542289382,1.0598431e+06
50b1b394-89f8-46c1-98be-63c614d7c65a,BUTTER-E|4194304|3|0|20640.0|wide_first_2x,770438.3706539996,790535.56,883439.3953701893,754436.44
50b25cdb-8334-47bb-a95f-bbd9635e0b2d,BUTTER-E|131072|3|0|6435.0|wide_first_4x,105286.7298179999,104831.45,106401.06215941774,100980.51
50b6dc2e-47d2-445a-b0a2-3663abf42cfd,BUTTER-E|16384|8|0|6435.0|wide_first_2x,144667.71029099988,145482.42,136198.79889627406,92558.94
50b91567-eda0-43c8-8b20-aedf0c1c3f09,BUTTER-E|4194304|14|0|20640.0|trapezoid,1249185.86693,1.3291221e+06,1330883.4822494653,1.430571e+06
50c8b611-a33e-40c8-9756-5a86da78235b,BUTTER-E|2097152|5|0|105908.0|rectangle,2145506.4745200006,2.7418332e+06,3192093.323393419,3.1337278e+06
50ea03f2-0134-4e67-8954-b99d8a35c810,BUTTER-E|2048|2|0|3848.0|rectangle,46696.04782899984,49848.84,46579.9902302325,49774.637
50ef5fc8-c482-401a-9128-d10c01574a80,BUTTER-E|512|14|0|20640.0|exponential,433423.8353989998,314073.9,301515.95819628605,279268.94
50fdc97e-d96f-4ef1-9de3-5e5b7bea0224,BUTTER-E|256|4|0|15000.0|wide_first_4x,173622.122829,154771.39,142174.7827896973,167483.72
5133588e-db14-442b-9e1b-4379b62a81bc,BUTTER-E|8192|14|0|3188.0|rectangle,38489.9702599998,47593.41,53088.206931958346,50355.324
514994c4-befc-41f4-a7da-599551745e59,BUTTER-E|16384|12|0|3848.0|wide_first_8x,72556.85009499984,91407.16,96517.27931980962,75548.55
51563fc6-9d55-4e27-a6b5-6f934553cde5,BUTTER-E|8388608|7|0|12958.0|rectangle,681403.4485589999,695438.4,699693.6331483839,742610.4
516b3a24-87b5-4090-9496-d6eeabbfdcef,BUTTER-E|8388608|5|0|48842.0|rectangle,2990172.945403,2.7649325e+06,2769161.017491128,3.0131448e+06
518cb5ca-1c42-42cf-a8ce-2fb5cb89ffa3,BUTTER-E|524288|10|0|105908.0|wide_first_4x,2936239.059088,3.6546748e+06,4027419.6495775427,3.6312412e+06
5196c438-d7d1-4e1b-8892-05421f1be1b0,BUTTER-E|131072|18|0|12958.0|wide_first_4x,478507.08826299984,577718.56,537669.7215945515,566351.56
5199d3b0-a64e-4f45-b8ef-03dfdd6af0d2,BUTTER-E|512|5|0|48842.0|rectangle_residual,544085.9777739999,496973.47,477913.0476510432,562054.56
51a94f39-7ec2-41a0-af04-38c673b5de91,BUTTER-E|1024|9|0|12958.0|rectangle_residual,209106.4605329999,178280.8,180029.2441138793,175490.86
51b1a47e-ce5e-453f-bc5b-029415aa6084,BUTTER-E|8192|3|0|105908.0|rectangle_residual,1162585.2321079995,1.105472e+06,1101855.8423234257,1.0765405e+06
51ddf51f-ee52-494d-93d6-5ce133cfc3b3,BUTTER-E|1048576|14|0|67557.0|wide_first_4x,2978036.001881,2.831843e+06,2732857.517059861,3.0610998e+06
51deeae9-14cb-4534-88a8-8c718a2557d8,BUTTER-E|1024|10|0|105908.0|wide_first_4x,1355149.6523110005,1.529377e+06,1348661.9849213038,1.4007155e+06
51e1b32b-374f-4aa3-a53f-e23a610720ee,BUTTER-E|1048576|9|0|67557.0|trapezoid,2004726.979809,2.0969181e+06,2120265.621824703,2.119171e+06
51e43b84-cf08-415f-8bc7-abcb4b55ed25,BUTTER-E|1024|10|0|105908.0|wide_first_16x,1007857.7598939998,1.1393752e+06,1123476.7423590655,1.1984988e+06
520b5374-d911-4a2a-b7dc-6d633382517d,BUTTER-E|128|8|0|5300.0|wide_first_8x,59608.12350999996,59949.133,56158.05414699713,67817.48
5210c98c-20dd-4b04-86cd-18ee325d6588,BUTTER-E|32|8|0|20640.0|wide_first_4x,184683.8080969999,183280.45,183757.69549608702,232497.69
52261b5b-d0f2-4d18-b61b-afaa9223587b,BUTTER-E|16777216|5|0|12958.0|trapezoid,1386613.5698459998,1.2722075e+06,1195943.0802702396,1.2659562e+06
523f7191-62fc-49ef-baf9-b19774c65358,BUTTER-E|65536|7|0|3188.0|rectangle_residual,71731.35221599981,78646.18,81397.55924297002,68765.54
52580aeb-e118-42f6-ba69-4d156fae4b26,BUTTER-E|1048576|9|0|6435.0|rectangle,171464.88350599972,170108.4,162348.7191352379,155444.73
525f9376-9786-4cbf-80f2-f7f70c7e0981,BUTTER-E|524288|20|0|12958.0|trapezoid,900390.6044919997,737094.9,762324.5035054013,754943.1
52690555-2936-4fa2-8699-44f81a9e5d44,BUTTER-E|8192|3|0|5300.0|wide_first_16x,69018.90436499976,65252.3,60924.11372191356,51078.273
526c9ef2-9141-45c1-ab11-202e98035a74,BUTTER-E|65536|20|0|4898.0|wide_first_2x,261805.54125299977,252026.62,250189.36873183798,246868.83
527e5875-1977-463e-8e9f-825500864ea7,BUTTER-E|128|12|0|15000.0|wide_first_4x,161901.84213199982,200160.08,164809.11388267655,230624.58
5280ba21-5d76-406b-9659-d5f3d26382f7,BUTTER-E|4194304|4|0|5300.0|rectangle_residual,279437.62959,224017.25,228310.46329223074,208993.44
528cc8b9-03c7-40c7-93d8-23d59cea7610,BUTTER-E|2097152|4|0|5300.0|wide_first_2x,162378.08924499972,162088.05,153743.51187075046,173428.94
528ec3a9-04a9-49fb-a134-ace46daa1d11,BUTTER-E|8388608|10|0|3848.0|exponential,292285.336275,323096.97,301877.5592440572,313727.53
529cc413-7dd5-4f7c-8f06-da244ac272f4,BUTTER-E|512|16|0|3188.0|wide_first_8x,44434.459092999954,48020.297,47663.40507463805,52118.863
52a9fa28-cf62-4125-a977-c33697d2aa85,BUTTER-E|1048576|2|0|105908.0|rectangle,1887281.090643,2.1318278e+06,1567599.4426427467,1.8246611e+06
52adfeef-8d96-494f-aafc-ab03d7be34db,BUTTER-E|4096|6|0|15000.0|wide_first_4x,168481.9041259997,184262.78,211737.89975710885,197012.89
52b2192d-5b3f-4f78-8371-5cb9606d8b61,BUTTER-E|1048576|20|0|67557.0|wide_first_4x,3471503.253080999,3.6923738e+06,3883285.4348247168,4.1601072e+06
52b3fa85-51b6-4199-ae58-b03ff2694afd,BUTTER-E|8388608|3|0|3188.0|exponential,231728.88798000003,199974.05,192689.44052700882,197189.22
52c4fe9e-4b30-4b4d-978c-c1fe64e4223a,BUTTER-E|128|12|0|3848.0|wide_first_16x,41335.17788199996,53038.73,54502.0178777266,51889.234
52d40c53-9b11-41e8-9885-c510646dd445,BUTTER-E|64|2|0|20640.0|rectangle,154721.80229799997,159118.58,156331.6157867306,196517.12
52de61f5-59e8-40bc-abfc-fda98df4cad6,BUTTER-E|128|12|0|15000.0|rectangle_residual,260299.9270599998,239793.6,203582.96825499754,242562.61
52ea7332-9bc7-455a-bf6c-9b3eee19541d,BUTTER-E|16384|10|0|67557.0|wide_first_8x,770612.5867959998,887766.8,903361.6225037737,905964.8
52f165e4-843a-4a91-ab59-428a6346042a,BUTTER-E|65536|3|0|3848.0|rectangle_residual,55885.984959999805,67069.5,63098.14741777095,56040.59
52fd99dc-86b7-4f9d-bc1a-5c4c1c7f821e,BUTTER-E|4096|8|0|15000.0|exponential,175200.0455909999,184371.58,166262.04652736202,196661.86
5300354a-bac9-4ad0-9ddb-9d405fd937ef,BUTTER-E|256|8|0|3848.0|wide_first_16x,48515.15816899992,50371.465,55508.12269358201,45839.117
53073b87-06cd-4449-b3b1-c897e303ac7b,BUTTER-E|32768|20|0|15000.0|rectangle,613608.7600499997,597385.56,626138.9169410126,348674.53
5312cf77-705d-4345-9f97-372dcf18a606,BUTTER-E|128|12|0|20640.0|trapezoid,283333.6189859998,268152.88,266992.06840498623,292311.56
531fe5a7-f501-4932-ae58-f1c3279edb74,BUTTER-E|1048576|20|0|12958.0|rectangle,622272.777272,752431.75,844162.9497424724,885842.75
532e505f-c68d-40a8-9f53-be49f8399bdf,BUTTER-E|1048576|20|0|6435.0|exponential,570709.3769299998,343840.88,340803.80316318636,356379.2
5333132a-06af-47db-a0e0-4004b91b5bcc,BUTTER-E|64|5|0|12958.0|trapezoid,101970.76087299985,109664.414,106354.50361887612,131321.31
5333164f-c9bb-411f-b989-71a4c6d3e1ea,BUTTER-E|2048|14|0|15000.0|exponential,168255.49043299968,206014.81,211316.7469697173,272239.6
5337a193-2828-4b64-961a-9c218616a8c5,BUTTER-E|524288|12|0|67557.0|wide_first_2x,4440270.570918998,2.3752158e+06,2242026.8740672623,2.6116288e+06
533a4d35-4da7-4b52-9757-d255218d6a2e,BUTTER-E|4194304|4|0|4898.0|wide_first_2x,198498.0158119998,208226.11,209305.55428819824,211588.73
53404cd8-ba13-4245-b2d6-d4339708afab,BUTTER-E|2097152|10|0|3188.0|wide_first_16x,176238.415008,135873.45,126740.9948391578,142706.48
534d95af-6cb3-4fad-aa54-3e2ed61d8ae4,BUTTER-E|256|2|0|15000.0|rectangle,125559.24777599976,125801.305,123108.71977065841,153829.47
5358b016-ca99-450a-a805-879cfe1235a4,BUTTER-E|131072|2|0|105908.0|rectangle,1421542.02405,1.20673e+06,1339454.544679412,1.2051095e+06
5369e4b3-d2dd-4aca-8cb9-8b734f88899c,BUTTER-E|65536|7|0|3188.0|wide_first_4x,76408.38785499985,67233.26,66838.89044651254,62181.293
537e15d0-81e6-4892-9e11-3436d3744ec0,BUTTER-E|262144|18|0|4898.0|wide_first_8x,224731.66654999985,265346.16,289360.78219390265,278559.0
53820e41-dc70-476f-90f0-61ae80f24109,BUTTER-E|1024|18|0|70000.0|wide_first_8x,960108.7234059998,757784.44,806536.6196324502,1.02103806e+06
5383f8e0-5567-4100-92d7-7eb7fba7c75a,BUTTER-E|2048|18|0|6435.0|trapezoid,132929.0591049997,117357.195,122286.7099412756,114953.9
5387c487-3016-4bde-a902-b8ecfc32b92c,BUTTER-E|4194304|5|0|70000.0|wide_first_4x,3120104.992893,2.9557868e+06,2956174.708048186,2.791004e+06
538e60a1-e9c6-4d5b-b5a1-c1816066c4e3,BUTTER-E|4194304|6|0|67557.0|trapezoid,3013731.723582,2.8772775e+06,2960424.535872494,3.0795585e+06
5390c4eb-cd0f-4af3-83f3-854d268f644d,BUTTER-E|2048|10|0|20640.0|wide_first_16x,257580.61848299988,255670.5,262763.83871239994,208883.84
53a63c7e-cb3b-49c8-8d71-5d584d9e315d,BUTTER-E|512|10|0|48842.0|wide_first_8x,443765.4537709997,517637.78,499567.88766926585,630990.8
53b6c653-657b-49c2-8693-5e843ff6295a,BUTTER-E|262144|9|0|12958.0|wide_first_8x,627038.7913919999,365992.0,455800.0693216086,414354.16
53b7158b-1d93-4a91-80b8-505702671a30,BUTTER-E|8388608|12|0|6435.0|wide_first_2x,522856.9461299997,597306.94,556937.7243482635,602763.75
53b923fc-51bb-44d0-b42f-145e5db96cc4,BUTTER-E|512|6|0|4898.0|wide_first_8x,65079.12137799996,62053.75,62099.7182365009,62773.977
53bcac75-0016-4a9e-9db9-e0789afcbdf2,BUTTER-E|512|20|0|15000.0|rectangle,226674.7845139998,279939.84,243479.28019206825,245500.98
53c02af5-7144-4bf5-87a1-abe946379819,BUTTER-E|256|20|0|5300.0|rectangle_residual,88967.95805799971,123546.32,106015.17458766147,88078.15
53e2f955-88ed-4564-96a7-60355c34df43,BUTTER-E|512|4|0|12958.0|exponential,129151.98311999976,134077.28,125967.1811546469,143753.34
53ea3c79-212e-4b00-b63a-f419f644d6af,BUTTER-E|16777216|3|0|20640.0|wide_first_8x,1950460.578116,2.129095e+06,2156800.93122627,1.9719191e+06
5400593c-1f9d-4fbe-b314-e7f6fe25b8f9,BUTTER-E|4194304|4|0|70000.0|rectangle,2708651.97414,2.3013125e+06,2405315.0940162796,2.447425e+06
543b6964-eaf1-4d80-b3c1-a5fa82ac1562,BUTTER-E|16777216|3|0|5300.0|wide_first_8x,522814.1247,546687.6,576538.8151024126,588033.6
544192c3-53d8-4129-9dd8-798e8338fbfb,BUTTER-E|4096|2|0|105908.0|rectangle,857371.1183410002,884065.4,874113.3249988223,918278.44
54481dff-d327-4247-9866-33984ea5c863,BUTTER-E|1048576|6|0|20640.0|exponential,499485.9929249999,481435.16,457322.75630065333,448880.4
5476da14-0896-46b6-9a3c-1414940769b5,BUTTER-E|1024|20|0|5300.0|rectangle,156451.2874939998,110371.695,101458.59153888811,88900.87
547f57ca-9524-4836-ab96-59d29c318f38,BUTTER-E|4194304|7|0|15000.0|wide_first_2x,658728.3868609996,680238.06,692454.1116223283,717301.9
549e3ab4-12ec-43bf-90a7-49f170c2353c,BUTTER-E|65536|16|0|5300.0|rectangle,250894.62295899983,205138.84,232731.92110838753,201827.9
549e59dd-666d-4461-bdde-8dd7653c8ec6,BUTTER-E|524288|12|0|4898.0|wide_first_8x,210134.206377,223293.33,212025.07387833772,224020.67
54a9a037-c2f9-477d-b0a8-3659d68a6f77,BUTTER-E|512|20|0|48842.0|rectangle_residual,1975087.793324,933891.9,959987.4655608295,915431.44
54ab444a-4b3f-421e-aa73-d5af4b52c8a5,BUTTER-E|16777216|14|0|15000.0|wide_first_4x,2157679.50271,2.0469096e+06,2137728.9785099835,1.9539815e+06
54c02ae7-5b8a-48af-a7d2-43719dda38c6,BUTTER-E|16777216|4|0|6435.0|wide_first_8x,652963.5515279999,661021.2,675443.2425042738,737088.56
54c25cfe-e5d6-4d5e-bd98-69b5da67803c,BUTTER-E|65536|12|0|20640.0|wide_first_2x,612458.2868319997,714899.4,613739.8596341216,651556.7
54c4bc06-b2d4-486c-b67e-249e3cac9854,BUTTER-E|8192|14|0|4898.0|wide_first_16x,91173.63345599988,86223.27,85865.56348729349,65272.156
54cabae1-f845-4df2-ae8a-42515ba34d86,BUTTER-E|1048576|14|0|5300.0|rectangle_residual,279343.591858,302627.47,297821.3499245015,284619.6
54d28539-a65f-4eaa-9ee0-f3c7c060dcd9,BUTTER-E|512|5|0|20640.0|wide_first_16x,245930.0700569997,179531.44,188511.51891536388,173420.52
54d67195-616a-4607-9e7d-b2fa9a02a28b,BUTTER-E|32|14|0|20640.0|wide_first_2x,254453.380605,184013.77,199025.65140576178,300830.2
54dc4428-1d18-4dea-9ab8-a984d176a076,BUTTER-E|16384|4|0|70000.0|trapezoid,715637.9777919997,671722.8,556086.0000879186,734596.6
54fdfc34-02e3-4fbf-a064-091c3929bd44,BUTTER-E|128|5|0|4898.0|wide_first_2x,61697.07321799968,59620.438,58654.38140277301,58141.633
550024c1-4f09-4482-8cf5-2d6e0044cdad,BUTTER-E|131072|14|0|3848.0|trapezoid,267583.9655189999,234063.23,216416.58432827189,251070.17
5500bbd1-8697-44dc-9988-e5d485808dbb,BUTTER-E|8388608|7|0|3188.0|wide_first_2x,220722.560635,234768.33,225947.85476650466,239597.9
55085bc4-682e-4d7c-9921-60e33fa575fb,BUTTER-E|8192|14|0|67557.0|exponential,1011202.487914,1.0605226e+06,1139168.2142508803,1.154596e+06
55169533-697b-4c18-896b-ea146e378ff8,BUTTER-E|8192|7|0|105908.0|trapezoid,1280729.828534,1.3076764e+06,1214003.0862456162,1.3291385e+06
5521f647-8992-4e6f-afa3-f043eb8a4b71,BUTTER-E|1024|18|0|6435.0|wide_first_2x,104406.1958989998,127942.99,137886.19466167703,112330.06
5533b5e1-f1ac-4fa3-889c-3416a63d4a55,BUTTER-E|512|2|0|15000.0|rectangle,116877.62228799996,122746.19,122735.09547833656,154064.95
554020b1-a99d-4a5d-82c3-98a2adb7c746,BUTTER-E|131072|20|0|6435.0|wide_first_2x,276366.31884,345050.72,313525.78653960035,330396.78
55420ca1-175a-4ddf-9cb8-2363cc6a18ff,BUTTER-E|1024|6|0|6435.0|wide_first_4x,89112.98095799977,79843.484,85038.80607054918,80689.73
5548b989-c264-44f5-a46a-9d6bbaf5251e,BUTTER-E|64|2|0|3848.0|rectangle,38174.31449899992,40059.246,40043.14718193422,48996.63
554936ca-85de-4414-b011-d7281e394516,BUTTER-E|65536|20|0|3188.0|wide_first_4x,238689.78239299968,122446.414,122667.56561516445,104123.43
556d9dcb-d285-45a6-923c-4d9f8ca4cf53,BUTTER-E|4194304|4|0|3188.0|rectangle_residual,136430.66070399995,130635.79,129930.26139387225,127145.19
557b36be-0d08-4f27-aed0-054f5d7e7fdc,BUTTER-E|131072|20|0|12958.0|wide_first_4x,546629.7032679999,630698.44,593993.2079892944,582400.7
557d02a7-0a9d-457e-91db-0eb4337c5c59,BUTTER-E|524288|9|0|6435.0|wide_first_2x,301008.16775399976,224927.28,222310.7005596316,232209.62
55856491-b3b1-4fc4-a30c-8c2363af9784,BUTTER-E|16384|9|0|12958.0|wide_first_4x,309146.1219999997,237309.3,292896.743578139,206414.83
55afdf13-47c4-4e0b-94dc-e07814ebc868,BUTTER-E|262144|3|0|67557.0|wide_first_4x,810646.5580559999,894412.25,897723.1716815399,911729.5
55bc102f-c5d1-4572-b33f-0ac978f87c3f,BUTTER-E|128|8|0|3848.0|wide_first_4x,87600.7937539998,55607.863,53128.85015309386,53108.227
55cf6185-2063-4314-a6df-9eeb1e01ce64,BUTTER-E|256|12|0|6435.0|rectangle_residual,78289.52906399975,116523.664,109350.83639934688,97661.79
55e0a603-0c45-4b87-8104-ecab0b14b145,BUTTER-E|4096|7|0|70000.0|wide_first_16x,680907.8078249997,758431.5,726103.5405215983,729361.8
55fbc2fe-01c6-49c6-8ba7-9aece0bf7729,BUTTER-E|128|20|0|3848.0|exponential,92947.9775149998,82670.71,86702.97422008308,76399.89
560ee119-30eb-45e1-a481-fee3c15d11e3,BUTTER-E|4194304|4|0|5300.0|wide_first_16x,269380.78870799986,240299.28,234204.47112366543,229189.55
561081c1-82e3-42d2-a64f-3408fc226a5e,BUTTER-E|4096|10|0|48842.0|trapezoid,585950.1225859998,616690.25,649516.034182561,787598.56
56176acf-e871-48db-96ff-a4e0e4c27c69,BUTTER-E|1024|6|0|15000.0|wide_first_2x,184207.9903219998,164347.53,169296.40650855022,183485.6
56198bed-7417-41b7-bedc-ad3b12619ce4,BUTTER-E|16777216|8|0|5300.0|wide_first_16x,587477.518246,648219.75,609641.1016499514,649124.8
562edce0-06b8-4783-8684-9fe5d32416c0,BUTTER-E|1024|10|0|48842.0|exponential,514112.81526599976,621500.3,635779.2058344292,747690.6
5671db91-2469-42e8-a540-9bc5db48bd5c,BUTTER-E|524288|3|0|12958.0|wide_first_16x,211646.0336699999,235178.64,220187.10765749056,228952.95
567cc316-e9c0-42bb-9533-31cf0898d67c,BUTTER-E|4194304|14|0|48842.0|wide_first_8x,3468502.358015,3.232321e+06,3239076.343417284,3.169766e+06
567f8df2-d8ad-4f1b-b5f3-b37bd1c5f4fd,BUTTER-E|256|5|0|3848.0|rectangle,36443.88650499992,35733.074,34912.75744969377,39612.51
56a08cf9-3397-498e-9dc9-dba9bf9ecaaa,BUTTER-E|262144|12|0|5300.0|trapezoid,274432.7121759997,189063.27,204449.99637137697,177173.16
56a9e3da-5fcf-4959-a2e3-31dfd849de8e,BUTTER-E|2097152|16|0|105908.0|wide_first_4x,6147089.242894001,6.2780895e+06,6122658.820020699,6.334478e+06
56acaff7-767c-4edb-ad12-9140ea29b378,BUTTER-E|32|6|0|5300.0|wide_first_16x,46256.141106,53933.875,50998.26041908365,54669.03
56afb446-fa37-4e56-a955-f2a2e7fcad66,BUTTER-E|131072|7|0|3848.0|wide_first_8x,123072.6194569998,118750.43,128428.05790926586,110089.64
56b8e0aa-ae15-465a-a466-3235390d825f,BUTTER-E|256|10|0|48842.0|wide_first_8x,414101.2107689998,468979.38,476255.8517743464,630305.2
56b8ed6c-3b12-4d93-afc2-a8cec3d5edf9,BUTTER-E|8192|5|0|5300.0|wide_first_4x,91747.18256799996,74917.016,91649.46358661863,57803.164
56c1b13c-e3e6-45c0-a6cd-1ce90a787c7c,BUTTER-E|65536|14|0|6435.0|rectangle_residual,342688.3155509997,250270.75,244025.83592765997,220372.39
56e46fff-875a-400d-9c60-34835412676e,BUTTER-E|256|4|0|6435.0|trapezoid,50430.14486799984,55820.613,57672.18505883444,61142.855
56faad6d-8294-4fa4-a376-3e65a152d293,BUTTER-E|65536|14|0|3848.0|exponential,159541.36000299972,133669.23,155489.2494037182,103991.24
57039264-8cf2-4fa7-b5e6-2cb7f536c3ee,BUTTER-E|512|5|0|5300.0|wide_first_2x,74572.22506,58777.934,58882.93893100741,65049.312
57071ec4-ee47-4b07-828c-95aa4cbd278c,BUTTER-E|4096|8|0|48842.0|wide_first_16x,876595.5643560002,571137.7,535105.47736975,486714.56
57163626-7522-48a3-b699-d920fbcf1bda,BUTTER-E|8388608|10|0|67557.0|rectangle_residual,6541063.416189,5.341205e+06,5068077.82836555,5.2228675e+06
57182ee0-9ecb-4087-b7bd-88b77a69b0ce,BUTTER-E|4096|4|0|70000.0|wide_first_16x,716197.88406,704867.75,672920.1793207314,665297.7
5729bbf1-74d9-45c8-a3cc-972f49871f8a,BUTTER-E|8192|18|0|15000.0|exponential,218114.3791629997,255472.11,217432.34196027,321414.38
573d0c50-7b5c-48f9-aef6-963030c41f58,BUTTER-E|16384|3|0|20640.0|wide_first_4x,226411.927699,238171.31,227626.43958238882,194221.69
573f2683-8ab9-46a0-8e2b-81cf27e572bc,BUTTER-E|16777216|6|0|5300.0|wide_first_2x,556510.9463399999,542891.25,547907.5431958555,589268.1
573fa552-7d65-4d55-acbb-e63e52dd5d5d,BUTTER-E|4096|12|0|3188.0|wide_first_16x,43616.35955799972,51866.426,52356.98710864419,40669.0
575445ad-39aa-401d-b84e-178c91cf4664,BUTTER-E|524288|3|0|5300.0|exponential,106198.8975999997,118192.06,111700.99284308968,101021.54
575dc2cd-a6f0-429d-a5ed-da10b1d34ced,BUTTER-E|1048576|9|0|3848.0|wide_first_16x,236515.700668,182331.19,160878.12854830985,166385.88
576055fe-a2a9-4d5f-b20c-36da656fdba0,BUTTER-E|1048576|5|0|70000.0|trapezoid,1483790.5538980002,1.4164038e+06,1478337.5679197095,1.4631754e+06
57679928-1c6d-4a56-b493-e2514d7629d1,BUTTER-E|8388608|3|0|6435.0|rectangle_residual,427401.2196569998,391832.22,410393.70175880427,386470.66
57786070-fa8a-4648-ac2b-b21cf870c4f3,BUTTER-E|512|4|0|48842.0|wide_first_16x,390737.15413399984,402230.56,460793.5911215099,410993.6
57861fff-8a07-49df-9c65-144b0aff43ce,BUTTER-E|16777216|7|0|4898.0|wide_first_8x,522905.2670239999,600935.1,586688.4624454882,647135.75
578f9787-f4e9-404e-afb9-fc78655f5539,BUTTER-E|1024|4|0|3848.0|wide_first_16x,42714.70761099996,45800.75,45017.82268845762,38936.37
579258d2-49f2-4c42-8021-fc74ab592c46,BUTTER-E|262144|5|0|3188.0|wide_first_8x,61184.29969499976,70227.914,68827.814284629,71642.016
579a1701-682a-4cdc-a975-dc4cccba6f34,BUTTER-E|8192|10|0|67557.0|exponential,916289.061172,910731.0,911038.9021207923,1.0033254e+06
57ac6839-8493-41e7-885a-df951e74109e,BUTTER-E|32768|3|0|6435.0|wide_first_8x,74363.13515399976,91015.37,90058.29951218943,82186.16
57b6c93c-db99-4c9b-840b-ed22cd2e05ba,BUTTER-E|131072|8|0|3848.0|exponential,122663.32496899996,109188.96,106558.2317243854,95575.92
57e72fcd-8016-49bd-a10a-62b09262aa68,BUTTER-E|262144|5|0|4898.0|rectangle,73293.504021,75529.6,73812.03827494527,73173.24
57ee86b7-01eb-4b4b-bac5-439a8621841b,BUTTER-E|131072|18|0|67557.0|rectangle_residual,2574577.793977,3.1086825e+06,2923209.3948377143,3.6755942e+06
57f04b1e-fe47-4b8d-bff7-c10520e8117d,BUTTER-E|2048|12|0|20640.0|wide_first_4x,253955.923407,258853.58,267020.73475679534,251786.64
58259c41-6175-479e-bf30-609a0dea108e,BUTTER-E|4194304|18|0|5300.0|wide_first_4x,418114.411097,482622.56,526169.2963586517,435464.94
582af7f2-5c91-43cf-99e0-53591f91207a,BUTTER-E|4096|3|0|15000.0|wide_first_16x,176922.968463,194485.62,188507.05909306643,142600.5
582f20bb-35e0-4804-94fa-583c7cb4fb4f,BUTTER-E|512|10|0|67557.0|wide_first_16x,635720.497136,625894.75,652349.4300477447,702722.6
583bd048-7708-4fc3-974e-f208f1640618,BUTTER-E|32768|8|0|3188.0|wide_first_2x,81056.27472399973,66957.47,77623.92741870134,55039.625
584f0c54-3396-4a6c-a233-ad6da640a06d,BUTTER-E|1024|7|0|3848.0|wide_first_8x,74323.97669999988,51651.11,51520.13082235054,60891.234
5858f310-d4b0-4480-917a-e5ce6b0c949d,BUTTER-E|128|8|0|3848.0|wide_first_2x,63414.84732799968,59170.113,59258.61163348554,58802.6
585b73c3-e091-4b75-9403-00d42d253c68,BUTTER-E|2048|6|0|3848.0|trapezoid,39849.72254099968,40450.523,43763.35475460019,44545.652
58623c35-b5a0-4305-987f-ef051040b456,BUTTER-E|4096|10|0|105908.0|trapezoid,1257013.75008,1.4717135e+06,1396029.6056865628,1.5228568e+06
58710470-5eff-469d-bf29-d22f223cb9f9,BUTTER-E|1048576|3|0|4898.0|rectangle,102749.83314199992,103353.43,107984.79555261931,112795.53
588ad349-5e2c-49d1-9ca4-9d976806125f,BUTTER-E|1048576|4|0|20640.0|wide_first_16x,830142.0743729997,512361.5,551545.1534372942,453635.75
58920e01-b130-4523-990e-624fd5e40b19,BUTTER-E|1048576|18|0|67557.0|wide_first_8x,4308488.087306,3.4246455e+06,3869105.817982249,3.780812e+06
58935957-bc58-4202-9533-6c475965d80a,BUTTER-E|4194304|10|0|3188.0|wide_first_4x,292186.5173499999,184458.47,181896.98804880126,170564.56
58945704-f00a-4939-9b2a-4152633971b0,BUTTER-E|32768|4|0|20640.0|rectangle,173385.5318489999,207579.55,204802.308991921,191901.27
58973e6e-a400-4547-9d65-75104f803c55,BUTTER-E|65536|7|0|3188.0|exponential,65020.40169499981,63016.605,67409.0287253931,55399.992
58cd2585-cac1-4f22-b33f-5fe8fd552133,BUTTER-E|4194304|8|0|6435.0|wide_first_8x,366055.917268,358764.2,334713.5608997416,363251.2
58d9eb92-fd3d-4a2f-8cdf-b240a4e812c1,BUTTER-E|16777216|3|0|70000.0|wide_first_4x,5475086.922042001,6.3305825e+06,6148502.089858497,6.902034e+06
58ef398d-b2f9-4a44-a4d7-f237e3a4aa13,BUTTER-E|8388608|20|0|70000.0|wide_first_16x,9081894.949926,6.606947e+06,6583765.948524776,7.1465795e+06
58f44790-34ea-4a4a-b907-80ce2a92afb7,BUTTER-E|2097152|18|0|105908.0|trapezoid,5450279.282052,6.6720895e+06,5633265.657804204,6.182891e+06
58f49e66-f604-4a4d-8ecb-cc845048a772,BUTTER-E|8388608|12|0|105908.0|rectangle_residual,8624240.863975,8.949708e+06,8688401.311237613,8.484168e+06
58fc0921-5573-420d-8312-328903cdc9d7,BUTTER-E|262144|3|0|105908.0|wide_first_4x,1385361.6881119998,1.4629842e+06,1591460.889631365,1.6211608e+06
59421459-9a62-4499-9916-f15205942073,BUTTER-E|8388608|20|0|70000.0|exponential,5918615.869881999,6.1299975e+06,6193211.750355699,7.3836675e+06
59448077-ed8e-47c5-8fb8-944a0b90aac7,BUTTER-E|2097152|2|0|70000.0|rectangle,927622.174983,1.5402789e+06,1452997.5075593526,1.2413935e+06
5945133a-2505-4a54-9396-85e2f222cf95,BUTTER-E|1048576|9|0|3848.0|exponential,109176.27686599984,161410.86,160770.78277377714,148051.2
594c41af-8d53-4aa3-b29e-8084e22a42ac,BUTTER-E|262144|7|0|105908.0|exponential,2558617.063325,1.9626266e+06,2013403.84677538,1.9635645e+06
595c9ae1-6cf1-41b6-a646-bcb0e8959321,BUTTER-E|4096|5|0|15000.0|exponential,189805.59661599973,167228.03,185337.01590711667,170288.73
59926a70-b5de-4706-ac6a-fa36dd67950b,BUTTER-E|524288|6|0|105908.0|wide_first_4x,2129525.751287,2.376505e+06,2135362.768590796,2.4403445e+06
59af15c6-5f8d-4323-8299-05c24d7bd45b,BUTTER-E|128|3|0|67557.0|wide_first_16x,540791.0357540001,578098.25,558543.0365977633,594491.6
59b0ad53-65a5-4957-9d9f-c0e839260ce7,BUTTER-E|16384|6|0|48842.0|wide_first_4x,899400.878767,641789.94,586976.251585481,670575.8
59b5883c-2ec8-4654-a2b1-5a44e25e3dc4,BUTTER-E|1048576|3|0|105908.0|exponential,1848340.403122,1.8076941e+06,1932688.1411692654,1.866735e+06
59e70ef7-568a-4a0a-8f6e-e57cc51a5f7f,BUTTER-E|2097152|6|0|48842.0|wide_first_2x,1422849.9544339995,1.5273831e+06,1631340.5916279943,1.4751675e+06
59f18d3d-b7b8-4e8c-9b3f-638840e236de,BUTTER-E|65536|3|0|20640.0|rectangle_residual,276959.443882,266186.62,285671.65687352425,264612.8
59fcc0ea-1643-41ee-99b7-c04ba190677a,BUTTER-E|131072|10|0|5300.0|wide_first_4x,141854.65929499967,169300.97,175139.28867519472,163375.06
5a1213b1-409d-4404-8ad4-cd9f888a45e9,BUTTER-E|1024|3|0|48842.0|trapezoid,254510.435336,356999.66,460335.6756834734,408558.2
5a131d68-9af5-4d06-81fc-d61107cf518f,BUTTER-E|32768|18|0|105908.0|rectangle_residual,3584382.780752,3.978258e+06,5438733.378430531,1.9231688e+06
5a1447c9-c1e5-4900-93bf-3c6f49aa7cb4,BUTTER-E|1048576|16|0|70000.0|rectangle,3337313.01516,3.2754262e+06,3357548.6947718505,3.6849865e+06
5a163e88-ac83-4218-8ffb-26b4a8fad58d,BUTTER-E|256|7|0|12958.0|rectangle,99140.65093799986,111302.41,102611.79861591323,115117.36
5a283999-af5b-426a-aa52-8a9ab0a640f2,BUTTER-E|16384|3|0|48842.0|wide_first_8x,528901.8447299998,487423.38,522806.25152184314,494408.44
5a5978ed-ee05-4927-9ac4-f434c4adfdd5,BUTTER-E|1048576|7|0|105908.0|exponential,2323342.966435,2.4784765e+06,2649057.0287520057,2.625799e+06
5a5a3520-7e39-4f61-9219-1e03bec045a0,BUTTER-E|2048|14|0|3188.0|wide_first_4x,103273.36751299966,49990.043,52815.70377190607,49429.78
5a707d82-6eb3-47ee-9f8e-1b3cee741e55,BUTTER-E|4096|8|0|12958.0|trapezoid,193077.06655,170098.34,155093.90556492182,186171.86
5a73e0db-f399-4155-9664-f376407f7e07,BUTTER-E|32768|16|0|12958.0|wide_first_16x,220538.4941539997,314238.1,227701.5514798824,181231.03
5a74ab91-b875-4e13-adfa-faea1f6eca96,BUTTER-E|16777216|7|0|105908.0|trapezoid,10513215.381675998,1.0814658e+07,11178025.418403149,1.1405509e+07
5a7b30bd-4a20-41d5-89f3-6e40ce9ec474,BUTTER-E|8192|10|0|5300.0|rectangle,57988.26251699975,65198.68,60340.89069486346,62276.727
5a80d024-eef4-4e46-9cae-da5c182885fc,BUTTER-E|16384|6|0|20640.0|exponential,250220.182698,287616.44,295738.1529161689,230567.84
5a8a3924-6e07-4105-b17c-c2b3d502dde4,BUTTER-E|524288|12|0|70000.0|trapezoid,2076301.440773,2.3976055e+06,2262867.804930209,2.4818258e+06
5abc7e49-b679-4982-a9c9-197e1f8b32fc,BUTTER-E|256|14|0|48842.0|wide_first_16x,481261.470156,483181.66,480977.568992896,552359.0
5acdbb9d-8f1c-4573-a679-b3a0e7948a34,BUTTER-E|4194304|6|0|5300.0|wide_first_4x,229943.2364299998,248854.88,235721.28774555674,244721.17
5ad1e959-0699-438b-87de-56cab57a0538,BUTTER-E|524288|9|0|12958.0|wide_first_16x,464193.854721,409372.16,432196.19728357735,436467.38
5ae4019e-0124-459d-8ed2-da28ecf59e36,BUTTER-E|2048|8|0|48842.0|wide_first_16x,554331.149285,513154.66,539782.4530250554,483935.2
5aee3bc3-5656-49cf-a15e-5e0f692d6de1,BUTTER-E|2048|12|0|5300.0|rectangle_residual,61977.23146499976,73797.734,61599.7915244214,76397.92
5b25b34a-39b7-4eb2-8c80-1412d1306ebf,BUTTER-E|16384|14|0|48842.0|wide_first_8x,984177.7622539998,814428.25,845576.6377486949,799142.06
5b3612b7-107c-4a8f-8d30-160c42e91d0f,BUTTER-E|1024|5|0|3188.0|trapezoid,37536.83470899968,37029.348,43539.05537124618,41525.88
5b5a3ae8-5b9d-424a-994a-99852193fa72,BUTTER-E|16384|7|0|4898.0|exponential,97352.43121599984,93693.336,93600.04672566138,71159.305
5b8c275e-c54a-4ad3-b3b8-00823be9995f,BUTTER-E|2097152|4|0|6435.0|wide_first_4x,253102.90747399995,204244.4,186663.9163919738,181809.06
5b91227b-1163-45de-9809-d3d712853cc5,BUTTER-E|524288|8|0|5300.0|rectangle_residual,204697.228671,166768.88,172259.23643396172,156152.73
5b95af60-7b5b-42da-8df7-804b88048923,BUTTER-E|8192|9|0|20640.0|wide_first_8x,298626.7700119997,297280.03,263893.43528933875,273492.06
5b96065f-67dd-4fbc-aba5-a19c718ec9ca,BUTTER-E|8192|4|0|5300.0|wide_first_2x,81932.33759999977,81992.87,89146.94598544728,64175.734
5b972571-cfe9-4ea7-90fa-afb9b149c05e,BUTTER-E|4096|6|0|4898.0|wide_first_8x,65170.41702399971,68730.0,65156.21243093982,64128.074
5b979ea2-93ed-45ea-8def-0791e8740c57,BUTTER-E|16777216|2|0|3188.0|rectangle,272244.6613369998,985481.0,3048251.6868840856,515323.28
5ba686be-e007-4c57-8ee7-fe947131bbdf,BUTTER-E|262144|3|0|48842.0|wide_first_16x,601829.04118,683659.6,652441.4365206269,740846.9
5ba7effa-5fff-45c4-a1e9-672920f30fa5,BUTTER-E|4096|3|0|48842.0|wide_first_8x,456007.913892,478917.9,477331.9220688154,470576.12
5bbb6fb3-da7a-4d9c-a424-42bebc89fae3,BUTTER-E|1048576|4|0|3848.0|trapezoid,64269.27760399992,82550.65,86699.39585078324,86451.1
5bf124e9-e715-4207-bcdc-c841df7b0d53,BUTTER-E|4096|18|0|5300.0|trapezoid,85293.54600799968,89500.266,91844.5818385414,95233.086
5c1b5f8f-c3f2-40d4-8658-5b8f2c0a31b5,BUTTER-E|8388608|8|0|5300.0|wide_first_2x,420656.1812299998,399646.56,458201.7421472712,387498.12
5c212a8f-091c-4ac8-8903-e452e67a1b78,BUTTER-E|16777216|14|0|4898.0|wide_first_16x,618899.1552819997,726063.25,705012.8068343304,765612.2
5c37c33f-d910-4a42-a9ee-f1a51e6135e9,BUTTER-E|2097152|2|0|3848.0|rectangle,779142.4566699999,700533.25,1458413.528962649,1.02285475e+06
5c4640bf-ac08-4a21-912c-61d276df93ec,BUTTER-E|128|12|0|12958.0|wide_first_16x,133218.16410299976,137769.23,145773.89180237698,145466.19
5c542d4c-acd3-4ddf-b53d-09720d2172f4,BUTTER-E|4096|3|0|105908.0|wide_first_2x,897750.170024,996588.0,996822.0172606165,1.00359625e+06
5c8cf48b-2376-41d7-927f-315e2cfee043,BUTTER-E|262144|20|0|20640.0|wide_first_16x,776770.1724719999,962263.2,881973.6698917826,965622.25
5cad7841-a939-48c3-b9c0-f4b374f6e732,BUTTER-E|8388608|7|0|4898.0|wide_first_2x,363514.6067459998,362668.28,367547.076413595,399072.22
5cb2ba77-c697-4f54-a9dc-e093a02c35d3,BUTTER-E|128|9|0|6435.0|rectangle_residual,85272.72134999976,103248.414,104380.40259017094,93104.48
5cbbbd0b-3ccc-4140-9f28-c29facf15c21,BUTTER-E|1048576|12|0|3848.0|exponential,160140.049452,222338.38,250698.4624882676,198021.8
5cbe2dc2-a760-4ab7-a86a-100148eadc27,BUTTER-E|4194304|10|0|15000.0|wide_first_4x,959829.9783739998,863612.4,948210.7786663233,795532.44
5cc0adff-908c-4682-9edd-e8925c750ed7,BUTTER-E|2048|18|0|70000.0|rectangle,2134143.2354,1.1224e+06,1355114.1242509326,1.1123852e+06
5cdb66ea-2fd7-4658-b157-841c7ccb2fb2,BUTTER-E|1048576|9|0|70000.0|rectangle_residual,2427825.4927570005,2.4323658e+06,2262486.0018594884,2.5242792e+06
5cf31f9e-8dcb-4652-b011-539b49b8c64d,BUTTER-E|16384|7|0|15000.0|rectangle_residual,289436.5778879999,289248.7,283367.52274463105,205525.2
5cf6b651-b50c-47d1-8eb0-56e0040535f1,BUTTER-E|2048|4|0|3188.0|wide_first_4x,43899.986556,42563.234,47958.07054405762,39042.496
5d122fb4-1da2-48ae-a2f6-f2ebd14d2ff8,BUTTER-E|32|2|0|5300.0|rectangle,38070.61749599976,52271.78,43195.89432658483,66847.02
5d150a7e-01fa-468e-9f0b-4786ceed7a82,BUTTER-E|2048|18|0|20640.0|wide_first_2x,368172.30731000006,291917.66,256195.77462564508,330596.94
5d1acbae-be63-4c75-a7be-d0751aa5bc62,BUTTER-E|4194304|2|0|5300.0|rectangle,3964035.1064439993,2.5606098e+06,1736401.7493965714,3.4271318e+06
5d1c5e68-6d73-48c8-bcf6-d1b98bbaafe1,BUTTER-E|8192|4|0|15000.0|exponential,227886.790005,191057.8,199147.73420899382,163653.1
5d2ed9fb-3529-486d-9388-a681b9f11be5,BUTTER-E|8388608|7|0|6435.0|wide_first_16x,460850.1848159997,489215.84,474720.5444394383,455524.62
5d454b6b-5b25-44dc-af37-163748c2e12c,BUTTER-E|524288|8|0|48842.0|trapezoid,1145010.618886,1.2968394e+06,1193146.502913081,1.3426582e+06
5d4a7946-659d-48a9-93e9-870d36820b76,BUTTER-E|1024|20|0|6435.0|wide_first_16x,220836.603518,122337.51,109557.39868749803,90827.64
5d671a84-2d1f-4b1e-9ae6-192a274e83f3,BUTTER-E|2097152|3|0|3848.0|exponential,138496.70219299992,125240.59,106664.22294242933,113818.19
5d6af3aa-7e5e-4fa0-9549-43b8dc6cb33d,BUTTER-E|2048|6|0|12958.0|trapezoid,129347.62685999976,136294.72,131999.60196326792,156406.69
5d81def9-f74b-4bbd-bde0-45c8bab1455e,BUTTER-E|128|6|0|5300.0|rectangle_residual,57246.800379999855,62644.38,64177.43369909122,61976.035
5d841ae5-dd93-430e-86f3-3b8650d887ec,BUTTER-E|4096|5|0|105908.0|rectangle,611366.0549839999,758831.6,723002.7426688339,913615.6
5d98f0fc-e646-4116-bd04-f0299f5c8a52,BUTTER-E|32768|12|0|70000.0|exponential,1093449.566688,1.03979106e+06,1038794.7431529054,1.1264889e+06
5db7c973-b362-4796-ae29-79d64936f397,BUTTER-E|16384|16|0|70000.0|exponential,1044020.2038639996,1.1796499e+06,1365781.9039681903,1.252891e+06
5db941d5-3d13-41d5-aa0d-3a4764064079,BUTTER-E|512|2|0|67557.0|rectangle,568159.20656,516597.22,507815.90353909874,549734.06
5dd193f4-1fec-4408-8a6c-398e436cd35e,BUTTER-E|1048576|4|0|12958.0|rectangle,213031.739875,243296.56,290246.11046737415,226793.7
5de436b7-e78e-46a0-b84d-7312382d96c9,BUTTER-E|2048|10|0|5300.0|trapezoid,63017.78583499992,69976.13,76852.29951345042,86411.945
5e03299c-778f-48bf-be8e-2cd1efe9852d,BUTTER-E|4096|12|0|15000.0|wide_first_8x,375464.446542,246172.45,298341.09478060243,227875.77
5e2fa2c5-13d1-44df-8652-2671797727fe,BUTTER-E|4096|9|0|3848.0|rectangle_residual,50594.39448699996,54343.625,53359.87107804655,61774.633
5e3b9c36-21ed-4a34-9ca4-78ccbba5d7bf,BUTTER-E|524288|7|0|70000.0|wide_first_2x,1547741.2926589998,1.601742e+06,1608651.5849832299,1.6181149e+06
5e8dcc1f-c67c-42eb-8249-9b8ed21864b4,BUTTER-E|32768|20|0|4898.0|exponential,204886.8947899998,186386.64,165901.96836452483,117287.375
5e9278a2-0e96-41a5-85b6-8cdff7995e11,BUTTER-E|4194304|20|0|3188.0|wide_first_8x,233425.776937,282599.44,280857.6789988144,286845.88
5e944962-8402-41a6-82a8-c8224cabb634,BUTTER-E|64|18|0|4898.0|wide_first_16x,56991.192429999945,59156.344,60747.938001468494,70040.43
5e9b954d-4f3a-4b71-ab4f-fb19b97ae72b,BUTTER-E|4194304|7|0|48842.0|wide_first_16x,3043213.380144,2.4020248e+06,2393695.134222378,2.4738528e+06
5ea2d065-eb50-4140-92ef-200b24a8e8b5,BUTTER-E|16384|5|0|67557.0|wide_first_16x,687778.3631439997,746313.56,837452.9498644323,631763.94
5ebee19f-a11d-4b4b-a2ca-f05911296c9f,BUTTER-E|262144|18|0|20640.0|wide_first_16x,1277466.7562439998,916854.75,766029.7271933635,900677.06
5ed0f9df-2e51-41a9-97fe-b38f8c9895b7,BUTTER-E|4194304|4|0|4898.0|wide_first_16x,198890.0924719997,220954.69,211764.78914791357,219907.17
5ee31542-ed4f-4848-95c0-b27ae4d0b977,BUTTER-E|64|4|0|15000.0|wide_first_16x,136538.14084099993,138949.52,138115.43784496744,143171.33
5efff3ba-1a01-4921-aa57-a1156430fa30,BUTTER-E|8388608|3|0|12958.0|wide_first_8x,1026597.670018,746637.5,800380.8053370871,796618.8
5f0093db-8f98-4c23-b56c-e7042a823ff4,BUTTER-E|64|8|0|3848.0|trapezoid,61656.55759299995,56839.355,56993.195552831705,59301.91
5f0ee325-7f8c-41f1-9a91-6ceca6e2e62d,BUTTER-E|131072|10|0|6435.0|wide_first_4x,221779.294352,202078.1,192407.7232538977,196284.69
5f1bd46e-7a79-47d6-98f3-3248b1c945d0,BUTTER-E|16384|7|0|70000.0|wide_first_8x,857442.2969319999,883554.6,834321.9430699191,826263.3
5f3f66f2-fa13-43a8-98be-7ff779c19e44,BUTTER-E|524288|18|0|4898.0|wide_first_4x,291233.242327,269842.66,263597.255941609,248688.81
5f47ad5d-c6f4-4939-a854-673a01d2cf17,BUTTER-E|65536|6|0|70000.0|wide_first_2x,1132881.0637879998,1.1753691e+06,1160526.4728285102,929604.5
5f6a3007-73bd-4217-812f-71f8ac3daa4c,BUTTER-E|262144|7|0|12958.0|rectangle,301806.03315299976,206149.84,211719.32507350197,191355.75
5f6d2376-30e1-4d1f-bc45-d6d7a1d71f9e,BUTTER-E|512|8|0|3848.0|wide_first_4x,44163.23157599976,53679.97,50994.82419011178,53170.766
5f73204b-5fa3-400b-b443-d3bf365fd511,BUTTER-E|16777216|12|0|3188.0|wide_first_4x,424899.727802,424949.22,471948.76849515014,429281.12
5f77d407-cc07-4a51-a022-d161796eba83,BUTTER-E|1024|4|0|5300.0|rectangle,38365.33217699965,40723.375,41658.09317075433,46731.066
5f7c7bf5-1dad-464f-a9f6-9812a74fe8ee,BUTTER-E|16384|4|0|12958.0|exponential,168024.53475399996,171073.48,183300.498178704,149518.22
5f8f02eb-8bcb-402d-a7b3-41d4d09479f7,BUTTER-E|64|8|0|20640.0|wide_first_8x,184186.99795799988,203897.39,212010.9285059414,256194.3
5fb25ac0-8ca7-4366-a529-4f3428eb4060,BUTTER-E|65536|9|0|3848.0|rectangle_residual,123123.28834499976,126529.61,105821.25492112848,99986.29
5fbedd89-e3a2-47cc-9202-0b6f7a22b435,BUTTER-E|32768|10|0|4898.0|wide_first_2x,127379.91883299986,148353.38,145266.31334295849,98458.28
5fc5e630-6d42-4403-b7f7-a5ce7eafad8c,BUTTER-E|131072|7|0|15000.0|wide_first_2x,326308.44505999965,350811.53,368512.99275280663,347493.1
5fdeefc3-069f-4ec0-a3a9-3b2781d91231,BUTTER-E|4194304|20|0|6435.0|wide_first_8x,574559.7679679998,607483.8,627775.2600228331,641808.9
5ff203ec-95a5-4b93-a177-ae7f4d67531f,BUTTER-E|128|9|0|15000.0|rectangle,141995.53786799987,138298.81,128969.40440766969,151734.25
5ff7175c-01bf-43a0-8689-e58d89d1a944,BUTTER-E|1024|7|0|12958.0|exponential,150601.7517829999,158710.75,149261.6727981132,166975.92
5ffb7595-37aa-4490-b054-5a2ecd830782,BUTTER-E|8192|16|0|48842.0|trapezoid,682271.08704,824414.44,811422.6605590113,943915.0
5ffe7202-9f98-4494-a3be-835cac59c072,BUTTER-E|65536|9|0|5300.0|rectangle_residual,128424.70250099966,156864.69,155085.5649553629,144264.38
600ece6e-8030-4290-8de6-48158a824775,BUTTER-E|8192|20|0|12958.0|wide_first_16x,274469.4503349998,219617.94,232030.23371892795,176664.95
600f344b-0559-47ab-ab3e-d1251e22af75,BUTTER-E|1024|5|0|6435.0|exponential,66494.26159199963,73102.86,70943.1102100359,80057.586
603bf688-5e40-4651-bd96-66265d9d7cbc,BUTTER-E|16777216|6|0|48842.0|wide_first_8x,4604910.776978,5.662723e+06,5204850.249368491,5.9066125e+06
603f66d0-d174-440b-bb66-1de41f5a8449,BUTTER-E|4096|16|0|20640.0|wide_first_4x,229033.01349999968,283268.88,288506.31476311944,297768.34
605dcd77-ffa7-456c-9f78-6dab72f916ea,BUTTER-E|16384|12|0|4898.0|rectangle_residual,138335.21517899988,134259.22,156532.67225059654,81455.555
606336df-7509-4230-a0e4-e8b59f075887,BUTTER-E|1048576|6|0|4898.0|wide_first_2x,142394.25905499994,149697.28,140855.68687446121,151615.64
60637cd2-d3c4-4b52-aaa4-31cee1e7d47f,BUTTER-E|262144|4|0|105908.0|wide_first_8x,1587770.7440599997,1.6915251e+06,1682927.4467826951,1.7428946e+06
606ea7e0-9f7b-45e8-a4ca-21987eca8d76,BUTTER-E|262144|10|0|12958.0|wide_first_16x,430483.0570579999,416780.0,523228.982416717,448738.72
608d4b00-3583-42e2-a0d8-cfe2ab4795e2,BUTTER-E|131072|8|0|67557.0|wide_first_8x,1919544.723207,1.5211295e+06,1588006.6758024264,1.6586404e+06
60a8d96c-d569-4fe8-b4be-8e90f7a690d3,BUTTER-E|32768|3|0|105908.0|wide_first_4x,1169164.3358559995,1.2112381e+06,1130885.001398824,1.1673129e+06
60ac15c6-bc75-4466-9f84-09ca222361cd,BUTTER-E|2048|6|0|12958.0|exponential,144294.149664,154732.88,149179.62631029985,160108.47
60cd0e12-e8f5-41c3-9021-37ae10ff6d43,BUTTER-E|8192|9|0|105908.0|wide_first_2x,1223433.1170199998,1.2997589e+06,1163955.7630490784,1.4475419e+06
60d18b39-cdc0-483f-85e5-33843b51d426,BUTTER-E|131072|16|0|20640.0|trapezoid,689242.0412769997,771963.6,760181.2259549391,806355.9
60da77aa-cd0c-43a3-b296-8e78b3886beb,BUTTER-E|65536|14|0|5300.0|rectangle,229110.8562019998,181392.7,218602.46109956573,166523.02
60ddeecf-78d9-4742-8989-c4ea0faad818,BUTTER-E|1048576|14|0|6435.0|exponential,386137.4919479996,295446.88,311038.594688223,269617.84
60de18a3-7729-4644-853f-941ea453ade8,BUTTER-E|8192|12|0|20640.0|exponential,372054.8233599998,338232.6,354090.47940358776,273373.16
60e04199-a15d-42c0-9cb8-e65929346563,BUTTER-E|64|2|0|3848.0|rectangle,44033.59976099976,40059.246,40043.14718193422,48996.63
60e77581-cd51-49cb-9a59-a38bf401574c,BUTTER-E|16777216|6|0|20640.0|exponential,2339454.660678,2.0941182e+06,2306710.1800798327,2.0982865e+06
60f55673-3576-43a4-b1ff-cb6a46b74f54,BUTTER-E|16777216|2|0|70000.0|rectangle,4787760.592534001,5.624676e+06,8899900.73435482,6.2248565e+06
60f79f98-4e76-4e2e-841d-7fa97012de9c,BUTTER-E|524288|2|0|67557.0|rectangle,1108220.954374,873784.06,954722.7109093741,855973.6
60fc81d3-3cee-49e8-9017-3b5c3d7cc0a1,BUTTER-E|524288|9|0|4898.0|rectangle_residual,175834.13388599988,174473.23,175257.24784360535,168025.75
6118f3c5-b175-452d-9942-c4c1581e7429,BUTTER-E|2097152|12|0|105908.0|exponential,3961504.925700001,4.5401865e+06,4874876.179760516,4.5628055e+06
6127770d-d5dc-422f-8739-7bf3e023782f,BUTTER-E|4096|7|0|67557.0|wide_first_16x,688499.2286169998,749144.56,652257.314453034,650598.0
612c70db-8b81-4820-9457-33d5adede4eb,BUTTER-E|256|8|0|3848.0|wide_first_8x,51550.79947799976,53897.473,52353.79571890834,60036.44
61331237-c197-4cb6-8bec-9c1d46dc07e4,BUTTER-E|8388608|8|0|3188.0|rectangle,201100.22111199968,197901.9,203400.49696294882,193505.45
6146a81e-31de-465e-8648-d5b446a70d0c,BUTTER-E|524288|2|0|6435.0|rectangle,143566.72281,129795.07,134031.06675267752,140742.64
614c23f8-af29-440e-9045-c8ad1e1f00b2,BUTTER-E|131072|3|0|20640.0|wide_first_16x,392501.8928719998,286052.28,290169.19667843956,265456.28
616cd24f-3c80-478a-b4de-b32721af4b58,BUTTER-E|1048576|10|0|6435.0|wide_first_4x,264421.552302,274300.5,286290.06362063455,260053.62
6172551a-31c6-4bdc-9c5e-1877701715ac,BUTTER-E|8388608|3|0|15000.0|rectangle,865809.4903599998,819684.75,850524.0736448641,1.6707488e+06
61733ef2-915b-4ebe-a0a2-9d0c98261017,BUTTER-E|8192|7|0|20640.0|rectangle_residual,446052.8642999997,317786.44,359226.893490122,249280.53
6178d46f-58fc-4fca-b682-a992bd9c324e,BUTTER-E|64|4|0|20640.0|rectangle_residual,181437.667273,190005.53,195109.50591187857,202444.6
6179e189-c250-47f9-9554-5b7f85a54812,BUTTER-E|524288|10|0|15000.0|wide_first_8x,769865.960767,497864.34,502665.86342273623,560865.4
61874732-a4fc-47a4-8a10-4fbb91617bea,BUTTER-E|2048|5|0|3188.0|wide_first_16x,41167.01708499996,39597.023,39298.056384760246,36357.402
6192ee55-34ce-448b-922d-16c025b321d0,BUTTER-E|131072|14|0|3848.0|wide_first_2x,219355.3381329997,216946.72,220399.02303071768,231393.89
61a6b733-9f5f-43c8-9fba-f53d797b6a96,BUTTER-E|2048|12|0|3848.0|wide_first_8x,97136.62482899988,64658.54,74551.76977009208,58798.734
61a7c164-e55e-430a-b71c-2212170b3ed9,BUTTER-E|32768|5|0|5300.0|wide_first_2x,112303.23271599995,100556.6,95446.85102650023,77998.2
61bf0e04-a3b0-4a5b-abaf-eee43d42dc4c,BUTTER-E|2097152|2|0|48842.0|rectangle,1424888.379302,1.4306106e+06,1066521.029214345,1.5622595e+06
61dad5e2-0298-4c7a-a30c-a8b54fb9e595,BUTTER-E|512|9|0|67557.0|wide_first_2x,1130308.129902,784721.75,742195.4712290075,816389.44
61e6d7b9-9ca8-45cc-9ec8-317707b261f5,BUTTER-E|131072|5|0|105908.0|wide_first_8x,1845999.997059,1.7876121e+06,1761183.0784757647,1.9235118e+06
61f83c56-8e2c-49c3-b488-1366ce0ee311,BUTTER-E|131072|20|0|4898.0|wide_first_4x,233076.5200409997,250960.53,284634.0129475862,239828.81
6203bb56-8e85-4043-a552-721b38d0d763,BUTTER-E|32|12|0|5300.0|wide_first_16x,55072.92450699972,52681.51,57761.432945669534,64670.44
620641e0-e008-47ec-b5f4-dde21f40b0aa,BUTTER-E|512|9|0|105908.0|wide_first_8x,1027650.5782799998,1.040035e+06,1084420.7901077233,1.3218965e+06
621f18e4-ac77-484d-8ead-bd6cd1cbe64a,BUTTER-E|128|4|0|67557.0|wide_first_4x,549218.9520739998,545890.0,566936.107093046,670099.56
621f37f8-e3a3-4a95-a238-74e44572853f,BUTTER-E|524288|5|0|67557.0|wide_first_4x,1160954.760477,1.321236e+06,1206488.7282731303,1.3387176e+06
622b46bd-01d2-4176-a363-e949a00b27f5,BUTTER-E|4096|14|0|12958.0|exponential,171107.96126999977,203750.44,203291.06194856396,230083.06
622f0ce3-0748-478c-a8f0-51b4132286d0,BUTTER-E|32|8|0|3848.0|wide_first_16x,52268.875146,44533.973,46256.95050117395,45818.926
623184ff-b795-40d8-b3a8-f130a28daa75,BUTTER-E|4194304|20|0|5300.0|wide_first_16x,411222.4679509999,499933.06,476358.7744250045,463380.34
628215fa-c36a-4184-bca2-15a6532b5cdd,BUTTER-E|262144|12|0|70000.0|exponential,1675326.326198,1.7625802e+06,2020105.8563372497,1.7703126e+06
62857cf9-c92a-455e-b711-e6cba5ef32e2,BUTTER-E|128|9|0|4898.0|rectangle,57463.59047399968,54889.652,55536.41848646823,50174.984
628e9414-e8dd-4e8f-b784-8ce50c6af13c,BUTTER-E|64|2|0|20640.0|rectangle,150138.8290189998,159118.58,156331.6157867306,196517.12
62be3846-b946-495a-a17c-d65347332253,BUTTER-E|2097152|6|0|6435.0|rectangle,244182.37853699984,164866.67,167347.35521524205,159050.0
62c18907-7a5e-4f81-801f-8f14cf7d538a,BUTTER-E|262144|6|0|20640.0|wide_first_16x,421931.30850199977,425062.28,455568.77133088786,437816.84
62dfe997-699e-4896-95a1-38226cdf6287,BUTTER-E|2048|8|0|48842.0|wide_first_8x,471190.8700189998,590247.3,525017.343869129,555848.25
62e02d65-11b4-4f85-a26b-65b2497e0014,BUTTER-E|128|2|0|3848.0|rectangle,28838.82586999996,41094.44,39306.95458261395,49021.492
62f6cb6f-0c6b-469b-abc3-17a3b4e02bd5,BUTTER-E|128|8|0|4898.0|rectangle_residual,72924.37219199988,75508.35,77396.16068711254,71136.5
630ff568-f898-4d32-8e7a-b5a19d75e9bb,BUTTER-E|8388608|6|0|3848.0|wide_first_16x,294969.79247699986,295476.16,261947.43595447997,275734.38
631809e6-05f6-4cde-b784-051f91839cf8,BUTTER-E|8192|20|0|20640.0|rectangle,241263.67866899972,277905.47,309303.28688156686,340646.22
631cc855-1179-4341-b3c4-26fbe258bc81,BUTTER-E|2097152|5|0|67557.0|rectangle,1648497.7743099998,1.6956841e+06,1760931.7643074545,1.7749886e+06
6343576c-e4c6-4340-8480-5008d8b2772d,BUTTER-E|524288|10|0|48842.0|trapezoid,1815090.78078,1.5685879e+06,1624217.4558013636,1.5867678e+06
635779f9-1570-454f-85b3-4cb8cd385bd6,BUTTER-E|1048576|10|0|3188.0|wide_first_16x,119956.843629,116884.945,116730.0165603325,123481.18
63585073-b8cf-4c92-8cb0-e8010631aa89,BUTTER-E|16384|14|0|105908.0|wide_first_2x,1653602.794808,2.2593208e+06,1691865.9361882398,1.8246194e+06
63599895-e201-4c7b-af04-e25381416775,BUTTER-E|1024|10|0|3188.0|wide_first_16x,43217.45591399964,44910.797,41517.53144295943,39315.03
6361228c-26b0-438e-81ce-54e38896f641,BUTTER-E|4096|18|0|4898.0|trapezoid,92170.8686819999,85933.49,82933.53700398808,99017.055
63626efb-11c4-405b-a554-6056de0bb581,BUTTER-E|1048576|18|0|4898.0|exponential,226674.325548,271925.1,228883.38577648022,242707.45
636f1008-d754-4432-9a05-95df86c485bc,BUTTER-E|128|8|0|5300.0|exponential,60752.82042299988,69758.78,67335.60350480082,66901.11
638b9ec1-3ba2-4856-93c3-003608afc3c4,BUTTER-E|16777216|14|0|67557.0|exponential,7149452.73849,8.081394e+06,7734397.33479139,8.190594e+06
638bb59e-c0ab-4fb9-89dd-80034c14f162,BUTTER-E|1048576|16|0|15000.0|rectangle,648299.669976,701480.56,685018.4677060937,817212.8
63c2701e-a3fc-4a49-9425-13512cdf69c8,BUTTER-E|32|2|0|5300.0|rectangle,53235.61857099973,52271.78,43195.89432658483,66847.02
63c82dd7-daa2-41fd-9f75-7417414fe5ed,BUTTER-E|65536|12|0|5300.0|rectangle_residual,175010.66507699998,205702.08,180724.43654514273,181362.78
63cba96e-c4c8-4b38-b65d-e0a45041c107,BUTTER-E|131072|20|0|105908.0|wide_first_8x,4051407.301834,4.4958415e+06,4514634.090388024,5.1430325e+06
63e7226e-672c-47da-b738-0eced721c158,BUTTER-E|128|2|0|3848.0|rectangle,36566.420192,41094.44,39306.95458261395,49021.492
6417b8f4-c93a-4bd9-aad8-5a62ff5655a0,BUTTER-E|128|5|0|5300.0|exponential,50110.139301999705,58856.24,59553.52617833637,60705.69
6419c506-f386-4690-882b-373ead5eb392,BUTTER-E|524288|8|0|4898.0|wide_first_2x,140276.7176419998,147372.9,157584.87513759322,150524.88
6419d1c8-8fb0-450c-a214-bb1fc248d17f,BUTTER-E|8388608|4|0|105908.0|rectangle_residual,6119337.679467,6.528454e+06,6572399.047361685,6.2443405e+06
642d6b31-5478-4384-a441-08efab4642df,BUTTER-E|65536|4|0|4898.0|trapezoid,75327.83996999968,66680.336,66091.30069228837,63780.78
64370174-b015-48d0-b980-504e7c9ade38,BUTTER-E|4096|4|0|5300.0|wide_first_8x,98040.1899879997,67983.25,63229.52472266932,62994.37
644b7a75-5b72-4960-ad84-a6bbce6b5d35,BUTTER-E|8388608|7|0|5300.0|wide_first_4x,479706.448144,391132.56,380041.76430760074,366242.34
6457dde8-ed49-49c3-8bc9-d1ea7aeca5c6,BUTTER-E|16777216|7|0|12958.0|wide_first_8x,1383588.501482,1.478449e+06,1397169.3442135307,1.6207202e+06
646903bd-7289-43cf-ac62-61014ceec815,BUTTER-E|524288|12|0|67557.0|wide_first_8x,2365215.076434,2.394169e+06,2241144.073170193,2.5815765e+06
647b4a56-9946-43c4-adbc-98f2822acdab,BUTTER-E|8192|6|0|3188.0|wide_first_4x,54097.32233299968,47616.93,44908.49742939243,42235.3
6482f765-9194-4038-b1bd-f5f4b3a04fe7,BUTTER-E|4194304|7|0|15000.0|rectangle_residual,758451.1112669999,710091.3,708344.2577006352,715849.7
64839cf4-f57b-4706-ac90-6d7586ad5571,BUTTER-E|8388608|10|0|12958.0|wide_first_4x,1031038.271433,1.0916409e+06,1065435.3964243557,1.0551022e+06
648aa530-ea3f-4d41-8ac3-08a1331e97a8,BUTTER-E|4194304|2|0|5300.0|rectangle,3146961.4194320003,2.5606098e+06,1736401.7493965714,3.4271318e+06
64982159-46af-4e92-85a9-f8581235ade6,BUTTER-E|4194304|8|0|67557.0|wide_first_4x,3216920.4711440005,3.512267e+06,3253518.729518025,3.371802e+06
64a119d5-c3c2-42ac-96db-58bdb6ceb5d1,BUTTER-E|16777216|18|0|105908.0|wide_first_16x,14643732.688811002,1.4936686e+07,14586098.876917697,1.6532711e+07
64b81b40-d8f6-46aa-b4fc-a309f076f878,BUTTER-E|2097152|8|0|4898.0|wide_first_2x,192542.80455199972,206147.48,197797.42486912222,199042.5
64c9c276-047b-4207-8dcd-ad903d988475,BUTTER-E|524288|7|0|5300.0|wide_first_2x,145922.12506499977,137743.08,144332.38414168137,144143.9
64c9efa2-6309-4a3b-b9ee-54536a49964d,BUTTER-E|32768|12|0|67557.0|rectangle_residual,1932238.7693940003,1.6482348e+06,1727303.5610610181,1.00413044e+06
64ce25a7-4d87-4e87-bdf3-d73c4d4ee51f,BUTTER-E|16777216|3|0|12958.0|rectangle_residual,1230760.3852679995,1.2635404e+06,1336332.03200494,1.1751932e+06
64d3fb67-1dfc-4bdf-8dab-53971d0bb30a,BUTTER-E|2097152|14|0|3848.0|rectangle_residual,338910.8313539999,296860.16,289811.1423830361,296804.12
64d4ee8d-2ea9-4ebe-a270-8b025534b39b,BUTTER-E|2097152|8|0|3848.0|exponential,120661.48359499968,170798.8,183095.8838801335,144675.38
64d918ce-8edd-4321-a1fa-03e2be6a12cb,BUTTER-E|256|2|0|15000.0|rectangle,129771.02231399989,125801.305,123108.71977065841,153829.47
64f855be-69fc-4234-a2c5-39c502b37a7c,BUTTER-E|4096|20|0|6435.0|wide_first_8x,173048.287626,115921.586,113995.86139494806,105036.51
65048fd3-0c83-49c5-9e60-6391e9d4b979,BUTTER-E|128|7|0|12958.0|wide_first_16x,125551.8331029998,128197.9,125888.85777449889,124647.31
651513e8-5802-4201-92bd-48340bb6ed19,BUTTER-E|8192|16|0|6435.0|wide_first_8x,104904.46714299984,110870.805,126095.8129676188,109481.75
65169d44-e6bb-4a2f-b618-1dd9b0beb889,BUTTER-E|262144|4|0|48842.0|exponential,736165.7635159999,701889.44,779837.1604926545,747317.8
651effe2-cb6e-4c7c-8622-5ed770a0ae8b,BUTTER-E|32768|3|0|48842.0|rectangle_residual,583220.3446679998,594930.56,702366.2351527885,573965.56
65200f64-3eea-4677-9bb9-c421189b050d,BUTTER-E|32768|18|0|48842.0|rectangle_residual,2388237.22155,1.7331006e+06,1644605.0256560626,1.0480382e+06
652e1825-e3c5-4383-a0d9-62ca738d0c6e,BUTTER-E|512|2|0|15000.0|rectangle,93756.80483999963,122746.19,122735.09547833656,154064.95
65337929-56cf-42a0-82cd-fbe85c2dccdc,BUTTER-E|262144|2|0|5300.0|rectangle,348070.304258,174133.8,175770.550853382,321418.97
6545ea10-e517-4d67-a4e0-1aa024292560,BUTTER-E|32768|4|0|70000.0|wide_first_8x,770776.0532,776786.8,751964.9651431782,744380.9
65462cf4-c7fd-4f18-b66e-fee8ccc83945,BUTTER-E|16777216|14|0|70000.0|exponential,7691078.941311999,8.568693e+06,8134914.53748164,8.689407e+06
6546f0ca-e512-4394-90b6-0f469080bc15,BUTTER-E|256|9|0|5300.0|rectangle_residual,64528.44246499967,77758.234,69460.27589690832,71496.02
654a088f-2a27-4b17-9e94-849ece4db94d,BUTTER-E|32768|7|0|5300.0|rectangle_residual,114372.163188,127311.78,124239.16241273703,77770.695
654b23af-656e-4fa7-8855-c0c720c4bff7,BUTTER-E|8192|10|0|3848.0|exponential,82032.64532599968,71500.32,66920.136518017,56486.0
654cf400-0db6-4322-8d9e-f637ed7a2c79,BUTTER-E|2097152|20|0|12958.0|exponential,598718.9640339997,711380.5,757455.0221505265,716508.1
65539966-ee44-4c12-896f-8394c552ed2f,BUTTER-E|4194304|8|0|4898.0|exponential,236495.97707599984,242417.84,252514.08396169666,249861.05
6557c1ef-03ec-491c-ad8f-07ae72fa01e5,BUTTER-E|2097152|9|0|4898.0|rectangle_residual,214991.27298,234094.94,220024.7884886127,212212.16
6565d271-4c79-40f3-b6b0-83071898220d,BUTTER-E|524288|8|0|20640.0|exponential,484588.104176,452553.78,499493.3513597251,446765.94
658274d6-deea-47a8-aa12-d211d4b4d61e,BUTTER-E|65536|12|0|15000.0|exponential,445692.7970289997,413054.16,772511.1754597378,426479.4
6586709b-7ba0-45e3-ab17-03c44a794aa2,BUTTER-E|131072|10|0|105908.0|wide_first_2x,2908291.290704,3.0772715e+06,3212257.908897227,3.0141018e+06
6597e65f-7f1b-4f00-843a-bbac9bdeecaf,BUTTER-E|1048576|16|0|67557.0|wide_first_8x,2537531.166321,3.1259462e+06,3468247.52697633,3.5191808e+06
65a0de84-8a51-4b52-99b5-25f1b66f56cf,BUTTER-E|1048576|3|0|3848.0|wide_first_2x,111846.7848499999,95704.89,105658.27693719737,98713.45
65bb0a16-a310-4a8f-b1e7-cf86826a34a3,BUTTER-E|64|4|0|5300.0|wide_first_2x,58536.63913199976,58710.254,53891.56771727345,62644.258
65c675bc-1133-4536-a60a-57195350875d,BUTTER-E|4096|7|0|20640.0|rectangle_residual,221684.0637879997,226839.98,229588.3073329671,246264.97
65d5dfce-3a66-4dc7-8cb3-b70700878dda,BUTTER-E|1048576|20|0|5300.0|wide_first_4x,280193.21745999984,379061.75,353137.9741454763,360358.34
65d8bbee-16b4-4ac0-a90a-fe7fdd873047,BUTTER-E|1048576|4|0|15000.0|rectangle,222048.6083799999,284856.1,297407.45192580717,284803.94
65e05c3f-edfb-4c07-a652-14f2732552e5,BUTTER-E|524288|5|0|48842.0|wide_first_8x,961943.0983309998,1.0206185e+06,914283.138460249,1.088189e+06
65e484ac-2505-46a8-954b-5ebdcd62fec5,BUTTER-E|4194304|3|0|3188.0|exponential,111770.15753699964,117549.63,120603.30623030939,115433.65
661dfa42-8c6a-4d4f-9da8-249b8a87a335,BUTTER-E|524288|16|0|3848.0|exponential,305142.1204509997,244084.17,261132.19116376896,236565.66
6645f4f2-9236-4c3f-be02-bbc8838bd246,BUTTER-E|65536|14|0|6435.0|rectangle,226670.25581299985,217937.73,216699.42291666984,220627.47
66560524-62cc-4328-847c-b446b0537ece,BUTTER-E|1024|5|0|105908.0|exponential,1038373.201911,1.052124e+06,1053515.2455499335,1.1911344e+06
6656f37e-209c-4055-b774-60859f639cbc,BUTTER-E|16384|7|0|70000.0|trapezoid,706905.90761,878998.56,802749.6070211697,912575.0
665d282d-f093-4d34-b620-4a22ecba2584,BUTTER-E|512|12|0|4898.0|wide_first_2x,88193.47016099989,91323.766,98729.87852807748,74680.05
665df50b-c08a-410a-8110-c91be34bab06,BUTTER-E|8388608|7|0|105908.0|wide_first_16x,8042654.407694001,7.567631e+06,7046960.29323693,7.45585e+06
66627ad4-3010-48cb-9053-35a8728331cd,BUTTER-E|4194304|16|0|6435.0|wide_first_8x,546900.4312939998,523585.75,531405.9652069648,573099.7
6678eaa2-5e49-43b3-acff-3a36a18dab42,BUTTER-E|512|9|0|3848.0|rectangle,42831.3279439998,44910.797,40288.11404257473,45369.793
66791ab4-b86f-4a11-9091-7920984be947,BUTTER-E|8388608|20|0|5300.0|wide_first_16x,606322.3481659999,643153.8,553402.4187000187,637819.56
667c8881-c25a-4430-a331-edf50c12c55a,BUTTER-E|2097152|4|0|6435.0|rectangle,140815.4771779999,159233.5,164666.0144787933,146025.08
669ed5ee-cce7-4983-98b3-10be8ff2b1b0,BUTTER-E|262144|12|0|15000.0|exponential,442601.1830509998,460357.84,450646.4907803383,482980.3
66a02102-b315-48bb-924c-7d923cecac2b,BUTTER-E|4194304|20|0|48842.0|trapezoid,6028998.26104,3.725012e+06,3794073.8280088934,3.731604e+06
66b088f4-0efd-451a-87b6-7bc6fb541902,BUTTER-E|64|6|0|6435.0|wide_first_16x,71344.192104,64189.875,62922.26811197961,71656.02
66ba8c7d-f8c5-4c30-9fa5-f8967091caa4,BUTTER-E|524288|2|0|6435.0|rectangle,131600.56262099976,129795.07,134031.06675267752,140742.64
66c5efd7-7051-424e-8871-0fddca609274,BUTTER-E|1048576|10|0|5300.0|wide_first_2x,186392.09324799973,195353.38,186370.91937971575,221450.44
66cd5a3b-c0b2-4f6e-a806-00eeca139c62,BUTTER-E|131072|16|0|20640.0|rectangle_residual,1035441.6641639998,882873.2,879840.1807493854,1.0706748e+06
66df212d-58a7-4a3b-9b15-d7e0c4d5dab5,BUTTER-E|512|14|0|6435.0|wide_first_2x,119370.62716599996,117317.24,129463.40393866543,106691.22
66e227b1-6900-4fc6-a502-ba00d93b6abc,BUTTER-E|512|5|0|20640.0|rectangle_residual,182267.774423,203099.77,208664.49642706095,219118.14
66f69c5f-5fd5-4c10-b27b-ee473c9c69a8,BUTTER-E|524288|12|0|5300.0|wide_first_2x,212778.226156,224790.03,192338.068312918,221460.16
66fe5a92-49f8-4e2c-93d1-db5afcbc80e1,BUTTER-E|16384|20|0|48842.0|rectangle_residual,942008.340641,897175.06,1104209.6795323172,994286.9
670bab41-1f8f-45c2-bc48-21630a55fc1b,BUTTER-E|131072|16|0|3188.0|wide_first_4x,128450.7168399997,127122.63,126704.46460302822,137580.94
670c921d-399e-4ae0-9fe7-8355eff220fc,BUTTER-E|131072|16|0|12958.0|rectangle_residual,605373.9490989997,597452.75,505537.07391715626,546901.4
672ef4da-ce25-4d93-b9e0-2fe6c3c10e05,BUTTER-E|2097152|2|0|6435.0|rectangle,304139.6712259999,327881.6,448028.11086600716,359513.6
6735bf2d-3956-4ac9-b23e-d4c5670bb4a6,BUTTER-E|65536|7|0|67557.0|wide_first_2x,1334028.237968,1.3027136e+06,1407620.5994015138,1.0567084e+06
674dfa4b-7b91-497c-8ffc-e57df66ee988,BUTTER-E|64|7|0|5300.0|trapezoid,76936.11878399976,64703.26,67324.91012803391,68259.484
676bfa41-18f2-4a36-aeb2-4703715a1e91,BUTTER-E|2048|10|0|12958.0|rectangle,108863.40747999967,115030.336,114917.39419399964,131876.9
6774e651-56e2-49ea-8fb8-592f9421318a,BUTTER-E|131072|6|0|5300.0|wide_first_8x,102427.48233199978,129112.23,128556.377237453,119088.85
6780fc76-b343-451b-a626-f24e72e45819,BUTTER-E|262144|8|0|3188.0|wide_first_2x,96704.1710389998,92659.625,102604.26596001552,96138.414
6789f037-3d7d-4158-b95b-692192c3b758,BUTTER-E|1024|16|0|12958.0|exponential,254677.83932799977,245725.62,273927.8058783473,244791.44
67a4926a-02a2-439e-9ee3-ede45198bf41,BUTTER-E|16384|9|0|12958.0|trapezoid,274490.938705,259316.61,244354.92951186412,207125.31
67bbb871-2ead-447b-9e31-4bd8a5f1177d,BUTTER-E|128|6|0|15000.0|rectangle,117259.44912499966,124417.51,106175.14145357383,134200.47
67e195ba-8278-44b4-a48d-25f538ead241,BUTTER-E|262144|20|0|3848.0|wide_first_4x,385575.905794,275883.78,256930.82362548294,247616.28
67e60968-d7d8-4e8f-a20d-b42476580647,BUTTER-E|16384|20|0|6435.0|rectangle,104285.89371099995,120080.24,114388.06174543942,153792.34
67f00b4d-307f-4ea4-9821-3b46cb96b07a,BUTTER-E|16384|5|0|105908.0|wide_first_4x,1271427.3026749997,1.250908e+06,1274635.5868913808,1.1751708e+06
67fa9ba9-8df1-494f-8900-32e7adb537be,BUTTER-E|1024|4|0|105908.0|wide_first_4x,1009751.6487059998,1.0520418e+06,969483.4078549477,1.0981062e+06
6806f4f8-83a5-4db5-ae76-8562b496f5cb,BUTTER-E|4194304|18|0|3188.0|wide_first_2x,415386.24075599975,263997.78,367779.86454498576,289038.03
6818ac05-4300-45d6-b3f6-ffc85089156d,BUTTER-E|65536|7|0|67557.0|exponential,1188335.6599959997,1.053155e+06,1159685.2185212926,1.10553e+06
6818ea3f-e588-4660-baa0-aafba37fdda1,BUTTER-E|4194304|8|0|3188.0|wide_first_4x,165448.1304929999,174273.52,161427.95083116143,159321.9
6823689e-e39e-4b22-8ca9-a5dba875f8ed,BUTTER-E|262144|20|0|67557.0|wide_first_8x,2804940.777435,3.0329308e+06,3634655.468766456,3.3291332e+06
682d560f-db62-4972-92c3-cf2db0650d4d,BUTTER-E|32768|18|0|15000.0|wide_first_8x,1001456.9127189998,505085.22,583539.2483149304,464416.03
6836e5c2-f7ed-44d8-91e7-90e6a7483f51,BUTTER-E|4096|5|0|67557.0|exponential,727931.9302759998,730596.1,831050.3187783123,790702.25
6853eecf-9d65-4194-9d1d-fb77fe0fedeb,BUTTER-E|4096|6|0|20640.0|exponential,259362.5115159997,255075.53,243117.22828991682,216339.92
686ad8f3-e021-4824-a9a0-75e4475ad7e2,BUTTER-E|32768|5|0|6435.0|rectangle_residual,110928.28714299972,117887.78,105275.02451228177,90730.85
6878af6f-848e-425f-bd80-342cd6b00363,BUTTER-E|8192|10|0|6435.0|wide_first_4x,110279.29774999968,100877.42,104352.81051920555,98882.77
6878b0bf-1980-41a7-b57f-1415fd9853a7,BUTTER-E|65536|10|0|105908.0|wide_first_2x,2982549.638549,2.76493e+06,3019268.4211943634,2.3565135e+06
6886280b-e5f1-4006-a4ea-3306d0938a79,BUTTER-E|256|6|0|67557.0|wide_first_16x,602885.3555790001,609364.3,603982.9924264683,627806.56
68a27131-f637-425b-8dc2-ca0c95919899,BUTTER-E|4096|7|0|3848.0|rectangle,47896.40905999992,40239.21,46797.23522875085,42856.42
68cc4244-20e8-4a21-88b7-81c2397bb91c,BUTTER-E|1024|7|0|3848.0|rectangle,37168.80439799989,38092.324,40341.87750866264,42194.637
68cdd580-c784-4609-95f8-8a43d56413f8,BUTTER-E|8192|10|0|6435.0|rectangle_residual,89388.63816799967,103715.7,90711.56932516578,97073.35
68cf4b83-49a2-436a-9c03-98209c1c984e,BUTTER-E|16777216|7|0|3848.0|wide_first_8x,507673.6142399999,467241.0,465990.4485055264,468694.56
68d6525d-c749-4832-929a-e90a705e51e9,BUTTER-E|64|3|0|20640.0|wide_first_16x,155831.61312799988,152675.73,151585.87305077107,154871.8
68d7daf7-b013-4b12-8216-1eca2f5d6911,BUTTER-E|64|2|0|20640.0|rectangle,177510.005658,159118.58,156331.6157867306,196517.12
68f04939-10a3-4b87-8a7a-7a2729a7ee89,BUTTER-E|131072|14|0|6435.0|rectangle_residual,437396.816907,291053.66,329491.2511676675,277264.03
68fe2333-5655-408c-81e7-ebf1c2f7bd72,BUTTER-E|32768|12|0|105908.0|rectangle_residual,2930532.79382,3.045501e+06,3348280.030576397,1.6743855e+06
68ff1517-f7fe-45a3-b8d1-73c829fe6018,BUTTER-E|8388608|16|0|5300.0|exponential,545548.5667919999,458942.38,475568.4755728333,451865.9
69005dfb-a940-48b4-ac9d-9a4010a253ff,BUTTER-E|1024|7|0|105908.0|rectangle,825439.430907,895114.56,863775.6325456103,1.0003645e+06
6907bfc5-cc93-42bd-a663-187d946ad070,BUTTER-E|4096|8|0|6435.0|rectangle_residual,89435.75073999984,81169.33,78965.01721963944,92147.625
691647a4-de23-4880-ab9a-89138f302b3f,BUTTER-E|16777216|6|0|5300.0|exponential,630950.815039,527932.4,535863.1141403397,546977.56
692865b7-0089-4ca8-99c3-7dbfec861445,BUTTER-E|512|6|0|4898.0|wide_first_4x,55735.86091199976,63635.145,65722.15051482759,67583.36
6936ae27-8fa6-46d2-b85e-66039846616b,BUTTER-E|4194304|12|0|12958.0|exponential,624833.7377619996,734666.7,897224.2356805702,755165.6
69555218-41d0-4964-86b9-0db51f1638c1,BUTTER-E|128|16|0|4898.0|wide_first_8x,57455.96283499968,75655.62,70842.58571979012,81395.22
6963997d-1952-4e8e-9caa-3fb788428d39,BUTTER-E|262144|7|0|3188.0|rectangle_residual,108671.65218,92252.7,94947.46825720111,90680.07
696572c3-afd1-4a8c-9ad8-9a48af46f100,BUTTER-E|16777216|7|0|67557.0|wide_first_16x,7049921.036046,7.679865e+06,7510555.36626387,8.021357e+06
697ab9fa-ca90-45f9-b833-4af93a2b01f2,BUTTER-E|131072|20|0|70000.0|exponential,2382487.841525,2.2673978e+06,2431740.6185884806,1.977599e+06
69878b6f-8c9c-45c5-a98d-4c52914f7bca,BUTTER-E|131072|4|0|70000.0|wide_first_4x,1086968.2099799998,1.0527654e+06,946106.4741729281,972488.75
698f2d79-b570-4c57-9b6c-918118fedce5,BUTTER-E|4194304|2|0|12958.0|rectangle,1358602.180901,1.5639946e+06,1634375.5805377811,1.6619432e+06
699cd6d1-591e-4b4a-8a4e-b32fbf5185e1,BUTTER-E|524288|12|0|15000.0|rectangle,475219.1717199997,535105.9,526415.8848909595,510949.84
699e7289-2f4f-401a-98c2-1a44795b21eb,BUTTER-E|1024|14|0|5300.0|rectangle,94897.068768,86235.85,80744.55665409034,68965.26
69a81304-8fc3-4b9a-a754-84ad75b8afc3,BUTTER-E|32768|10|0|70000.0|trapezoid,1026906.158736,1.0915858e+06,895697.6602260389,1.1036108e+06
69b2dfdf-8917-4903-9008-368ff5ce42b2,BUTTER-E|8388608|5|0|3848.0|wide_first_2x,255973.8088339999,280222.97,269004.8025597435,274446.25
69b9df51-8423-42f3-a052-fab1ad418738,BUTTER-E|512|8|0|20640.0|wide_first_8x,200025.1320219997,235753.52,245366.40113860686,256704.72
69d23eeb-d29d-49dd-ab4a-33dab1d74c93,BUTTER-E|8192|12|0|5300.0|exponential,91527.8357359998,97442.33,103819.54986286837,78506.8
69d8eee9-126d-4c99-b067-1d0a4ee178a2,BUTTER-E|8388608|12|0|70000.0|exponential,4894792.072205999,4.9730175e+06,5352214.305348615,5.491829e+06
69da61ff-4783-44b0-849b-d3dea872d206,BUTTER-E|8192|20|0|3848.0|wide_first_16x,64002.85067399976,75230.33,93334.56016404237,64850.168
69e44f54-4c52-4da7-8fe9-9f083bd5a5e2,BUTTER-E|262144|14|0|105908.0|wide_first_2x,3420261.3960400005,3.8606432e+06,3846076.094725056,4.329938e+06
69eaf5d4-f0cb-499b-990d-2dc4c7b31fd0,BUTTER-E|512|14|0|67557.0|rectangle,872197.0329479998,939699.9,889098.9666764406,954461.6
6a06c4ec-e11a-4b9d-84b7-4b991f311581,BUTTER-E|16777216|8|0|5300.0|wide_first_8x,579937.844907,635050.7,609523.0441561096,656849.2
6a1bc7ea-27b8-4656-820a-82eea4b0f4fe,BUTTER-E|32768|5|0|12958.0|wide_first_8x,201131.76627499968,202814.45,203576.04168078044,190631.72
6a2ad4dd-526a-4840-b01c-4758f531d61b,BUTTER-E|2097152|12|0|20640.0|trapezoid,944234.2280659996,1.0769738e+06,1174757.6236074257,1.0703021e+06
6a38c855-6f5d-4ead-aa77-755ee81ef050,BUTTER-E|2097152|10|0|12958.0|rectangle,359582.750217,395145.0,424085.3692383695,465935.9
6a5278ef-989d-4a15-bf12-638dec0401b7,BUTTER-E|16384|8|0|12958.0|rectangle,160851.6275419998,162141.23,173939.00259352956,132086.61
6a53e488-7c77-4979-b3fb-55483db0eeef,BUTTER-E|1024|10|0|6435.0|wide_first_4x,114075.13013199974,101752.234,100680.33889146421,92825.91
6a9db547-539e-40c7-b714-646e49313202,BUTTER-E|4194304|8|0|105908.0|rectangle_residual,4982767.29698,5.179945e+06,5178113.561546685,5.355655e+06
6aaecd2e-7d63-4582-a26a-7e154e600fc8,BUTTER-E|8192|10|0|3848.0|wide_first_4x,67536.71522799984,67950.0,59040.02827992729,56696.754
6ab62bd7-2b7d-4f38-9616-b5f356460ccb,BUTTER-E|2097152|3|0|6435.0|wide_first_2x,168965.2110199997,186253.55,181829.85573260277,176215.19
6aba1327-4935-4fad-87a8-64b14d1f3994,BUTTER-E|8388608|10|0|6435.0|wide_first_4x,581861.8728859997,578727.1,585481.748913282,552501.25
6ac69b36-6f3c-4973-a4bb-cd611a914934,BUTTER-E|512|9|0|20640.0|wide_first_2x,271769.09687399986,242397.03,244172.88682637192,262358.1
6ad33a85-7c26-4470-ac00-b7ff5960f82d,BUTTER-E|2048|20|0|6435.0|rectangle_residual,151443.31926699972,121624.17,136048.34553314923,108765.76
6b0332d9-4fd5-4d5e-83ec-015b31ae875e,BUTTER-E|1048576|8|0|67557.0|wide_first_16x,1925611.913148,2.0092302e+06,2523297.0085948803,2.1772645e+06
6b1e0e08-90fe-4a6d-bf30-407e935bf2ae,BUTTER-E|1024|20|0|67557.0|wide_first_8x,727380.891945,978187.8,898930.9406428246,1.1118359e+06
6b1f2fcf-c989-4bfd-95da-32adb264fff4,BUTTER-E|32768|5|0|12958.0|wide_first_16x,223975.54011199967,168691.27,189029.4374011162,130488.87
6b432edd-e80f-4dfa-9555-90471844ff91,BUTTER-E|8388608|7|0|105908.0|rectangle_residual,7284685.762197,7.717743e+06,7042937.1657517385,7.107111e+06
6b54d040-2db4-4135-962a-b48414731b8f,BUTTER-E|2048|3|0|4898.0|exponential,74403.30190199976,54968.23,58785.11869017235,58158.33
6b5b962e-ff08-4d27-9afc-5972cc2b3f6a,BUTTER-E|2048|8|0|105908.0|wide_first_2x,1331057.1148669997,1.220504e+06,1245471.4766520327,1.3392131e+06
6b67828e-3e8b-40db-a6fb-d3e0f223f295,BUTTER-E|2048|4|0|20640.0|wide_first_16x,173820.9127399999,218501.94,197277.9486469061,164415.72
6b9f0030-6ff1-4091-82be-77c7ce9e8069,BUTTER-E|32768|6|0|70000.0|wide_first_16x,860148.6613019999,798078.8,945081.4196600303,759790.4
6bb323b4-a53c-4705-a696-87a4ede02fa3,BUTTER-E|32|5|0|3848.0|rectangle_residual,42559.83873799991,51751.992,50697.55463932891,51764.086
6bc0e8a7-d18e-4e07-9af4-757249c299f3,BUTTER-E|65536|3|0|4898.0|wide_first_2x,79219.04850399996,79651.52,83911.71397682266,79661.93
6bd9f986-a09d-4e5d-9b44-99a0c10a391b,BUTTER-E|256|6|0|5300.0|rectangle,49871.147667999845,46664.305,46992.05461595668,50014.27
6c05835a-54eb-4ead-bb44-57e17d5f1e40,BUTTER-E|2048|5|0|48842.0|wide_first_8x,391322.135321,494114.78,443888.77538043656,513928.47
6c0a0cd6-e518-4d6f-8573-574952017bdb,BUTTER-E|2048|18|0|20640.0|rectangle_residual,235728.53483999972,291277.2,260647.2873820914,342404.7
6c168b14-77c1-430e-a336-9093cf8651e0,BUTTER-E|4194304|14|0|3848.0|wide_first_2x,668747.5636099997,322461.94,291805.0199752574,297202.66
6c2da0fd-2953-49a7-b43a-0d6891d66b69,BUTTER-E|2097152|2|0|6435.0|rectangle,345473.75875999965,327881.6,448028.11086600716,359513.6
6c405e01-fd64-42bb-94cd-6081c635d2a1,BUTTER-E|262144|7|0|6435.0|wide_first_2x,159596.62951499963,163695.88,169447.7211182198,166734.06
6c45a4cd-7ab0-4fea-bdfe-921a31cb8d86,BUTTER-E|131072|6|0|15000.0|trapezoid,303175.85448199965,227140.45,244563.4506957989,231415.97
6c60f5a3-0da9-4764-8953-90aa6532931c,BUTTER-E|512|16|0|67557.0|wide_first_4x,1055489.446722,875933.25,794094.4712473337,1.0239146e+06
6c701ed5-ebb3-46b5-9af1-79c681fd15bb,BUTTER-E|32768|14|0|105908.0|wide_first_16x,1707807.5620769998,1.6499112e+06,1463340.2602929284,1.4262419e+06
6c767168-db60-43bc-85f8-04dc09c1cc76,BUTTER-E|4194304|14|0|48842.0|wide_first_16x,3984135.324564,3.2220418e+06,3131920.2050063224,3.4448528e+06
6c7c66c5-9fae-4c7a-a535-b4ddc082d672,BUTTER-E|131072|18|0|4898.0|wide_first_8x,293602.4047019999,239475.92,286604.3650879259,270227.4
6c8e933f-d2aa-4ac5-b7bb-bfba3dbc10a1,BUTTER-E|131072|3|0|3848.0|wide_first_8x,55457.20134399996,66810.63,65866.00529948759,72383.04
6c9376d2-fdfb-4357-a380-cebf22fb868b,BUTTER-E|8192|12|0|5300.0|wide_first_16x,91076.6232559998,87450.91,85440.16287139522,66126.16
6cb06e54-3c84-48d0-9297-d36893fed304,BUTTER-E|2048|20|0|3848.0|rectangle_residual,215370.37699899985,77830.27,83892.86352342195,76933.05
6cb9c730-996c-4f50-b4f9-39371aed1523,BUTTER-E|4096|8|0|6435.0|exponential,114661.05572799972,93688.69,88530.96263606792,90970.24
6cc59c21-d7a7-4c5c-bd18-c6cb759fd48f,BUTTER-E|512|14|0|48842.0|wide_first_8x,478167.703469,592430.94,596499.8364361536,712412.44
6cd94639-711e-41d2-9cd7-b4329a5661e4,BUTTER-E|4194304|2|0|12958.0|rectangle,1339107.4664509995,1.5639946e+06,1634375.5805377811,1.6619432e+06
6cf06c8a-e6a5-4e2f-bc88-e1942b48cbcf,BUTTER-E|256|2|0|3848.0|rectangle,36705.97326999996,40592.43,39858.32347589046,49071.402
6cf85ef1-c61c-411f-97b1-773d41fcba1b,BUTTER-E|16384|8|0|70000.0|rectangle,541901.047931,741730.56,708026.977108773,727720.7
6d16f0ad-4f2e-4e42-9085-39feb2e37d14,BUTTER-E|16777216|16|0|67557.0|rectangle,9257278.478736,9.212235e+06,8695253.157086464,9.678308e+06
6d35ae9f-305c-4c14-af13-b807a687eb7f,BUTTER-E|1024|16|0|105908.0|wide_first_2x,1500908.365005,1.9688242e+06,1722071.3015440146,1.8224821e+06
6d661abc-86fd-4d85-b4b1-fa30e24ddb59,BUTTER-E|8388608|2|0|67557.0|rectangle,4413130.902452,3.9681145e+06,3606876.0824951576,4.490498e+06
6d72793c-01a4-46b1-9a2b-0a3ccaecb27d,BUTTER-E|128|5|0|20640.0|trapezoid,139993.43771699982,151590.78,153571.14181076598,173975.78
6d9e1121-c005-4bae-b8f9-b8de638d8929,BUTTER-E|2097152|5|0|70000.0|rectangle,1371944.586921,1.6660884e+06,1737306.7541731293,1.493113e+06
6da5aecd-e929-4d4b-9b1b-dd9b873f0914,BUTTER-E|4096|6|0|6435.0|wide_first_4x,73498.73438199997,85182.086,83007.39066543085,81321.195
6da9ac27-ce79-469e-9ac6-4b6ed301e2de,BUTTER-E|524288|20|0|105908.0|wide_first_8x,4253464.671037,5.313217e+06,4944501.1055849185,5.616866e+06
6e045df4-31b3-45ac-bf66-a9069c9b7392,BUTTER-E|8192|18|0|48842.0|wide_first_4x,668104.12152,741169.9,669368.9767353826,855315.94
6e0ea45f-2490-4ea7-8101-167908b23b38,BUTTER-E|4096|10|0|20640.0|trapezoid,263081.8964639999,253210.98,247513.88764883092,280295.7
6e149a02-0159-4096-a934-56cc97f0911c,BUTTER-E|2048|16|0|6435.0|wide_first_4x,178534.96390399968,112299.96,122477.59804872831,108060.32
6e1a5b8a-c931-47a1-b83c-cab70735286f,BUTTER-E|16384|7|0|105908.0|trapezoid,1527012.584325,1.5224922e+06,1472116.7756277001,1.3493589e+06
6e1bd6eb-6ecd-4d27-a8dd-5405daaaa9cb,BUTTER-E|512|8|0|5300.0|rectangle,53147.61121099984,52318.215,58363.69648524477,54162.117
6e2a151d-63df-45fc-a7e0-e6f654338d13,BUTTER-E|2048|6|0|105908.0|exponential,1082599.375527,1.1186438e+06,1175054.1925114675,1.2503808e+06
6e2c9355-3b14-4feb-87b0-71893b142d1a,BUTTER-E|262144|10|0|4898.0|rectangle,166862.98049399987,104223.47,98260.82321284215,112157.19
6e2deb2e-66ac-49c9-800a-3ee59e31b625,BUTTER-E|262144|5|0|67557.0|rectangle_residual,1205296.9340649997,1.252946e+06,1169781.3334157404,1.2858199e+06
6e4e4c79-5159-431f-bc59-1d7a7d366567,BUTTER-E|16777216|8|0|20640.0|trapezoid,2411791.255619,2.3014685e+06,2475887.1345477942,2.4211872e+06
6e591b4f-ad77-4088-a604-9a83acab044d,BUTTER-E|262144|20|0|5300.0|trapezoid,232324.3350459997,244404.44,301322.86497603107,262098.52
6e6b4ee6-5b57-4a0c-aabd-d3e123b21380,BUTTER-E|131072|14|0|15000.0|exponential,507247.547828,485367.1,511791.4619903979,487018.7
6e6b559c-b9c6-49a2-b9f4-8e01723c9804,BUTTER-E|524288|12|0|6435.0|wide_first_16x,266093.739905,263242.06,265397.55515625764,248539.67
6e7c093c-1ab1-4073-95c9-17a5b0300d53,BUTTER-E|256|6|0|6435.0|rectangle_residual,86328.042003,87163.9,86443.21458469988,83974.52
6e87464c-0c5b-4ec4-881a-725804bbf55a,BUTTER-E|16384|4|0|15000.0|rectangle_residual,227458.13824,224607.25,218382.91657731912,184533.06
6e94d2e1-8dfe-434b-b926-ebca742fede6,BUTTER-E|65536|16|0|70000.0|wide_first_8x,2375657.945425,1.6450626e+06,1554643.6484212764,1.0979701e+06
6eb6b3e9-d967-4159-ab77-f7f096881455,BUTTER-E|64|3|0|4898.0|wide_first_16x,53155.70685,47641.184,47969.899377155976,47080.703
6ebee83a-3d4e-450f-b201-c185fb76cec0,BUTTER-E|262144|7|0|105908.0|rectangle_residual,2601923.761421,2.4596885e+06,2355052.0299473563,2.4744332e+06
6ecad824-cdd0-4493-a01d-6dce8cab0838,BUTTER-E|8192|9|0|70000.0|wide_first_16x,787836.137522,830045.6,907208.7765538817,766431.1
6ef6c072-e17f-4386-b0ef-2c8d38ffc09c,BUTTER-E|2048|4|0|4898.0|wide_first_2x,56315.34528399972,54551.953,53604.57337636877,56825.156
6efe9ffa-477b-4cea-b340-f7e4203289e5,BUTTER-E|2097152|16|0|48842.0|trapezoid,2478822.178672,2.548441e+06,2404085.5701460806,2.7598375e+06
6f2c99b9-5ecf-4534-bd6e-19262fb58960,BUTTER-E|1048576|5|0|5300.0|rectangle_residual,143645.83487499997,146698.0,127803.53033023371,130199.23
6f2ec665-a77f-4a91-9b8f-bd26d2e1ff95,BUTTER-E|512|5|0|105908.0|wide_first_8x,957738.2742589996,907682.3,910299.4802437148,1.1211088e+06
6f329190-ca56-41c8-8949-0db94bc3cf7f,BUTTER-E|131072|16|0|105908.0|wide_first_8x,3286795.178828001,3.9230292e+06,4020370.267646806,4.48183e+06
6f6ed4cb-f895-4a05-a8f3-85b837297e8f,BUTTER-E|512|10|0|4898.0|rectangle_residual,71252.86477799989,86341.19,88253.78612349583,74382.51
6f9cfefe-a1e4-4af8-9a04-cf84a4496dc4,BUTTER-E|262144|4|0|70000.0|trapezoid,1046723.2624239996,943996.06,806449.2276307726,988312.06
6fa0f8dd-5a39-41ab-9931-36ab65fe5dd6,BUTTER-E|64|12|0|6435.0|wide_first_2x,76003.70465999989,77864.8,81945.11105918577,103354.81
6fac6866-79e3-4199-9268-97427ce61e20,BUTTER-E|16777216|3|0|15000.0|wide_first_16x,1838939.997399,1.4971881e+06,1522103.4989282251,1.5385524e+06
6fb15394-4616-48af-9b42-97a3cce95d67,BUTTER-E|4096|14|0|6435.0|wide_first_16x,118216.68708999996,113986.234,123539.1771317511,83833.77
6fe681af-4cdb-45f9-8d18-080785a58d00,BUTTER-E|16777216|7|0|4898.0|exponential,561166.4852759999,534464.3,547105.26746881,535917.4
6fe82a1f-401e-4f74-875a-c1e7e02a05e3,BUTTER-E|524288|7|0|6435.0|exponential,140032.55468399977,149119.62,173360.2010192343,160758.58
6fef27cf-881a-4230-b3db-c325640eb546,BUTTER-E|262144|10|0|4898.0|wide_first_4x,140971.15113499982,161801.55,158319.6104281119,160567.34
70067aab-abb9-46fa-8a78-4ebd4e26f26d,BUTTER-E|16777216|3|0|67557.0|rectangle_residual,6606600.819179,6.340322e+06,6699801.067321067,6.420054e+06
700a0c0b-616e-4089-8e75-e0caf278a4ec,BUTTER-E|4194304|2|0|12958.0|rectangle,1283996.340499,1.5639946e+06,1634375.5805377811,1.6619432e+06
702bb47a-8c77-4508-b50a-f723ac0ae10a,BUTTER-E|1048576|5|0|70000.0|rectangle,1084169.07904,1.1926222e+06,1126159.1206563236,1.1128989e+06
702e0286-46fc-4656-b703-2f7055051769,BUTTER-E|4194304|6|0|6435.0|wide_first_8x,356293.6425439999,309923.78,302191.33772743127,313982.88
70364afc-aee9-43ee-94a1-1a4717a26b1f,BUTTER-E|8192|12|0|3848.0|rectangle_residual,65505.76547999976,65697.95,60872.30741365976,63794.47
7050bcff-a73e-41e9-813e-727af7fd9755,BUTTER-E|128|5|0|20640.0|wide_first_8x,125457.5792179998,172172.38,176460.5681535115,243695.5
7078d210-20e9-4301-8cbf-bb608ac1e062,BUTTER-E|262144|8|0|4898.0|rectangle_residual,143239.42638599977,146522.39,143307.00174913858,144722.42
707e4e82-883b-4251-9b9f-d5f456f8f5aa,BUTTER-E|8388608|7|0|67557.0|exponential,4100815.217752,4.221519e+06,4584163.179086664,4.335537e+06
709ffea0-c033-4d87-be9d-35e6d7c1c7a9,BUTTER-E|8192|5|0|4898.0|rectangle,58533.85190299984,52735.25,57713.622793307135,43865.562
70ad9c3c-eefd-4782-863d-cfcc862add1a,BUTTER-E|32768|12|0|48842.0|exponential,841380.570644,1.00331294e+06,953924.128802632,966977.8
70b04a03-7f2a-4737-ad9f-ef86d22ccab4,BUTTER-E|512|14|0|105908.0|rectangle_residual,1833699.6578,1.6878479e+06,1465740.8623940207,1.6083669e+06
70b59fa1-75d2-4bc1-a7de-9821ec5dff37,BUTTER-E|65536|2|0|4898.0|rectangle,85522.81899999996,75650.42,71850.49496889247,92297.76
70c2f2e8-884f-4ee4-83fa-a362fb94e676,BUTTER-E|8388608|9|0|67557.0|rectangle_residual,5409979.86487,5.2419445e+06,5159964.948906131,5.061366e+06
70dbd1b1-0bb5-4d2e-be7e-31c9ed5a7689,BUTTER-E|16777216|7|0|6435.0|rectangle_residual,753906.5899809998,754348.7,795884.2968499694,750738.75
70dfc34d-212b-49d0-a821-d241c786ba1e,BUTTER-E|2097152|6|0|3848.0|wide_first_2x,130004.70706499976,147040.75,153000.9844656111,161490.16
70e03758-3fd7-4c83-863f-31a1e47e3e6d,BUTTER-E|262144|6|0|3188.0|exponential,85214.66707499976,72755.52,70939.3778335412,65038.89
70f87487-0558-41c1-af84-bdd3d01e8c33,BUTTER-E|32768|10|0|15000.0|wide_first_4x,491757.8761769997,434486.38,367595.1836690719,289550.62
70f8b51a-caa4-4235-a6bc-03a43aece2c6,BUTTER-E|2097152|6|0|15000.0|wide_first_4x,461578.2765829999,520546.7,481547.18203797267,498898.1
7108f89b-4a53-4da6-a6ce-b695f075e79b,BUTTER-E|65536|12|0|6435.0|wide_first_16x,239227.7842599998,197207.64,163496.06355354356,99490.81
710d10bf-939b-4c3f-9b2e-addcf3eac111,BUTTER-E|128|12|0|3848.0|wide_first_4x,55864.44656599968,67487.91,62847.1907031672,57512.83
7111c200-c80b-4fd4-be68-b2e7ed751fdf,BUTTER-E|512|14|0|5300.0|wide_first_16x,97215.45677299978,80162.33,96774.77860585837,66920.25
7121523b-1575-4e16-9f72-1f75a7be0130,BUTTER-E|128|16|0|4898.0|rectangle_residual,71197.9677469998,101886.43,106857.16729882275,90021.59
712783d3-9d01-4518-981b-ba181dbe4b48,BUTTER-E|16384|10|0|105908.0|wide_first_16x,1476979.002549,1.4889395e+06,1703871.5775600977,1.2360504e+06
712ef551-d113-41f0-94a4-be2856dc7283,BUTTER-E|32768|5|0|5300.0|exponential,112553.2027719997,82528.13,87425.65123534351,67517.13
713c9fe4-3e7d-4d6e-a0ce-a1c2b73ace1c,BUTTER-E|64|4|0|3848.0|rectangle_residual,44816.207193,48547.914,46981.874787758585,48758.895
713e5ed6-5cc8-40cb-95e4-fb364b45f4da,BUTTER-E|512|9|0|12958.0|exponential,175957.24993299966,180295.98,179120.49358203425,179005.55
71484b78-fe46-44f9-a58a-1e55be8bfbff,BUTTER-E|2097152|10|0|48842.0|rectangle,2192129.097022,1.5762056e+06,1704231.753121196,1.817492e+06
714b34f3-645f-45fc-a2f9-80a1550d1a13,BUTTER-E|256|9|0|12958.0|rectangle,113103.66129299998,118155.44,118561.92468885487,122632.34
7154acf4-610e-468a-94f8-c5f57b44baca,BUTTER-E|128|8|0|20640.0|trapezoid,232007.7101059997,238516.6,239912.46449037283,258025.44
71558655-992f-40a2-8c40-a91a5a3ced93,BUTTER-E|16384|8|0|20640.0|exponential,319697.9834819998,361883.3,378609.55562808,249256.05
7157b7a7-4671-4c9c-87e0-faac3f7462e6,BUTTER-E|4096|2|0|4898.0|rectangle,80165.33838599976,56900.914,56402.45700930656,56135.586
715db631-0994-43fc-ba73-0ccce97ebff3,BUTTER-E|524288|16|0|48842.0|rectangle,2298886.89616,2.0712711e+06,2061732.4503106116,2.2727495e+06
717e3693-807d-4f38-ae03-23a69e710848,BUTTER-E|512|7|0|6435.0|wide_first_2x,88031.89225899972,85806.72,88602.95812326256,84430.164
717fed1c-bda3-4fc3-ade8-425de7ed5c0c,BUTTER-E|8388608|16|0|3188.0|exponential,270524.975598,273293.66,268040.549630335,274595.75
71874a0b-0d7e-4b51-be7c-d91d6f343384,BUTTER-E|16384|10|0|5300.0|wide_first_2x,145445.8249989997,132865.23,134402.10727107318,87590.21
718faacd-47c5-46d5-a09f-ec2e52ec68ce,BUTTER-E|524288|10|0|3188.0|wide_first_16x,108194.08711499996,108044.76,118968.3259418253,114934.055
71a6c9f9-16c6-414d-b8d4-18bb77a4a929,BUTTER-E|2048|2|0|3848.0|rectangle,49598.96472099972,49848.84,46579.9902302325,49774.637
71a9c117-ec08-4f34-b319-38634862cb82,BUTTER-E|4194304|9|0|12958.0|trapezoid,661278.953831,696994.06,689874.8656189269,773472.9
71df80da-55a2-4121-88d4-42e455c38d90,BUTTER-E|8388608|12|0|67557.0|exponential,4674646.789855,4.774356e+06,5109949.100644476,5.286258e+06
71e54904-594f-4b61-abb8-830d9a9274da,BUTTER-E|1048576|12|0|3848.0|wide_first_2x,165413.1014479998,247772.19,315180.8190769773,250490.67
71e83475-9d2f-426e-be30-157c491f968d,BUTTER-E|524288|2|0|3848.0|rectangle,235800.5695029997,162659.14,437691.276517733,266113.03
71fe554d-c2a5-4ca9-a6c7-801d43c9bef9,BUTTER-E|16777216|10|0|3188.0|rectangle_residual,428157.8644879998,434421.3,406843.8045649835,418510.22
720630d7-f01a-4bc9-a424-60b04ae4cb0c,BUTTER-E|1024|7|0|15000.0|rectangle_residual,117936.25337399976,186009.3,188549.53522391748,194698.67
720a8a1c-143b-4871-b27f-0d9bebd1df22,BUTTER-E|8192|8|0|4898.0|wide_first_4x,112344.01054099992,82352.96,89134.65468731904,72346.74
72117b5e-13c6-41a2-85ef-0476ef6b0629,BUTTER-E|131072|9|0|48842.0|rectangle_residual,1577906.1957579998,1.3770136e+06,1358120.0245645584,1.3889008e+06
7213292f-590a-4f7f-9eed-1f55bf22139b,BUTTER-E|2097152|2|0|48842.0|rectangle,1597302.073573,1.4306106e+06,1066521.029214345,1.5622595e+06
7226e1e9-3fa1-4c07-bb0b-3b0e113f935f,BUTTER-E|16777216|9|0|12958.0|wide_first_8x,1563421.6102809997,1.6214561e+06,1671561.702024824,1.7837958e+06
72700890-5f3c-423b-8492-d81d17805800,BUTTER-E|16384|6|0|67557.0|rectangle_residual,1849861.661288,1.0464522e+06,899196.1621290006,797003.4
7288eefa-ee5e-4f7a-966c-a4125b11d4a5,BUTTER-E|524288|16|0|5300.0|wide_first_4x,277868.1728899998,292250.25,292378.93271498487,281716.28
728954aa-f133-4479-9e3c-8072b70b24a9,BUTTER-E|512|6|0|20640.0|wide_first_4x,246408.0136659997,213036.03,227188.2351737455,215058.56
72995adf-22d6-45eb-9ebb-176ae742eb57,BUTTER-E|262144|9|0|12958.0|wide_first_16x,375075.3935429996,364246.8,413024.46357647673,411385.72
72ad583f-efba-4ef7-a570-2f7d902d9ac3,BUTTER-E|32|2|0|5300.0|rectangle,46333.08326299968,52271.78,43195.89432658483,66847.02
72b0aff3-f2e5-42a4-bbc1-8b3c7642725c,BUTTER-E|256|14|0|20640.0|trapezoid,362658.8136509996,303384.88,334225.5358453089,319402.53
72c0721d-abca-4ab5-8c66-6af3b59406a3,BUTTER-E|16777216|18|0|4898.0|rectangle,664025.3478849999,693787.56,730307.8658893786,828689.2
72d8a715-c406-4300-8756-e0abd56a8920,BUTTER-E|16777216|12|0|67557.0|trapezoid,8428605.332374,8.484637e+06,8445765.727159305,9.222221e+06
72f104f7-d6ac-47fc-ba2a-e5df78ffb376,BUTTER-E|128|4|0|12958.0|trapezoid,90963.1924849998,103527.64,108069.1668920262,115271.6
72f39c98-5e00-4ed8-884b-74ca1d5b483f,BUTTER-E|8192|10|0|70000.0|wide_first_16x,765012.4827419998,867039.56,929623.7206514193,776891.25
72fb1e8a-847b-45bf-a289-7a1db24ae618,BUTTER-E|128|3|0|5300.0|wide_first_16x,49181.62677599988,48968.88,52578.3168588352,49932.438
72fdf192-0495-440d-8e02-46c2795e0419,BUTTER-E|65536|5|0|48842.0|wide_first_8x,645603.8606519997,816331.06,927039.603350488,869842.25
7301ceda-9e51-4926-8e66-717c87d0e3cf,BUTTER-E|8388608|4|0|12958.0|rectangle,650555.6403419999,619678.6,724619.4132349788,708672.6
730fc4b3-1797-41c4-8bc0-027b53ea3007,BUTTER-E|32768|7|0|15000.0|wide_first_8x,280030.8675709998,305807.5,288662.20728169556,311025.56
731a46e4-1dfd-43ff-b6c6-ff17e3dfabf7,BUTTER-E|4194304|16|0|5300.0|rectangle_residual,495518.28984,436771.34,431977.6577290955,443202.5
731a5781-c26a-4d56-b6b0-c97aed7c06d6,BUTTER-E|16384|9|0|5300.0|wide_first_4x,126315.02624599982,113521.375,126831.49977705524,85856.98
731f3f97-d435-4168-827d-ec5d43aa30e0,BUTTER-E|4096|10|0|67557.0|wide_first_4x,837325.5450879998,872245.44,906172.2903542531,881527.9
7327f413-0448-4fe2-ab7b-d8547917ac4c,BUTTER-E|524288|14|0|48842.0|rectangle_residual,3060415.050772,2.4510268e+06,2753828.1553196935,2.3709632e+06
73306ef2-9a54-4338-90ab-94f306ebb1d8,BUTTER-E|2097152|4|0|6435.0|wide_first_8x,206038.971872,203004.3,195354.08554156328,204695.44
73716cdb-19a5-4932-ba6c-a88a7d17a517,BUTTER-E|32|2|0|5300.0|rectangle,51131.638296,52271.78,43195.89432658483,66847.02
7372a136-39cb-413b-a0d0-1b9106503e1c,BUTTER-E|8388608|3|0|12958.0|rectangle_residual,715050.5744939997,723984.75,819250.8965203383,753378.8
7386d22e-f0e5-45c4-9ede-508084e09c56,BUTTER-E|65536|6|0|15000.0|wide_first_16x,262646.11415499984,271365.28,275133.7989904882,188963.58
73876aeb-1eff-47d1-98dc-ef4672b2ff6f,BUTTER-E|16777216|2|0|70000.0|rectangle,4798617.123688999,5.624676e+06,8899900.73435482,6.2248565e+06
7389c60b-9ea9-4b57-9cc5-e6497bd745de,BUTTER-E|4194304|20|0|67557.0|wide_first_16x,5173834.778224,5.895082e+06,4645584.831469246,5.6988855e+06
739375ad-de52-44cc-8d3f-f1e36c3b4663,BUTTER-E|131072|16|0|4898.0|trapezoid,179524.157022,207056.98,213246.18691304108,207964.14
73965f5e-7c8a-481d-b45c-bf5d7a2cac42,BUTTER-E|1048576|7|0|105908.0|wide_first_2x,3448277.3285610005,2.805283e+06,2961654.0451891785,2.9894768e+06
73abf821-509d-4933-acc5-5020b803d4e5,BUTTER-E|8192|8|0|4898.0|wide_first_2x,105514.29293899969,82639.81,103999.39613135152,72636.9
73d52844-b2b0-4f82-8e32-f9c7d2780ab8,BUTTER-E|16384|6|0|105908.0|rectangle_residual,1674144.672378,1.5552282e+06,1599363.3338696517,1.3235755e+06
73d65990-b9ac-4c52-8b45-66ed82e25b78,BUTTER-E|262144|8|0|67557.0|wide_first_4x,1468026.806721,1.6725932e+06,1726430.8992701122,1.8247534e+06
73dfa17f-11c6-4cb6-a11e-06e568749a83,BUTTER-E|2097152|18|0|3188.0|wide_first_2x,196988.5963539997,212629.08,299895.39516056894,228936.58
73ee7c83-fca7-40d0-a9af-cbef8ba92e42,BUTTER-E|1048576|20|0|3848.0|rectangle,298517.4554319997,306582.22,305036.5769440178,316927.78
740abf61-823b-418e-83cb-5584de55098b,BUTTER-E|8388608|18|0|20640.0|wide_first_2x,2094366.5342280003,1.888781e+06,2226590.465355744,2.1569365e+06
741ad0b0-4cfd-4307-8ad3-300bffd82f1c,BUTTER-E|16384|16|0|3848.0|wide_first_8x,74108.79610599995,102829.6,97068.60131675759,70141.7
741cee6c-19d5-4399-bd2f-6b4b1d6ca5eb,BUTTER-E|256|18|0|12958.0|trapezoid,197827.66708899985,255927.39,266598.7958344892,275467.34
74311a5f-551f-47a9-a4be-ddfa360bde8f,BUTTER-E|16384|12|0|3848.0|exponential,107725.7871559998,89573.7,100336.50649983209,60932.016
7434121a-ba16-49a4-9f67-16974f5482f8,BUTTER-E|8388608|14|0|48842.0|wide_first_16x,4190889.982777,4.31539e+06,4366822.564029351,4.7067015e+06
744aef52-35cf-468c-abb4-bffe24870317,BUTTER-E|2048|18|0|15000.0|rectangle,346887.011997,235613.27,286084.11904346355,236724.08
744ba5f1-9abe-414d-a12d-1999dd6a8807,BUTTER-E|262144|8|0|48842.0|trapezoid,1094701.9364199997,1.1678662e+06,1043092.5893880024,1.188138e+06
746a7b3c-0440-4eb4-bb44-61d55637ea06,BUTTER-E|128|2|0|105908.0|rectangle,787076.0588129999,833724.4,875773.46571451,909500.25
747481ac-72ae-412b-8e7d-c9b2d768df16,BUTTER-E|2048|4|0|20640.0|wide_first_4x,249384.53612999985,198479.34,175292.98785666737,189004.86
7497e485-88c4-40cc-933e-5d9b51349fcc,BUTTER-E|4096|14|0|70000.0|wide_first_4x,775241.7574289996,948085.75,1117054.987852143,1.0044915e+06
749d7af5-3041-4da5-b083-7af5fd5d1658,BUTTER-E|1024|6|0|70000.0|trapezoid,867798.025494,748637.5,843630.1096972823,824114.1
749e563e-d983-4c9a-8c65-05849b773c9d,BUTTER-E|2048|9|0|6435.0|wide_first_2x,59976.50825399975,84897.5,86631.90153252894,92579.42
74b55ec3-2e9f-4451-8d49-5b77a2f3e524,BUTTER-E|65536|2|0|70000.0|rectangle,713240.6555189997,706579.25,689473.2597314807,713926.44
74b9e73f-f03c-4e4c-b913-c1ffbb2a4e35,BUTTER-E|16777216|12|0|105908.0|wide_first_16x,12238266.604916,1.2923321e+07,13400676.48878387,1.4233886e+07
74bf5afa-562c-4b50-b0aa-4793df0960b3,BUTTER-E|1048576|6|0|70000.0|wide_first_8x,2053649.751361,1.6533324e+06,1574556.559152614,1.652746e+06
74c7b21b-5629-4487-9703-7b09e17aa575,BUTTER-E|8388608|18|0|15000.0|rectangle,1411578.749402,1.4205718e+06,1528774.049299516,1.6546069e+06
74cff21f-f37f-45ef-bf5f-7c3aa377e0bb,BUTTER-E|16384|10|0|15000.0|wide_first_2x,446402.4271299997,328224.78,320518.25503998576,240411.38
74d11ec4-ebce-4c97-96a6-aac406f3684b,BUTTER-E|524288|8|0|105908.0|wide_first_2x,2899580.5257029994,2.7634932e+06,2629222.088656764,2.8879468e+06
74d25bc6-42a1-4951-8dbf-3037d1ab1f83,BUTTER-E|32768|7|0|70000.0|wide_first_2x,834445.9626279998,1.00117575e+06,940490.9830485528,913071.25
74d703b3-b89f-4fe3-8b78-999ff31a9321,BUTTER-E|256|2|0|15000.0|rectangle,129283.11819999972,125801.305,123108.71977065841,153829.47
74e7323b-d257-4ae2-8d68-e2ff6587790d,BUTTER-E|256|10|0|4898.0|rectangle,61250.79193899972,56930.445,54715.478298230184,52673.12
74fa2f40-9756-4dc1-83c2-4e27f6fa02ad,BUTTER-E|65536|12|0|5300.0|rectangle,179909.0836499999,169955.02,182864.48618921946,135896.78
7504fbcd-5ff3-41a5-8be3-27b049f53930,BUTTER-E|512|4|0|3848.0|wide_first_2x,41171.57970199993,45414.38,45134.338142571585,51736.547
752b1760-0f6e-4ab2-ada8-eb5fd836f351,BUTTER-E|8192|4|0|70000.0|rectangle,540006.4216,608493.8,559859.6003697007,656752.06
7541a991-edc8-4eaf-8f18-e7140e25af03,BUTTER-E|8388608|6|0|67557.0|wide_first_4x,4509933.62562,4.495974e+06,4639555.657313391,4.559821e+06
75528a38-b2f0-46ba-9eb3-839d370e0ece,BUTTER-E|1048576|10|0|3848.0|rectangle_residual,241317.7954139999,189883.98,204635.30019378226,195636.56
75783d57-5eaa-469d-a199-7eb6a99fe62c,BUTTER-E|262144|2|0|5300.0|rectangle,272994.3380959999,174133.8,175770.550853382,321418.97
757847e0-ed89-4961-bfba-2031cf17dd91,BUTTER-E|256|10|0|5300.0|rectangle,62162.862118999845,58702.64,53414.60640678025,58570.055
758c76f5-125b-459b-b4e0-afacfe527e02,BUTTER-E|16777216|12|0|4898.0|wide_first_8x,609879.8268879998,638352.06,614397.0645815361,727844.25
758f1872-f4f7-4f1e-b29a-cd364fd3973b,BUTTER-E|1048576|4|0|4898.0|wide_first_8x,108972.57116499984,128020.26,119856.75559480817,135054.53
759f1ce2-ed92-4c46-bef6-30cd0f586c79,BUTTER-E|64|8|0|3848.0|wide_first_16x,51874.42765199976,45559.49,47419.01520796352,45821.81
75aaff52-0a33-41c1-8cbf-e3a5d2ab0b70,BUTTER-E|1024|4|0|105908.0|rectangle_residual,998471.515152,988353.56,995586.2101301586,1.1309345e+06
75b21d4a-8eea-4d22-b4ac-c9002eae8403,BUTTER-E|32|4|0|5300.0|wide_first_2x,56206.33603899983,57318.44,53169.04364230104,62639.12
75b91b6d-0eee-4cc3-a961-edf109ec690d,BUTTER-E|16384|3|0|6435.0|wide_first_16x,78129.73120799988,84434.75,86740.42695200031,68060.58
75be4fc3-2375-4df6-83b7-8a466a705c24,BUTTER-E|4096|4|0|5300.0|wide_first_4x,94159.16387599969,65900.39,65694.96715189583,52117.57
75be64e5-5952-40b4-af0a-8ba181194b27,BUTTER-E|524288|18|0|70000.0|wide_first_2x,3303583.7398770005,3.0854585e+06,3462476.0970690344,3.5805875e+06
75db7d08-0ca7-47a5-8514-eaaf8048162b,BUTTER-E|1048576|8|0|105908.0|rectangle,3880854.723828,2.704525e+06,3340163.724253147,3.0049032e+06
75e76db8-8ff0-4ef5-a0d9-37ce3d23182b,BUTTER-E|1048576|9|0|70000.0|wide_first_8x,2231286.674787,2.1738018e+06,1954752.223207335,2.0767955e+06
75e847cd-bb8b-4c38-9508-6cf926618d62,BUTTER-E|1024|16|0|3848.0|wide_first_16x,67142.25320400001,76088.02,75060.5057403822,57573.47
7602e50a-29c5-4891-b5c8-b107e4c3a2b3,BUTTER-E|131072|6|0|12958.0|wide_first_8x,244664.3686569998,256679.0,254816.4291834112,257048.42
760c01d8-4913-48fb-a39a-9c4c51aace60,BUTTER-E|1048576|12|0|20640.0|trapezoid,1123666.7500900002,943140.25,1181034.0262477235,939539.44
761cca03-c91e-47af-a4ac-6c3cdac78b4d,BUTTER-E|4194304|10|0|5300.0|wide_first_8x,293942.2638289999,323399.72,289729.1455315652,348071.88
7623023f-3299-4797-8e60-383c4b6f1874,BUTTER-E|131072|14|0|3188.0|trapezoid,111127.43249499996,117310.086,111644.43205688903,128922.49
76452226-9ead-4008-af15-570861826c92,BUTTER-E|2097152|5|0|4898.0|trapezoid,159439.30547599986,140676.2,153511.86678857548,142899.33
76666ca1-b7b9-43ec-ad40-d826d74017f6,BUTTER-E|32768|7|0|3188.0|wide_first_2x,71150.38552699992,63723.875,75853.75651150061,53017.848
76763a56-fb31-40a4-9c04-81db4658b854,BUTTER-E|1048576|5|0|12958.0|wide_first_4x,326528.52413999976,348871.12,344297.85221143084,328133.4
7681da54-0e09-4ed5-a7dd-451a0e82db42,BUTTER-E|256|7|0|15000.0|wide_first_4x,165069.82422599976,187859.61,199081.31541434658,204507.14
768dac64-b3d5-4865-8e98-ccffa26d8afc,BUTTER-E|128|2|0|3848.0|rectangle,38299.89976799976,41094.44,39306.95458261395,49021.492
768e481e-1f62-4883-9eb8-4e5c2f0ac6e2,BUTTER-E|8192|8|0|67557.0|rectangle,509046.174427,651444.2,640502.402452838,649106.25
76b19e9f-3946-4654-a69d-936fc344e12c,BUTTER-E|1024|4|0|48842.0|rectangle_residual,484245.3066239999,431607.88,514537.74127715454,530314.1
76cb4b75-3ae4-4814-847f-cb0e05d33fc1,BUTTER-E|65536|9|0|3848.0|wide_first_8x,101999.086047,125444.41,123418.9324087363,128748.266
76d5e7a0-f449-47c8-b059-d4660c3ae5e6,BUTTER-E|256|6|0|3848.0|wide_first_4x,61359.46161699996,49290.348,55042.699460830205,48967.992
76da0c16-1e2b-4d37-89f5-55d306d5648b,BUTTER-E|65536|2|0|4898.0|rectangle,102698.67845199996,75650.42,71850.49496889247,92297.76
76f1b074-0d25-4d97-8373-ebe8933eb015,BUTTER-E|131072|8|0|15000.0|rectangle,202190.96601999973,248261.8,279277.6850359177,231644.28
76f222f5-7c38-4eaf-b660-e5f154043aad,BUTTER-E|524288|2|0|67557.0|rectangle,829933.21902,873784.06,954722.7109093741,855973.6
76f36491-c18b-4a71-aa53-458ea7965a80,BUTTER-E|128|14|0|12958.0|wide_first_4x,139684.89442799988,177888.48,157544.8211481218,198437.12
76f6acee-d031-4c12-8317-e455b090211a,BUTTER-E|2097152|16|0|70000.0|wide_first_8x,2957782.469605,3.8727495e+06,4365026.118943201,4.1642038e+06
76f833eb-a9ad-4ece-ad4f-30a620e15a2b,BUTTER-E|131072|7|0|12958.0|wide_first_4x,267703.4919679999,314519.9,282430.89919079567,309146.25
77014493-aeff-49fd-bde8-f9f4574fb370,BUTTER-E|131072|14|0|15000.0|wide_first_16x,579755.105031,587562.2,580594.6051030459,593081.0
771113c4-c206-4871-b779-60b08b64693c,BUTTER-E|2097152|7|0|67557.0|wide_first_16x,3024789.724584,2.268964e+06,2139041.779501149,2.4042455e+06
7711b81e-0ae1-40b1-ad81-417bbb8132d2,BUTTER-E|65536|7|0|12958.0|rectangle,152161.81449199995,174754.34,190696.11847633586,161106.36
77179e77-7fd8-455a-b4ff-fa1fdfa56cac,BUTTER-E|131072|20|0|12958.0|rectangle_residual,600582.6917979999,665256.5,597509.2230378586,622683.94
771f7b4c-66c5-4cad-bf9d-55c1bec856b7,BUTTER-E|2048|9|0|105908.0|trapezoid,1725958.7754240003,1.3826141e+06,1543210.6406089882,1.461941e+06
7727ab16-e8cf-4a19-ad21-6f32705583db,BUTTER-E|32768|7|0|105908.0|trapezoid,1731498.9356640002,1.7623315e+06,1756686.7122737602,1.4751745e+06
772946a7-b552-40fa-9c61-ad1bebbf7e4d,BUTTER-E|128|20|0|48842.0|rectangle_residual,548589.5602399998,599807.75,637395.6002018916,914508.25
772eb08d-ee33-4e76-9ccb-cabb9e0e936a,BUTTER-E|1024|4|0|12958.0|rectangle_residual,102855.31620799968,123801.2,119482.42555067607,135430.23
77438255-e5db-4a5a-9443-f8b70775241a,BUTTER-E|65536|10|0|6435.0|wide_first_8x,181363.10481299987,191450.31,189483.2298360365,187185.92
774a965b-5811-4e5b-b281-1eca7c8341c0,BUTTER-E|65536|20|0|48842.0|rectangle_residual,2376771.655569,2.3733838e+06,2141777.298941804,2.165525e+06
7766345b-8111-40a4-82aa-799eb5441d11,BUTTER-E|256|6|0|3188.0|wide_first_8x,42625.90721499984,39546.113,43883.80525082464,43412.426
77a6f8ab-59bb-41ef-b24e-382bdf9186fe,BUTTER-E|16777216|14|0|48842.0|wide_first_8x,6055613.601044,6.8059235e+06,7098209.574938161,7.7150125e+06
77afc8ca-a82f-4981-820c-18fba64a0618,BUTTER-E|32768|7|0|67557.0|rectangle_residual,1151877.571975,1.299868e+06,1382277.155081388,905106.4
77c1d1f1-893c-4d99-8029-da7f6a979c4d,BUTTER-E|32768|14|0|3848.0|wide_first_8x,155098.11565599983,135656.33,160031.91522175152,90344.12
77caa4d7-4caa-4b73-a84b-f3afe6937a76,BUTTER-E|4194304|14|0|3848.0|rectangle_residual,292338.4564739999,319986.38,303643.77389601764,288761.7
77e69e78-255a-4be1-a477-8fdddcf33ced,BUTTER-E|1024|3|0|12958.0|exponential,114299.28850899996,117933.55,120609.84742149728,137474.05
77e9e5d3-ef8a-4402-8071-703e533ef943,BUTTER-E|524288|7|0|3188.0|wide_first_16x,80315.67579199992,85391.04,92297.48893106756,84603.055
77ee4d0d-c389-47dc-9233-7ae5514e9f8e,BUTTER-E|8388608|20|0|6435.0|wide_first_4x,955395.7741439996,735961.9,712204.4718262786,707323.6
77f22396-b17e-40dc-98cb-8ede41e0758a,BUTTER-E|262144|9|0|15000.0|rectangle_residual,418156.09943099966,438691.2,454372.4322810342,467274.44
7815a37d-1c20-4bc4-ab62-70d64fc70ea7,BUTTER-E|8388608|8|0|4898.0|rectangle_residual,373300.0893899996,411351.6,409401.9773334595,387620.1
78302ece-492d-4f8b-8e5e-c5614e7dd0c7,BUTTER-E|256|8|0|3188.0|rectangle,36180.86472899999,39768.844,41553.937866554705,38625.586
78375e2f-a5d1-46fe-af07-cfd5ff8a0645,BUTTER-E|262144|20|0|6435.0|exponential,267751.8097679999,273908.12,274343.0715691769,291639.38
7846f105-c82a-4c2d-bb87-d9b626239517,BUTTER-E|2097152|12|0|3848.0|trapezoid,304817.96685699973,320822.4,287738.2205186185,368340.5
78536f7e-4edc-48a3-9f94-bffe98972217,BUTTER-E|256|16|0|6435.0|trapezoid,112673.10090999998,125434.36,101919.41789933997,111417.74
78702ceb-5a4e-4df8-8b09-ffdf47224120,BUTTER-E|128|18|0|4898.0|wide_first_4x,61327.06179399972,93560.83,88948.00321580362,86009.0
78784d4d-117d-4a11-a5a7-042e28ab892a,BUTTER-E|524288|14|0|3188.0|wide_first_2x,146249.9089339997,155369.0,152760.08175791713,158251.12
7892400f-e7d5-4930-be87-6bdd4e745ba7,BUTTER-E|65536|20|0|4898.0|exponential,186660.53891199973,194742.69,172577.80537268255,163124.56
78ad162a-c9c8-4986-bc98-854a19f95944,BUTTER-E|2097152|2|0|48842.0|rectangle,1305581.2037870002,1.4306106e+06,1066521.029214345,1.5622595e+06
78af9554-7299-493d-833b-5f593ce2c3a0,BUTTER-E|65536|6|0|4898.0|rectangle_residual,97307.73428399976,114158.12,106413.45736305667,87133.31
78ba1be9-4aa7-4160-8d59-d722f5c113ca,BUTTER-E|131072|18|0|4898.0|wide_first_4x,205523.727997,238887.66,267742.23252675653,227940.31
78c2958e-6e83-48a7-ba74-434f153f7be2,BUTTER-E|262144|20|0|12958.0|rectangle_residual,728129.51317,732537.06,592796.849862015,666490.94
78c6ecf4-0a9d-4e87-ada6-4a30a7f1a29c,BUTTER-E|16384|18|0|6435.0|exponential,179448.7236799997,143927.02,163637.92667630277,118207.17
78c94ad8-0636-4eb1-a065-1353c96985b3,BUTTER-E|256|18|0|5300.0|exponential,102563.19636899978,113727.914,112501.88731702909,90465.59
78d11555-d402-4ee2-aefc-2c155c7e8d09,BUTTER-E|524288|5|0|105908.0|exponential,1754131.1569760002,1.8128925e+06,1832336.033407529,1.8050481e+06
78d57ca5-8313-41a5-ba41-bdf0ee49c5b4,BUTTER-E|2097152|12|0|3188.0|rectangle,184844.88717799968,152465.47,189473.94454216384,156443.69
78dab72a-b0fa-45d4-8efe-3dbb222b1472,BUTTER-E|32768|5|0|6435.0|rectangle,72276.76933699983,69963.86,73787.28935198943,72192.766
78f83133-6082-419e-9548-6a8bd75739fb,BUTTER-E|8388608|14|0|15000.0|wide_first_2x,1494340.773056,1.2933194e+06,1548980.104436335,1.4472091e+06
79069044-7571-4c4c-9364-a6079f4508a5,BUTTER-E|32768|16|0|48842.0|rectangle,1664334.19354,1.3670001e+06,1438929.7941331891,1.2644046e+06
7910b44f-34e9-4b2a-a51a-377ed532d01d,BUTTER-E|8388608|2|0|67557.0|rectangle,4248195.194026,3.9681145e+06,3606876.0824951576,4.490498e+06
792ed650-d8bf-41db-b53e-9f00fb1efd4e,BUTTER-E|4096|6|0|15000.0|rectangle_residual,166861.06599699974,165478.64,168103.59539793042,190124.81
7938449d-aadd-4cc5-b570-8eed51bbc4b2,BUTTER-E|8192|20|0|105908.0|wide_first_16x,1990614.247072,1.7835764e+06,2093851.034435383,1.6715648e+06
793cae2e-86c3-4b1b-8308-fa407a94d126,BUTTER-E|512|6|0|67557.0|wide_first_2x,804439.8485249997,702945.8,701079.8312176787,712176.06
79439621-4522-437f-8d29-cc81be1f5bb1,BUTTER-E|131072|12|0|48842.0|wide_first_4x,1174102.786905,1.6738204e+06,1607586.3721410513,1.6693106e+06
79466d5e-842e-47e5-a018-d4bbcdca69ec,BUTTER-E|2097152|2|0|105908.0|rectangle,2752195.921179,3.3322078e+06,4134981.5294629578,2.8997585e+06
7962ad15-ad07-4ac1-9c56-a16069c052f8,BUTTER-E|4194304|12|0|20640.0|wide_first_2x,1294029.477321,1.2774365e+06,1302713.3836719913,1.3414348e+06
796bafac-19da-44e4-8338-c98a9c278633,BUTTER-E|256|10|0|67557.0|wide_first_8x,686363.6614159998,661595.06,643516.3582409961,849074.3
79784ba0-38e6-4983-966e-18f29104b14f,BUTTER-E|32768|3|0|67557.0|trapezoid,447981.5888029998,689629.75,637595.3709916864,639179.3
797db51a-a5e9-4615-9c8c-85a961965e51,BUTTER-E|8192|10|0|12958.0|wide_first_4x,200017.6828099999,179434.55,196108.50020043552,183777.36
799e9e31-e3be-4064-a8c7-f383a04b21b2,BUTTER-E|524288|5|0|48842.0|trapezoid,862319.38767,825612.75,850325.5603842055,863693.06
79b2646b-7907-4c88-a487-5cc1dd7a34cd,BUTTER-E|65536|5|0|20640.0|rectangle_residual,388483.3955739998,358815.53,355270.68615644134,318858.06
79b5a0bc-4e4d-485b-92d8-eb8bde7486b2,BUTTER-E|64|9|0|3848.0|trapezoid,64474.808978999885,61792.37,58192.60810885657,62505.63
79be4985-5577-4f5b-bd2a-0fa9abd8bd4b,BUTTER-E|65536|18|0|6435.0|wide_first_8x,279959.350275,251721.1,223967.9513694553,231278.73
79c6263d-0027-4c9a-adbb-50958d72eed0,BUTTER-E|65536|18|0|5300.0|wide_first_8x,185199.9958399997,241413.1,219698.71117840035,216505.86
79ced649-b61a-4588-bd39-0e15f4c459cf,BUTTER-E|256|12|0|15000.0|wide_first_16x,170555.45806899972,173475.92,181314.1533186782,188999.27
79dbf66c-3aa6-4452-95af-18fa816bdeed,BUTTER-E|8388608|12|0|20640.0|rectangle,1568843.81606,1.6117818e+06,1689081.3526244662,1.6541131e+06
79e4dee7-1e3c-44fc-9e59-9f45a7de01d7,BUTTER-E|16384|18|0|70000.0|trapezoid,996923.7309270004,1.1733768e+06,1084699.1073752649,1.2458684e+06
79eda45c-93b3-4493-9fa6-2e13239b2e76,BUTTER-E|2097152|3|0|15000.0|wide_first_4x,371585.28084399976,408512.97,408061.56910626125,403292.22
79feec76-2785-4c3b-b06e-bfd00e731afa,BUTTER-E|8192|5|0|3188.0|trapezoid,34729.52019899988,39152.977,40203.62684269702,42680.383
7a059733-4411-4041-b0d1-6aa02c7ccef0,BUTTER-E|16384|9|0|70000.0|wide_first_2x,1219003.280271,982169.0,1116755.5829837318,987142.1
7a0d4625-3f2f-4e52-bcfc-b3dc49519623,BUTTER-E|128|20|0|5300.0|exponential,100239.7314799998,129291.14,123289.89588312384,95477.625
7a166b90-f9a1-4bc5-838f-5a93759b2fac,BUTTER-E|4194304|9|0|4898.0|trapezoid,263859.918804,270560.3,271978.22121163463,297552.03
7a22cc00-89f5-4128-b096-241ec69165a0,BUTTER-E|262144|5|0|12958.0|wide_first_16x,251109.7611319998,244709.52,223597.113643963,241246.47
7a23037a-36cd-4849-99c2-5d79d9bc5896,BUTTER-E|16777216|18|0|70000.0|wide_first_2x,9723229.024372,9.448828e+06,11313286.287799576,1.1592104e+07
7a2cab05-1c92-4d0f-8bdf-b5ee80cd5075,BUTTER-E|32768|20|0|105908.0|wide_first_2x,3923780.871577,4.5407925e+06,3895800.5892286315,2.046371e+06
7a3c0de5-08dd-4c61-8cf2-2f27b46a1c38,BUTTER-E|8192|8|0|15000.0|rectangle_residual,314660.0727279997,223040.7,184787.36617154253,205837.67
7a59b1f0-270b-4e85-a4c6-cd2a06d0c40a,BUTTER-E|1024|6|0|67557.0|wide_first_8x,719175.974671,643083.25,655367.7205910581,716722.75
7a762427-a9a7-47a9-972c-03958c8c9ce3,BUTTER-E|8388608|3|0|5300.0|trapezoid,260064.8414159997,271195.56,284596.762921599,290735.75
7a858af5-1dcd-45ad-8c21-29838198c67d,BUTTER-E|2048|20|0|4898.0|wide_first_8x,111805.272504,121819.305,125017.07085306765,98060.4
7a8706dd-fb67-4c10-b326-7d3c02b2a469,BUTTER-E|524288|20|0|3848.0|rectangle,286537.14393099985,271853.28,272536.53130727453,283803.47
7a8bd8f9-618a-4b24-9535-9e280730e663,BUTTER-E|131072|20|0|15000.0|rectangle,614769.8331079998,752356.4,736858.9411731424,826406.75
7ab059f2-c665-4f57-9b29-76b41856547d,BUTTER-E|8388608|18|0|15000.0|wide_first_16x,1368036.427121,1.6105618e+06,1468385.9587739762,1.6508698e+06
7b0bda5a-64aa-44ce-a861-2ade3317fa22,BUTTER-E|524288|10|0|15000.0|trapezoid,810464.5444339998,471066.44,525079.5747909285,523798.0
7b0c6f88-44db-49bd-a098-f461a1481a4d,BUTTER-E|1024|12|0|67557.0|wide_first_8x,686047.842635,776929.06,764340.8437184963,905103.8
7b1f14be-9ceb-456e-b755-c574e6c4aa2f,BUTTER-E|131072|10|0|3848.0|wide_first_4x,194990.162656,152600.33,151066.20488322029,153237.77
7b204d2e-8900-4b0c-9927-57d7add1c1cd,BUTTER-E|2048|12|0|3188.0|rectangle_residual,59696.29868199984,56500.707,75009.6687219638,56608.363
7b2103a8-c8e1-4e73-928d-ef71aa4fa553,BUTTER-E|1024|6|0|4898.0|wide_first_8x,64268.33543799985,61581.875,60431.790170826825,62936.785
7b279634-851a-4138-b968-bf8e6494a8df,BUTTER-E|8192|7|0|6435.0|wide_first_2x,85270.60928099988,101728.85,106788.22246630181,86170.91
7b34b988-552c-4fa9-b443-f2103f0ef9de,BUTTER-E|2048|8|0|70000.0|wide_first_2x,821487.1341359998,870701.25,824693.2113163394,923932.06
7b56e85a-005f-492b-b5fb-534bb288dc4f,BUTTER-E|16777216|7|0|3848.0|rectangle_residual,458395.3194899998,440522.03,497901.4721908202,441411.06
7b57d7f4-910c-4c1b-894c-1e594a75f5e9,BUTTER-E|2097152|9|0|4898.0|wide_first_16x,221384.1061489997,227460.62,216670.92801145438,202966.16
7b6b7f10-3ff4-48e8-8a17-8c91e63f7832,BUTTER-E|4194304|10|0|3848.0|trapezoid,208576.8964829999,283621.9,247800.50504665248,282088.9
7b7424ca-1372-4b5d-aed7-8186eac2a499,BUTTER-E|262144|8|0|20640.0|wide_first_2x,479143.3750439997,509568.8,515424.59379123145,508138.7
7b8cdfdd-cf63-4809-84e1-4fae719c0783,BUTTER-E|32768|10|0|6435.0|rectangle_residual,155472.44805599976,184785.42,173872.44073232822,121978.34
7b8d15b4-7f59-42b1-b450-cf2c38148b2a,BUTTER-E|8192|18|0|70000.0|wide_first_16x,873494.0465969997,1.0907034e+06,902666.4626238685,865295.8
7ba6ccc6-5b32-4043-a346-95afa7376a74,BUTTER-E|524288|8|0|3188.0|rectangle,63063.30219399973,71516.69,80734.95799638236,71333.72
7bae44ee-50d4-4797-879a-11a677d67cfc,BUTTER-E|64|9|0|5300.0|wide_first_2x,63210.48998399999,71250.7,66248.53025839441,73137.66
7bb6502b-057a-4aeb-a7a1-dddccc86aad9,BUTTER-E|8388608|18|0|4898.0|rectangle_residual,503562.276396,580469.4,573581.9616149472,497585.22
7bbce6f2-ef85-43ba-81ce-bea338c16034,BUTTER-E|262144|4|0|67557.0|exponential,902436.710913,932187.9,992862.5888181736,1.0502274e+06
7bca3c96-12ec-48cd-9f22-9b76705809d3,BUTTER-E|32|2|0|5300.0|rectangle,49720.4736319998,52271.78,43195.89432658483,66847.02
7c03e59d-453e-4913-b8d6-8ce76d143c85,BUTTER-E|32|9|0|20640.0|wide_first_2x,191957.19689599992,203047.66,196067.6139027104,261641.48
7c12e8c8-20de-4b7d-b629-f98fb71fbbbe,BUTTER-E|1024|7|0|3188.0|exponential,44463.804867,49423.37,50693.001195514196,47787.348
7c187777-8288-458f-8e8c-0f03d2ce39e7,BUTTER-E|4194304|6|0|67557.0|wide_first_4x,3084878.60215,3.091526e+06,2998955.926595878,3.0832935e+06
7c1d5ed3-7bb5-4a49-be25-a3cd21a6cc7c,BUTTER-E|524288|12|0|15000.0|exponential,424495.0494,505838.2,488271.23222699185,515867.12
7c1e56c1-17e2-479b-9c51-6b352c83f4ba,BUTTER-E|32768|14|0|67557.0|rectangle_residual,2008040.279456,1.8871318e+06,1876234.3919769875,1.0751502e+06
7c22c931-ec05-41d4-b1e0-2c71ce41c42c,BUTTER-E|1024|10|0|12958.0|wide_first_4x,166841.26758099973,181442.53,177685.4652362071,175516.8
7c24c865-be96-4d16-bfff-f4462b910342,BUTTER-E|4194304|7|0|12958.0|wide_first_8x,716809.7556049997,635605.06,630436.2096717018,676937.6
7c2695c2-a0e7-4797-8162-e98ec3781523,BUTTER-E|262144|18|0|5300.0|exponential,256532.144747,214249.34,236587.97889824156,214426.97
7c29f91d-e732-48cb-8fbc-ea3a3f83b279,BUTTER-E|4096|7|0|5300.0|wide_first_16x,111114.19657699992,72557.28,86588.67502545436,56918.23
7c306add-5bfa-4d47-b9ad-b433569a431f,BUTTER-E|524288|3|0|3188.0|wide_first_16x,62548.24561599997,61230.97,64536.58367882403,57266.152
7c346669-a4ce-475d-8aa1-cacfc69f07a6,BUTTER-E|256|16|0|5300.0|trapezoid,97917.51367199988,96259.15,94321.65445520775,86297.23
7c53d63b-553d-4f64-8a8d-ef0d0dbcef08,BUTTER-E|2097152|8|0|48842.0|wide_first_16x,1781880.644268,1.8047314e+06,1882750.887625615,1.9316001e+06
7c5eba3d-7cfc-41db-b70e-6dc59bce4b14,BUTTER-E|4096|18|0|3848.0|rectangle,52900.32739899995,56497.312,61008.53603184097,66785.28
7c6a27dd-415c-48c7-b70e-e39fcbc31d7d,BUTTER-E|16384|12|0|105908.0|trapezoid,1991527.403465,1.9727222e+06,1823813.3624832004,1.685636e+06
7c6e7fb8-615d-4780-bd56-2efcc9de47ec,BUTTER-E|2097152|5|0|105908.0|wide_first_2x,2808895.975223,3.1029955e+06,3139605.77432563,3.0548182e+06
7c97aae3-9386-41e3-8b97-cdcd09f180b3,BUTTER-E|64|2|0|3848.0|rectangle,40501.11377999988,40059.246,40043.14718193422,48996.63
7c986586-39a5-4a48-a4c7-1b17fd2e0d3d,BUTTER-E|512|5|0|48842.0|trapezoid,323891.193475,407805.72,325255.9559108123,462026.53
7cad7b51-921b-4fd5-8144-fbbb8f8a7916,BUTTER-E|8192|12|0|3848.0|exponential,95639.79800799972,72609.47,72946.57228466787,59736.715
7ce4272e-1c33-46e9-868b-a670a186d0d7,BUTTER-E|2048|20|0|3188.0|wide_first_16x,52931.62696199976,60100.316,52023.881701717364,47061.58
7d10e32d-63ae-4e87-b42b-17c2b66adacd,BUTTER-E|8192|6|0|105908.0|wide_first_16x,1435160.069859,1.2150259e+06,1210307.9369504594,1.0299082e+06
7d10fe4b-76e3-462b-badf-fcde097b5181,BUTTER-E|131072|2|0|105908.0|rectangle,1138638.668175,1.20673e+06,1339454.544679412,1.2051095e+06
7d12137e-3cbb-43c5-ad06-87f267ff2882,BUTTER-E|4194304|18|0|12958.0|wide_first_4x,1189412.1486,1.0089588e+06,951202.0990175023,970291.4
7d1dab60-b133-4638-9844-9e152ccf1cf4,BUTTER-E|16384|18|0|48842.0|exponential,1364589.216683,1.00582206e+06,1006309.436331633,1.03199356e+06
7d2769fd-d7b0-44d3-aa21-09fccbaf3dbe,BUTTER-E|524288|4|0|15000.0|trapezoid,287083.3454979997,223885.27,215322.32181311314,216759.97
7d5bd777-503e-4cf3-af3e-ebe50d673708,BUTTER-E|128|18|0|5300.0|wide_first_16x,54702.70037399988,80619.195,71479.27816712872,72366.75
7d5d1e76-4bba-4929-8b2c-f949c7c92cb6,BUTTER-E|65536|7|0|70000.0|wide_first_16x,1007992.7686669996,957734.06,962639.0262374704,825293.1
7d747a90-e2d2-434d-a35e-32fee243c8b2,BUTTER-E|32768|10|0|70000.0|wide_first_8x,941402.9512689998,1.0173911e+06,971324.7805691945,913536.4
7d80438b-c568-4e63-aca8-d010aad644cc,BUTTER-E|8388608|7|0|12958.0|trapezoid,849071.4122560001,816082.75,926920.211563841,896372.0
7d8e42e3-a33a-44e1-9bed-7cd6a0ffeeb6,BUTTER-E|4096|10|0|20640.0|rectangle,180698.71531599973,176831.33,200997.24716348838,224089.47
7d901104-323f-42e2-85c6-50474e6d5e53,BUTTER-E|2097152|2|0|70000.0|rectangle,1204677.9027189997,1.5402789e+06,1452997.5075593526,1.2413935e+06
7d92045f-3a18-43c0-92aa-7e5374836413,BUTTER-E|1024|3|0|12958.0|trapezoid,82051.83578399976,89659.68,95376.79173808204,104555.19
7d968c59-600c-4145-8f94-4601c6abee6d,BUTTER-E|131072|4|0|20640.0|wide_first_2x,317173.4213789999,334829.34,361660.7996802145,301283.53
7d9cd9dd-99ec-410f-9a04-52850c0d92f0,BUTTER-E|262144|14|0|105908.0|rectangle_residual,3594764.408423999,4.254345e+06,4009197.7606445746,4.509389e+06
7da1e7f4-e11d-4265-afea-5ffe22ecdc80,BUTTER-E|16777216|6|0|6435.0|wide_first_8x,689490.8567019998,740272.7,784842.5389633791,776718.6
7dad3423-afdb-4570-8cb8-21ef466e27ae,BUTTER-E|2097152|2|0|3848.0|rectangle,845505.0784829999,700533.25,1458413.528962649,1.02285475e+06
7db240ad-5d9b-4d67-9bb5-e26d155fc824,BUTTER-E|8388608|12|0|3188.0|wide_first_4x,368444.2523069999,269475.44,301306.57782681356,267933.78
7dd79ef0-fcf2-4fc1-a35b-6ab598997e9a,BUTTER-E|1048576|12|0|67557.0|rectangle,2535340.350016,2.5465362e+06,2935838.077530916,2.6184545e+06
7dd7c6cf-e3a9-4a80-86ea-7e039aa958a9,BUTTER-E|32|4|0|4898.0|wide_first_4x,42784.455899999884,45490.152,47253.75609810859,61470.332
7dd7c873-7bc4-4bc2-a0a8-a461c577eb04,BUTTER-E|32768|6|0|6435.0|wide_first_8x,117969.52694299992,118683.63,122787.79783670013,116287.32
7ddebafb-8826-4c39-8d09-468ec44391ba,BUTTER-E|524288|7|0|12958.0|wide_first_8x,302693.1400199999,349177.0,347055.5952576798,372815.0
7de221db-ea95-4298-84cc-15fcc265719a,BUTTER-E|8388608|14|0|67557.0|wide_first_2x,5507266.378503,6.04767e+06,6042079.0845125,6.101285e+06
7dea8666-f870-4144-83cc-606715fd6d26,BUTTER-E|512|7|0|15000.0|wide_first_4x,166152.05535199973,191354.84,209004.24207135072,204754.2
7dedb1d0-ac3b-4274-ab6d-49f50dc8c9b2,BUTTER-E|2048|16|0|3848.0|exponential,62872.344830999886,70256.12,76853.68366003645,64508.07
7e0f7923-d0ee-4f76-8e2f-85bbec11dd43,BUTTER-E|2097152|18|0|4898.0|wide_first_8x,307638.35109,356558.7,327067.55587422865,335864.6
7e37a150-ddee-4619-b763-69d9f09c82b8,BUTTER-E|1048576|14|0|70000.0|exponential,2437543.695517,2.5174275e+06,2996964.565883047,2.985616e+06
7e44aa57-0768-485b-80cd-81ff5f055c63,BUTTER-E|16384|20|0|15000.0|wide_first_8x,232830.818037,276512.78,234466.44027700555,360848.4
7e5af69a-0ca0-4eed-835e-328ad107bb8a,BUTTER-E|32768|20|0|12958.0|wide_first_4x,948891.03508,599052.0,568775.4864405826,307911.9
7e634f03-0028-4dc0-a867-686fd4172f00,BUTTER-E|262144|18|0|105908.0|wide_first_16x,7557150.010391,4.534626e+06,5163899.94168602,4.93212e+06
7e96d285-e199-42c8-a50f-8e8280da6737,BUTTER-E|16777216|7|0|6435.0|rectangle,611632.7354679998,564815.94,643780.605669294,637851.2
7ea3c0dc-f472-4738-a47d-2c4b85e48e5e,BUTTER-E|1048576|6|0|70000.0|wide_first_16x,2597938.064271,1.5506592e+06,1688396.4164992308,1.5537501e+06
7eb8aaba-89ca-468c-b8ce-90e110cc5a3e,BUTTER-E|16777216|10|0|70000.0|rectangle,8189846.846418,7.4985635e+06,7618457.360910525,8.619327e+06
7ec1c156-ddfd-4585-b22f-42b8097e926d,BUTTER-E|256|9|0|20640.0|trapezoid,338608.32149499987,253646.75,227107.19495828068,271013.53
7ec250d7-e4b1-40ee-9163-da5bcc89f8ef,BUTTER-E|32768|20|0|67557.0|wide_first_4x,1128962.761423,2.1495358e+06,2021162.436924589,1.2220694e+06
7ee7fe2c-cbcb-49e2-88b9-501cd1247b2b,BUTTER-E|32768|8|0|48842.0|trapezoid,926215.9627169998,866889.1,827475.0823042694,951653.06
7f0a3b40-3af2-4b05-a9e5-91cf3fada57a,BUTTER-E|16384|14|0|67557.0|wide_first_2x,914393.7984649997,1.4624194e+06,1099390.5989096384,1.1412011e+06
7f0cfa3d-973b-40d4-a2fd-3ddf3d670b5e,BUTTER-E|1048576|3|0|4898.0|wide_first_2x,122193.1415859997,112068.336,133496.17542209363,120190.805
7f142d53-8216-4ea0-9c57-a2a4401d0dd1,BUTTER-E|524288|5|0|4898.0|wide_first_16x,115936.7886229997,113855.64,114755.82757860905,109449.7
7f1a72d3-cc81-4843-8d95-ccbc1fd4f87e,BUTTER-E|8388608|10|0|15000.0|rectangle,906664.8768249998,967233.3,1055910.0017629014,1.01081375e+06
7f2cca18-db4e-4667-8f49-691c509c71f6,BUTTER-E|32768|4|0|67557.0|rectangle,604797.505734,602653.44,599230.3010827963,591950.9
7f312d6d-af9c-445a-b166-907492ce8e1f,BUTTER-E|2097152|18|0|12958.0|rectangle_residual,997481.0671079998,942395.8,874037.103168468,925723.4
7f35bebb-ff42-4bf4-a43f-79ade172bb10,BUTTER-E|16384|12|0|5300.0|wide_first_16x,103062.78977199984,107337.75,90621.54629992932,67620.5
7f49d86a-e3da-4be3-9c71-43fa4a77140b,BUTTER-E|4194304|3|0|5300.0|wide_first_8x,243440.96814,209334.34,208083.1689605407,213182.58
7f50b1b6-4abc-4aa8-8754-eb629e0e1b31,BUTTER-E|2048|12|0|6435.0|wide_first_8x,116137.93960899972,109517.88,105133.79988522499,96384.08
7f5e0f54-aa67-4e4e-923a-c2d38578b033,BUTTER-E|16384|3|0|48842.0|wide_first_4x,540182.3199719997,486668.6,540519.9593997031,509412.84
7f66524e-1d9d-46e4-a079-d9c2c4418bcc,BUTTER-E|524288|14|0|105908.0|wide_first_8x,3824301.976124,3.8313048e+06,3830008.2807863494,4.4553995e+06
7f706a6d-7312-415d-8b74-afdc44222b1a,BUTTER-E|128|7|0|15000.0|rectangle_residual,174559.0705919999,187722.42,173261.15641390148,194208.9
7f73d4ca-8066-44b4-a3be-fc2345ad5690,BUTTER-E|32768|3|0|67557.0|wide_first_16x,681314.4309979997,687994.7,769221.1074548196,635114.9
7f75c9a6-15e6-4ac3-81ec-5aa70d0dbea8,BUTTER-E|4096|16|0|105908.0|rectangle_residual,1329331.606248,1.4096525e+06,1507643.635747096,1.7068954e+06
7f78a63f-4883-4997-bc79-f0479a5e3ad1,BUTTER-E|8192|12|0|70000.0|trapezoid,1264270.857471,1.126737e+06,1129191.0488736092,1.123022e+06
7f820d56-82c0-4e3a-b21f-eba68bf6316e,BUTTER-E|8192|3|0|3848.0|wide_first_16x,50214.2048839998,50038.695,58569.15858189689,37735.48
7f908360-cd46-4ba1-9d78-bc234ee88d21,BUTTER-E|512|12|0|6435.0|rectangle,81810.93332299968,100035.21,107035.71312314838,84430.65
7f9e3447-e406-41fc-9c0f-751ca0cf9309,BUTTER-E|8192|16|0|3848.0|wide_first_8x,79851.73359599999,68356.484,64465.96252502764,64319.54
7fa40d67-8437-4711-9aea-4ef9f38e389f,BUTTER-E|65536|14|0|20640.0|wide_first_4x,612442.2690529999,781870.44,858548.7990266811,672203.44
7fb31ead-dc12-4fe6-be0a-cc9baa5ade61,BUTTER-E|262144|7|0|3848.0|trapezoid,140993.0813479997,136036.69,166929.22359492225,142386.47
7fb3f68a-934b-4940-b0f1-8f055b1abc6e,BUTTER-E|1024|2|0|6435.0|rectangle,49050.56550199968,57243.33,53823.41738443018,68976.31
7fc96ca5-2f0d-440b-9c33-a7a3d57f331d,BUTTER-E|524288|2|0|3848.0|rectangle,243991.72143399995,162659.14,437691.276517733,266113.03
7fe09285-1ac5-41c1-9bc4-b1b918f098e0,BUTTER-E|1024|4|0|5300.0|rectangle_residual,53835.11377499988,53146.023,52133.894935899356,57869.85
7ffa1613-d0e5-421f-84fc-4b9a4a0ef20e,BUTTER-E|65536|10|0|3848.0|wide_first_16x,117453.26026299996,114669.1,118686.55315983249,56534.934
8007429f-57a4-4bbb-9dea-541066f1094c,BUTTER-E|64|8|0|12958.0|wide_first_4x,134605.641906,144835.23,134912.04364687775,165919.06
80317407-5350-4886-ae4f-0fdec15365f5,BUTTER-E|16777216|9|0|5300.0|rectangle,644024.2066650001,503348.84,503353.77427238313,562574.75
80343906-daad-44d9-938f-d57fa9da8700,BUTTER-E|16384|12|0|105908.0|rectangle_residual,2644550.545029,1.9477434e+06,1648615.14018272,1.607985e+06
804d7452-5822-46da-9925-c368d4955b94,BUTTER-E|524288|3|0|48842.0|rectangle_residual,754095.4124999997,785155.94,742513.5779872157,837303.6
80594506-d81b-4f9a-a017-f17fbe0bd274,BUTTER-E|524288|8|0|12958.0|trapezoid,365734.1766489999,363347.53,348157.4169545226,358893.88
807bf249-e15b-4160-a63c-5f85137f0c60,BUTTER-E|524288|14|0|3188.0|rectangle_residual,155455.64892299988,172898.17,145726.7393428762,155958.06
809bea30-d83f-457a-9c66-5b010ffe25ca,BUTTER-E|4096|3|0|67557.0|trapezoid,407204.02077099966,591560.4,648483.1555625459,597347.94
80abbd65-eb36-47a9-ac1c-938e92a7b86b,BUTTER-E|524288|16|0|3188.0|exponential,117762.55963899984,154751.75,161616.12587967527,145734.17
80c03feb-f111-420b-b89f-b2b3f794654a,BUTTER-E|2048|10|0|3848.0|rectangle_residual,48149.66764699992,51556.766,57920.15179630754,62497.88
80c8673e-ae67-4fa9-99f4-1936644abf58,BUTTER-E|1024|6|0|6435.0|wide_first_8x,69659.04890099987,78371.695,80721.34044337508,80092.414
80cec8f4-44de-47b2-97bc-c64c34212249,BUTTER-E|4096|7|0|67557.0|wide_first_4x,840345.6741729998,788780.94,832563.6552802629,800941.1
80d2bfc3-2ecf-4dd0-a0c1-a392189015f8,BUTTER-E|65536|7|0|6435.0|wide_first_8x,130973.07442299982,147164.9,140317.2593903572,147618.5
80d67996-98dd-42f3-8439-40dde26adca0,BUTTER-E|524288|2|0|6435.0|rectangle,109163.26004799995,129795.07,134031.06675267752,140742.64
80dd198c-1110-41b7-b00f-8bd5cd51fe1c,BUTTER-E|4194304|20|0|48842.0|rectangle_residual,3663795.469436,4.1596908e+06,3829909.0931657846,4.1612222e+06
80e2df5d-3494-43c0-bd78-c3eb3e2a5d33,BUTTER-E|16777216|12|0|3848.0|rectangle_residual,549070.1219219997,528245.6,522485.7824416324,522274.16
80e542ad-3dda-43bb-a17e-f3a5a38f03f5,BUTTER-E|64|3|0|5300.0|wide_first_16x,42268.1242519998,46901.266,48688.05890746716,49923.438
80ebe8b0-b514-4e18-a4d1-5c180a67f736,BUTTER-E|8388608|7|0|6435.0|exponential,458544.24793000007,435683.44,455811.9148719065,427968.16
80ef90b6-48d3-43dd-8e70-3803157d51ca,BUTTER-E|4194304|20|0|12958.0|wide_first_4x,1125267.6113339998,1.0699449e+06,1063073.9789841033,1.121329e+06
80f73012-634e-49bd-b20b-76e038e2351d,BUTTER-E|65536|8|0|3188.0|rectangle,47392.70915199968,49014.855,53060.579065942424,50163.26
810df667-fb40-41bb-9937-10444c1f8e77,BUTTER-E|8388608|2|0|3188.0|rectangle,199758.553564,416113.6,1649717.6048069915,361159.66
810f5bbe-1db2-4f78-b9fc-9c071c117ab0,BUTTER-E|4096|10|0|3188.0|wide_first_2x,54533.96659499976,54191.67,57204.41991437417,49642.703
81106aa0-3a39-42fe-94d9-bf494c7393d4,BUTTER-E|65536|12|0|12958.0|exponential,498703.112343,343812.7,361724.0218441861,333573.6
8161200e-dd86-44ab-8ac9-bba3cc322a25,BUTTER-E|524288|9|0|6435.0|trapezoid,261098.753386,214993.14,202167.1857195852,214884.3
8169eb6f-4c12-41d6-98ab-0e3530c1af97,BUTTER-E|131072|3|0|15000.0|rectangle_residual,227522.27925799973,223037.08,230025.87246222075,244784.67
817fdc35-42da-414e-8ca2-50f6b064da71,BUTTER-E|8388608|14|0|5300.0|rectangle,418263.7199279998,460618.7,459840.18664559914,529836.44
818e398e-657b-432a-88ae-695d04de3b51,BUTTER-E|524288|2|0|67557.0|rectangle,887277.9221910001,873784.06,954722.7109093741,855973.6
819b2b22-2472-4d75-9099-f00957b597b2,BUTTER-E|2097152|8|0|3188.0|exponential,110194.68871399968,117397.83,118103.43867281314,105812.08
81b85e48-fd56-4b50-8151-8324756217bd,BUTTER-E|524288|14|0|67557.0|wide_first_8x,2745864.171302,2.5408332e+06,2734902.6903436948,2.86142e+06
81e324eb-bef6-4008-b754-f9230d454ef5,BUTTER-E|2097152|2|0|3848.0|rectangle,946159.343574,700533.25,1458413.528962649,1.02285475e+06
822554a8-d421-4a4c-8529-e70ba587c003,BUTTER-E|8388608|7|0|48842.0|exponential,2715301.654976,3.0886822e+06,3222647.7852012604,3.2007078e+06
822703d9-5b7b-4375-972b-c1990c228685,BUTTER-E|256|8|0|6435.0|rectangle,61311.70937900001,64482.42,68242.44802405851,65393.156
822911e3-8519-43e0-8e7d-61bcbd1252a2,BUTTER-E|65536|10|0|3188.0|wide_first_4x,121845.11224399992,79379.664,72978.40934735538,74705.55
822c7252-adaa-4489-bfe0-a9cdd9d2621d,BUTTER-E|65536|6|0|3188.0|wide_first_8x,54445.74662199996,56659.62,56866.74473970949,52338.676
822d363c-4613-4849-8805-08840b4c80e7,BUTTER-E|256|2|0|15000.0|rectangle,136447.18619899967,125801.305,123108.71977065841,153829.47
82445ab3-afb6-42b6-9622-1220e4b46a21,BUTTER-E|16384|6|0|12958.0|rectangle,134442.9761959997,130364.85,152507.00032893353,121033.94
82461d47-4367-4126-980a-101bd7838364,BUTTER-E|16777216|10|0|70000.0|wide_first_8x,8024659.054415999,7.988782e+06,8383094.179327285,8.570491e+06
825b5f44-d656-47f2-8a61-0bf3ae7c88cf,BUTTER-E|512|8|0|4898.0|wide_first_16x,64722.66429199968,69709.305,65775.24019519037,53800.05
825c9247-040b-4ade-801f-7afb5dc54255,BUTTER-E|16384|20|0|12958.0|wide_first_8x,281976.2617009997,242553.81,207159.72484238967,263430.66
8278eb0f-53a8-48a5-900d-c2e0ec26f3b8,BUTTER-E|32768|10|0|5300.0|exponential,110128.69426499998,122796.19,115199.25787823858,87536.1
8296ff9e-fc43-4424-ab1e-88b99d1653c8,BUTTER-E|256|6|0|67557.0|rectangle,498715.9682689997,532775.75,437504.29950267606,554156.1
829af104-c93b-4bbb-8ed2-a38ba440ea3c,BUTTER-E|2048|8|0|6435.0|wide_first_2x,64772.533481999766,81979.1,79993.52166037324,88068.99
82ab3b1f-98f6-4b70-9670-e1ba87b8eabe,BUTTER-E|16777216|20|0|3188.0|rectangle,437664.4937329997,480475.16,450159.1934601653,549962.1
82c3c6b0-7247-4d32-8835-e272d0308279,BUTTER-E|32768|8|0|15000.0|rectangle_residual,320786.116371,344216.88,314763.10706026613,253339.48
82cca4c2-b2e7-4332-be8f-496069eb66a6,BUTTER-E|131072|3|0|12958.0|exponential,183320.36427699967,190028.92,178423.28429884324,181307.62
82ccd71d-f066-41d7-af39-6759ff26b83d,BUTTER-E|32768|20|0|48842.0|exponential,1099296.6922430005,1.3089878e+06,1247605.2214069425,1.2907071e+06
82e4489d-3db8-4781-8b61-b7849bd55df5,BUTTER-E|16777216|5|0|15000.0|wide_first_2x,1539482.679328,1.5882711e+06,1607640.46991625,1.5491206e+06
82ee27af-c005-4351-b02e-3db1b9b61cba,BUTTER-E|2097152|2|0|6435.0|rectangle,302083.1107309998,327881.6,448028.11086600716,359513.6
82f756d1-6093-43d8-9999-afee9ffb94ef,BUTTER-E|4096|14|0|70000.0|wide_first_8x,954629.028869,863726.06,834753.3983811147,936452.4
82fda315-5206-443c-9cb9-bc2c69a4b6a7,BUTTER-E|262144|3|0|15000.0|wide_first_8x,231541.26354599977,240037.72,254991.18342995213,237934.3
832b951e-d74f-4d29-a474-1561b5e2cec1,BUTTER-E|262144|18|0|3188.0|trapezoid,145922.73874599976,153879.5,187591.71895991077,157094.8
8338d449-f5ea-4057-9043-81a62d87efb3,BUTTER-E|512|14|0|12958.0|exponential,209689.1488219997,216557.28,239537.9262410617,223613.62
83538560-14a1-4bea-bc2a-c160ad7a1088,BUTTER-E|2048|20|0|20640.0|wide_first_16x,433332.310095,419058.16,409940.85995738703,266420.78
83698a28-e43e-4cc5-a9f7-3ebbe59f6a87,BUTTER-E|4096|8|0|5300.0|wide_first_8x,87367.039839,76442.52,76936.3644788799,70142.305
836a92d2-c78a-4a15-b737-7cecc12ef4c3,BUTTER-E|131072|5|0|20640.0|trapezoid,302637.69197299983,268748.34,340758.86773572955,314441.94
836c7be7-b5b7-489f-82c4-5050abc8a6d9,BUTTER-E|128|10|0|3848.0|rectangle_residual,55151.79202899972,72065.51,69861.42242756556,62218.547
836d4aea-ba08-4655-aa4f-a497bbc982fa,BUTTER-E|65536|2|0|70000.0|rectangle,910130.26157,706579.25,689473.2597314807,713926.44
83812fa4-c718-4f5f-a3fd-cb717664009b,BUTTER-E|524288|10|0|3188.0|rectangle,72094.92438399984,80476.234,79819.50480594671,81260.336
8393ea0d-7e0d-4cd6-acc6-026063682821,BUTTER-E|32768|12|0|5300.0|wide_first_4x,147438.67650799968,200171.9,223370.71440798236,141574.72
839a94cb-82e8-4c36-bbd9-4b4584ae24ee,BUTTER-E|65536|18|0|6435.0|rectangle,240429.695886,250450.55,252775.11514825997,282559.0
83b0997b-35ae-4d9d-a3aa-7d3a11a303f6,BUTTER-E|4096|20|0|15000.0|wide_first_16x,491878.306746,293370.0,277306.74780992296,218616.16
83badd7d-4577-4950-8b05-8aac6ce45c6d,BUTTER-E|524288|7|0|5300.0|wide_first_8x,150550.72048799964,151751.19,163192.04911850893,165877.77
83bf1c1e-ab50-43d5-8047-fa32cd13c757,BUTTER-E|8388608|14|0|67557.0|rectangle_residual,5767380.867612,6.244728e+06,6240727.362561689,6.04296e+06
83cbaa2c-8672-4c0a-b590-0a99cae72480,BUTTER-E|256|8|0|67557.0|wide_first_4x,695560.340434,680262.75,659843.7288507537,813091.9
83d35043-c8f1-455e-b8b0-9e09c5268610,BUTTER-E|131072|2|0|105908.0|rectangle,1104597.3131219996,1.20673e+06,1339454.544679412,1.2051095e+06
83e8face-8d45-4896-bcea-2619d6fc7e09,BUTTER-E|512|7|0|3848.0|wide_first_2x,48480.02723399976,53946.12,52664.24647869152,57061.66
83f68539-a09a-406c-8912-2a2234ac78bf,BUTTER-E|16384|9|0|15000.0|wide_first_4x,486072.0828149997,270106.84,307382.6900641128,229430.31
83ff3d8b-f43a-4790-865b-b77acdb3c689,BUTTER-E|2048|18|0|5300.0|wide_first_8x,121672.22204499984,104909.766,130848.39518175015,78893.85
8401bd3a-f166-4b47-9b6a-149b71903e59,BUTTER-E|1024|16|0|67557.0|rectangle_residual,917698.789963,1.0791144e+06,1061795.40292922,1.0777711e+06
84425cf9-d9d9-4baa-908e-57133955ea18,BUTTER-E|524288|20|0|6435.0|wide_first_4x,374674.121073,386576.44,428486.2773799308,364233.25
84508060-0b91-4e7c-8a0d-1483a0ad8049,BUTTER-E|524288|20|0|3188.0|wide_first_16x,194641.7602439999,179039.17,184105.32400000334,165268.1
845ec09a-31b9-47c3-b92e-70ee98506c87,BUTTER-E|1024|6|0|15000.0|wide_first_16x,211795.3400149998,170336.0,149989.65953996652,151432.27
84671bdd-32bf-464e-af6b-00fe225ea289,BUTTER-E|2048|7|0|67557.0|wide_first_8x,696217.0005959998,817577.6,688661.0841712484,730708.3
8481b6b1-d0dd-41e7-8e9d-672b6e57f253,BUTTER-E|4096|5|0|5300.0|rectangle_residual,79466.664744,64266.133,72732.76622961689,60437.31
84849264-7dd6-4ad1-8192-1fcb2836ad56,BUTTER-E|8192|10|0|67557.0|wide_first_4x,721950.61797,790346.4,807937.5185942238,895316.06
8492a1d8-77ce-4544-a550-b7b67b0c7414,BUTTER-E|8192|14|0|3848.0|trapezoid,89060.160627,76362.445,84145.51953648927,68468.25
84a84eda-56b9-4238-9bce-f8fa5843a67f,BUTTER-E|512|16|0|6435.0|rectangle_residual,102603.87589399992,124355.586,119146.59155492588,101320.65
84b4639f-7216-4231-a323-fd6e0b107c5e,BUTTER-E|1048576|9|0|5300.0|wide_first_4x,246013.26697499977,198828.5,195454.44151902248,194177.8
84bda859-45f1-4758-a155-2a1efd9e65eb,BUTTER-E|2048|7|0|20640.0|wide_first_4x,180028.30338,219457.78,220995.96837308884,230087.67
84c11970-b5b6-4191-8753-dd879a34a18a,BUTTER-E|1024|10|0|5300.0|exponential,75908.76057999971,77870.586,78142.63769845272,71745.74
84e3455e-a229-4af7-a232-98a7d4df8bb1,BUTTER-E|65536|3|0|6435.0|trapezoid,60966.61220799972,63782.547,88132.49187934301,72715.49
84ea49a7-15bd-4df0-aa97-d1179cf17e2f,BUTTER-E|2048|4|0|12958.0|wide_first_8x,142471.4350879998,142926.17,138993.47088756762,134493.88
85215333-22f5-46f2-b2c9-447daf19cac6,BUTTER-E|1024|16|0|48842.0|wide_first_4x,855824.4196119998,807998.6,626847.9115597869,773874.25
852bcd41-b2f7-4e6f-83ee-edd133782c62,BUTTER-E|4096|20|0|12958.0|rectangle,144920.83240599983,176332.02,162499.5570739258,227667.23
853c75ba-191e-4a69-9984-f863216ebcff,BUTTER-E|4096|2|0|4898.0|rectangle,64540.14120599975,56900.914,56402.45700930656,56135.586
853e4327-ebe2-41ee-9aca-235dc7bafb97,BUTTER-E|1024|18|0|6435.0|wide_first_16x,183750.60873199967,119317.914,127830.07518278253,87886.336
8546501a-3e2c-474a-992e-e600be6d2917,BUTTER-E|262144|3|0|70000.0|trapezoid,657421.8750889999,844044.56,915732.3232864292,917369.0
8551812a-53cf-4025-80ac-f204c84d2772,BUTTER-E|524288|7|0|20640.0|trapezoid,479030.616711,488034.1,490575.5238479297,466667.0
8554ad41-5d44-4a87-8f7c-f96a69c7da3e,BUTTER-E|262144|8|0|3188.0|trapezoid,89189.25534399996,87640.09,97823.39932637989,92404.414
8558b1b7-069b-4187-a280-036121b21984,BUTTER-E|524288|7|0|6435.0|rectangle_residual,180954.6973369999,185687.97,182947.00680410885,182590.28
856c7355-69d3-4658-8548-f42f18c1a548,BUTTER-E|32|10|0|20640.0|rectangle,144915.87616499988,162725.23,197572.04751568302,217170.7
857dea80-69c9-4326-bc6a-4af62b11135a,BUTTER-E|2097152|14|0|12958.0|exponential,597950.0888450001,600181.4,629740.283692766,607771.2
8580cc55-8d84-4cab-bbdf-0ecab3c92e34,BUTTER-E|32|10|0|5300.0|wide_first_8x,59720.17409799984,58888.69,55211.98968315506,70276.95
859fe079-f35b-4b82-af37-7cdd534d0078,BUTTER-E|16384|4|0|3188.0|wide_first_2x,49497.96608799984,47910.008,48387.127852344216,44296.34
85aa1d2a-a364-441c-8539-ab0f26953838,BUTTER-E|1024|12|0|4898.0|wide_first_2x,73918.58051299969,93940.91,107011.23893745901,74770.98
85abcc6c-c9d4-42bf-ac01-ac37b93ce566,BUTTER-E|65536|4|0|67557.0|rectangle_residual,955044.821052,1.04166094e+06,987229.3599483268,975606.25
85ba2173-931e-48b2-be70-76f48e9b2ca1,BUTTER-E|524288|9|0|20640.0|rectangle_residual,555489.279689,637587.25,612266.8112337211,657465.9
85bf55de-d239-4a2f-824b-ac744763a859,BUTTER-E|256|14|0|67557.0|wide_first_4x,832605.5452349999,839820.4,794109.9725721398,1.0058067e+06
85ce6ff7-30ab-4498-808f-5ecb8d5a29e0,BUTTER-E|16777216|2|0|15000.0|rectangle,5005898.464852001,4.650669e+06,4613702.76480957,2.1809572e+06
85cf11c8-1013-43b5-8720-d577e2619cb7,BUTTER-E|262144|12|0|3188.0|wide_first_4x,102875.4324019998,126336.2,117712.31281586712,119440.08
85e9b786-d274-4006-9c09-c5b19a168654,BUTTER-E|2097152|9|0|70000.0|trapezoid,2379698.624456,2.649406e+06,2672494.5747153796,2.7664992e+06
85f15131-7ae5-4980-bb5f-c1c2abdca17c,BUTTER-E|1024|8|0|6435.0|wide_first_4x,110874.55218999984,91435.055,90398.15397922302,88101.42
85f20019-2240-4c7f-9dc0-3d05f778c38b,BUTTER-E|4096|7|0|5300.0|wide_first_4x,70091.3702179998,71010.63,75199.056564788,65927.484
85f60b7e-4b49-43e8-9053-b5a2830f09a6,BUTTER-E|8192|9|0|3188.0|wide_first_2x,41845.67824199976,54002.69,47049.264399120344,49516.55
86070f2f-9e01-490b-854c-4b2ff7761a0a,BUTTER-E|32768|18|0|12958.0|wide_first_4x,564261.356101,503800.28,518226.45156807214,302083.94
860bca80-def7-45a5-9fbc-c9de4c7ddb38,BUTTER-E|8192|14|0|70000.0|rectangle_residual,1309952.4888449998,1.3149685e+06,1196854.9445009967,1.0965261e+06
860e9561-bef6-4447-acd7-0d336bef274a,BUTTER-E|4096|20|0|6435.0|wide_first_4x,226521.2561999997,100125.984,107394.51791879974,117461.89
8622a608-cf4e-4931-b34d-dcbf3a8b75fa,BUTTER-E|16384|5|0|105908.0|rectangle_residual,1799482.8681419997,1.4135241e+06,1512241.5187575766,1.2531958e+06
86240444-0159-45f1-a4bc-25779c6d8eb1,BUTTER-E|512|9|0|4898.0|rectangle,49935.90727799988,54209.504,54250.24430616788,50303.773
86272536-fb3c-4947-b6dc-68fbe358933a,BUTTER-E|32768|4|0|15000.0|exponential,205789.765716,215536.16,244857.4506360258,190629.17
862a8af5-a1bf-4e07-bbe1-d2b11e8dff0d,BUTTER-E|262144|7|0|67557.0|wide_first_2x,1403540.54921,1.4421198e+06,1405498.7966613967,1.4777104e+06
8643f786-14aa-434a-a458-37e1b2f3f6d9,BUTTER-E|64|5|0|12958.0|wide_first_4x,119241.59519199996,121790.62,121102.29532000145,144460.7
866c33d0-3cf8-4796-b10a-befdb124fde1,BUTTER-E|8192|14|0|6435.0|wide_first_2x,124212.6605359998,111041.695,116135.91120626316,110690.77
869109e9-0128-461b-b659-f704d90a61ca,BUTTER-E|128|18|0|48842.0|wide_first_16x,484927.4007839999,452174.12,517387.6105340454,627704.2
869e49c1-c94c-4771-a4e4-0b12977fb8c5,BUTTER-E|1024|6|0|4898.0|rectangle_residual,52419.93240299976,59367.95,55765.27631236429,64900.035
86b73681-daad-4556-873e-b5743cf9a89f,BUTTER-E|32|7|0|3848.0|wide_first_8x,47912.60629699992,43975.18,43731.09528469686,60007.137
86c93612-c64a-4267-aeea-829b470f7f7d,BUTTER-E|2097152|18|0|6435.0|rectangle,368990.9827679999,426000.16,492803.40758530673,444887.5
86cb7400-8f08-41a3-9897-73c3d37fbbb2,BUTTER-E|262144|14|0|20640.0|trapezoid,1125429.1429139995,806044.5,741555.2919225489,810204.7
86d75943-5691-454d-99db-0507f0d97d78,BUTTER-E|262144|20|0|20640.0|wide_first_2x,1155973.143064,1.1484539e+06,939843.9461638688,1.0898238e+06
86dfe1a3-5ba2-40e4-a12e-ad90f84d4cd5,BUTTER-E|1024|16|0|3188.0|wide_first_8x,39137.89850899992,52915.605,48642.47420288702,52175.86
86e4b894-a824-4a44-bd64-e7395450009c,BUTTER-E|8388608|10|0|12958.0|exponential,958944.0636819996,984895.7,1088792.6105846101,1.0029561e+06
86e66014-a953-45a1-ae75-f3ff3fb77981,BUTTER-E|1024|18|0|5300.0|trapezoid,107335.70211999994,99149.25,95448.6156462814,94003.28
86e680d6-6ab3-49be-bf81-165109451fcb,BUTTER-E|16777216|20|0|3848.0|rectangle,537019.5937799999,562909.1,573844.7025655172,677048.0
86f99d00-c541-446c-aa47-b3d0eda93606,BUTTER-E|2048|3|0|12958.0|exponential,138193.99761999995,134410.39,132868.8875553462,137806.02
87032a01-544c-49ff-9a79-e7462301195b,BUTTER-E|262144|7|0|15000.0|trapezoid,320416.4961589997,322660.34,337066.96990619466,326802.06
87118c87-7c19-4a32-8550-de5886098bde,BUTTER-E|131072|16|0|105908.0|trapezoid,3839193.601578001,3.829847e+06,3593894.3683531545,4.2196475e+06
87275ad5-ce65-46fc-af9f-e33635e0bea1,BUTTER-E|16777216|6|0|3188.0|wide_first_8x,321254.24163699994,364034.62,334201.43536668114,373018.78
87280bd0-effa-4d24-ab96-74ce9e5b672f,BUTTER-E|2048|12|0|3188.0|wide_first_4x,96756.00719499972,50956.246,51265.82486522348,47662.68
872ebd1c-6f05-4434-8123-01d217131463,BUTTER-E|512|12|0|67557.0|wide_first_8x,648816.11204,718159.56,741614.8151949372,903961.7
875dbb89-bb92-4805-ba45-0f83ec1da258,BUTTER-E|256|6|0|3188.0|wide_first_16x,41046.95861399988,39420.836,41005.15531856902,36932.5
8761cf35-7b27-47aa-bf19-d390fd2801b4,BUTTER-E|64|6|0|3848.0|wide_first_4x,58805.792718999845,46624.18,47362.112268312594,48944.086
8797ecf0-e849-452a-ae7b-1a5d3874efbf,BUTTER-E|2048|16|0|6435.0|exponential,119166.1046039999,114682.12,118132.13034765262,107660.07
87a6aac6-37f1-4282-8b91-d2e222deca43,BUTTER-E|32|7|0|5300.0|wide_first_4x,53407.83924599976,55554.484,56117.739575324005,63324.336
87abac69-e883-46bf-b0ce-563e0fb897c3,BUTTER-E|262144|12|0|48842.0|rectangle,1731990.295728,1.6712316e+06,1721595.3756212578,1.5724626e+06
87c36d16-23f3-4d22-b7db-5d4eda96960b,BUTTER-E|2048|9|0|4898.0|wide_first_2x,61480.01981499985,63340.824,58042.26165712931,70621.76
87c609fd-5bf7-477c-8b2d-3328a938b4ff,BUTTER-E|65536|8|0|70000.0|exponential,1064951.305607,1.1411325e+06,1190761.870411423,1.00572325e+06
87c71b77-8232-43cc-afc6-d63a0bf1acba,BUTTER-E|32768|20|0|67557.0|rectangle,2415508.339542,2.1573662e+06,2235817.90841307,1.4284116e+06
87d37c03-a085-4e89-9ff1-4f8348550e4d,BUTTER-E|65536|8|0|6435.0|rectangle_residual,161789.20117499988,177951.44,163404.1644875375,151848.19
87f501ef-7a50-4791-bd55-f7a5272b1dd3,BUTTER-E|1024|6|0|6435.0|wide_first_2x,82204.61362299972,78310.95,79443.34804192364,81614.414
8812eeeb-b280-46e2-ad53-0d504120541f,BUTTER-E|16384|5|0|67557.0|trapezoid,822683.5553969998,748614.6,582701.6765075789,680739.75
8814a658-f158-455c-980a-834f3eb72e05,BUTTER-E|512|4|0|67557.0|wide_first_2x,577478.5333439998,634658.94,606553.9113925082,686043.5
882b3208-dd7e-436a-ae82-d8ddc611249f,BUTTER-E|1048576|6|0|70000.0|rectangle_residual,1916672.35114,1.7986609e+06,1652165.850246414,1.8253381e+06
885734d7-b6bd-48d9-8850-cd1fe900b312,BUTTER-E|4096|4|0|20640.0|wide_first_8x,241940.94608699967,254615.45,273372.6598446733,237796.16
886043a5-733a-4dcf-9e9d-8f76c2228975,BUTTER-E|16384|6|0|3188.0|wide_first_2x,50770.46649099996,52601.49,50521.10417546799,47059.875
886075b5-c290-4bb8-9e24-83b542af65df,BUTTER-E|2048|12|0|48842.0|exponential,652808.9319799996,702636.2,743047.947225494,751900.94
887e5ef4-d4ec-4d83-8986-6cf1ef05dceb,BUTTER-E|1048576|4|0|12958.0|rectangle_residual,284689.79345299973,316291.6,330203.72999402403,302247.03
8882311f-372b-4845-9b67-87d5e4b864cc,BUTTER-E|65536|20|0|4898.0|rectangle,215594.0690449997,220071.23,209355.094350709,163760.2
8888ed24-8aca-49be-b988-64bb379b0d42,BUTTER-E|8192|20|0|105908.0|rectangle,1497853.901084,1.4114834e+06,1538830.760727429,1.9935125e+06
88906e5d-7304-476a-82ce-b370159ea6e3,BUTTER-E|4194304|8|0|70000.0|wide_first_4x,3305503.669133,3.5569982e+06,3378725.3969317893,3.4314192e+06
889ac57c-24aa-471c-b25c-5c8d5cd4f76a,BUTTER-E|16777216|9|0|12958.0|wide_first_16x,1552991.82555,1.7491756e+06,1752112.4037821097,1.7423114e+06
88a6b36a-1239-4e96-b03b-8abb9c4de3c8,BUTTER-E|256|10|0|67557.0|wide_first_4x,647067.8702399997,714087.8,659744.1556086194,868827.5
88ab7aa4-0780-4023-bdfe-ff2916b3f6fc,BUTTER-E|262144|14|0|67557.0|rectangle,2382951.179856,2.3968418e+06,2152229.119477532,2.5340962e+06
88ceb965-e3a4-4330-b5ef-bdf2023e8709,BUTTER-E|1048576|8|0|12958.0|trapezoid,424671.7002289999,429374.47,455321.1086436754,426524.56
88d094c4-6173-43b3-a4f8-0c84846d8b32,BUTTER-E|128|20|0|48842.0|trapezoid,529412.230895,698889.7,608570.039708311,1.1597441e+06
88d67852-6cb9-489c-a017-5dfe4b3e134e,BUTTER-E|64|5|0|20640.0|wide_first_16x,169172.68578599987,162615.7,162182.16680295995,173221.5
88f424a6-ac50-4129-bf8b-cc325bb0ae5d,BUTTER-E|4096|16|0|105908.0|wide_first_16x,3136273.824481,1.8167729e+06,2033024.9663355548,1.4236694e+06
88fabd8a-afbe-4bd3-97c3-248130f6f929,BUTTER-E|8388608|5|0|20640.0|wide_first_8x,1316793.4286009998,1.4146461e+06,1395215.903074356,1.3717629e+06
89017467-3fe5-4cb0-8745-f9e686b7a83b,BUTTER-E|16384|5|0|3848.0|wide_first_4x,69064.89200399988,71350.8,71738.39083257047,51729.047
8905667c-8640-4032-9446-9dc72df22637,BUTTER-E|4194304|3|0|6435.0|wide_first_4x,263122.6048979998,257916.2,262588.6181508519,261153.62
894f74df-fb3e-4736-af3c-3e16a4d9144b,BUTTER-E|64|3|0|12958.0|wide_first_4x,114651.72245399976,117300.58,121379.70868944302,123223.086
895881c5-3e4a-4033-b0a0-37e5544aec2c,BUTTER-E|32768|20|0|4898.0|rectangle_residual,236318.615325,249698.11,279481.6796978178,125011.24
89589910-afe5-40a2-8da8-4b56ea4c7a43,BUTTER-E|32768|10|0|15000.0|wide_first_8x,356225.8955059998,396214.03,359669.2143091188,318220.1
895fdd83-c50b-420a-8566-e98b02455cdf,BUTTER-E|16384|6|0|70000.0|exponential,758605.062987,827462.75,862428.1760140243,853739.9
897018b8-3723-4a83-9758-0273926004eb,BUTTER-E|256|14|0|6435.0|trapezoid,104524.8148729998,109845.914,107963.089221602,103014.03
897accbd-0cf9-49d6-9756-6b6a227b78a8,BUTTER-E|4194304|20|0|67557.0|wide_first_4x,4834022.776861,5.3227465e+06,5178853.429600338,5.8216865e+06
897af390-2024-4e35-b895-4cf68d19a2a1,BUTTER-E|32768|20|0|15000.0|wide_first_4x,990364.495141,702681.06,625044.248690259,474320.28
898d6568-cdc0-47d4-a9c8-e2776231d4e8,BUTTER-E|4194304|14|0|67557.0|trapezoid,3803624.204282,4.4587745e+06,4439439.26978948,4.261142e+06
898fafd2-eede-420d-8f94-6b8637b6e45b,BUTTER-E|2097152|4|0|105908.0|exponential,2531456.314944,2.6537175e+06,2672302.8022698327,2.7399148e+06
89b1128c-4c78-402e-b4ed-1bf0582f8df8,BUTTER-E|2097152|12|0|6435.0|exponential,288562.3806259998,305882.47,274627.3970611272,284411.75
89d8c6c6-f9c8-44d9-b0bc-ab86510c6ada,BUTTER-E|1024|2|0|6435.0|rectangle,44594.41494699972,57243.33,53823.41738443018,68976.31
89d914f8-97ff-4b6b-9b67-248925f9d3ee,BUTTER-E|524288|14|0|3188.0|exponential,109406.55501799994,137642.77,131534.27695507178,133040.1
89eda1ee-c3d3-4c63-a749-b505ac6e15e1,BUTTER-E|4194304|18|0|70000.0|wide_first_2x,5125173.620916,5.182999e+06,6380035.563145166,5.7145485e+06
89f036e9-5af9-432a-a6ae-e88ae032a2bb,BUTTER-E|1048576|6|0|20640.0|wide_first_16x,614770.7367879997,578924.2,538849.2529253579,531126.5
89f657c5-8930-4c6f-8f46-3d218a7303ba,BUTTER-E|2097152|7|0|4898.0|rectangle,144913.84628999984,151590.48,142247.19180181576,145458.0
89fab2de-1c3e-42cb-ba00-a0e1c080a4d4,BUTTER-E|2097152|5|0|67557.0|wide_first_16x,1938414.2884800003,2.0749049e+06,2095321.5988156982,2.0524905e+06
8a10ae39-2cf1-4c4f-b2f1-df55122d006b,BUTTER-E|1048576|6|0|12958.0|wide_first_16x,325315.0036919999,378216.06,394987.8558797559,355014.2
8a10f8ee-73ed-4009-8e7b-abe1e1fa21bb,BUTTER-E|256|20|0|3848.0|wide_first_2x,64851.81601899996,83542.54,72146.61979899452,75151.805
8a1bae69-17fd-4d06-aa64-dfd623e5c8c4,BUTTER-E|4194304|3|0|5300.0|exponential,261025.45736699985,261222.12,223993.68943525213,269693.97
8a263c82-15f2-4d40-9f85-0731922c3fc0,BUTTER-E|1048576|8|0|105908.0|exponential,2437162.2454040004,2.6824392e+06,2888370.0500613246,2.8988932e+06
8a27de4d-abb3-4ac5-873b-014e61e13e23,BUTTER-E|262144|4|0|48842.0|wide_first_16x,1707334.397367,769009.06,931465.4504013713,820916.1
8a314971-f044-472e-a87e-3ba257899aa7,BUTTER-E|512|3|0|6435.0|rectangle_residual,82722.28099299985,70472.87,78454.30945787209,73836.31
8a370d48-b4cc-4b64-9d85-26e9e3adc6b6,BUTTER-E|524288|20|0|67557.0|wide_first_2x,4346593.493522999,3.667478e+06,3500738.3786944877,3.7899165e+06
8a52bdd0-fab6-4aca-a9cc-c24f5142e153,BUTTER-E|262144|6|0|105908.0|wide_first_2x,2146629.623765,2.0617031e+06,2072816.2587624828,2.1052858e+06
8a5b8c2f-40ef-4575-8759-88b379488b6f,BUTTER-E|8192|3|0|15000.0|wide_first_8x,171124.2256609998,172845.25,179700.69985918186,165469.33
8a5bf953-1613-44e8-9394-ef79f98d5a70,BUTTER-E|16384|14|0|48842.0|wide_first_4x,973235.65244,904513.56,929779.6423407923,1.00971925e+06
8a5fccd8-c029-4225-8d7c-777bf9046b71,BUTTER-E|1024|20|0|4898.0|wide_first_8x,134941.95452199996,111188.78,111463.95437356096,96897.984
8a66563a-8f30-4e09-bb3f-e07b954c30f7,BUTTER-E|8388608|2|0|67557.0|rectangle,4936534.805665999,3.9681145e+06,3606876.0824951576,4.490498e+06
8a6717b7-7885-498d-b85c-722ff52a7fe0,BUTTER-E|8192|20|0|20640.0|wide_first_4x,310058.1498569997,315822.88,306892.3942598599,360823.97
8a7cfbec-5774-4b97-b8a8-68d5c6af5f15,BUTTER-E|262144|16|0|67557.0|wide_first_2x,3781908.871904,3.1347558e+06,2994453.8151351786,3.0793208e+06
8a870d3e-2c6f-4d35-af42-96719a542924,BUTTER-E|131072|6|0|12958.0|rectangle,260966.2021439997,157132.86,170206.0516752361,165964.0
8a8753df-845a-4a39-8f9e-05413ff548bc,BUTTER-E|2097152|6|0|4898.0|wide_first_4x,170725.22556799967,182964.7,173238.118491273,164327.16
8a8adbe6-96d4-422e-a642-ba31d1eb7ed0,BUTTER-E|16384|10|0|67557.0|rectangle_residual,1480010.353516,1.1952719e+06,1173972.5160351926,930970.75
8a8de6d1-d7e0-477a-8d87-554839189020,BUTTER-E|2097152|20|0|3848.0|wide_first_16x,306778.37792799994,374350.2,373079.99040102836,372849.47
8aac6405-ddf6-45f6-a4ca-bf8fe7ba85dc,BUTTER-E|131072|16|0|70000.0|rectangle,2223226.821005,2.571691e+06,2858818.7868031217,2.8587525e+06
8ac65a11-12e7-4056-92a3-69f52a8f3174,BUTTER-E|1048576|16|0|15000.0|wide_first_16x,649688.7758869998,758312.2,688176.938061817,810932.9
8ad1adb8-42f5-4217-9bff-f08ab8bc9b27,BUTTER-E|262144|12|0|5300.0|wide_first_8x,170750.7039879997,221203.9,207076.3236277289,218687.67
8ad6ecc9-3a5f-4396-8392-5ca9dad784d2,BUTTER-E|1048576|2|0|3848.0|rectangle,406233.3564389999,361811.9,832498.4162365478,411623.94
8aef6288-f549-4ec4-86b5-51f25dbe6849,BUTTER-E|8192|6|0|6435.0|wide_first_2x,110723.05446899978,102045.71,108849.09736276367,83182.4
8b07e050-0da1-4e99-8792-64b7a2acba0f,BUTTER-E|2048|2|0|3848.0|rectangle,37673.38185499968,49848.84,46579.9902302325,49774.637
8b09bb9a-6bf9-4bab-b010-f6bca0e81147,BUTTER-E|1048576|8|0|70000.0|rectangle,2027472.090734,1.6701911e+06,1535534.8642586714,1.5603388e+06
8b1d9621-d04f-4892-8bc1-5c47bc6b545e,BUTTER-E|4096|2|0|5300.0|rectangle,71303.81695499989,63688.574,66995.54257124341,69824.48
8b1dd7d6-16f8-4078-98e7-072f97e01357,BUTTER-E|512|5|0|20640.0|wide_first_4x,174559.8204009997,193646.67,203370.98449842812,200846.16
8b21229f-baee-4ed3-b9d5-4f553a49fa1a,BUTTER-E|256|20|0|67557.0|wide_first_4x,761901.7382299998,868389.25,847479.1397137654,1.0637102e+06
8b22a568-5cd6-479f-940a-4f64dc1a004e,BUTTER-E|4194304|12|0|12958.0|rectangle,719335.4563199999,741249.0,759934.9481896734,758338.94
8b241c3b-6037-4f91-b4ab-227b7528155f,BUTTER-E|8388608|5|0|4898.0|trapezoid,263989.6440319998,309964.28,296311.0855020699,321033.6
8b2eaec1-71bf-44a4-a6df-625c5c3f4112,BUTTER-E|512|2|0|15000.0|rectangle,90086.70306599986,122746.19,122735.09547833656,154064.95
8b342117-4542-4a8a-bdbf-ddf69c9bdb2f,BUTTER-E|16384|6|0|6435.0|wide_first_4x,113334.5122839997,109910.99,102677.18392110358,87816.375
8b5b52e1-d5e1-4c5c-b858-5ff134bb6401,BUTTER-E|2048|7|0|3848.0|wide_first_2x,40437.06774899976,47981.75,44258.24677839312,57387.414
8b6b5e10-ff0d-468e-910d-d0e7ae2b3928,BUTTER-E|1024|3|0|20640.0|rectangle_residual,181274.26941,165078.75,167992.31601912554,187753.58
8bade2a4-472c-43ba-8d7a-8cedb396434a,BUTTER-E|16384|18|0|15000.0|wide_first_16x,307409.331384,263088.97,221207.4923789573,224320.83
8baff7a1-83ec-4e6e-b3c4-e8502c3eaec9,BUTTER-E|8388608|5|0|4898.0|wide_first_4x,342480.6835259998,352911.8,351511.9476956213,337646.34
8bbed487-5a5a-4c69-a144-d65e6d7ecc9c,BUTTER-E|262144|2|0|12958.0|rectangle,210102.230268,209284.44,200661.66792485773,255557.88
8bc220fd-2173-417d-8d3c-d456fc4d49a8,BUTTER-E|512|14|0|4898.0|trapezoid,78911.21469999995,88786.99,90658.83553412928,90464.65
8bd2233d-786b-4115-a294-f2436a6c71ca,BUTTER-E|262144|14|0|3188.0|trapezoid,113896.428426,125772.39,117457.61396210785,137930.02
8be253b8-598b-4883-8352-b25dcb6c1993,BUTTER-E|1024|18|0|15000.0|wide_first_16x,319827.2659279999,255025.66,302449.6338937552,215489.9
8c16e80c-8f71-4d52-84c9-b5c8eaaa3b55,BUTTER-E|512|14|0|48842.0|rectangle,585330.866082,690630.8,714293.7241722629,696231.4
8c16f982-ab8d-4a16-9b2d-fb71d44aa554,BUTTER-E|65536|20|0|15000.0|rectangle,574305.7380879999,718205.44,750895.2605128865,677411.0
8c30de19-e8db-4056-ad40-de7282c033cc,BUTTER-E|131072|2|0|105908.0|rectangle,1102352.7441359998,1.20673e+06,1339454.544679412,1.2051095e+06
8c37c8a2-f2bb-4c8f-b50b-30b6240d14f0,BUTTER-E|32768|3|0|6435.0|exponential,83771.18979899974,88189.266,87463.39099791757,83164.47
8c4093b9-e3b3-462e-8d8a-0116c6cd34b7,BUTTER-E|8192|2|0|67557.0|rectangle,524453.914686,587965.8,596757.5865571348,569065.7
8c4dd386-6ad3-4c77-88a8-d511d6faec20,BUTTER-E|256|18|0|20640.0|wide_first_4x,594198.0597489999,325845.4,298919.4515959427,319764.0
8c619d5e-67f8-4bfc-b9ae-eb868db5175f,BUTTER-E|65536|9|0|12958.0|exponential,232990.2299799997,280563.94,270729.0600362959,260150.62
8c6b299b-678d-4015-b554-1657abe8ba9a,BUTTER-E|1024|6|0|15000.0|wide_first_4x,163969.5556879999,175440.66,194444.29783582472,194250.6
8c6f598f-d147-4ae7-a05c-b25ba43c7ead,BUTTER-E|4194304|16|0|70000.0|wide_first_16x,4555169.487503999,4.5460095e+06,4499563.461821611,4.5980085e+06
8c725bd7-7dce-4918-a239-f3d6972a55fd,BUTTER-E|131072|5|0|3848.0|exponential,109269.78035699988,82642.1,83612.88147790475,76246.52
8c791fd0-01e7-469d-abf9-54d6a7db8f81,BUTTER-E|65536|16|0|3848.0|exponential,139676.25038599985,150413.52,157283.4927154919,121639.25
8c7e862c-eb91-4f34-a0b1-8495a3c4438f,BUTTER-E|2097152|20|0|3848.0|rectangle_residual,501785.57462,402076.4,427996.76068904204,399292.62
8c87bddc-9f34-47a2-b286-8a096f5749d3,BUTTER-E|1048576|2|0|105908.0|rectangle,1896931.093484,2.1318278e+06,1567599.4426427467,1.8246611e+06
8cabb96c-9689-4195-a37e-ec8c9c2b9fd5,BUTTER-E|524288|9|0|67557.0|wide_first_4x,3186484.863723,1.9473106e+06,1980282.1259955675,2.0809946e+06
8cb2e714-f6c7-4edf-b3c9-98de2546f305,BUTTER-E|16384|10|0|5300.0|wide_first_8x,255166.5829379997,117099.61,110026.22141681457,93196.33
8cb7042d-3c82-4d96-8f2e-1e606106c75f,BUTTER-E|32768|3|0|6435.0|wide_first_4x,90655.06310899992,93212.24,83818.36811348976,87285.68
8cc60232-81e3-47c3-b430-7def0c40cd00,BUTTER-E|8192|12|0|70000.0|exponential,1254297.5064839998,1.144079e+06,1142176.856333979,1.0982708e+06
8cc72808-a293-4565-b66c-aac754676153,BUTTER-E|1048576|9|0|20640.0|trapezoid,670407.8157759999,714489.06,709355.3696545864,757524.3
8cdc1f4c-19e7-4562-865d-7ec35cfbac15,BUTTER-E|524288|3|0|4898.0|wide_first_16x,89801.46438599988,93023.35,95849.7106436791,88553.766
8ce4e34b-3f5f-4fd2-8433-4d870c2d8bfa,BUTTER-E|65536|7|0|3848.0|wide_first_16x,79903.57720599973,100784.81,109477.36410049704,52146.656
8ce5024c-3f42-4f25-a430-33f980f988ea,BUTTER-E|65536|9|0|20640.0|exponential,317749.878864,372788.3,347772.96849123266,397735.94
8ce9790c-971e-45d2-b13b-2ce7d92adb16,BUTTER-E|8388608|10|0|48842.0|wide_first_16x,3791785.520183,4.0866955e+06,3893447.057580421,4.2771875e+06
8ceab8e4-74c2-42a8-b130-84829898b690,BUTTER-E|4194304|4|0|4898.0|exponential,217713.33190499977,213605.67,227589.16971917395,222827.03
8cedab70-1f55-46dd-b2cd-50b7cc1e68e8,BUTTER-E|16777216|2|0|3188.0|rectangle,316972.12295299966,985481.0,3048251.6868840856,515323.28
8d00aa5e-c961-413b-a714-3420fa72f268,BUTTER-E|4194304|14|0|5300.0|exponential,305062.0992049997,323050.47,296777.2018030029,297265.28
8d0ae29b-4c7d-43b9-bcd7-03ce263c8a86,BUTTER-E|2097152|4|0|70000.0|rectangle_residual,1718249.738794,1.880863e+06,1719507.2700788532,1.89904e+06
8d1934ef-0f28-496a-8042-3c9ef77d275b,BUTTER-E|512|16|0|12958.0|trapezoid,186704.27610099985,229606.08,232198.51446443764,259665.05
8d1c5863-8ac0-41c4-9852-e63e64fc587e,BUTTER-E|1024|20|0|4898.0|wide_first_4x,97291.65125499984,113288.52,131443.446206167,88987.22
8d2843d6-3373-40d5-b5eb-aabd86fa1807,BUTTER-E|4194304|14|0|3188.0|wide_first_8x,206606.8474169997,229567.11,200176.10023052548,234023.5
8d3f745a-46bf-4288-8782-5a19fe27da46,BUTTER-E|512|16|0|4898.0|rectangle_residual,79309.64552499971,105599.47,102256.3866416158,90109.29
8d48f0b2-d5e5-4b33-845e-f887e26f57d2,BUTTER-E|1024|6|0|15000.0|exponential,105634.874448,149400.05,144805.10503477813,175964.45
8d56a1d5-1baa-4c3b-bb09-ddc395e40fbe,BUTTER-E|65536|2|0|70000.0|rectangle,740323.8789559999,706579.25,689473.2597314807,713926.44
8d599341-980c-4669-afb4-610d100d46b3,BUTTER-E|65536|6|0|20640.0|wide_first_4x,467569.7734410001,395499.0,546046.6304020412,409312.03
8d59d8a4-b63d-42f2-811c-cd86560a2b1e,BUTTER-E|16777216|4|0|105908.0|rectangle_residual,9492498.845944,1.0342098e+07,10116303.5683053,1.1185226e+07
8d6b8ec6-bcc8-4194-8e3f-ded68d73b3e7,BUTTER-E|256|7|0|105908.0|wide_first_8x,914215.8628839996,961479.8,949426.09893614,1.2273709e+06
8d79a551-6228-4d0f-97a8-563d24ede228,BUTTER-E|8388608|6|0|3188.0|wide_first_2x,217792.9225759997,223036.02,215473.48238756997,229278.73
8d7d7fc6-0237-4fb8-b9d5-70889524d2f4,BUTTER-E|16777216|20|0|20640.0|wide_first_16x,3494789.6624570005,3.208308e+06,3304176.503744959,3.1035875e+06
8d87f068-3e38-49b4-97b7-7d300aba1e82,BUTTER-E|32768|10|0|20640.0|rectangle,550370.4689319998,335913.28,331872.356391208,310042.34
8d923c81-c74b-43f6-a661-6e8d35938544,BUTTER-E|524288|4|0|5300.0|wide_first_16x,122979.21604499988,114933.836,120494.2792196888,104082.23
8d96fe66-ad49-496b-815f-087b1bfff7eb,BUTTER-E|16384|4|0|5300.0|wide_first_16x,127308.66958199989,75563.03,67972.24344467615,53242.11
8d9e94ca-f574-4f56-ac9c-2a6ae9d95883,BUTTER-E|16384|8|0|3188.0|exponential,59272.22040199991,58306.44,56309.04497790642,50386.26
8da5d422-a54e-43df-8ed7-acaa51dc0f1f,BUTTER-E|128|7|0|5300.0|rectangle,48288.93807599964,50417.12,52034.74358658327,52150.586
8da8c499-167b-4bfd-b87b-92f5502eeb80,BUTTER-E|512|10|0|5300.0|rectangle_residual,63759.24907999992,83380.72,73189.24711375507,73979.05
8dafcee8-faf5-4ecc-9654-408c2af41b81,BUTTER-E|8192|7|0|5300.0|trapezoid,85905.9132409998,79904.66,80264.89047030667,71523.71
8db18b14-e42c-4cc3-bab4-8a33ca85fe77,BUTTER-E|8388608|5|0|6435.0|exponential,523105.792168,421910.9,435519.65387337306,415693.16
8dbca0c4-df98-4ebf-855a-46129b9edfa7,BUTTER-E|256|4|0|48842.0|wide_first_4x,437926.70595999993,410350.5,469059.8841722246,495599.0
8dc41e9e-1fc6-4fe6-8a55-ba1c29340fca,BUTTER-E|65536|14|0|105908.0|trapezoid,3198915.24982,3.165727e+06,3352719.339841614,3.0251398e+06
8dc86d30-c813-4e7c-9482-5d1b3d4fb2a2,BUTTER-E|32768|20|0|48842.0|rectangle,2666763.95375,1.613015e+06,1418454.1607478445,1.0096124e+06
8dd5d10a-c9f8-4e5c-a4de-fc05827e8eeb,BUTTER-E|2097152|4|0|70000.0|trapezoid,1697188.6857059998,1.580375e+06,1406031.1392923363,1.6329192e+06
8dd90fcb-4374-4611-8529-580f20fd5252,BUTTER-E|524288|14|0|5300.0|wide_first_16x,228427.364682,233861.75,228696.75279768047,238138.38
8dde8171-ef05-4146-897d-a885876227f8,BUTTER-E|8192|14|0|48842.0|wide_first_16x,647991.9636849998,785834.6,871342.477169793,565779.3
8df6822b-2780-4e65-8b94-c1118188d805,BUTTER-E|131072|5|0|6435.0|exponential,108271.91445599977,109845.08,127406.55129175994,111751.57
8dfde87d-eb65-4c84-9440-a9c236ddd037,BUTTER-E|8388608|12|0|70000.0|rectangle,5982032.59611,5.397068e+06,5232904.1572125405,5.446239e+06
8e0e0b53-ce7a-43df-b467-7e7c1a77b3f1,BUTTER-E|2048|20|0|67557.0|wide_first_2x,1222018.32135,1.5572734e+06,1318730.7125380356,1.2812199e+06
8e1496a0-dd28-4770-b0be-3ed847d6d6fc,BUTTER-E|65536|10|0|6435.0|rectangle_residual,191472.8922279997,203360.83,189085.34634215638,191178.83
8e266c3b-8524-49e2-b045-65b5769cb05e,BUTTER-E|16777216|6|0|48842.0|exponential,4272313.777062,4.801323e+06,4725157.470643853,5.047647e+06
8e2e08e5-3ec0-4f84-9a40-d1f690ad12b7,BUTTER-E|8388608|14|0|48842.0|rectangle_residual,3995851.1019469993,4.5743165e+06,5516063.305768526,4.548108e+06
8e328560-37c6-48eb-b01b-44d41cd6dc2b,BUTTER-E|128|18|0|20640.0|wide_first_2x,678679.8126169997,286228.28,301002.9109791801,327802.78
8e4c0b95-f5a6-47f6-be1e-028e44dc0245,BUTTER-E|4194304|2|0|12958.0|rectangle,1615712.725562,1.5639946e+06,1634375.5805377811,1.6619432e+06
8e73aa32-0c49-4206-bacf-3f91be0377a0,BUTTER-E|16777216|9|0|67557.0|trapezoid,7931813.771861999,7.715881e+06,7906190.743039363,8.173318e+06
8e7489f5-5469-4319-a3f2-0787e8832e3e,BUTTER-E|16777216|8|0|3848.0|exponential,446634.6794039999,440088.25,437159.9789849173,423697.16
8e7c9303-f5a4-4a11-a7a7-32cb35e85c25,BUTTER-E|1024|16|0|3188.0|wide_first_4x,44287.58304599975,57197.105,54619.04658763586,50675.453
8e967568-d2fa-4270-99ed-67b2ff6f66b9,BUTTER-E|262144|18|0|67557.0|rectangle,2659295.97036,3.0414928e+06,3543157.171326768,3.1456028e+06
8e99e55c-147c-49b5-8eba-3a487fbe9e45,BUTTER-E|1048576|18|0|67557.0|rectangle_residual,3715168.9840600006,4.236171e+06,3619916.338965242,4.668088e+06
8ead72db-bfa6-47f0-9c02-aa3acea5680a,BUTTER-E|2048|4|0|70000.0|rectangle,525853.647428,564769.6,626297.0190813403,648317.44
8eb05d59-258c-45c3-84d0-0290554e1d39,BUTTER-E|4194304|5|0|3188.0|rectangle_residual,144326.281014,142928.77,132507.42550232273,135328.62
8ec5c4e2-ed3d-44cf-b3ce-0f0e21e4ec5d,BUTTER-E|8192|18|0|105908.0|wide_first_8x,2463408.1465970003,1.6108951e+06,1855170.8102737556,1.7095116e+06
8eda2934-af0e-409b-a738-fc263f9ce95a,BUTTER-E|256|16|0|4898.0|rectangle,104175.21533399998,91191.66,111532.55907665027,72886.57
8ee7ec77-bb9f-4837-89ba-f5d668ef9ac7,BUTTER-E|1048576|6|0|12958.0|rectangle,244885.45798999976,262604.16,308906.6081396576,253124.06
8f08e67a-ec21-44b3-a20c-8ebe301de1e3,BUTTER-E|131072|20|0|6435.0|rectangle,271960.5148859999,309374.22,306214.67819233565,324544.4
8f120ef6-4a1e-44a1-a73d-b88f841d667c,BUTTER-E|256|6|0|5300.0|wide_first_4x,52901.12208499992,59115.965,56286.898285436226,59181.965
8f2233e4-0900-413f-8c72-ac1f867d662b,BUTTER-E|32768|18|0|12958.0|rectangle,600413.8244889999,458504.9,511118.0627880061,290019.06
8f395410-1b6b-48c2-b433-064c6fca1f40,BUTTER-E|4194304|18|0|70000.0|wide_first_8x,7134491.457842,5.294709e+06,5382872.274925347,5.8418865e+06
8f3a847c-66f6-4afa-a77a-c7c4e85d6942,BUTTER-E|16777216|16|0|3848.0|exponential,453926.5086790001,614271.4,701231.2069174242,578070.1
8f4a88ac-5c34-4eec-b28d-6da597220295,BUTTER-E|512|4|0|15000.0|trapezoid,112147.72053199992,117155.125,111377.05274470641,128124.445
8f5303e2-954f-42e3-ae38-06f8d384a97c,BUTTER-E|524288|6|0|5300.0|trapezoid,86446.04191899975,103202.734,104533.8264457049,105112.96
8f547c34-bf90-4fcd-a3cc-f7446ba5c43e,BUTTER-E|8192|18|0|15000.0|wide_first_8x,213941.72654599967,227085.88,245772.0985163558,283821.6
8f57d8a1-aa23-4214-8ce3-4b38bc1501c5,BUTTER-E|2048|16|0|4898.0|exponential,88838.66818999981,93974.69,87012.81448449277,88390.25
8f6a0b1e-df97-4b6b-8f25-3589183211a7,BUTTER-E|1024|8|0|3848.0|wide_first_16x,54331.8596479998,56117.387,55421.0664195929,45908.375
8f7c6dfd-9767-4ad3-99c3-10308d1ff55f,BUTTER-E|1048576|9|0|6435.0|wide_first_4x,424339.64866099984,263137.66,265640.8919886297,239922.38
8f81f64f-4041-4020-a65a-88bc1c3672db,BUTTER-E|65536|8|0|48842.0|wide_first_16x,2025465.509113,878334.06,982664.6948242316,648368.75
8f8a7d9a-40d7-4c01-9098-9f45aef43ded,BUTTER-E|8192|12|0|105908.0|wide_first_8x,1455757.608528,1.3792861e+06,1486386.9316343188,1.4194206e+06
8f9fd5d1-10e4-43eb-a1a6-365f690662c7,BUTTER-E|32768|9|0|12958.0|trapezoid,278458.10871999984,293920.03,300245.392801938,245776.95
8fa491a3-ac52-4d8d-8500-1ee3637a761b,BUTTER-E|2097152|10|0|6435.0|rectangle,209200.12996799988,210867.36,192886.3927234881,209304.8
8fa9b409-173a-4143-94f2-3c7db5a12a9e,BUTTER-E|1024|5|0|20640.0|wide_first_8x,191945.970558,187916.4,215257.7473501959,245427.95
8faddd5f-d525-47b6-82e1-df2eebb8abfb,BUTTER-E|128|20|0|12958.0|wide_first_8x,198049.6008189997,168992.55,152570.80089818087,221696.4
8fb21f1c-64f0-43fc-a175-6506037fa251,BUTTER-E|262144|14|0|4898.0|rectangle,204286.74147399995,199240.2,205438.833980656,187248.42
8fb3fec3-4ee5-4ff5-88fe-5815b7d73627,BUTTER-E|262144|2|0|12958.0|rectangle,229256.8650689997,209284.44,200661.66792485773,255557.88
8fb5c2d8-943f-4341-97de-00aee7523169,BUTTER-E|256|4|0|6435.0|wide_first_16x,67472.12659799989,65960.56,70941.92911708202,68632.54
8fbd5c5c-69b6-499c-8891-5f5de25292f0,BUTTER-E|16777216|20|0|70000.0|wide_first_4x,9449583.055236,1.0070741e+07,9856074.641723217,1.0294825e+07
8fc2fa59-bcc3-49f6-8221-84d9db9baa7d,BUTTER-E|4096|12|0|15000.0|rectangle_residual,206370.01495199988,189177.44,196425.8417831198,248007.17
8fd5ef85-0861-4d01-af5f-de333046a7a0,BUTTER-E|16777216|9|0|3848.0|trapezoid,471009.0423389997,527970.6,427962.5013497709,488898.72
8fe2821c-4c8e-4988-9e5c-e72687060662,BUTTER-E|131072|3|0|105908.0|wide_first_16x,1228278.7266040002,1.4020988e+06,1281930.2349241255,1.2129246e+06
8fe466f5-4279-4a2e-a871-f23c8bcfb7f4,BUTTER-E|32768|8|0|67557.0|wide_first_8x,833568.7293619999,1.04021156e+06,946379.7733986683,863703.0
900998d3-d514-4a5d-b365-77d7fd2f157a,BUTTER-E|1024|4|0|6435.0|wide_first_16x,85515.49601999999,71651.38,69596.97936146155,68748.23
900dc636-dd23-4ae1-8ce6-fba7307c6d1a,BUTTER-E|65536|10|0|4898.0|wide_first_8x,137848.52794199975,148707.22,183417.45743493713,153337.17
90162f28-02f3-4f1f-aeca-81c626bc74fe,BUTTER-E|8192|6|0|3188.0|rectangle_residual,52471.16516599992,53789.79,46681.16207800743,46765.17
90313dae-c49b-4cdc-abab-2228b28ed3bf,BUTTER-E|2097152|12|0|3848.0|wide_first_16x,267989.722236,257801.12,257833.372009079,239067.02
904eec20-bb18-4fe5-955a-c6f49ec91e58,BUTTER-E|2048|3|0|4898.0|trapezoid,39994.41430599984,42877.11,42728.8959503837,48675.96
90506c08-67ad-44ee-9bb7-aed91d6d8634,BUTTER-E|128|8|0|3848.0|trapezoid,55549.43941699979,58634.996,54372.53772424888,59313.11
9054c62d-93c6-4213-a504-72f3c8ec9cc8,BUTTER-E|32768|14|0|3188.0|wide_first_2x,126240.67508299992,83852.164,90371.51746929546,61960.375
905c91a5-7724-4e6a-bff0-d713a3b07b6c,BUTTER-E|8192|5|0|70000.0|rectangle_residual,942432.154932,924919.44,824736.5101844205,802928.8
9061edfc-c562-406a-92b6-855cd4516cc5,BUTTER-E|64|12|0|3848.0|wide_first_16x,47920.0707559998,50934.43,52025.45212504385,51882.703
906b31b4-f16a-4f1e-ab7c-f3d373a521d4,BUTTER-E|8192|20|0|12958.0|wide_first_8x,201914.92204799972,208639.17,234577.3704302997,234060.56
906ffb55-b4b9-4804-b45f-a8c18f7ebde6,BUTTER-E|262144|6|0|15000.0|wide_first_8x,304982.1586919999,334518.8,368466.3994560575,361431.5
9078cd0a-0401-4fe6-87ea-e7891a6c1e26,BUTTER-E|4096|4|0|3188.0|wide_first_8x,39194.91689199984,44083.977,40558.59422397242,40402.832
90b27a6c-03f5-406d-9f32-b19afd7adadd,BUTTER-E|1048576|8|0|12958.0|rectangle_residual,513721.1049769999,465301.34,463257.68240110687,441658.22
90b38ad4-7e00-4f22-b265-70ca24909b01,BUTTER-E|1024|10|0|105908.0|wide_first_8x,1009683.327564,1.2118078e+06,1152556.159635934,1.3517172e+06
90b52bce-e9d2-4c36-aeea-2c1b24b9b335,BUTTER-E|256|2|0|3848.0|rectangle,44724.74853299976,40592.43,39858.32347589046,49071.402
90be34f3-909c-44ab-80ab-554ade1e16fc,BUTTER-E|65536|6|0|48842.0|rectangle,504650.433222,542226.9,551502.4435942157,566988.2
90ca98e1-3a64-41ae-b092-bddd6e55976d,BUTTER-E|262144|12|0|67557.0|exponential,2046489.975022,1.6857711e+06,2008308.247192163,1.8109329e+06
90d008d8-a193-4d72-b370-f251070c5d08,BUTTER-E|524288|10|0|5300.0|wide_first_8x,193813.2780129997,195618.66,200216.154060587,226841.72
90d50a65-e59f-4ea7-acfb-398092ab8c0e,BUTTER-E|8192|5|0|4898.0|trapezoid,74921.29137599978,58241.14,70918.94889507863,59353.117
90d6f4aa-acf4-4182-8b66-a274c76afda9,BUTTER-E|2097152|2|0|15000.0|rectangle,786548.0703619998,872724.7,572951.0908622146,803021.5
90e28ec2-08e6-4378-9aa5-d17683aa6972,BUTTER-E|65536|10|0|15000.0|wide_first_2x,402707.216069,478396.6,446452.12797527673,416426.4
90f484f2-2ad4-460c-85ad-7eb2a8c0175e,BUTTER-E|8192|7|0|5300.0|wide_first_2x,99340.7803129998,90573.94,107824.29675819351,69178.555
90fba4a3-b07f-47f1-ba53-992e67987e53,BUTTER-E|16777216|2|0|70000.0|rectangle,5060892.314576,5.624676e+06,8899900.73435482,6.2248565e+06
9102dd0e-02c6-4076-9869-b5bce6b09429,BUTTER-E|4194304|6|0|3848.0|rectangle_residual,176135.60597999976,195234.36,190008.83765505633,180528.78
910de78d-3108-41ae-b991-8fa997f49532,BUTTER-E|65536|6|0|48842.0|wide_first_16x,944859.437522,700971.0,865828.3643755321,545830.1
911507a6-d879-42e3-8216-8fa1ab489a67,BUTTER-E|524288|2|0|3848.0|rectangle,271697.84762399964,162659.14,437691.276517733,266113.03
911a3cbb-ea22-43a1-aefc-b6140bb3a2ed,BUTTER-E|16777216|20|0|15000.0|rectangle_residual,2160557.716106,2.6455658e+06,2431595.0623902637,2.540872e+06
912a554b-ef8e-460e-908e-1af16e1bf100,BUTTER-E|256|5|0|67557.0|rectangle,427864.570528,490053.1,422157.2459146284,532668.56
912eb560-e2ea-4bf9-93b5-5f351cd49647,BUTTER-E|4194304|8|0|6435.0|rectangle,288850.3924039999,241860.39,251934.3001698462,254297.31
913a27b6-8c0c-4eb5-8307-532aaa582278,BUTTER-E|32768|5|0|12958.0|trapezoid,126496.4916279998,154100.95,137995.70976945743,161921.48
91570654-3678-494e-a486-c6bd48f570c6,BUTTER-E|2097152|3|0|6435.0|exponential,286916.2446589999,187270.75,199672.81872636348,181802.47
917ab217-a9d4-44b5-9845-c1a2c9c05edf,BUTTER-E|1048576|18|0|48842.0|wide_first_16x,2799768.088801,2.521962e+06,2608697.674275424,2.7639912e+06
917ef1ec-8562-4df9-95da-afe5908f7969,BUTTER-E|256|12|0|67557.0|wide_first_8x,656368.9473799998,677222.4,731967.6276805202,903391.1
9190c2f8-4ae2-4b66-85ce-642815dd4121,BUTTER-E|16384|6|0|20640.0|trapezoid,194639.9422779997,261115.03,279616.60314658214,210927.1
91a7179d-369f-45ea-bb4f-654a48eb8310,BUTTER-E|2097152|5|0|20640.0|exponential,536536.7343339999,564286.7,573774.9946735987,541425.94
91d27538-fb26-4e61-a907-635bad5d6dcf,BUTTER-E|131072|7|0|67557.0|exponential,1119239.2419649998,1.1239339e+06,1173282.7404282973,1.1957632e+06
9208e1de-503a-4816-9444-9dba6aa27681,BUTTER-E|256|18|0|4898.0|wide_first_16x,57547.78619799996,77901.484,74983.29307780527,70074.17
92169eae-a032-4ad6-ad1c-e54f6b2a5d9d,BUTTER-E|16777216|3|0|3188.0|exponential,396293.4268169997,319184.5,304652.04981984565,318107.22
922b4bc7-5628-4997-a305-6739b1b91fe4,BUTTER-E|131072|14|0|3848.0|exponential,186737.5684939997,169361.36,183340.69640936574,179311.39
9231856a-3b36-46ca-886f-3496b6c32f16,BUTTER-E|256|5|0|48842.0|wide_first_16x,358472.79336399987,399101.53,420315.1851244033,425000.7
9245b393-ba2d-495f-8ad3-52e6af26c63c,BUTTER-E|1048576|4|0|70000.0|wide_first_4x,1276432.056418,1.3601366e+06,1361051.9727390872,1.3093585e+06
9273369b-e35b-4a3a-8e8c-4619c3d58137,BUTTER-E|524288|3|0|70000.0|wide_first_8x,993766.7443969998,987259.8,989555.3356241541,1.1359165e+06
929a3038-3904-4029-a054-ac7ce829d493,BUTTER-E|262144|10|0|105908.0|trapezoid,3328155.418038,2.991573e+06,3167822.400636885,2.857177e+06
92a8d3e2-5181-4a90-8a1d-04e64ba59257,BUTTER-E|8388608|10|0|67557.0|exponential,4746515.282660001,4.4238695e+06,4754044.174190518,4.7958225e+06
92a9c835-8f5b-4894-9d2b-9e2430b4672d,BUTTER-E|4194304|7|0|3848.0|rectangle_residual,209006.0552349997,203897.2,184264.10318134003,195058.67
92aab36d-ee0c-4196-85fe-4afd1c8d8669,BUTTER-E|8192|10|0|3188.0|rectangle_residual,57116.69153399989,56390.137,50312.120636003325,54516.38
92ac13af-eef2-4e93-a114-05b8a6ba2faa,BUTTER-E|131072|5|0|4898.0|rectangle,59786.34244799976,71339.09,76239.71159949424,67880.24
92c29c3d-9a02-4a80-9980-2ca156290dd9,BUTTER-E|4194304|3|0|3848.0|exponential,204571.68283899967,182211.94,162043.11850060077,158358.17
92d920be-fed4-4970-b826-168648785b2d,BUTTER-E|131072|4|0|4898.0|wide_first_16x,89384.43500699977,97312.03,105805.41162539482,86724.93
92ede64c-b53e-4b3d-9004-d920d591f8d9,BUTTER-E|65536|12|0|105908.0|wide_first_8x,3550746.3440890005,2.6628212e+06,3311205.3060357682,1.7888895e+06
930cb40d-4e0f-4559-aa99-c04c67b09c4d,BUTTER-E|2097152|7|0|67557.0|rectangle,1691764.92389,1.8783248e+06,1864626.1861770535,2.0774829e+06
931f565a-9434-4d99-867a-49bed969f310,BUTTER-E|32|2|0|5300.0|rectangle,51074.01519199972,52271.78,43195.89432658483,66847.02
9347b372-5c04-46aa-94ec-a2f2e6535269,BUTTER-E|8388608|10|0|15000.0|rectangle_residual,1239248.0770419997,1.2316741e+06,1185806.1591993636,1.1376781e+06
9348e4c8-ad73-457f-89d7-edfd1b4baa9d,BUTTER-E|4194304|9|0|15000.0|rectangle,1005038.8070279995,598371.94,547523.3462230947,555412.7
9397494a-661d-49e4-87a5-da386ddc4bb0,BUTTER-E|64|20|0|3848.0|wide_first_16x,55538.38840799988,44877.914,49771.557392830684,63586.977
93a9544f-31b7-4290-b3c4-93c690908566,BUTTER-E|2097152|2|0|15000.0|rectangle,882475.2680069999,872724.7,572951.0908622146,803021.5
93c81296-01fe-4d53-9680-b212ab0365e1,BUTTER-E|262144|9|0|5300.0|wide_first_4x,184546.06772699987,168019.98,171875.91951386348,158634.48
93f27890-372f-4cbe-b629-c494adb9fe9d,BUTTER-E|2048|4|0|12958.0|trapezoid,88656.28947299988,105934.05,110312.91271578593,115900.695
93ffb81e-7ef3-4847-8c99-d02d85ee2b25,BUTTER-E|1048576|16|0|105908.0|rectangle,4463124.9597310005,5.041124e+06,4594285.626491756,5.3764935e+06
941928de-b6fd-44e8-be70-b6f7f33d6595,BUTTER-E|4194304|8|0|6435.0|exponential,401212.0211119998,307275.38,318090.4874742402,288421.22
9419a7e7-7afe-4c5a-bc0b-bf908b279489,BUTTER-E|4096|9|0|67557.0|wide_first_16x,1005701.1095989998,799991.5,749864.352030846,686018.7
941b60db-f880-41a2-86b4-3f5956715dce,BUTTER-E|16777216|20|0|3188.0|wide_first_16x,456273.6182649997,526903.25,448687.9602273855,581776.2
942b5604-cee4-4bde-814f-2de25342c631,BUTTER-E|32768|8|0|20640.0|rectangle_residual,415330.718049,458762.1,483420.3315858678,289010.47
944254cb-0fd6-4b11-9c55-386623ee6bf9,BUTTER-E|64|2|0|20640.0|rectangle,143707.545756,159118.58,156331.6157867306,196517.12
9455d86f-68b1-41a2-98e0-8ee5a4d4637a,BUTTER-E|1024|9|0|105908.0|wide_first_2x,1574447.5099740005,1.3363935e+06,1399512.72436627,1.4269915e+06
945e26b7-02c5-4320-a5da-fa7d28336176,BUTTER-E|512|12|0|20640.0|trapezoid,390077.982778,286498.38,261736.76694102914,292635.94
946dfda8-466c-48dd-b7fc-afa952771f95,BUTTER-E|4096|9|0|12958.0|wide_first_8x,151836.53137599997,182238.0,170288.55177747502,165823.03
94708fbb-6386-46f4-8664-c4e56f1cc20c,BUTTER-E|1024|14|0|3848.0|trapezoid,59340.48054899976,70571.33,70953.796821768,67308.32
94792662-8197-4a56-8477-077ca89b0cf3,BUTTER-E|1024|9|0|20640.0|wide_first_2x,314908.759503,239584.89,257574.04460147335,263124.6
947f9e02-0cd7-468b-8bf8-8d206eefe93e,BUTTER-E|4096|12|0|105908.0|exponential,1785184.1886199994,1.5917496e+06,1455616.2427198305,1.6905398e+06
94926350-6ab5-4bf2-a0d4-28fc454eb766,BUTTER-E|16384|4|0|6435.0|wide_first_2x,114595.46107899984,102879.52,113700.80028874149,84580.06
949967ad-275f-475a-87f7-d671f4e76c92,BUTTER-E|2097152|10|0|3188.0|wide_first_4x,134121.7915279999,145003.56,132746.10918264865,147536.31
94a096fd-24f4-414d-a0aa-8b1a7ee9be8a,BUTTER-E|32768|18|0|12958.0|wide_first_8x,620038.3888589997,433433.94,516683.9202844533,280645.0
94aa9e2f-e345-4c20-a64e-ed7302c4c94b,BUTTER-E|2097152|6|0|105908.0|rectangle_residual,3522814.320402,3.5104388e+06,3230194.884723001,3.3996152e+06
94b8ae3b-c774-4590-9363-ac08bf446a6f,BUTTER-E|1024|3|0|67557.0|wide_first_2x,578580.4714709998,601979.06,616916.1507846896,680473.0
94be3737-63b7-4d72-a6cf-022af5d34d2f,BUTTER-E|2097152|8|0|67557.0|rectangle_residual,2559545.738384,2.6647798e+06,2476911.1992220064,2.684676e+06
94c47e8c-c754-4e38-88f7-b95a670a3d01,BUTTER-E|16384|9|0|12958.0|wide_first_16x,225419.302296,210827.95,178750.48606085964,138696.12
94e02dfd-1d59-4450-acbb-4d83a9877344,BUTTER-E|4194304|5|0|12958.0|trapezoid,561258.7643739999,513019.6,511261.28885074443,537682.0
94f7434e-c03a-470d-ad42-7f4ee199ee77,BUTTER-E|2097152|5|0|70000.0|exponential,1639439.0191479998,1.7529981e+06,1810227.962415794,1.7809504e+06
950ec99d-7e3f-4e41-9fee-326f37aaaf35,BUTTER-E|8192|4|0|4898.0|exponential,82281.47532599988,71518.19,73975.16070730083,61028.207
9525de34-5b07-45dd-9909-57ec84ceec7c,BUTTER-E|32768|3|0|20640.0|wide_first_4x,274563.8776189998,260402.06,241335.77973755874,214927.34
952aa2ed-aebf-4041-95b6-cbf9eaf256af,BUTTER-E|524288|9|0|48842.0|wide_first_8x,1237169.879518,1.6022996e+06,1712311.6790366492,1.7211229e+06
955ed306-54f7-4e8c-b0a5-468d5174b2c1,BUTTER-E|128|9|0|3848.0|rectangle_residual,54997.3822519998,68365.81,72626.60879191611,61268.47
9563f6e1-e38f-4eee-9d6d-e78f16e23e00,BUTTER-E|2097152|16|0|6435.0|rectangle_residual,487832.44530199975,466491.22,440246.4093883454,461772.38
95662f80-e687-4b76-a3d3-9f153da1808c,BUTTER-E|1048576|16|0|5300.0|trapezoid,291537.8103869996,279107.6,272641.30415996874,260733.31
95836f5d-31ce-425f-93af-0673492b1d87,BUTTER-E|512|5|0|3188.0|trapezoid,34747.83698099999,36615.145,39286.17927738585,41444.652
95961401-ba29-4981-b893-abcd23fe16f6,BUTTER-E|8192|3|0|3848.0|rectangle_residual,53174.70111999996,56874.875,58444.911158847586,46918.758
95abb0b9-57eb-4ec6-b22e-35a372cf9d48,BUTTER-E|8192|3|0|6435.0|wide_first_2x,84524.71160099989,90126.91,91959.51385577065,79370.35
95add3e4-c997-44b9-80b7-6808ef8d16a0,BUTTER-E|8388608|16|0|3188.0|rectangle_residual,325258.0485089997,330677.66,310985.2527864557,307026.38
95b3d26a-3562-4c3d-987b-31c9a73b6366,BUTTER-E|8388608|18|0|4898.0|wide_first_8x,480605.95034200005,544319.5,577193.1215294058,611853.2
95b76b17-4c7a-4123-b589-98eda441732d,BUTTER-E|131072|12|0|67557.0|wide_first_4x,2060016.538384,1.9546431e+06,1942680.4308150508,2.1823825e+06
95de65f9-eb91-4e43-a874-c4d5c63870c7,BUTTER-E|1048576|12|0|6435.0|wide_first_16x,251868.6053849999,314658.22,289531.4329030228,279807.72
95e23f1f-7d4e-41d9-9237-3cc8a2acb95b,BUTTER-E|4194304|20|0|20640.0|exponential,1116852.0014249997,1.4355279e+06,1375476.0812378065,1.4367304e+06
960a5543-937c-45ee-b548-d0ed01858c4d,BUTTER-E|1048576|2|0|3848.0|rectangle,390589.5802619999,361811.9,832498.4162365478,411623.94
9626e089-a9c9-4a9f-a2f0-61583b635f61,BUTTER-E|128|5|0|15000.0|wide_first_2x,167660.15160899988,149350.77,157648.82475810198,176311.5
964af7af-199d-4ba6-9bce-32c8a1d49d3a,BUTTER-E|2048|8|0|15000.0|wide_first_16x,230345.421624,205900.11,236943.60795710122,167560.4
9662dc3f-1466-4c85-bbde-0b13e59c48ba,BUTTER-E|262144|16|0|12958.0|exponential,503991.63979399984,478377.0,455985.16675931914,490643.72
96652d89-447f-4331-9855-00b999f7a2b6,BUTTER-E|262144|20|0|3848.0|trapezoid,319965.361812,377842.22,289857.17217646464,327478.47
96794b54-23c6-4d7d-bc52-80cb97ed894b,BUTTER-E|32768|16|0|70000.0|trapezoid,913003.8327149998,1.365589e+06,984242.7939265537,1.290557e+06
9680ed07-2830-42a7-ab25-edc50c223a90,BUTTER-E|4194304|16|0|3188.0|wide_first_2x,223877.53862799983,236499.78,223559.56694689853,267304.94
9687e7cc-d11d-4a70-92b3-ad52170dc3c5,BUTTER-E|128|2|0|3848.0|rectangle,38501.61646599972,41094.44,39306.95458261395,49021.492
96b55c4f-7812-4b53-b0d2-ca705ee86676,BUTTER-E|2097152|5|0|12958.0|rectangle_residual,401206.5682339997,433034.4,404252.05349787977,423428.94
96d7c776-280a-46c8-aef5-4883b34fafd7,BUTTER-E|32768|9|0|3848.0|trapezoid,105767.53411399992,120347.83,117860.39548047382,85105.51
96dc26bb-84fa-40c0-9eb2-0ea66823b9b9,BUTTER-E|8192|9|0|3188.0|trapezoid,55662.12909199981,57452.91,53987.714982518046,56265.883
96f41dae-e7bb-443f-9e96-f2dccb1f12c3,BUTTER-E|512|12|0|5300.0|rectangle_residual,101885.99134999968,95743.6,99050.59672096073,75937.89
96fece67-7e0e-4b17-bdd8-41677e9ed995,BUTTER-E|2048|14|0|3848.0|rectangle_residual,45931.42832199984,57804.652,59289.34685405921,65534.69
9705232f-490d-4041-aa44-fae545b15a64,BUTTER-E|16384|10|0|4898.0|rectangle,72347.01626899972,76558.45,90561.20437946991,58978.73
9708273f-76ea-4db8-82f7-f15e04fe0992,BUTTER-E|128|18|0|6435.0|wide_first_4x,75932.0699419998,94572.3,89821.66675590526,113798.0
970b5fdf-abf9-4bc8-8569-28b30bb76ecf,BUTTER-E|64|8|0|20640.0|rectangle_residual,191203.093296,266997.66,268935.6722962851,255669.05
972f3174-6d30-4155-92db-2c34b10372f5,BUTTER-E|32768|6|0|105908.0|wide_first_16x,1338247.9912499995,1.2098828e+06,1390988.9827117661,1.0843756e+06
97459a47-1149-4ece-b9e0-b1ca29ba094d,BUTTER-E|524288|4|0|3188.0|exponential,64209.497175999706,70454.99,67578.46138281553,64286.426
9758c5f2-ab04-4f1d-a55d-bbaa9216b7e9,BUTTER-E|131072|16|0|3188.0|exponential,95332.6653229998,115275.56,125354.41604087215,120057.68
975b5b74-ad74-44c8-98a0-be96cffa82ca,BUTTER-E|262144|8|0|6435.0|wide_first_16x,191376.0783279997,182439.2,208909.73843380914,188990.25
9762e86f-f0a8-4a67-a3a7-d2da0fa6b7ab,BUTTER-E|2048|4|0|5300.0|wide_first_4x,63755.15799399985,59846.14,60129.18606060754,51438.31
9763796d-7376-4cc4-b796-acc0f8d6120c,BUTTER-E|524288|3|0|6435.0|wide_first_8x,106077.97391999976,119802.28,130099.4322222137,120723.49
97739366-666c-4b28-b247-8f9712c7a682,BUTTER-E|131072|18|0|4898.0|wide_first_16x,250598.70599099973,237431.1,227844.63803976664,216680.19
9785dcbb-e524-4849-a2c4-90b3ddf83236,BUTTER-E|65536|18|0|105908.0|rectangle_residual,6716084.727114,4.2612805e+06,4026575.1005479754,3.070324e+06
97a6661c-7d07-4c98-9cfc-836b34ce3d74,BUTTER-E|32768|20|0|70000.0|wide_first_2x,1015737.9686199996,1.8956871e+06,1526182.4966030975,1.5896015e+06
97c6b39f-c0de-438f-b18c-bf27bfb3eb27,BUTTER-E|65536|7|0|4898.0|wide_first_4x,177520.6091329999,121194.95,126540.57769450128,117427.28
97e71e0d-39a5-482b-a89c-87c6d2340e5a,BUTTER-E|16777216|20|0|20640.0|rectangle,3099605.595478,3.113195e+06,3136877.191805273,3.3541592e+06
97e73db3-d38d-4798-8b11-dbe64b2ee565,BUTTER-E|131072|5|0|6435.0|rectangle_residual,149048.6970439998,135648.83,131214.8972060923,129660.46
97f81bd5-3ae0-4fbb-90eb-d230044625e3,BUTTER-E|8388608|16|0|15000.0|rectangle_residual,1452517.05919,1.459506e+06,1334351.9338057954,1.5042454e+06
9806ef23-8e51-4094-9142-d154e3ffec4d,BUTTER-E|1024|16|0|15000.0|rectangle,346210.499506,248800.53,249854.24378905375,226796.08
981db544-5662-4989-878b-fd93dec40678,BUTTER-E|16777216|5|0|20640.0|rectangle,1631541.3737839998,1.9163288e+06,1962794.5618308035,1.9870818e+06
983a8ce6-b292-4a17-a12a-31d91d187311,BUTTER-E|16384|4|0|3848.0|rectangle_residual,64840.30931099988,70021.664,67119.27970671217,51188.387
985fbc68-cbb0-44a4-8f85-fba8d5f0f74b,BUTTER-E|65536|18|0|3188.0|wide_first_8x,62007.464649999965,93215.445,65638.77450709358,62836.027
9862dccb-addc-4fc9-a9c0-70f51123a438,BUTTER-E|32768|14|0|12958.0|rectangle_residual,507374.515664,480499.44,481499.24278772605,240448.75
9877d47a-ee23-4b56-949f-06ecfa73a6a7,BUTTER-E|64|5|0|6435.0|wide_first_4x,67901.71882399992,65236.0,65692.33462690063,77611.69
988d1103-a295-4c01-8d1d-276cd0f39a9a,BUTTER-E|524288|12|0|3188.0|exponential,121780.5472449997,133570.47,131742.01859045023,118743.41
98a0dada-47e6-4494-bf91-167262b820f2,BUTTER-E|32768|12|0|70000.0|trapezoid,1066730.1222419995,1.1492142e+06,955498.4603746101,1.1913525e+06
98bc263a-5492-41cd-ae2f-e98f4da3a592,BUTTER-E|4194304|14|0|6435.0|wide_first_16x,501541.385268,498276.62,505210.5802973488,479099.72
98bdd89d-e314-422c-8353-2c50e64e1821,BUTTER-E|262144|9|0|3188.0|rectangle_residual,111045.20413899996,111742.195,102122.40272015659,107359.97
98d8dd68-cb12-4e96-a35a-efe248f2995a,BUTTER-E|32768|6|0|4898.0|wide_first_4x,96474.20105199996,109293.45,95026.67768513948,97167.55
98e5e415-64be-4b43-8d06-5d89f581a0e7,BUTTER-E|524288|8|0|6435.0|wide_first_2x,288560.15145999973,203159.42,219942.77688491307,211238.92
98ffb128-d01f-465f-be98-051be513e201,BUTTER-E|256|4|0|48842.0|wide_first_16x,375768.916892,405380.28,443949.51108289516,410725.97
990845c2-18ea-49a6-8319-4cc9fe32cace,BUTTER-E|16777216|10|0|20640.0|wide_first_2x,2428727.729044,2.390833e+06,2381677.1684196936,2.371999e+06
991ba5d3-d484-4682-9030-8e548cf5c2da,BUTTER-E|2048|10|0|20640.0|rectangle_residual,170685.0755339999,216885.7,232442.17092283486,289379.75
991cdd06-9df7-4d32-aea3-d4a132052a95,BUTTER-E|4096|6|0|12958.0|wide_first_8x,149056.70694799966,175504.08,183970.51467929955,146976.25
9939f767-c831-490b-8b11-1036be737151,BUTTER-E|1048576|7|0|3188.0|wide_first_8x,91531.30573299994,115853.18,132128.64248936242,122731.445
99415034-bc60-4fd4-aefb-b308686666d3,BUTTER-E|4096|2|0|105908.0|rectangle,911964.196395,884065.4,874113.3249988223,918278.44
994c20c6-f79b-42d5-a949-de937e8f0193,BUTTER-E|2097152|10|0|4898.0|exponential,183032.16875799984,208105.4,202974.93158811738,198546.55
995f894a-c5ea-445b-bd9e-e27c65931f05,BUTTER-E|262144|6|0|3848.0|trapezoid,78220.63415799984,95583.85,96704.52033186254,97003.945
99633f6e-0f86-44c3-bfbf-903ce88dae61,BUTTER-E|65536|7|0|3848.0|trapezoid,163638.67229699975,102537.19,123792.87335284607,94080.586
996da2e3-665e-46be-b610-b34804e6fa0b,BUTTER-E|524288|3|0|67557.0|rectangle,922689.27922,866061.94,978310.084758814,874972.3
9988c3f6-fd89-4c23-9588-3b4e63cdd1b0,BUTTER-E|16384|10|0|6435.0|trapezoid,156738.47226599988,142927.94,139894.3324324921,119060.46
999061a5-6bea-42bd-8be2-a9972868dd31,BUTTER-E|524288|8|0|3188.0|rectangle_residual,111035.53198,114965.41,109569.51538495859,103912.52
99a80198-d648-49cf-a9f8-6344496a079e,BUTTER-E|64|2|0|3848.0|rectangle,40627.7867539998,40059.246,40043.14718193422,48996.63
99a80951-66ea-4987-bd8b-568bc1faaff5,BUTTER-E|128|3|0|20640.0|wide_first_4x,153834.8867899999,167684.94,165943.24892470363,175329.25
99aba0e3-d1f2-457c-a30d-0aa6747f27a8,BUTTER-E|64|9|0|3848.0|wide_first_2x,54155.2242259998,62798.703,66171.78490044741,59123.973
99e81c2a-11a2-420a-b259-6d6a33788969,BUTTER-E|1048576|7|0|67557.0|wide_first_16x,2437527.208902,1.8125951e+06,1794880.8451340073,1.9940944e+06
99f71648-fdac-498d-96b2-80274105ac85,BUTTER-E|262144|6|0|4898.0|exponential,102181.22558899992,109736.6,99354.31452574737,97125.86
99ff94ed-2cde-4aab-bd56-fe031685e40a,BUTTER-E|524288|18|0|3188.0|wide_first_8x,249270.14374499983,178223.52,161027.64957545753,173133.47
9a2fb30e-46eb-4102-9f95-15ce90bbfa15,BUTTER-E|524288|20|0|5300.0|rectangle,243015.4812039999,290056.12,278261.77349498746,301462.3
9a300db0-ae96-4a4e-b120-b356114ec7de,BUTTER-E|32|9|0|3848.0|wide_first_8x,45206.05500399995,45794.637,45346.66266822039,61456.38
9a4d0660-db88-4fe7-ba41-e1b331dfe432,BUTTER-E|512|18|0|105908.0|trapezoid,2201589.186924,1.7494109e+06,1915777.6467176662,1.9323795e+06
9a5eabc5-3082-475b-aae5-db0195456c03,BUTTER-E|65536|5|0|3848.0|rectangle,47729.336181,57053.445,53135.77322152913,56714.656
9a6668b1-3b09-4388-8aff-44063d53a79f,BUTTER-E|8388608|8|0|70000.0|rectangle,5238641.37024,4.5092685e+06,4792784.585310204,4.655635e+06
9a68f250-c51e-468b-9e0c-1b6600ddcfb3,BUTTER-E|16777216|10|0|3848.0|trapezoid,771556.6605389997,536822.25,423216.0049154033,517983.97
9a80ffa3-44a3-45c0-876d-a03837717c96,BUTTER-E|524288|4|0|67557.0|trapezoid,1065459.524147,1.0072927e+06,971169.211052211,1.01728344e+06
9a86bd9a-6a9e-4b77-b23c-0038a5049bc3,BUTTER-E|16384|8|0|6435.0|wide_first_8x,92232.62510699988,127548.39,108657.42296515056,96457.82
9a9ee47a-a340-49b8-92d4-5b1879d898eb,BUTTER-E|16777216|12|0|3848.0|exponential,558182.803802,489900.78,511381.1069568101,490289.2
9aa99e7e-4adb-4642-b028-fd9152cac00f,BUTTER-E|131072|12|0|6435.0|wide_first_8x,208593.6807019997,226973.94,251129.66762013384,230592.03
9ab4f0ba-820f-4374-a1c8-f8bb57d63035,BUTTER-E|512|20|0|12958.0|rectangle,395789.0858429998,237837.42,220532.79191893397,225007.52
9ad837f3-929c-42f8-8656-9a7f2ef996ff,BUTTER-E|1048576|9|0|3848.0|wide_first_8x,162460.19630999988,192566.02,181627.80045165378,202726.66
9adfeaf8-4238-4c5b-b2a1-a4c28bbb8caf,BUTTER-E|64|16|0|12958.0|wide_first_16x,141640.1887519998,134270.5,148181.40494786753,161154.14
9ae6aac9-ecb9-4838-854d-8d5bdd396d8c,BUTTER-E|16384|9|0|67557.0|wide_first_2x,1499515.7577560002,1.0561371e+06,1009697.4536302648,860617.2
9b007688-9c52-4035-82ed-8a93a47362f7,BUTTER-E|16384|4|0|12958.0|wide_first_16x,150173.12077499987,161243.0,179660.61540434038,120471.38
9b282fe8-595d-4e75-87af-c0dc096029ac,BUTTER-E|524288|2|0|5300.0|rectangle,476378.647933,230456.61,483159.8792816555,554704.44
9b4c02f4-eabb-42ad-973e-ed26f641137e,BUTTER-E|2048|9|0|20640.0|rectangle,152075.6565139998,161632.83,162598.71739956268,202827.61
9b54ed19-41c7-475a-99fc-30ef4e86e1c7,BUTTER-E|262144|6|0|12958.0|wide_first_2x,260177.06917399963,291877.0,271745.33543521416,335180.47
9b56f06f-9ec5-4bf3-ae28-a31236703917,BUTTER-E|4096|8|0|48842.0|wide_first_4x,758201.0259099997,589701.56,653730.064771465,571923.6
9b6c553c-db20-48a3-b6ea-2ba59fb75f72,BUTTER-E|16384|20|0|3848.0|wide_first_8x,73881.94525699968,90629.664,80028.4654048812,88411.92
9b746a5f-b570-4569-a59a-81c111638c7b,BUTTER-E|8388608|18|0|20640.0|wide_first_8x,1876813.641973,2.0743846e+06,1975123.184413975,2.248185e+06
9b853e3c-b938-4e6a-af49-49178f93d75a,BUTTER-E|131072|7|0|3848.0|rectangle,95494.134042,74500.07,64576.36598776562,69475.22
9b85df75-f237-4e88-b29b-a115b498307b,BUTTER-E|1048576|18|0|3188.0|wide_first_2x,159663.71605199977,199542.94,214527.62240356585,203157.3
9b8a60a9-02d5-4846-9dd3-e17a00d37949,BUTTER-E|1024|5|0|15000.0|wide_first_16x,155887.65724199975,151845.72,131960.53993609888,146583.61
9b8c86df-41cb-4468-aba2-f17ceff07b72,BUTTER-E|512|7|0|6435.0|wide_first_16x,60465.269009999865,75261.9,84889.61920366778,73512.76
9b9162ca-effa-4dd6-8112-638884395647,BUTTER-E|32768|16|0|4898.0|wide_first_4x,279433.0587029997,189981.98,205319.1057683187,131328.69
9b93553d-4a7a-48b1-a739-a032520d0a09,BUTTER-E|16777216|4|0|67557.0|rectangle_residual,6221985.77159,6.713987e+06,7074756.279964293,6.772262e+06
9bba091f-9afa-4064-92bc-3eed6c21ec4a,BUTTER-E|2097152|18|0|48842.0|wide_first_8x,3586125.290743,2.9895622e+06,3160004.8990361444,3.2583872e+06
9bcfc3f6-9675-4c49-9d64-06f14fd8cc32,BUTTER-E|262144|10|0|4898.0|trapezoid,140733.39928599977,151282.58,155002.1538320794,165209.95
9be49084-828d-489e-8f23-eeed92f3308f,BUTTER-E|262144|2|0|5300.0|rectangle,245242.1934599998,174133.8,175770.550853382,321418.97
9befa581-4268-4f21-85c5-b1120b45852f,BUTTER-E|524288|2|0|3848.0|rectangle,225223.697403,162659.14,437691.276517733,266113.03
9bf0ba0d-6df5-4935-b6b4-bcc22c4ef44f,BUTTER-E|131072|4|0|12958.0|wide_first_4x,221553.63651599965,222424.27,205298.58542155373,192427.78
9bf573d1-1484-4050-aa56-6469f64bbd41,BUTTER-E|65536|12|0|3848.0|wide_first_8x,131176.3625479998,148572.27,138778.86208141374,152418.81
9bf57df6-5d90-462f-8d8b-1fb27fbfc2d6,BUTTER-E|2097152|14|0|70000.0|trapezoid,3157693.685315,3.5998092e+06,3448021.362204332,3.9038908e+06
9c001333-0ddc-4001-986c-77ac72963f8c,BUTTER-E|16777216|10|0|48842.0|wide_first_16x,5764795.336622999,6.156073e+06,5813497.764998073,6.6129795e+06
9c0c5ad1-2c52-4951-a1eb-890d3727dbc0,BUTTER-E|32768|18|0|70000.0|exponential,1175921.8120999995,1.2135749e+06,1058484.1270426936,1.3151829e+06
9c0e237c-2da7-4ba5-8753-4f9fc01e5c75,BUTTER-E|4194304|6|0|4898.0|rectangle,252457.5027469997,177256.31,183314.763299755,179465.36
9c2ed7ec-d7e8-43db-af31-c6e4e53f5c69,BUTTER-E|1024|5|0|3188.0|wide_first_2x,40428.74764299996,42802.71,42982.23915480876,44501.832
9c377e73-cdee-4567-9381-5d306917a33d,BUTTER-E|256|14|0|15000.0|rectangle,283666.3587199998,218028.6,229230.1265745951,209183.88
9c4369a2-b4b0-459b-9a58-abda05be5f46,BUTTER-E|65536|4|0|48842.0|trapezoid,612786.3621709996,570046.6,699817.9842481856,545509.56
9c4f6ff8-c4a3-461f-bd6e-71b40b6ea67b,BUTTER-E|131072|7|0|6435.0|wide_first_8x,144702.83805299966,161111.11,151703.31783174616,156226.16
9c5fb294-a2e5-4860-b544-97a4b983ce38,BUTTER-E|512|8|0|20640.0|rectangle_residual,261371.81613399988,256175.0,238308.6060359543,256014.78
9c609538-3a04-412f-9c7d-6791c838b33a,BUTTER-E|16384|18|0|20640.0|wide_first_16x,331227.30256999994,396058.38,400305.9735393076,268642.78
9c623836-58f9-45bd-9f1c-aa9920beb1cb,BUTTER-E|2097152|3|0|3848.0|rectangle_residual,117128.00412,110538.34,102462.89143624979,108215.12
9c7dd924-8ff9-42fe-9979-8129c95584dc,BUTTER-E|4194304|18|0|20640.0|rectangle,2077618.3864679995,1.4468711e+06,1458286.192856754,1.6246261e+06
9ca2ba77-cc03-4563-888f-8ee601c4c8cf,BUTTER-E|262144|6|0|70000.0|rectangle_residual,1519004.4651149998,1.5504538e+06,1298114.582206291,1.4864481e+06
9ca94cdd-46e9-46dd-80a8-75926b7ae92c,BUTTER-E|1048576|20|0|3188.0|rectangle_residual,382448.8114969997,229621.84,216387.86787976246,218072.05
9cbccad0-e5c5-42e5-af4f-3d79bb058966,BUTTER-E|64|9|0|20640.0|wide_first_4x,247614.2855469997,216141.73,209072.4690330521,236081.77
9cbe1e55-6722-4040-bae7-9d193bba557c,BUTTER-E|262144|9|0|3848.0|exponential,106064.90198799984,130776.4,120632.14651567809,115146.45
9cd64f2b-f41a-426d-ad81-12ad232966bd,BUTTER-E|256|16|0|20640.0|trapezoid,367410.4562219998,338846.34,354550.0111010267,346440.53
9d04f8ef-2080-4800-b15b-a1dbe8a15373,BUTTER-E|4194304|20|0|5300.0|wide_first_2x,707737.584515,435534.3,452603.5747519901,514813.9
9d16a5ed-ca39-4dc2-a02c-c993bf6e92b6,BUTTER-E|4096|4|0|6435.0|rectangle_residual,109771.80965199972,80401.29,82626.5630017609,78172.836
9d1a06b4-7319-4c6e-8df1-848eb620c653,BUTTER-E|128|20|0|20640.0|wide_first_16x,209917.02829099967,220826.83,265450.6672370892,264667.34
9d29c55a-c057-42df-ad22-1602d3bdc674,BUTTER-E|512|8|0|15000.0|wide_first_8x,233562.27918599965,193251.5,215376.70330042773,204110.05
9d3865e3-e0ec-4dd8-a295-79921a92e0b8,BUTTER-E|512|5|0|20640.0|trapezoid,144124.32116599995,155814.0,174138.32155263182,174159.05
9d3d5029-f300-4a2b-9b6e-34bfadf95ebf,BUTTER-E|128|18|0|15000.0|wide_first_16x,181384.4796089997,176555.64,192660.7842624953,214985.77
9d45a25d-8703-4b4f-8d1e-3f91f93254e6,BUTTER-E|8192|16|0|67557.0|rectangle_residual,826379.2122779998,981320.75,966978.8020694806,1.0959396e+06
9d46cf90-9b27-449a-9762-445acb837213,BUTTER-E|65536|8|0|3188.0|rectangle_residual,79625.6363869999,82922.21,82051.30321169339,76827.1
9d4a8f99-407b-44e9-89b7-e9d5d4a295a9,BUTTER-E|4096|5|0|5300.0|rectangle,53164.79546699989,49834.91,58125.36232172041,48708.234
9d688cbd-5feb-48f9-8020-f89005e875ed,BUTTER-E|2097152|16|0|105908.0|wide_first_2x,7250996.777132,6.1198455e+06,6190198.428679246,6.280437e+06
9d78521c-f999-4f2d-8803-70ccd662bc4b,BUTTER-E|32768|12|0|3188.0|wide_first_4x,56177.14474699992,66785.59,62336.17825951383,52658.906
9d7a77d5-2b52-4f23-a92e-cf6cedd2eedb,BUTTER-E|8388608|3|0|5300.0|exponential,404500.3397739997,411480.28,328825.64972900634,473959.44
9d7b1050-8858-4e6c-b20b-459e157e7b71,BUTTER-E|16384|8|0|6435.0|rectangle,143481.68644399982,83582.87,86279.5483973439,72116.66
9da4358c-68fd-40d3-b241-734e6f7e310e,BUTTER-E|4096|9|0|15000.0|rectangle_residual,143631.82988599967,163767.23,138233.00560077562,215011.61
9da8a25c-a828-498a-9385-9c55c7704abf,BUTTER-E|256|18|0|4898.0|wide_first_8x,110104.88966799984,92902.516,98155.00677530878,89290.71
9db1aea9-ec47-4289-856f-1396d37cc27f,BUTTER-E|16777216|7|0|12958.0|rectangle,1171687.666994,1.1981136e+06,1167897.2491289072,1.2354575e+06
9db54c0f-1e07-49a2-a78e-6b88390b6b28,BUTTER-E|128|2|0|3848.0|rectangle,35110.29512199996,41094.44,39306.95458261395,49021.492
9df0f72b-321a-4312-bada-2a678c2febe1,BUTTER-E|4194304|8|0|5300.0|exponential,231655.0193659998,242466.62,241255.24885212418,231281.81
9e01ed70-2d88-475a-aaca-591be71fb2ef,BUTTER-E|1048576|8|0|4898.0|wide_first_2x,157119.6341089998,171803.98,175478.00630888302,179923.27
9e0f3d76-bdce-4687-b7f9-9c255aee826a,BUTTER-E|524288|2|0|5300.0|rectangle,564081.5821439999,230456.61,483159.8792816555,554704.44
9e176795-6c59-414e-a846-f6edfff4d3a2,BUTTER-E|65536|10|0|67557.0|wide_first_16x,868374.3088479998,1.1535471e+06,1015834.2105481479,818033.1
9e1b5413-7a49-4d33-9454-b7d316659574,BUTTER-E|2097152|3|0|15000.0|wide_first_8x,405304.7619089999,423951.4,458551.41604452534,435228.72
9e23e501-4d9f-49e6-97f6-cc21e16cb307,BUTTER-E|256|6|0|20640.0|trapezoid,157776.41362099966,180384.56,202200.00170747767,196391.97
9e3f1cc1-11ac-4c59-b0c0-7e80532a2442,BUTTER-E|8192|12|0|12958.0|wide_first_4x,217724.0948739997,188115.97,202247.36693987358,192322.11
9e48fbf5-09e9-4af5-810c-61f6a4d80408,BUTTER-E|8388608|18|0|12958.0|wide_first_16x,1381014.056484,1.3504146e+06,1314939.4269816808,1.5000408e+06
9e61797f-0b1d-4da3-aaa4-0a42d98e1c9a,BUTTER-E|16384|6|0|6435.0|rectangle_residual,130533.27213099996,123408.43,109235.48074341172,87545.03
9e620b75-2ffa-44ae-bfab-1a67b01b0133,BUTTER-E|1024|9|0|15000.0|wide_first_16x,214400.014627,202074.05,219340.05799985782,174377.27
9e68573a-753f-4a36-a3eb-e89d86e9c6b6,BUTTER-E|1048576|6|0|3188.0|rectangle_residual,109746.78715599985,109617.26,95776.22535428601,94937.83
9e6abfb5-088f-4810-9293-2b48dc31e17d,BUTTER-E|262144|2|0|5300.0|rectangle,236474.7048419997,174133.8,175770.550853382,321418.97
9e87dbd7-12f3-4e44-8314-9421babd76fb,BUTTER-E|4096|20|0|105908.0|wide_first_4x,2514686.183528,1.9433145e+06,1772457.6972247413,1.7350321e+06
9e8fa152-d31e-49c8-8b64-8b1349108bba,BUTTER-E|2097152|6|0|4898.0|rectangle,213845.7454259999,138815.08,135980.16146364383,138578.19
9e979bc4-d0d3-4e75-8fce-445f82aa427a,BUTTER-E|32768|7|0|3848.0|rectangle_residual,86257.44553599972,99153.125,104089.74774354212,64133.824
9e982881-734c-4486-a89e-8a8cc6acfd51,BUTTER-E|16384|10|0|15000.0|trapezoid,299792.5112719998,324506.66,289059.408802332,298380.94
9e9ac07c-9ebe-4368-bccd-6738f64a3428,BUTTER-E|1024|14|0|4898.0|wide_first_4x,114412.44234199967,90097.0,85172.82430866663,81333.375
9e9bfbd9-577c-4828-a579-4034f4de6120,BUTTER-E|2097152|2|0|6435.0|rectangle,258954.4814459998,327881.6,448028.11086600716,359513.6
9e9ebae0-b399-443d-9e23-e3b7861a3304,BUTTER-E|8192|20|0|12958.0|wide_first_4x,233141.9930599997,185007.78,202611.17915705164,214442.52
9eb72401-a4f3-442c-8d72-48ea1188d992,BUTTER-E|16384|10|0|105908.0|exponential,1607444.591805,1.7728485e+06,1728301.571219256,1.6035165e+06
9eb8f65e-44f2-4e60-b5e9-540327facda2,BUTTER-E|1024|4|0|3848.0|rectangle,32966.30448299988,34238.406,36811.99038129153,38544.297
9eecd883-4c02-4cd9-9e03-b942d31dcf91,BUTTER-E|65536|5|0|6435.0|rectangle_residual,121711.17226399992,121733.25,112394.66755193655,109054.92
9efbef13-97f9-410c-833a-2e82225dfefc,BUTTER-E|131072|18|0|105908.0|wide_first_8x,6622641.628954,4.1349905e+06,4258801.565132625,4.817275e+06
9efd679d-2583-4431-9f34-ff1b91ef2f11,BUTTER-E|128|18|0|5300.0|exponential,248834.404084,113233.01,112393.83115658334,90434.97
9f152cdf-0030-49f6-a773-442dbfcb289a,BUTTER-E|2097152|16|0|3188.0|exponential,200152.43487999967,170061.69,167965.61718631978,161327.75
9f394b9b-6ede-4ec8-9b11-967f08aacd5c,BUTTER-E|8388608|20|0|6435.0|wide_first_2x,654689.8475949999,709518.6,672528.2074115825,714502.7
9f47af24-4492-44b4-b5f9-54a930db830f,BUTTER-E|1048576|16|0|20640.0|wide_first_8x,1071647.6409979998,1.1450396e+06,1170902.2328367862,1.2002328e+06
9f59cddb-ac3a-487e-815d-001ec41aa4f1,BUTTER-E|64|6|0|5300.0|rectangle,46317.47424599988,46034.555,47673.39063131427,49972.12
9f9e0542-5e68-4374-acf0-28886b3b7e42,BUTTER-E|1024|8|0|4898.0|wide_first_8x,87460.895871,70810.8,68112.4585829901,71477.62
9fb9c73a-6289-426c-aecf-24fd01e35216,BUTTER-E|16384|18|0|105908.0|wide_first_4x,1584545.6747539996,1.7445176e+06,1824887.3145722246,1.7435829e+06
9fc581ac-6b2f-4adc-b35b-d77b5b2fdba4,BUTTER-E|512|16|0|20640.0|trapezoid,305938.3038409998,345076.38,359734.5459337332,346968.56
9fc88070-0c7b-48d4-b9c5-09ea9ec658a6,BUTTER-E|1024|14|0|6435.0|rectangle,88284.07878799968,110837.4,107166.61280326164,96478.89
9fd559c5-fe77-4056-a2e8-807f6771e95b,BUTTER-E|8192|7|0|48842.0|wide_first_16x,526754.8837429999,606806.94,641826.5733247926,471314.94
9fdb199d-99d6-4b27-b55c-e95f7c975e81,BUTTER-E|65536|12|0|3848.0|wide_first_4x,118047.01275,149462.61,144468.40921493527,159275.56
9fdbabc1-4437-428e-be2e-7486167ca723,BUTTER-E|8192|5|0|6435.0|wide_first_16x,125031.51833699988,89213.51,84948.5912081558,71722.27
9fe261e8-7aa2-444d-bb72-e2a56181c794,BUTTER-E|64|8|0|15000.0|wide_first_2x,149812.9374359999,161821.3,175587.07420523633,204648.0
9fe9ed79-bdf2-4836-8ee5-e592d3c6e5a7,BUTTER-E|2048|6|0|12958.0|rectangle_residual,114789.22394199988,146288.25,148585.09218397745,155230.52
9fee37b2-2380-41e2-ad44-70d8bc34b8f3,BUTTER-E|262144|18|0|3848.0|wide_first_16x,177985.67433999985,249179.75,253741.283662764,209091.92
a0000a55-b6c6-4fd1-9a3a-e5f5273690b9,BUTTER-E|256|18|0|3848.0|trapezoid,61807.78002699973,79604.82,69019.49955901968,74792.875
a0014960-6d2d-47b7-b38f-d63d5c421a81,BUTTER-E|2097152|18|0|4898.0|trapezoid,295653.37154099974,349341.22,340634.3831708489,313645.88
a00252cd-f188-4e6d-b737-e29b3224caa1,BUTTER-E|4096|16|0|4898.0|wide_first_16x,117163.8253469999,99310.23,94874.58066634812,67406.414
a00d6550-78c0-4c03-8836-68526b9e6b32,BUTTER-E|8192|4|0|105908.0|rectangle_residual,1768708.886799,1.1781995e+06,1136661.5298940726,1.1489402e+06
a01927ed-e266-4db3-b4ac-73714d947037,BUTTER-E|2097152|8|0|70000.0|wide_first_8x,2706154.581054,2.4600428e+06,2288602.395065149,2.4594188e+06
a024a471-1e4d-4cb7-a259-ab2746c866f4,BUTTER-E|4194304|16|0|3188.0|wide_first_16x,223580.3393099999,235601.12,225826.55194514387,222385.67
a0354c5f-37ca-4b88-810f-fac49c48aead,BUTTER-E|8388608|9|0|3848.0|wide_first_4x,299291.822064,338564.34,304421.7167884001,303375.3
a055937a-2d8c-4071-a1a7-b425ec6dfac1,BUTTER-E|512|12|0|12958.0|trapezoid,175413.29433599988,198527.8,205014.49324968955,228570.5
a06358cb-c4fa-4448-af96-eba80e9740c8,BUTTER-E|4194304|2|0|12958.0|rectangle,1481481.589236,1.5639946e+06,1634375.5805377811,1.6619432e+06
a0652b19-7245-4bf2-b4ad-13d17818e03c,BUTTER-E|256|3|0|3848.0|wide_first_8x,42691.33676499984,44307.664,43561.64253274381,50027.434
a065f7d8-78de-417a-b1a4-4295c27191bd,BUTTER-E|8388608|12|0|105908.0|trapezoid,8532052.728827002,8.2072405e+06,8548583.38663002,8.632934e+06
a0678874-ba3b-4fd7-ae76-3da4cef66046,BUTTER-E|1024|10|0|6435.0|rectangle,78186.84184699992,71671.47,73392.87694195818,70258.195
a06e19a1-b572-4102-8f6e-d28824b28972,BUTTER-E|4194304|10|0|70000.0|rectangle,3731411.98149,3.0923752e+06,3521660.4486959428,3.8263312e+06
a0a2cdb0-920d-469a-92ed-8002f8636311,BUTTER-E|65536|2|0|4898.0|rectangle,73005.79814499996,75650.42,71850.49496889247,92297.76
a0a45300-3a31-406a-a32e-0dd0ba08e6f0,BUTTER-E|4194304|18|0|5300.0|wide_first_16x,441120.2150149999,458913.5,472689.5530841562,431198.5
a0aa03e7-ba5b-47a1-af81-80cc985f1c5c,BUTTER-E|1048576|3|0|6435.0|wide_first_2x,123411.72539699962,148087.48,142441.88214965127,144386.61
a0bca122-e2ef-472d-8483-b1f8a47394f3,BUTTER-E|2048|20|0|6435.0|wide_first_4x,120668.81973599987,123260.58,115242.5590614225,114045.06
a0d2a7bb-c0f8-4daf-b6fa-e07ebdcdaeff,BUTTER-E|256|7|0|5300.0|exponential,70743.40104399984,67088.44,64682.359304762955,64823.766
a0d52acb-34b0-4c01-8089-5cb6fd79eeb3,BUTTER-E|2097152|20|0|6435.0|wide_first_4x,473612.04267,497569.56,486961.932531126,484902.56
a0e301b6-0217-42cd-b47a-648d6271ee8d,BUTTER-E|262144|16|0|67557.0|rectangle,2463895.609022,2.8094382e+06,3532593.5564401895,2.862329e+06
a0edd430-6aeb-44da-8a3d-04423047cf03,BUTTER-E|262144|6|0|15000.0|trapezoid,212640.2266,247578.73,284919.7840059346,249327.14
a0fa6ff3-e351-4e77-815f-8d153d889ecf,BUTTER-E|4194304|9|0|3848.0|trapezoid,215582.0426339997,276475.6,247646.78972365722,254042.8
a0fcc3ff-3382-4a6c-b916-b4c5f3683927,BUTTER-E|4194304|5|0|67557.0|trapezoid,3029832.5263150004,2.6768912e+06,2698170.6105845855,2.866976e+06
a1101d52-b87f-45c2-b5ca-3ef7839b91dd,BUTTER-E|2048|2|0|3848.0|rectangle,48749.083668,49848.84,46579.9902302325,49774.637
a116cd79-7276-4d2d-9f08-6b99259da083,BUTTER-E|262144|18|0|67557.0|wide_first_8x,2328921.847131,2.9039348e+06,4164856.434291222,3.1557798e+06
a11b99b0-2b48-4b9f-9e34-bbe535f97a21,BUTTER-E|4096|20|0|48842.0|trapezoid,1043613.803766,820249.4,775707.0363021707,1.2412361e+06
a11c172b-641b-4e36-8eed-0a9e4442d804,BUTTER-E|2097152|3|0|3848.0|wide_first_8x,104883.57325899972,118379.55,108897.3622751274,128505.51
a15e03ad-6127-4ec8-814b-946efe5e19d0,BUTTER-E|2097152|10|0|3188.0|trapezoid,130226.43412399969,140648.7,134504.87711108907,146517.5
a17a9881-1165-4795-b8c7-b6af04503503,BUTTER-E|4194304|8|0|15000.0|trapezoid,681651.1048489999,720483.0,735911.1075344478,703319.3
a19f5474-f184-41ed-8f61-6f01224125f8,BUTTER-E|524288|14|0|70000.0|wide_first_16x,4242224.052864001,2.2711395e+06,2703213.26706276,2.0669478e+06
a1b260e4-a515-4645-99bc-ff66477a7511,BUTTER-E|131072|6|0|48842.0|wide_first_16x,752229.6589769997,915191.44,894725.2935093527,966503.94
a1b84e72-3b0e-4a31-a77f-99c8e28e275a,BUTTER-E|131072|10|0|67557.0|wide_first_4x,2025683.781611,1.766459e+06,1953900.7567181056,1.9975166e+06
a1bdaecf-7716-4573-8bae-1e65ebf3ca24,BUTTER-E|32768|16|0|5300.0|wide_first_4x,255743.9423939999,233729.98,235837.34190175723,143145.8
a1be4421-369c-49e3-8210-48b64142ae1d,BUTTER-E|8388608|2|0|3188.0|rectangle,185738.02676799984,416113.6,1649717.6048069915,361159.66
a1fdd437-a5f9-4247-9318-1846cfd708ba,BUTTER-E|524288|2|0|5300.0|rectangle,439725.80760199984,230456.61,483159.8792816555,554704.44
a20617a2-ed3a-48f4-b8c7-5e3a39c4ca18,BUTTER-E|8388608|18|0|12958.0|wide_first_8x,1281895.965505,1.3383909e+06,1465279.9480759203,1.5082862e+06
a2224762-7b32-4fb4-97db-f01509066ac7,BUTTER-E|2048|9|0|3848.0|rectangle_residual,46263.16920899988,52474.77,51349.44161032097,61512.848
a229529d-5c60-496c-9977-c9be0e06ca6b,BUTTER-E|65536|14|0|5300.0|wide_first_2x,216732.34029399985,219448.78,217668.81844801246,212256.69
a23c001a-655c-4919-b4a8-5a9771c7a54d,BUTTER-E|4096|6|0|48842.0|wide_first_8x,618789.7850419998,546001.94,516361.4587465708,547004.2
a24072c0-8215-4414-b487-56baeb1a3ef2,BUTTER-E|32|5|0|3848.0|wide_first_8x,40966.99317499968,43775.418,44569.780822881134,60571.41
a24e5de9-eb97-4f6c-85d7-cb2a83fbc532,BUTTER-E|256|4|0|105908.0|wide_first_2x,942203.8737059998,991958.8,987838.1756066914,1.04384075e+06
a25fda12-daa3-40a7-be94-4365425dff17,BUTTER-E|8388608|12|0|105908.0|rectangle,8087085.556290001,8.1445055e+06,8243953.504810463,8.129327e+06
a27029af-1d0b-49e4-813a-8b0f81bba7a0,BUTTER-E|256|18|0|67557.0|wide_first_4x,942329.931707,831124.5,772023.1479908255,1.0420136e+06
a281d090-7a57-4040-b8bb-2013ae681fde,BUTTER-E|65536|8|0|15000.0|wide_first_2x,389803.1067789999,393125.03,403707.4952675352,347802.1
a29c0f69-b0ba-4bdd-8813-e1890a21549e,BUTTER-E|131072|5|0|12958.0|wide_first_8x,332750.6150269997,233369.38,219726.9867588039,228395.75
a2a898b0-6a19-49a4-a3c1-d4c914461b8c,BUTTER-E|8192|16|0|3188.0|trapezoid,62863.26461799985,63482.82,57683.63163467156,66599.43
a2a9c873-2b1e-4e9d-9072-af83317d6d50,BUTTER-E|65536|20|0|5300.0|wide_first_8x,274491.8068829998,259977.75,243620.5600986373,251453.08
a2be900c-802e-4a9a-810b-8ec91acec084,BUTTER-E|64|12|0|4898.0|wide_first_8x,56386.20560400001,57977.793,56556.694718741535,73395.49
a2c5bcb2-2bd4-467d-8597-e2afd0c03513,BUTTER-E|512|2|0|67557.0|rectangle,556179.5171919999,516597.22,507815.90353909874,549734.06
a2c7e29e-45ee-4576-990f-e6972f099188,BUTTER-E|2097152|18|0|105908.0|rectangle_residual,10609528.190850995,7.7187365e+06,6920183.413576268,8.270404e+06
a2d377ef-7423-4d7f-9299-ff9255f372ea,BUTTER-E|4194304|18|0|3848.0|wide_first_2x,295974.36320999975,339385.78,345502.74340033793,330277.1
a2e01c9e-6bf6-477e-af77-87a27df76d0c,BUTTER-E|4096|2|0|5300.0|rectangle,47394.535948999925,63688.574,66995.54257124341,69824.48
a2e196b0-54ad-442b-bbfd-3aa64e9c4550,BUTTER-E|16777216|2|0|15000.0|rectangle,4999082.615700001,4.650669e+06,4613702.76480957,2.1809572e+06
a2e22f5b-a688-4b10-b093-6127f90c233e,BUTTER-E|512|2|0|15000.0|rectangle,107496.19733899969,122746.19,122735.09547833656,154064.95
a2f29129-0fce-4c61-85b8-27a70543454e,BUTTER-E|65536|10|0|70000.0|wide_first_4x,924807.7579390004,1.2888006e+06,1280631.2924314125,1.0788344e+06
a2f9c59d-a1c4-4522-8334-12d01e1763c7,BUTTER-E|64|5|0|15000.0|rectangle,111812.10590599992,112191.84,104596.87638959276,131826.36
a30c5947-3276-4a5d-8595-e11c5c252457,BUTTER-E|2048|7|0|3188.0|wide_first_4x,44209.40341999968,46435.984,47980.79343898087,42845.31
a317aa0e-76a3-42f4-b345-31d2b51b978f,BUTTER-E|32768|18|0|6435.0|trapezoid,251606.74407599983,217510.0,226755.62814948894,165753.16
a31a75e6-acb7-4c58-a61b-ed0eca6777da,BUTTER-E|64|8|0|15000.0|wide_first_4x,163638.23783399962,159776.25,162583.6589248074,208269.6
a3341be6-7643-443c-a91d-37a91783eaaf,BUTTER-E|4096|4|0|5300.0|trapezoid,46076.81346799992,50259.176,52050.93159816903,53309.938
a3369ecb-5812-494a-b93f-1d493c0ae809,BUTTER-E|16384|18|0|4898.0|trapezoid,186020.96332099967,124533.73,134957.338779826,112474.56
a336da3c-3c3b-4c92-b796-8116f068fd0a,BUTTER-E|4096|20|0|48842.0|wide_first_4x,1054290.2371049998,954989.7,1188110.0094860687,875281.1
a349fadd-3e57-47ac-9037-6ec4202ed882,BUTTER-E|16384|9|0|4898.0|rectangle_residual,129250.62309199967,127090.02,123688.46012774316,77059.49
a3582bae-2b34-464b-889d-db0619c5deba,BUTTER-E|1024|9|0|67557.0|wide_first_8x,630625.6996949998,699696.6,729563.8938079551,792915.5
a36fa181-6bbb-4551-8c7a-76303865e687,BUTTER-E|8388608|6|0|3848.0|wide_first_8x,463162.8540079998,299191.03,292528.3316256879,290853.88
a371c1db-640d-4559-a9ce-ae5ac226650e,BUTTER-E|64|6|0|4898.0|wide_first_16x,60794.52284499984,49869.047,48593.066003356704,51008.367
a3871ca4-e030-45dc-9578-954d1912d441,BUTTER-E|262144|6|0|5300.0|exponential,107947.43432199972,106353.03,103747.62924200963,96370.75
a393f1f1-1111-4f96-8b22-7764628e1351,BUTTER-E|131072|4|0|4898.0|wide_first_2x,86971.57115799995,95278.69,98852.09771395463,87501.96
a3a2b6c7-8529-41f6-a6fc-c913b6573358,BUTTER-E|4194304|16|0|5300.0|rectangle,403525.5758289997,373910.62,394141.5282445345,402999.28
a3ad80fc-30d1-4c87-80af-886bd98401e6,BUTTER-E|4096|3|0|3848.0|wide_first_16x,43883.10140199984,53930.586,47661.44098531913,37420.43
a3b1c268-15ff-4505-8728-f974d2b6779d,BUTTER-E|2097152|7|0|70000.0|wide_first_2x,2263248.1695000003,2.2440015e+06,2086149.9806310842,2.343991e+06
a3b735ba-ab06-46c3-b209-c3550c578f24,BUTTER-E|2097152|3|0|3188.0|exponential,88088.942916,87105.23,82577.59863809714,85241.41
a3c43d3e-9a4e-4b90-ab50-ef17fe51d298,BUTTER-E|1048576|20|0|3188.0|wide_first_2x,218494.7012999999,215844.28,209090.67315334704,219530.83
a3d0e712-4b2d-410c-981e-18eb7bb68ec5,BUTTER-E|16384|4|0|3188.0|exponential,48498.06707699976,46466.2,48966.6310678239,43691.043
a3d0f9ea-52d6-46bb-927d-1e5dd9a49dd0,BUTTER-E|1048576|7|0|12958.0|wide_first_16x,415366.660687,408789.28,420228.53058149555,388482.0
a3ed55bf-dfb1-43db-bfa9-e7850c30020e,BUTTER-E|8192|14|0|105908.0|wide_first_8x,1934004.481419,1.4358716e+06,1556624.7987148052,1.5041076e+06
a3f71e6a-a196-4bad-b13d-8dff16c6c2f5,BUTTER-E|65536|10|0|3188.0|trapezoid,83114.35264499976,81072.32,80618.76608721961,82644.23
a40942b8-d700-4d37-a356-60fd712cba46,BUTTER-E|2097152|4|0|48842.0|rectangle_residual,1217605.361775,1.3860545e+06,1212505.975047896,1.3732014e+06
a417b9fa-c143-449f-a6c4-f99be59d86a1,BUTTER-E|524288|16|0|6435.0|rectangle,304863.6586239997,311988.7,289546.9236172596,304468.62
a41fc015-d161-40d2-8188-feb5dba64e4e,BUTTER-E|65536|20|0|105908.0|wide_first_4x,4957664.202078,4.1386752e+06,4288488.94857365,3.8616928e+06
a444358c-d3ca-4d76-8380-c32b53fe7294,BUTTER-E|2097152|10|0|105908.0|wide_first_2x,4118825.622899001,4.030438e+06,4317314.217033018,4.4372805e+06
a444b298-6f83-4723-98b8-fd4c860436a9,BUTTER-E|1024|8|0|67557.0|rectangle_residual,760776.8465179998,800505.9,847010.0342913162,837713.4
a44bd3a6-f68c-414c-9fe3-3180c4fe4396,BUTTER-E|131072|12|0|70000.0|trapezoid,1780614.70673,1.8581119e+06,1724393.843540878,2.2355708e+06
a4786157-b367-414b-82f3-7a67dd2655cc,BUTTER-E|524288|14|0|6435.0|wide_first_2x,277748.699764,314803.78,253977.1927751383,287340.34
a48504e9-722b-4864-a918-a46a76d3ff21,BUTTER-E|256|12|0|20640.0|wide_first_2x,275125.6342009998,266329.1,252197.7388870399,280372.16
a48bdf32-65d4-4b11-979e-1cd8dd84a286,BUTTER-E|16384|7|0|3188.0|wide_first_16x,52980.02887399992,47685.824,51241.55524356909,38182.055
a4989e82-bc93-403d-9e03-038fbbfff9c8,BUTTER-E|8192|18|0|12958.0|trapezoid,275431.932643,220288.56,195617.87834840745,286990.62
a4ab09fd-78a6-408a-9864-73fd79fd7938,BUTTER-E|131072|10|0|70000.0|wide_first_8x,1001305.579398,1.420317e+06,1389586.7611752346,1.111079e+06
a4e648dc-edb6-47e3-9f60-2acaaefc466c,BUTTER-E|32768|14|0|48842.0|rectangle,1589477.1595749997,1.2849495e+06,1240690.265120634,1.2465969e+06
a50cf829-44ea-462c-b578-05d832aced68,BUTTER-E|2097152|14|0|5300.0|rectangle,283029.75769999967,287034.12,308978.1429039823,294799.8
a5224b83-a0cd-44a3-a856-43267dd8a715,BUTTER-E|8388608|20|0|70000.0|wide_first_8x,6928140.750655,7.089477e+06,6838215.099766232,7.6888935e+06
a525eb83-ba6a-4d9c-9e81-7ebbae877821,BUTTER-E|16384|7|0|20640.0|wide_first_2x,340403.86225699994,367335.12,370271.4771227322,251438.22
a54e83c5-d5f8-4640-850f-60b444928c58,BUTTER-E|524288|14|0|15000.0|rectangle,611482.7048499997,620553.3,544662.3638517916,622377.56
a550803d-ebbe-4f2f-8876-feee4658f8cf,BUTTER-E|2048|20|0|5300.0|wide_first_2x,137222.878788,110031.6,122203.00003418732,99073.35
a5564be4-c606-4a83-a8ec-2326d7f97dee,BUTTER-E|262144|12|0|15000.0|wide_first_4x,475406.3059979997,557680.6,523623.4588706356,494903.75
a57643fa-ae14-460a-9efb-48e65ac62d09,BUTTER-E|8388608|14|0|70000.0|trapezoid,5585854.345254,6.013921e+06,5907225.296821945,6.369151e+06
a576c76b-67dd-4d97-b360-b764fac22cbf,BUTTER-E|8192|14|0|15000.0|rectangle,158154.39368599968,187933.25,171748.54147929346,214812.8
a57a844f-947a-4e73-9e32-b233b9eb97eb,BUTTER-E|2048|16|0|5300.0|wide_first_2x,66813.50653599996,83614.99,96437.65405456114,86069.15
a59c66a8-2a59-4960-9373-37d05889a0ae,BUTTER-E|2048|8|0|15000.0|trapezoid,119548.24272599976,179340.62,166712.5707116049,236809.66
a5b8d1cf-5ed3-4957-a6a8-8cb6d52be07f,BUTTER-E|4096|5|0|15000.0|wide_first_4x,179333.24299699967,174426.33,178472.3233001051,182383.19
a5c5297f-5af7-42b6-ac2e-e74dcacb1d32,BUTTER-E|2048|9|0|48842.0|wide_first_16x,508160.5672959997,522526.72,579893.0165620813,493598.6
a5ed2b8a-411a-4acf-8970-5d22b9578c69,BUTTER-E|524288|2|0|5300.0|rectangle,543130.188669,230456.61,483159.8792816555,554704.44
a5ed3ca5-6ec3-427e-a9f8-cb5a4d8769ed,BUTTER-E|524288|2|0|6435.0|rectangle,145597.74854999976,129795.07,134031.06675267752,140742.64
a5f160ad-5d66-4083-99d5-eb47d9e8ffa2,BUTTER-E|8192|12|0|70000.0|wide_first_8x,748310.5734899999,833106.06,834746.8373663969,893418.25
a5f2532e-567c-42d4-8f69-3ad3f7425b35,BUTTER-E|8388608|14|0|5300.0|exponential,586643.673735,424962.6,443120.8769385919,427834.3
a5f8ef1b-373d-4470-b85e-e365cacd7149,BUTTER-E|524288|8|0|3848.0|wide_first_2x,151303.0115989998,150225.58,153526.866561341,165845.97
a5f9e51c-ec15-47be-9b9e-efd773e495ff,BUTTER-E|32768|3|0|70000.0|trapezoid,675844.9962359997,658208.7,718887.9869861597,713290.8
a6048e79-01d1-43bb-8552-ffd0e4c1777f,BUTTER-E|4194304|7|0|4898.0|wide_first_4x,324990.35517999995,252663.89,256210.0860253083,229376.72
a6297022-be1b-47a1-8f09-98228a84cc26,BUTTER-E|4194304|3|0|3188.0|trapezoid,139272.775245,102283.64,112396.36989055696,107006.9
a62ca34c-f42b-4e52-80b9-b535f99de980,BUTTER-E|1048576|4|0|6435.0|wide_first_2x,163275.25631199984,158624.05,168611.94573557045,163288.3
a63b467d-8ae0-4d83-aa7e-b4d6a1ee8e87,BUTTER-E|4096|12|0|4898.0|exponential,66499.5132919998,79280.17,84069.02804132861,83567.96
a64a00d6-6059-445e-bea0-772a386f2f55,BUTTER-E|1024|8|0|48842.0|exponential,462223.2893109998,564378.75,548833.4539196243,653126.94
a64f61e1-f7ef-424c-b7d3-22af32826b7a,BUTTER-E|64|8|0|20640.0|exponential,264321.489726,241786.6,243558.63313333745,226407.95
a6565647-994c-4bfe-9cca-20e5214422d2,BUTTER-E|256|6|0|48842.0|rectangle_residual,424457.7602149998,520539.72,467668.989712992,589397.4
a6672c09-db6a-4d28-afd9-d5c518040b84,BUTTER-E|2048|5|0|3848.0|trapezoid,38526.45679799996,36351.96,42187.193405424936,40579.965
a672fde2-8191-4a0f-b0da-01814eda54dc,BUTTER-E|4096|4|0|4898.0|wide_first_2x,79686.00695199995,59556.844,61299.778368817104,57291.336
a681d8f5-9e57-46de-b68f-94c80bc00c1e,BUTTER-E|2097152|18|0|5300.0|rectangle,419684.0831359999,352745.6,354661.3696646487,381591.28
a6886251-74b2-4dd7-997a-323b2b558d4b,BUTTER-E|4194304|6|0|70000.0|rectangle_residual,3398450.4018060006,3.2936912e+06,3239127.0553542557,3.3599125e+06
a6924900-ba6d-4e0f-b6da-4e44b23190f4,BUTTER-E|512|14|0|20640.0|wide_first_4x,305490.769713,315974.44,343988.4985789486,267651.6
a69e398a-0c68-4607-9faf-290593dc3d7e,BUTTER-E|32768|3|0|12958.0|trapezoid,110640.02067499969,121126.2,120585.84190474411,117211.79
a6a55f5b-347b-42b7-b5b5-39c876c43419,BUTTER-E|524288|20|0|48842.0|exponential,1628009.468152,1.5879455e+06,1574047.1788029312,1.744526e+06
a6af898c-4af6-4c87-84b6-bd8460a64aae,BUTTER-E|128|9|0|6435.0|wide_first_8x,78233.20537899996,76017.305,77669.30042042311,87470.76
a6b0361b-8884-46eb-8a3d-fcc1f2df7d81,BUTTER-E|256|9|0|12958.0|wide_first_4x,212752.59957799988,171266.75,179333.42197312065,170892.97
a6b8bf9d-279f-47fc-9fdb-c933beb18849,BUTTER-E|8388608|3|0|48842.0|wide_first_16x,2916717.537099,2.895884e+06,3155966.7298510727,3.1806522e+06
a6c83531-5db2-4f99-be42-a36e95b4642b,BUTTER-E|1048576|6|0|3848.0|wide_first_4x,113851.68648799969,133812.22,125873.64231644069,121725.586
a6cac438-6a3b-4ad2-b086-41a455787ffa,BUTTER-E|65536|7|0|67557.0|rectangle_residual,1292083.9308,1.3933758e+06,1334748.1984488787,1.3922905e+06
a6cb9f12-9d05-4a09-bb5f-ae949c1d75d5,BUTTER-E|8388608|7|0|67557.0|wide_first_4x,4402435.410416,4.9079695e+06,5008065.785121013,4.74654e+06
a6d00e84-7c82-4a16-a1a5-3ef4eef8d840,BUTTER-E|2097152|4|0|15000.0|wide_first_2x,404840.5087179997,444987.22,447724.21278613084,431675.38
a6d6c24c-4b65-4d63-b92f-b3a9366fcc43,BUTTER-E|32768|9|0|3848.0|wide_first_4x,113764.8091869997,118510.58,95551.9339093601,81681.305
a6e39049-0f59-448d-92e0-88144d34b8b9,BUTTER-E|4194304|14|0|20640.0|wide_first_2x,1194329.5599719998,1.3542462e+06,1299602.6446184071,1.4357388e+06
a6e4cd04-14b7-41ff-9072-9ab19f2961d4,BUTTER-E|1048576|20|0|3188.0|rectangle,232164.97451799983,205671.67,193195.42705545854,207082.84
a6e4e65e-7568-463f-b700-ef5ac1744860,BUTTER-E|524288|6|0|3188.0|trapezoid,82246.92399499968,79493.45,85792.92770302651,77725.54
a6e9043f-cb3a-4b39-8322-b3f934000e4c,BUTTER-E|2048|7|0|3188.0|wide_first_2x,49751.48040899975,46292.324,51453.57445704387,46677.082
a6e9ffe0-8861-4201-ab4a-22786ffc11a6,BUTTER-E|65536|16|0|12958.0|rectangle,476894.5206310001,487514.03,520424.6751433677,530103.3
a6f6aac2-986d-4c28-9fd7-ed3e86b5053f,BUTTER-E|8388608|18|0|3188.0|wide_first_4x,325749.7181459999,335870.03,308843.98067257705,331639.3
a6fdb17b-5404-4587-a038-13df7c649d61,BUTTER-E|262144|18|0|12958.0|rectangle_residual,629336.6071339997,753462.2,602152.532980882,627021.5
a706cd3d-7e2f-4a1c-9d1d-f9ec91f9cc73,BUTTER-E|4096|10|0|4898.0|wide_first_8x,69154.69740999985,81215.33,87003.92056549278,94305.62
a708565e-e4e8-4905-b0a5-fcaff3d81216,BUTTER-E|262144|5|0|105908.0|wide_first_2x,1831985.699416,1.8407355e+06,1960739.8425769333,1.8904875e+06
a716d6ab-073a-44da-9f21-399660fc11e8,BUTTER-E|131072|16|0|5300.0|wide_first_4x,194839.7739489997,259613.55,305476.4253928967,247887.28
a71f4864-db8f-4d18-9c94-6c31f224d940,BUTTER-E|8192|16|0|6435.0|wide_first_16x,134008.5079649999,112826.945,140720.073318849,87061.71
a7222377-bf91-4e9e-be29-c2fd2621914c,BUTTER-E|4096|18|0|6435.0|rectangle,84981.77061599989,91988.52,85817.33720750456,102599.4
a722dbfb-61a2-4ce8-8e48-133577ce445c,BUTTER-E|32768|6|0|3848.0|wide_first_2x,83100.58441599995,88798.766,95068.70802494833,75302.11
a7373462-5c08-4538-9c2a-cd296087a004,BUTTER-E|8388608|18|0|67557.0|wide_first_4x,6884760.781984,6.5691745e+06,6818492.013252508,6.628664e+06
a7598e52-333b-487f-b590-a67ea4a11cc9,BUTTER-E|256|4|0|67557.0|rectangle,418889.6791519997,463379.47,408815.23578520806,524770.0
a75dfa78-b846-4a94-9971-a1adee4e5496,BUTTER-E|524288|4|0|3188.0|wide_first_4x,109136.0470399999,75735.96,71990.757869186,70662.72
a766b290-a351-4a54-89d5-4343e50b96c1,BUTTER-E|512|14|0|20640.0|trapezoid,398707.0479499997,316849.22,278198.7685344078,319771.9
a7926c96-a860-44e7-b3ef-9fe006776c50,BUTTER-E|16384|3|0|6435.0|wide_first_2x,93908.72825199972,96941.336,94149.75997614878,84777.67
a7a3d923-8a42-42c1-ab5c-c1fabe78ffd8,BUTTER-E|256|14|0|20640.0|rectangle_residual,331741.2924889999,336422.72,340065.6344330386,321254.72
a7cff169-488d-4ac8-b0a7-681ca6350b5f,BUTTER-E|4096|18|0|3188.0|wide_first_16x,43198.174687999686,59217.758,52390.39507460325,45689.152
a7d47209-4770-4925-8535-1320cce322d9,BUTTER-E|128|6|0|12958.0|rectangle,109334.15722399967,106699.664,95581.49048152768,110802.94
a7ebe2fa-fd18-44f1-ba41-195620e42b7a,BUTTER-E|4194304|8|0|70000.0|wide_first_8x,2831012.490102,3.4964795e+06,3492599.2626362573,3.4662865e+06
a81e5117-9067-4894-9b2f-e0962599cd91,BUTTER-E|4194304|2|0|67557.0|rectangle,2748174.748634,2.5171132e+06,2060618.8657236646,2.4541845e+06
a8225ea6-57e9-4cb1-9775-6379be6a6b9c,BUTTER-E|2097152|12|0|15000.0|rectangle_residual,964893.77717,826711.06,830007.7251799817,697285.94
a828913f-ed95-43ea-bc6a-9e0adcfcc787,BUTTER-E|512|4|0|48842.0|rectangle_residual,400029.2727839997,469515.97,492432.63340203575,529569.2
a8477a9e-653e-410a-af5b-852f0f8e0bf7,BUTTER-E|4194304|6|0|20640.0|rectangle,1127985.26582,781196.7,736501.6043126945,698777.06
a8572134-bf33-447b-abf5-4b86ec104811,BUTTER-E|128|20|0|48842.0|wide_first_4x,543506.8429499997,508003.5,554134.7328811188,864653.2
a85d5486-ca0a-4e7c-940e-429cccbc83dc,BUTTER-E|4096|14|0|4898.0|rectangle_residual,63605.98651299987,66872.79,63809.185167200994,84962.375
a86981a5-ebc3-4489-a850-12d4455e1402,BUTTER-E|512|5|0|15000.0|trapezoid,117414.67471699996,120093.3,116856.11248752257,139375.53
a876deb7-c94d-4634-8cfb-5a1318bb1323,BUTTER-E|16777216|4|0|20640.0|trapezoid,1934927.739602,1.8299379e+06,2075426.735686307,2.0459202e+06
a88bdcf2-e354-4bb9-92df-6a29f01a500d,BUTTER-E|8388608|12|0|67557.0|rectangle_residual,5733334.322923,5.7455875e+06,5428520.547220884,5.6476975e+06
a8cca439-98eb-496e-aa2c-0b2290be33f0,BUTTER-E|4194304|14|0|70000.0|wide_first_8x,4073395.515318,4.4185355e+06,4526915.377373782,4.8301465e+06
a8dfb169-7daa-4c49-b65d-035abc392488,BUTTER-E|2097152|16|0|48842.0|rectangle,3787204.518912,2.5692152e+06,2462493.0469119186,2.8284125e+06
a8fbd0fc-4be5-4acc-a192-b4b51fa1b1e6,BUTTER-E|1048576|12|0|3848.0|wide_first_8x,355444.860501,252210.1,288073.7774962167,245068.0
a900d0b9-bb32-4dd4-8ce4-247eb02356ea,BUTTER-E|524288|8|0|15000.0|rectangle,271991.88457999984,297543.53,354730.0322066202,294580.03
a90bcdd8-ffd6-453b-a5dc-9214ab8cd4a6,BUTTER-E|16777216|14|0|4898.0|rectangle_residual,713657.8937629998,694910.6,732434.9059234333,677093.25
a9271464-2e5b-48a6-9ea2-f5171e2dbcdd,BUTTER-E|524288|2|0|67557.0|rectangle,1267894.9857159995,873784.06,954722.7109093741,855973.6
a9282a56-690a-4840-a89f-6bb0b414c31d,BUTTER-E|1024|18|0|67557.0|rectangle,1154684.1489639997,995001.1,1062097.8134834946,1.1513018e+06
a9326b3c-0123-407b-b8c4-02ec6e42beed,BUTTER-E|1048576|9|0|67557.0|wide_first_16x,2092155.243678,2.1657915e+06,2273607.491435162,2.293622e+06
a9411691-d2df-46f1-8da1-208172df792e,BUTTER-E|1024|6|0|12958.0|rectangle_residual,127319.96077899984,148376.58,160875.18579347082,154716.34
a944fa7a-3483-4676-8ce4-b546c6f271d6,BUTTER-E|65536|20|0|67557.0|rectangle,2245047.355133,2.6082338e+06,2839887.3940943787,2.421513e+06
a96fa8b3-b6cb-4b30-a8f8-d2de4930b3a7,BUTTER-E|2097152|16|0|70000.0|wide_first_4x,3294341.0254490003,4.0746392e+06,3614079.3409356223,3.9554085e+06
a982e400-867f-40a1-8aae-1b0411dcc26b,BUTTER-E|256|10|0|48842.0|rectangle,477528.87949,459787.0,451481.7240821818,533829.56
a98818b2-6682-4006-819d-9f22bdf14623,BUTTER-E|2097152|4|0|4898.0|wide_first_2x,135328.0355259997,153217.75,153419.0592051383,158762.67
a98f9a21-a20e-4771-9c7e-44f752b6d59d,BUTTER-E|64|7|0|5300.0|exponential,81939.17936799972,62029.668,70855.93190206002,64792.55
a994d302-fef1-48e2-9372-8dbeca12d7b5,BUTTER-E|16777216|18|0|12958.0|exponential,1677107.052415,1.9442376e+06,2084830.1056823398,1.9901996e+06
a99f922d-e872-48dc-806e-75e4c0c3301c,BUTTER-E|512|3|0|15000.0|rectangle_residual,176624.57247599988,145798.55,148898.23118149833,170077.27
a9e71f34-ea5f-4a6b-984e-b64c3672f02f,BUTTER-E|1048576|4|0|3848.0|wide_first_4x,106531.55683499988,110321.81,103607.01111679852,97776.14
a9f2664c-e1ce-462f-b8ae-c2b0c3d66791,BUTTER-E|512|7|0|6435.0|rectangle,59698.62484799976,59411.67,64443.15215676974,64049.715
aa00d0fc-3ddf-4494-b1c7-906f40f299b3,BUTTER-E|2048|10|0|15000.0|wide_first_16x,245872.93870400003,212607.17,235028.1806255133,180673.98
aa021a1f-43d0-429b-bbfa-0f4a37f079d1,BUTTER-E|1024|9|0|3188.0|wide_first_16x,41381.61372900001,44695.656,42726.677405625785,38354.61
aa18deae-035b-44bb-bf70-39022c956e76,BUTTER-E|128|6|0|12958.0|wide_first_8x,121581.67983799968,125672.63,131832.4787444242,144263.83
aa274b13-63cc-4543-afc9-8f460a78a29f,BUTTER-E|8192|14|0|4898.0|wide_first_8x,101196.29110399992,83873.36,82226.58108996884,79429.11
aa3c5d78-459f-4374-aade-d23b025cf31e,BUTTER-E|32|9|0|3848.0|wide_first_4x,44083.89486099973,49886.6,49950.9703369045,54301.867
aa3db52a-46ff-4386-8f88-2f5f77bc6665,BUTTER-E|128|6|0|12958.0|wide_first_16x,126033.05231499996,123837.45,131736.3766827442,121361.51
aa632af9-3125-4c3a-b856-83b4a34a7be5,BUTTER-E|4194304|2|0|12958.0|rectangle,1167110.3418119997,1.5639946e+06,1634375.5805377811,1.6619432e+06
aa6ae69b-706d-4ada-99ec-4acb1c200e85,BUTTER-E|2048|6|0|105908.0|rectangle,710175.8221999999,829188.8,766899.3224382338,942510.9
aa8a37d0-162b-4727-882c-2566034a8277,BUTTER-E|262144|9|0|3188.0|wide_first_4x,85308.60049599996,104136.734,106583.33367693821,105828.625
aaa33774-d92f-4c29-9f45-8ff426688ab0,BUTTER-E|4096|14|0|67557.0|wide_first_2x,1547890.9700959998,1.0665524e+06,1162214.2503852916,1.0925782e+06
aac0e4fe-5a51-4800-af82-5a4a453f3f32,BUTTER-E|2048|12|0|15000.0|rectangle,123391.28643399972,176810.75,163198.3043842856,197497.3
aac694fb-4f3a-4569-b370-fd0865288410,BUTTER-E|8388608|8|0|3848.0|trapezoid,281595.31171399984,344437.22,276114.09662620595,284004.62
aacbc0eb-c6f3-412c-af11-cc476cf3cb98,BUTTER-E|2048|5|0|15000.0|trapezoid,106650.19243899987,111580.86,121160.90703706455,140095.16
aad1fda8-098b-4c56-ad8e-8d7f87242df7,BUTTER-E|8388608|8|0|20640.0|trapezoid,1381680.3724809997,1.5155808e+06,1390370.2143589284,1.4952034e+06
aad95c05-3032-4357-a8e1-4864b3fb178a,BUTTER-E|256|2|0|3848.0|rectangle,35996.45898899988,40592.43,39858.32347589046,49071.402
aae146ad-72b8-44f8-be44-1934c31ff346,BUTTER-E|2048|9|0|48842.0|trapezoid,494393.305013,588093.06,569274.0459700183,724489.7
aae58b06-7a48-44fa-bfc3-ad07827ad4b6,BUTTER-E|1024|8|0|3188.0|wide_first_8x,43681.02310599984,45274.914,46287.07998621653,45218.73
aae71ef8-f9c9-453a-82e4-ab78a411f17a,BUTTER-E|1048576|18|0|15000.0|wide_first_8x,896228.6091569995,846203.75,852615.8628501899,975830.5
aafcf539-92ca-432c-b14b-990c67ee9a42,BUTTER-E|2048|5|0|3188.0|rectangle_residual,41207.30881999968,44806.92,43582.836836119495,44336.832
aafef74d-06b3-4cc7-83a0-77cf1d2ca169,BUTTER-E|4096|8|0|3188.0|wide_first_8x,57748.593012999845,51222.277,47997.7445740517,45552.492
aaff5434-643c-4626-b0e8-f56d4f862081,BUTTER-E|256|7|0|3848.0|trapezoid,46121.51532199968,54176.324,51625.79158281978,52510.816
ab1617bf-ff97-477c-9fd6-225afd4fb2d0,BUTTER-E|32768|5|0|3188.0|wide_first_4x,59259.269780999646,50358.156,51605.96017809354,45762.766
ab225c3a-13b9-4a73-a35a-c7c5b511d1dc,BUTTER-E|4096|14|0|3188.0|rectangle,65105.02886999976,50776.367,69643.37426330235,49473.832
ab35c8df-5b7c-4a2c-b0e7-ad5c7fc66251,BUTTER-E|64|8|0|5300.0|wide_first_8x,46769.5642699998,57664.906,58361.92750155831,67791.93
ab3a6ab2-c3c1-4242-9472-a16181ee1a16,BUTTER-E|2097152|10|0|12958.0|trapezoid,553173.237823,525657.06,778037.037015024,643463.6
ab434642-321b-495a-9c24-bfd6881639c4,BUTTER-E|16384|5|0|3848.0|rectangle,40576.4687179998,49554.39,44067.35359359771,42588.33
ab4b4b87-3e42-48a5-8416-da7e5563f7a7,BUTTER-E|8388608|18|0|48842.0|wide_first_8x,4600482.385975,4.9500875e+06,4904001.012857329,5.388053e+06
ab586204-6b3b-4a55-bae8-aab96e690dad,BUTTER-E|1024|16|0|3848.0|trapezoid,62532.95890399992,72302.805,78347.2933122426,70278.23
ab5d1b63-1788-4c39-91a1-386a0d15dbf7,BUTTER-E|131072|7|0|12958.0|rectangle,267568.93037999986,186610.92,196600.0771264107,174627.72
ab7c6497-ca78-4455-9549-7b234ffa3685,BUTTER-E|2097152|7|0|48842.0|wide_first_8x,1660477.302312,1.7149901e+06,1911322.4526316589,1.8643652e+06
ab893ece-179b-4870-b45d-faec0f694266,BUTTER-E|131072|12|0|105908.0|exponential,2235614.2493840004,2.8266868e+06,2822605.4765099767,2.8074028e+06
abb92801-0dd2-4dd3-a8c6-326d47fc3c8c,BUTTER-E|8388608|9|0|67557.0|exponential,4277243.436544,4.373164e+06,4689921.830005584,4.5945675e+06
abc0a40a-0c07-4003-8a6f-e73b357eef83,BUTTER-E|1024|3|0|4898.0|rectangle_residual,43753.641885,50370.36,48393.221337505725,56893.7
abcd51df-2ead-48d0-8e87-3faa0b04fde9,BUTTER-E|8192|10|0|67557.0|wide_first_16x,852293.8869639998,861723.44,951783.898224672,715268.3
abdf0845-01af-4b38-ada4-a4fe7551835b,BUTTER-E|1024|6|0|15000.0|rectangle,108086.307912,116889.625,117685.03657583232,134764.66
abdf2b08-a8e7-4457-93c2-73dda92565b8,BUTTER-E|1048576|5|0|15000.0|wide_first_2x,367881.3398169997,375247.72,351372.1729797651,364917.84
abe62cd9-ef4a-48c2-9bd8-0f051f0868ee,BUTTER-E|65536|6|0|20640.0|wide_first_2x,338596.02183999994,379868.78,362853.35139617376,341305.7
abe8d2cc-cfe8-4ef5-a0b4-11b97a6f7c2f,BUTTER-E|1048576|10|0|3188.0|trapezoid,119725.00211999987,124025.734,124172.25193201621,138202.83
abe8f900-8a5a-441a-9943-b8b5d6ddc124,BUTTER-E|32768|6|0|4898.0|wide_first_2x,98513.03677999967,105736.92,97933.68802928305,74982.28
abf98eaf-ac8b-4eaa-b248-3ce603053b64,BUTTER-E|2097152|9|0|5300.0|wide_first_16x,268817.49123899976,238390.38,223741.84362108368,233541.92
ac0e6a2b-884e-4f9a-9bda-117d04c6f816,BUTTER-E|8192|18|0|3848.0|wide_first_8x,64457.10264299976,69264.445,65402.6196006417,73666.875
ac12b604-7da9-41d4-9d92-02d419c9b16a,BUTTER-E|131072|4|0|12958.0|trapezoid,146216.03745399992,156469.2,145626.49232751477,149690.14
ac440930-83f7-413d-87f7-a55659b6361e,BUTTER-E|64|18|0|20640.0|wide_first_8x,216788.3289559998,221043.0,217932.34957206913,325022.66
ac4f8275-9fc9-4c68-ba1a-61a980a9a380,BUTTER-E|131072|16|0|5300.0|rectangle,215458.37988899977,219061.94,252078.39410455304,215135.08
ac62a9c4-112c-43bf-aaba-87c9c4cb015a,BUTTER-E|524288|14|0|20640.0|wide_first_2x,680837.7160789999,970703.25,1004946.6436935011,922054.5
ac6a7377-fa9c-4abe-b8eb-1a4499a42f51,BUTTER-E|16384|18|0|6435.0|wide_first_4x,114625.13860800002,128024.28,115548.25978102584,162051.56
ac8a4d14-d35e-483d-8878-391f42fe6df5,BUTTER-E|32|5|0|20640.0|wide_first_8x,184603.1394889998,162712.97,167769.1589624163,243510.58
ac8b54a8-efb4-4d69-852b-6c4b096d671f,BUTTER-E|8388608|8|0|3848.0|wide_first_2x,304376.74798199977,312107.72,297966.35644550406,300885.0
ac8c42d1-91d6-49e3-bc93-064c392e73ca,BUTTER-E|16384|4|0|4898.0|rectangle_residual,78931.7009569998,86603.516,83757.33277372977,61586.574
ac977aaf-fd03-4b8a-b353-e23ed9ff77d9,BUTTER-E|16777216|9|0|20640.0|wide_first_8x,2918101.332086,2.601926e+06,2618272.737329885,2.5289708e+06
aca02c68-59c3-4b23-9c89-73d5b5bc24c1,BUTTER-E|2097152|9|0|12958.0|wide_first_4x,481749.20136599976,547822.25,557157.2397975704,588995.6
acb22809-6bab-41a8-87c8-e59ccd44bbe5,BUTTER-E|512|8|0|67557.0|trapezoid,923215.5442899996,800691.44,856057.584248546,893166.94
acc6e743-abbe-4b8d-ac31-b52f03b9ec4a,BUTTER-E|16777216|8|0|70000.0|rectangle,7874570.756572,7.2595855e+06,7395012.873892886,7.919321e+06
acd0cb77-7120-428c-ba3c-9b4c0db0369e,BUTTER-E|65536|7|0|3848.0|wide_first_8x,77225.34740499972,106592.46,120249.29844128639,103011.58
acf6b45e-d312-4898-bab9-aa78c3b55864,BUTTER-E|512|10|0|12958.0|trapezoid,181471.6089209999,176794.4,167193.897006856,199724.56
ad0730ea-20b4-4814-9032-d199e11df017,BUTTER-E|128|20|0|15000.0|wide_first_4x,199531.3754399999,212605.34,194366.81563063306,265161.5
ad0826af-8bd0-4ff5-bac5-4bc23fa272e0,BUTTER-E|2097152|20|0|15000.0|wide_first_4x,904358.915469,1.137125e+06,1122307.6012137858,1.2075496e+06
ad08a240-a22d-491a-81cd-56405b02a840,BUTTER-E|256|4|0|3848.0|wide_first_2x,39258.42772299984,46398.227,41634.19018788957,51658.746
ad12e332-598f-4faa-86a9-a3ddf1e79984,BUTTER-E|2097152|2|0|3848.0|rectangle,772362.6275179998,700533.25,1458413.528962649,1.02285475e+06
ad23fdeb-dc59-454b-b2a4-b1eb043e0407,BUTTER-E|512|4|0|67557.0|wide_first_8x,583639.0269989998,587137.06,623108.5658261928,691144.06
ad3101ea-9b85-4bce-b247-35f9a5b1df72,BUTTER-E|131072|2|0|105908.0|rectangle,1137898.795612,1.20673e+06,1339454.544679412,1.2051095e+06
ad3a6b1d-f0fa-4b26-a949-91c607352f4f,BUTTER-E|2048|8|0|20640.0|wide_first_4x,254570.25596999977,229938.72,224003.07350647077,234094.72
ad507bf8-2704-4efb-b5f2-beae816afece,BUTTER-E|32768|14|0|20640.0|wide_first_2x,633572.5901329998,826729.94,1108226.0221016782,485187.97
ad6df19d-787a-4d30-a61a-a7c94c4632e9,BUTTER-E|65536|16|0|3188.0|wide_first_4x,136623.99348599976,104497.87,105477.85050583199,90989.33
ad76dafc-7f6b-4932-b135-ade14477c9e4,BUTTER-E|32|16|0|3848.0|wide_first_2x,48680.893476,41503.547,43459.67185910712,69962.99
ad9596a4-c307-45c7-82df-6ed5b9e2fa98,BUTTER-E|4096|5|0|70000.0|wide_first_4x,667033.5694049996,707075.4,731574.4940065875,769788.3
adbbc628-a754-4bcf-b122-35c4a2ec8ce7,BUTTER-E|4194304|7|0|5300.0|rectangle_residual,277505.368299,262848.97,263106.3605603743,249233.7
adbcfa2c-af69-4501-8de8-c9a23f47ab05,BUTTER-E|4194304|10|0|48842.0|trapezoid,2383840.724496,2.4855255e+06,2538085.901171121,2.7375875e+06
adca7c26-e770-4e96-b264-0864ade7d395,BUTTER-E|16777216|16|0|12958.0|wide_first_4x,2033452.61203,1.991335e+06,1971227.6661940021,1.864287e+06
add7fd70-d783-4e1e-bf45-4d6e342cf5ec,BUTTER-E|128|10|0|3848.0|wide_first_2x,73073.80857999991,65006.52,69766.56035655033,59999.008
ae040307-3034-4edc-b5c9-f7228b1476f2,BUTTER-E|1024|8|0|67557.0|wide_first_8x,672158.5658499999,693872.3,719446.0489091895,754158.06
ae094b64-8752-4d19-b176-23808034b03c,BUTTER-E|65536|9|0|70000.0|trapezoid,1448250.982534,1.4076736e+06,1209912.1660262742,1.1502492e+06
ae0dd954-bc1f-4e65-9cfc-8bec67776148,BUTTER-E|2048|8|0|4898.0|wide_first_2x,52365.935594999886,62080.684,55724.784148002895,69731.25
ae16a76d-5400-49d6-b4a1-a2905587f350,BUTTER-E|32768|14|0|20640.0|wide_first_4x,1195891.768863,776772.0,718078.229467992,340611.44
ae1a1485-97a9-4ab7-8b14-d09f7a43c20f,BUTTER-E|2097152|18|0|48842.0|wide_first_16x,6199210.913082,2.9357118e+06,3023412.1511840583,3.185503e+06
ae294ffa-c5df-4bde-a6f9-5529793da42f,BUTTER-E|524288|4|0|15000.0|wide_first_8x,246433.5064409998,314504.03,280798.40060059214,302183.94
ae29eec0-7a82-40e1-a6f0-1ac6f8d9a276,BUTTER-E|32|7|0|5300.0|wide_first_8x,57361.91432999975,54302.387,52478.64357821007,66205.03
ae362835-2c01-4b9d-9a6c-5d2777e08195,BUTTER-E|1024|7|0|3848.0|wide_first_16x,61122.589359999845,52972.965,51551.52067804554,44173.703
ae442054-eb1c-4663-9afa-d6538e63c7cd,BUTTER-E|4096|10|0|5300.0|wide_first_2x,57593.48863299984,68144.945,63732.96067740835,77446.734
ae67c8ea-c141-4116-b60d-657e6072b2c2,BUTTER-E|262144|4|0|3848.0|wide_first_2x,73795.71762299989,93536.74,83934.664879633,88503.875
ae6e070f-1e22-4884-819f-a11d6821758b,BUTTER-E|64|5|0|5300.0|wide_first_2x,64064.09227299979,62426.992,61496.2515448838,64968.402
ae767e96-ff19-410a-ba91-5775b46653c9,BUTTER-E|32|12|0|20640.0|exponential,255595.36024999977,187035.86,184238.73806806238,262553.6
aea10662-140f-4bd6-b9e1-1386dee3e9be,BUTTER-E|2097152|6|0|15000.0|rectangle,387890.1973909998,369742.3,356071.7945159453,347648.56
aea906d8-c1c4-4832-bef8-a8fd7470de02,BUTTER-E|32768|16|0|105908.0|wide_first_16x,1581609.517294,1.6563925e+06,1597000.309430601,1.5144494e+06
aeac089c-e956-4267-8e28-ba3ba489f038,BUTTER-E|524288|2|0|5300.0|rectangle,494158.8161799997,230456.61,483159.8792816555,554704.44
aec242cf-6c23-4fee-abf3-23715b788f23,BUTTER-E|524288|6|0|12958.0|wide_first_2x,335737.6579539997,307867.28,310599.88480468205,359400.47
aed82f86-695f-46b9-a2de-b6f5f9ee856c,BUTTER-E|512|4|0|67557.0|rectangle,650698.1686139998,456797.06,423260.10771685507,525133.94
aeeb72ba-80c1-4749-b7c5-765ea06bcb9e,BUTTER-E|512|2|0|15000.0|rectangle,120460.80204399995,122746.19,122735.09547833656,154064.95
aeed6e1f-ad99-47e8-bd4a-70a2d34654f6,BUTTER-E|32|6|0|5300.0|wide_first_8x,50325.46762999968,54106.152,55102.848019894096,64866.56
af010326-9db5-440d-8646-6de596c56890,BUTTER-E|65536|2|0|4898.0|rectangle,53256.57226799976,75650.42,71850.49496889247,92297.76
af086f47-3b59-4ae0-9f46-edeb1a65c6b0,BUTTER-E|16777216|4|0|3188.0|wide_first_8x,343954.70362599986,326601.72,305274.0404912067,342385.4
af0b055a-a2f0-4f44-9d15-5383fa849e2e,BUTTER-E|8192|9|0|67557.0|rectangle,537006.4702139999,657620.1,653974.6366531599,707219.75
af0ec78b-a36e-48de-b19a-1a05222380bf,BUTTER-E|16777216|2|0|70000.0|rectangle,4964848.713577,5.624676e+06,8899900.73435482,6.2248565e+06
af1d93b8-1b0c-445d-846f-4fa994fde266,BUTTER-E|128|10|0|20640.0|rectangle_residual,223258.01218999992,276838.66,281054.1831713893,287682.0
af2f9faa-bff3-48ed-9350-f37eb17b5c1b,BUTTER-E|8192|7|0|6435.0|wide_first_16x,118943.84529999972,98548.47,87373.48193234707,74879.586
af304507-d6ba-452d-999d-730a62ec6153,BUTTER-E|2048|4|0|5300.0|rectangle_residual,60116.03974499976,57712.387,63912.3094845188,58009.76
af363f8d-734b-4a4d-9338-1115e8a784fe,BUTTER-E|65536|16|0|20640.0|rectangle,864766.5924259998,759366.56,718933.4254207308,815874.2
af4c87e6-5c50-4e00-b3fd-35e15133738a,BUTTER-E|2048|9|0|105908.0|exponential,1348373.1300129998,1.3649171e+06,1445580.5222146746,1.4336755e+06
af5847d9-dade-4fd1-b616-0ea6edcdf4fa,BUTTER-E|16777216|20|0|105908.0|trapezoid,14445001.414116,1.5208672e+07,15288065.353151297,1.8016842e+07
af75e4d8-3f2b-4256-bdb2-b57abdf2b7b6,BUTTER-E|256|4|0|4898.0|wide_first_4x,61198.5218149998,57505.48,53747.446707040996,61556.45
af7e1eed-2b3a-4f34-8a99-30c8802aeec9,BUTTER-E|16777216|20|0|20640.0|trapezoid,2510275.070019,3.0291382e+06,3203689.7215395267,2.8842062e+06
af9a9383-e40e-4a95-aab2-4ac2af0521ff,BUTTER-E|512|3|0|15000.0|wide_first_2x,132391.20950699976,142634.64,153985.3912677393,175543.4
afa7f5a1-c1df-4d2e-a5d5-244a4472b94e,BUTTER-E|65536|18|0|15000.0|wide_first_4x,555654.0372589998,670999.3,788769.5629456165,646848.25
afaa9ec6-be01-44bd-9d2b-ad5c6873c146,BUTTER-E|65536|16|0|3848.0|trapezoid,231866.77700099983,191153.84,171171.56276418237,133536.34
afab05c0-5c49-4ef8-bf10-cb4c4897eaa4,BUTTER-E|128|2|0|105908.0|rectangle,914072.234004,833724.4,875773.46571451,909500.25
afb07da2-624b-49ba-b306-794593592e43,BUTTER-E|2097152|7|0|70000.0|trapezoid,2151841.8473750004,2.1444515e+06,2004345.7930902734,2.2430152e+06
afbeb229-1314-4479-a83b-2b4eb1dff44f,BUTTER-E|524288|20|0|20640.0|exponential,879325.3966,876922.06,823629.0743133738,791420.44
afc27fc9-8e5a-4131-95ea-f1674a44f320,BUTTER-E|256|7|0|15000.0|wide_first_16x,142807.13783199972,155334.78,159916.27807036164,158616.33
afc3824c-e3b5-4235-809a-d44d0104807c,BUTTER-E|4194304|10|0|105908.0|wide_first_16x,5554934.320684,5.343039e+06,5226062.691405234,5.813082e+06
afc5f9af-0599-4623-84f4-82b8f6445173,BUTTER-E|131072|20|0|67557.0|exponential,1922305.7082090003,2.246614e+06,2072163.4148469446,2.150165e+06
afc71675-d4ef-4a48-9be1-a30c2c96084b,BUTTER-E|1024|4|0|6435.0|trapezoid,51411.32639999964,53307.4,57592.31539785539,61206.39
afcd86f0-685e-477e-bc76-ef7f45b6ba2d,BUTTER-E|1048576|2|0|3848.0|rectangle,444062.608033,361811.9,832498.4162365478,411623.94
afd3073b-3dc6-4b98-b13d-93c9189494e3,BUTTER-E|4096|20|0|20640.0|rectangle,213823.9176219997,285539.6,327554.8893619678,331556.47
afd37eef-ad40-4d19-8012-0b6f2689d860,BUTTER-E|2097152|3|0|48842.0|wide_first_8x,1683028.675689,1.1935905e+06,1250721.8647267413,1.3003789e+06
afd8b8c8-5e42-42c7-b5d4-33a7b83056f9,BUTTER-E|4194304|5|0|5300.0|exponential,215372.1145979999,223945.05,255944.68559398438,221798.75
afe2cbfe-9969-47df-abe3-d44ba47287e9,BUTTER-E|8388608|16|0|48842.0|wide_first_4x,4317251.689988001,4.7560195e+06,4313519.805921318,4.765431e+06
afee88ec-4652-4c34-a8d8-7398c7433e92,BUTTER-E|1024|6|0|12958.0|wide_first_8x,169751.797704,144184.33,141549.1203052161,144871.98
aff710b6-99cf-4c52-a474-f19cae3aaebb,BUTTER-E|4096|2|0|4898.0|rectangle,60473.66929799968,56900.914,56402.45700930656,56135.586
b0051ce2-b33c-479a-86d6-179f6ab060dc,BUTTER-E|256|14|0|4898.0|wide_first_2x,174374.937351,97061.23,97572.55462162092,82329.8
b01cc1b5-b9c9-4bc9-8435-a54274bc8e4b,BUTTER-E|2097152|3|0|5300.0|wide_first_8x,132342.92407199988,158203.0,151292.41007358453,158039.69
b0246321-80fd-4de7-b617-d8abc1d49f5a,BUTTER-E|2048|9|0|3188.0|wide_first_2x,47246.66683799976,50292.215,57041.465685587944,48805.418
b0267587-97b0-4944-a424-26f3d35e2746,BUTTER-E|4096|3|0|20640.0|trapezoid,166467.47073299994,170640.86,184934.05162048712,145408.34
b0394afa-a20a-4192-b6bd-7c10b5268a75,BUTTER-E|8192|7|0|48842.0|rectangle,926486.191926,458432.3,653988.0231871231,432392.28
b044e892-58a5-4c84-9d60-008ddb840246,BUTTER-E|65536|20|0|105908.0|rectangle_residual,7049119.452462,4.8139175e+06,4063196.370172465,3.7522982e+06
b04dcd6c-3dc0-4547-be6b-bed4d60376ce,BUTTER-E|32768|20|0|20640.0|rectangle,1155259.308751,837542.44,1033279.9181967687,544408.25
b056125f-3c46-4859-8e3f-5625fe4cc82a,BUTTER-E|8192|10|0|5300.0|exponential,133460.8545079999,94399.65,93328.7521492351,74375.13
b05ef669-8812-42a6-83a9-cd0cfa974c25,BUTTER-E|4194304|12|0|48842.0|wide_first_8x,2875758.568218,3.084817e+06,3011040.4423903404,2.8987245e+06
b06828cd-906c-4b77-a6e5-d8c771544c5c,BUTTER-E|16777216|16|0|4898.0|rectangle,658917.038336,636079.25,708367.5597331065,774193.1
b07626a5-ddd7-46c6-8ae1-b3b40cf12122,BUTTER-E|2097152|9|0|15000.0|rectangle_residual,612797.3336179998,613965.06,605880.9850459441,591714.94
b0766cd2-a209-4815-b696-b12ef18a8b7e,BUTTER-E|262144|2|0|12958.0|rectangle,152129.48060799975,209284.44,200661.66792485773,255557.88
b077f914-5e6c-4e58-ba45-4067f4ed9c46,BUTTER-E|524288|9|0|15000.0|wide_first_8x,425171.5837539999,471545.56,460772.1047518595,508568.22
b0788737-aee2-4bcc-bf69-ac9108a3e49c,BUTTER-E|16384|20|0|4898.0|wide_first_8x,91160.29176599988,100269.03,93999.86499452357,125046.54
b08202f4-30bc-4d8f-bf08-857867d47b7f,BUTTER-E|4194304|2|0|12958.0|rectangle,1280001.5217840003,1.5639946e+06,1634375.5805377811,1.6619432e+06
b084986a-f4f5-43f2-8ddf-2fe4ddd16cf6,BUTTER-E|131072|20|0|15000.0|wide_first_8x,740697.780919,750548.3,656935.8688849702,797604.06
b0851b3c-3df4-4ce8-9f18-e9939a901ab7,BUTTER-E|16777216|20|0|20640.0|wide_first_4x,2690036.5812409995,3.1839208e+06,3202951.4339317023,2.8912978e+06
b0b7b936-9069-43e1-8e3c-887571bdfbb4,BUTTER-E|524288|20|0|12958.0|rectangle_residual,635262.9177739996,845227.06,774813.3468225222,772044.6
b0ce76d9-739e-457b-9b53-fde89caf8bd7,BUTTER-E|524288|12|0|3188.0|wide_first_8x,119709.53813399975,143407.19,134218.1696163466,145062.22
b0d6af06-1f19-4aa9-a4d8-4a40a92144ec,BUTTER-E|512|7|0|12958.0|trapezoid,153016.62591199967,154361.16,153994.07297320355,173039.38
b0dec821-49b2-4a94-8133-5db0e48701c3,BUTTER-E|8388608|16|0|3848.0|rectangle_residual,500766.2716619999,442805.38,489864.16493098694,394690.78
b0f1816b-4326-485c-9b18-18c287f98eda,BUTTER-E|131072|7|0|48842.0|exponential,818723.0700019998,813967.8,942245.7540310434,879506.7
b0f70b1d-aa30-45ac-bf4f-6951c5313280,BUTTER-E|64|2|0|4898.0|rectangle,48685.62303599984,47144.773,44363.399050842694,54667.363
b12cb6fa-1d74-4b96-8d09-e4dced6f0b0d,BUTTER-E|16777216|9|0|70000.0|rectangle,8174196.867767999,7.3603685e+06,7723641.140709864,8.2600465e+06
b13862a3-e682-46a0-9299-75145262c3f4,BUTTER-E|16777216|9|0|4898.0|rectangle,478941.4735439998,442448.7,485229.28176700376,530565.06
b138d63e-c061-47a7-a1b8-ea5a23a17298,BUTTER-E|4096|3|0|20640.0|rectangle_residual,213274.61511999983,225919.2,240827.45339979822,189613.1
b140c3da-deb3-4875-b8ba-a97c712cc058,BUTTER-E|16777216|18|0|12958.0|trapezoid,1918439.449436,2.1295742e+06,2031134.106179654,2.0842878e+06
b143353a-6281-43e4-9a69-acc57197b837,BUTTER-E|8388608|20|0|12958.0|wide_first_8x,1322205.94711,1.429142e+06,1448912.864390508,1.6440354e+06
b15baeba-1d6d-413b-a3b0-7fe2a9811660,BUTTER-E|512|4|0|20640.0|rectangle,124641.06694199998,139664.55,140407.0124125157,162085.88
b15d2879-ab2b-4cf1-b450-5b175d64a383,BUTTER-E|65536|5|0|20640.0|wide_first_2x,325770.00224599976,351941.16,309675.7294352171,311201.78
b15e3920-f428-43cf-a001-bcc02e5a0b33,BUTTER-E|16777216|12|0|6435.0|rectangle_residual,927511.061856,961836.56,988988.0650382807,913288.06
b168448b-f1d4-43e3-bfae-51429aa9678c,BUTTER-E|262144|5|0|12958.0|wide_first_4x,292830.8190339999,254723.28,225717.7066441393,248090.9
b1821a86-53cf-4f18-8ae2-4ba55b6f11a3,BUTTER-E|262144|2|0|12958.0|rectangle,203403.738618,209284.44,200661.66792485773,255557.88
b185f515-ba86-42ae-914b-7231d4e097e7,BUTTER-E|2097152|8|0|70000.0|rectangle_residual,2772395.5334120006,2.740014e+06,2431086.4534759438,2.753796e+06
b19a4c08-9c5f-4df9-9b0a-bcaeaa4f5029,BUTTER-E|64|5|0|15000.0|wide_first_8x,136052.4466819998,136941.1,140090.6692433472,177224.86
b1adc7c9-81cf-43a3-b3d6-b817aab71d3a,BUTTER-E|1048576|16|0|105908.0|exponential,3580779.759721,4.2790155e+06,4005585.471898583,4.4891365e+06
b1b2bb94-ab22-4a59-8f64-2fe4e963aeed,BUTTER-E|16777216|4|0|4898.0|rectangle_residual,512608.022851,504927.25,520590.14169075503,483033.75
b1b7d715-b46c-4045-9c2b-22d0cfe159da,BUTTER-E|8388608|4|0|70000.0|wide_first_8x,3903845.842250001,3.880913e+06,3895488.5052428483,3.9678422e+06
b1bbb792-7a3e-49e3-99cd-f67e66967c75,BUTTER-E|512|6|0|105908.0|wide_first_8x,902867.202164,891248.2,936003.3703279623,1.1814344e+06
b1bff60f-09f5-4b36-8b00-794ccaee97dd,BUTTER-E|1024|5|0|48842.0|trapezoid,352054.967145,400825.62,359166.7984163194,462602.34
b1c06687-2a53-42fa-9be2-550b9656875f,BUTTER-E|4096|8|0|12958.0|rectangle_residual,115128.7163839998,156172.53,147242.08093280238,171328.17
b1dd9df3-c032-4d92-9cbe-f6d724baa38a,BUTTER-E|16777216|8|0|20640.0|exponential,2253713.634168,2.1784502e+06,2126612.3372620745,2.1285792e+06
b1de59ce-205d-4f7b-ab16-ff9dea825a5f,BUTTER-E|64|5|0|3848.0|rectangle_residual,47468.07757499976,51373.543,50225.29156437868,51767.344
b1ea9bdb-1e70-4af3-ba18-07c107aefc36,BUTTER-E|2097152|16|0|4898.0|wide_first_8x,333378.736218,327860.0,282955.03001974337,320534.0
b1f7238a-b259-4c4c-b09f-b73fa871ab08,BUTTER-E|1048576|10|0|67557.0|wide_first_2x,2239069.181446,2.3255282e+06,2184284.295658368,2.3371962e+06
b1f74925-6fa9-4435-af70-c53dc5c5d657,BUTTER-E|16777216|16|0|20640.0|wide_first_16x,2783280.616747,3.111622e+06,2729292.587693411,3.0105825e+06
b20d54f4-523e-4466-b4ea-8b1ab180d192,BUTTER-E|8192|12|0|6435.0|exponential,121619.23494199984,115084.76,107149.64053536441,106113.016
b20e27c2-6df9-4481-bd30-e3b27591bddb,BUTTER-E|2097152|9|0|20640.0|wide_first_16x,822900.2426470001,860717.3,817598.9756436506,869269.25
b212e8d0-b9b9-4ad3-99ec-91e4a26e3ea2,BUTTER-E|4194304|10|0|5300.0|wide_first_16x,341289.361732,326668.72,326802.8502774966,327165.06
b214db6d-6ee6-4359-9699-744a7c844b5a,BUTTER-E|4096|18|0|20640.0|wide_first_16x,726523.1033579999,362844.03,380971.69313401065,258466.53
b220e410-1089-45bd-92e6-a19730f07794,BUTTER-E|256|20|0|67557.0|wide_first_8x,771909.6938009998,820856.6,836464.3133768033,1.1094865e+06
b231f275-e99f-4538-b5ee-17cbe0453017,BUTTER-E|16384|8|0|48842.0|wide_first_8x,562167.574425,696163.0,622307.1736980487,616749.6
b23a0ba8-c3eb-421b-bf80-61faecc0f9fb,BUTTER-E|32768|16|0|105908.0|rectangle_residual,3881778.701940001,3.4610345e+06,3615951.22959739,1.8052185e+06
b23f8d6a-c6c8-427f-a02c-058512cf6fbb,BUTTER-E|256|14|0|6435.0|rectangle_residual,88971.41600699976,120576.33,107354.08447701954,98191.32
b2653968-851c-4eaa-a87d-fba9b1f2a531,BUTTER-E|65536|10|0|6435.0|exponential,146863.186236,158046.47,149537.18519858058,140041.45
b2733200-60d2-4c36-a4e0-6edd26ab2bc4,BUTTER-E|1024|16|0|105908.0|wide_first_8x,1316771.26417,1.3722496e+06,1347311.6768148588,1.5916585e+06
b275a312-50a6-4ae0-8c74-a90e8eb316cf,BUTTER-E|131072|7|0|4898.0|wide_first_4x,114264.66098399975,131507.67,143837.2292196851,121268.37
b27756ac-10d6-49bb-bac2-3ddade95fe69,BUTTER-E|128|10|0|15000.0|wide_first_16x,152131.36365599974,155451.7,165438.69367767265,179855.84
b2a8df43-6317-4e4c-aaeb-2dc020625fdd,BUTTER-E|524288|7|0|15000.0|wide_first_8x,471681.6909319998,421282.88,419739.156271069,441783.34
b2af6eca-f939-413c-93ac-99e34598ec4a,BUTTER-E|65536|3|0|70000.0|exponential,708638.1292859999,798115.4,812004.7405285098,773444.8
b2bd7017-0f73-4a2c-a352-e66da39045b4,BUTTER-E|2048|20|0|6435.0|wide_first_2x,105707.08122499978,141894.12,152049.7040661387,120241.016
b2c128ac-38e3-4ce2-b25d-30303b1995a5,BUTTER-E|8192|6|0|6435.0|wide_first_16x,100484.6670839999,96053.37,83830.69156736127,72998.57
b2d0b8d4-2b9a-4c70-a226-665356f41fcb,BUTTER-E|524288|3|0|12958.0|exponential,257453.43100999988,239362.67,222741.77944304002,214622.36
b2e23b2f-b9b5-4264-a3e5-88cfd55deae0,BUTTER-E|1048576|3|0|6435.0|exponential,140877.96772799987,145866.69,130135.84729967284,137409.56
b2e8b27e-8e19-441b-b8bb-dbc540abfb45,BUTTER-E|262144|16|0|105908.0|exponential,3724048.785545,3.4896738e+06,3267040.354389414,3.6068572e+06
b2ecc0e2-90f8-4477-ab5c-7d95e061e85a,BUTTER-E|16777216|7|0|3848.0|wide_first_16x,431755.9520739998,487443.84,519584.5639927575,481958.88
b2f58f52-ab79-49ee-bb3d-26b5fc6cab8a,BUTTER-E|1048576|14|0|48842.0|trapezoid,2241713.349427,2.0962342e+06,2145909.1495153774,2.150245e+06
b3048b7d-c092-4441-977f-928bba683796,BUTTER-E|65536|6|0|4898.0|wide_first_8x,113970.20834999988,112028.266,106105.16928435359,108309.38
b3166555-a6d8-45ae-acc1-f89f3854bff0,BUTTER-E|4096|8|0|67557.0|wide_first_4x,822047.558621,832760.5,818961.8665563387,824732.94
b31cc2ee-4b29-4ae5-8194-d058d7822b9e,BUTTER-E|16777216|20|0|70000.0|wide_first_2x,9670229.904542,1.0509131e+07,11831322.400175627,1.2816516e+07
b3272b8b-059e-49ca-bc61-789383a31970,BUTTER-E|2097152|5|0|15000.0|wide_first_2x,439221.3988609998,485175.94,450802.453622641,453886.75
b3278a63-7d1a-49a4-935f-55008dd9669e,BUTTER-E|524288|6|0|48842.0|wide_first_2x,1010444.5714909995,1.0502935e+06,977592.8888644831,964867.44
b344c9a1-faea-4b1f-9659-525f37c62627,BUTTER-E|32768|8|0|6435.0|wide_first_2x,169365.37482699985,157213.64,139316.15895180748,105734.1
b3470774-68cb-4c04-9f99-59071c0b9acc,BUTTER-E|4096|7|0|5300.0|wide_first_2x,76525.32002999976,65894.61,76911.91135304565,67378.77
b360bd99-e791-46e2-a07c-7188c821ccf6,BUTTER-E|32|16|0|5300.0|wide_first_16x,54281.77811599968,54431.28,55148.156015040644,69193.8
b36c0a21-31a7-4aa9-9492-08070732c38b,BUTTER-E|8388608|14|0|15000.0|wide_first_16x,1377233.293254,1.3898058e+06,1295457.1064699907,1.5063542e+06
b36e727d-ae64-46a8-9501-706e895de411,BUTTER-E|4194304|3|0|105908.0|wide_first_2x,3682704.47884,3.7811365e+06,3882811.072643898,3.789425e+06
b3770000-1ac3-4df6-9f34-6dc29d02f674,BUTTER-E|4194304|7|0|6435.0|wide_first_16x,322384.2158989998,327847.5,328242.0634227723,344719.2
b377faf6-ddc8-4db3-a4b5-bb585e944232,BUTTER-E|4194304|7|0|5300.0|wide_first_4x,293964.642756,262587.12,256029.9683425189,264054.44
b378aa32-93ff-4bce-9642-66dd1220bce0,BUTTER-E|1048576|7|0|48842.0|wide_first_16x,1173429.893335,1.4026565e+06,1328497.977638834,1.3854202e+06
b37945d5-891e-4dea-b46a-322cf6b34f0a,BUTTER-E|1048576|7|0|12958.0|wide_first_4x,485603.00684799976,423635.34,433122.32880657335,401909.62
b38ea500-bf1d-4c3a-99ab-bc167d644f32,BUTTER-E|8192|16|0|67557.0|trapezoid,1241180.855444,1.1305732e+06,1137509.0478860703,1.2317576e+06
b399fcd6-33fd-46aa-8047-b8780fa02de4,BUTTER-E|8388608|2|0|3188.0|rectangle,160325.12487199967,416113.6,1649717.6048069915,361159.66
b39fefa3-07a4-4534-96df-22bf95751d7e,BUTTER-E|65536|12|0|20640.0|wide_first_4x,562902.570639,672386.8,561740.2637904249,615923.8
b3a9763b-04f2-49e9-bf70-7eeeb8402edd,BUTTER-E|2097152|20|0|3188.0|wide_first_2x,225063.88993599985,240555.17,291833.1527900404,235100.38
b3dc97e4-4d35-46f6-ba32-fe8e8bf77e0f,BUTTER-E|128|8|0|3848.0|rectangle_residual,65081.786596999926,62534.727,58494.087645028696,59331.27
b4083e08-d3d5-4290-b446-a8b934a11d77,BUTTER-E|131072|16|0|20640.0|wide_first_2x,836903.9655749999,884124.44,786810.2598467984,904539.44
b410a691-cdae-4e96-b7c5-0c0b10010ee9,BUTTER-E|1024|18|0|12958.0|trapezoid,239702.5320199999,234296.17,225314.42798259872,276342.22
b4181974-4833-4388-b9d7-488a4b5fcf3b,BUTTER-E|8192|5|0|15000.0|wide_first_8x,189605.80259399983,185330.06,187976.23756404928,188538.4
b42588e3-d8ab-469e-9250-4fb76c9e2cb8,BUTTER-E|4194304|3|0|67557.0|rectangle_residual,2693180.921833,2.4829858e+06,2497319.6362947,2.5322962e+06
b426ed68-6962-46d9-ad90-a1bdbfce4991,BUTTER-E|65536|7|0|105908.0|wide_first_8x,1807916.892592,2.0063524e+06,2159986.8336025956,1.7519419e+06
b429702c-05c3-488b-8d38-53214f33431e,BUTTER-E|16777216|4|0|48842.0|trapezoid,4042601.803626,4.36151e+06,4551686.6921786135,4.6750555e+06
b4665d02-8f93-4b59-8ebe-b5ad6ef47803,BUTTER-E|1048576|5|0|3188.0|exponential,76744.34807400001,81442.734,79042.9371538336,79220.086
b4667bb7-a37a-4c10-82a3-7eb0e718d21b,BUTTER-E|8192|12|0|6435.0|wide_first_16x,128961.03973599972,111501.08,142391.64790020208,82561.984
b48a00ff-367f-4169-b092-1b1af4cd529a,BUTTER-E|8192|20|0|48842.0|trapezoid,785606.776261,828388.94,804524.1027038381,1.3313662e+06
b491e5e6-1861-4ab1-93f4-f694090cbc00,BUTTER-E|4194304|14|0|20640.0|exponential,1021534.4574019996,1.1601501e+06,1030095.347791879,1.1660766e+06
b49815c5-a3a3-448c-b5f1-4716d5f65d72,BUTTER-E|16777216|5|0|5300.0|rectangle,419601.1441459998,450249.34,430654.1137346431,496147.1
b4c81f15-835a-4e15-9892-ca001ab5d950,BUTTER-E|2048|10|0|15000.0|wide_first_4x,287097.6296959999,200705.42,218752.68769308043,218960.84
b4cd4465-d5e0-4158-ba26-3fc28056fddd,BUTTER-E|4096|5|0|3848.0|wide_first_8x,55133.1600499998,55461.26,55820.69689062687,65092.688
b4d428ad-eee4-4ab1-9ffe-9c548ec64601,BUTTER-E|16384|10|0|70000.0|wide_first_16x,729137.3419859997,811626.06,838961.8280433946,791702.0
b4f12fc7-0ed8-4273-a527-7a1432a5e01b,BUTTER-E|131072|7|0|15000.0|rectangle,206611.23250599983,226178.75,219011.0529930736,208972.31
b500efe1-1b04-4be9-bfb5-89878b5410de,BUTTER-E|1048576|7|0|6435.0|wide_first_2x,204325.444408,209534.67,204412.52116787375,221641.02
b5075f03-9075-47fa-a6af-6df73d6514d8,BUTTER-E|1024|7|0|20640.0|rectangle,152852.20605699983,154479.7,154789.13710083038,184933.34
b50d1a32-aa94-4a4f-9b0a-88c9c24d3c4c,BUTTER-E|64|18|0|4898.0|wide_first_8x,57025.2602899998,56714.168,57417.27682197232,89211.72
b535f0c9-3aa7-4f1a-9477-9b0edbbd13da,BUTTER-E|128|7|0|5300.0|wide_first_8x,121427.60484399984,57278.387,57010.413518834444,66237.49
b53b4a4e-77e3-45b5-bc1d-b821fe9ba7c3,BUTTER-E|128|9|0|67557.0|wide_first_2x,635580.1062809996,594489.94,623869.2251659103,815347.6
b554f1bc-c14b-4bfe-b73f-821098a2af05,BUTTER-E|4194304|5|0|5300.0|trapezoid,181237.009887,205859.86,221124.5091307373,202636.78
b5591cd9-4063-4c69-8687-666babca5293,BUTTER-E|2048|14|0|4898.0|wide_first_16x,75858.345072,91782.25,102522.66518747303,64299.24
b55a083c-0f41-4def-910a-7bc1224645ff,BUTTER-E|4096|6|0|12958.0|rectangle,118018.69643799972,104969.21,117694.87437097172,112966.16
b567cc92-8858-4b78-bc01-70caf396564b,BUTTER-E|32768|16|0|15000.0|wide_first_8x,644964.6326059997,512622.0,546939.5228497761,417404.9
b573bdb1-38fa-4c8c-bd17-c441d5f2f9d9,BUTTER-E|1024|20|0|105908.0|wide_first_2x,1700672.28916,1.8769854e+06,1760375.2748341502,1.924609e+06
b57d8c7d-07fe-4700-b667-37210899be7c,BUTTER-E|4096|14|0|20640.0|rectangle_residual,225492.2984359998,263028.75,236041.74690098548,325641.62
b584a27e-e110-4c51-ac65-9be663bf9e6f,BUTTER-E|256|3|0|3848.0|wide_first_4x,42117.8415409998,41300.004,42319.91219801592,45092.508
b5a2791f-0ced-4f06-9e3e-ee143ff2b59d,BUTTER-E|262144|7|0|6435.0|trapezoid,151272.05398699967,147824.75,153675.88955037677,140135.38
b5bcc684-4ac5-4433-948e-e899048ae31b,BUTTER-E|1024|18|0|6435.0|wide_first_4x,215286.190996,118232.54,110745.25062949222,115787.79
b5c5fd50-2b29-453f-ae28-1c5d38136e57,BUTTER-E|16777216|3|0|4898.0|trapezoid,369195.4881179998,402675.03,471699.3655704918,472109.38
b5dd0947-f907-4542-bdfc-ec7a1d497de5,BUTTER-E|16384|7|0|3188.0|trapezoid,54840.48487999992,56950.21,57717.90369280259,54795.87
b5dd9eaf-7f79-4d0d-9ec7-5eaa3aa6e00c,BUTTER-E|131072|12|0|67557.0|rectangle_residual,1942583.943507,2.2064238e+06,2174255.3043154045,2.3709588e+06
b5ec4165-cf5e-4895-a4b3-f716d1657e28,BUTTER-E|262144|9|0|67557.0|rectangle_residual,2261509.707065,1.9454042e+06,2077872.4408721982,1.9822705e+06
b617eed9-4e52-43bb-9218-57edecd8d128,BUTTER-E|4096|7|0|6435.0|wide_first_8x,127149.23932299973,93128.805,86832.12051534299,83943.695
b63a03e9-fa01-4d1a-9364-97e0f4284540,BUTTER-E|8192|4|0|5300.0|wide_first_4x,78788.76343999992,72790.914,82474.3875990554,53576.555
b64e8698-72da-4b2c-93da-c3d05d12ffa4,BUTTER-E|131072|16|0|6435.0|rectangle_residual,253115.13785199984,310604.34,325949.41824493895,303805.84
b664784f-3727-434b-81d6-68f64e26d73f,BUTTER-E|256|8|0|3848.0|wide_first_2x,51534.59497499988,58162.043,53632.74930766439,58831.043
b6838b40-6a27-4501-bfbf-60f16cff854d,BUTTER-E|1048576|6|0|6435.0|rectangle,126000.94767199967,135129.77,132710.41753341156,121949.38
b683c98e-1de9-4993-9a20-3c74c223f8cf,BUTTER-E|65536|14|0|5300.0|wide_first_8x,162270.4561679999,204808.88,207642.7314973118,222748.84
b6a31237-327a-450d-9b61-f0ba39587eb5,BUTTER-E|16777216|20|0|15000.0|wide_first_4x,2280189.631865,2.4700928e+06,2455343.4938821285,2.2884002e+06
b6b4d3a2-4053-4d2d-bfd4-496c04fb19fd,BUTTER-E|1048576|9|0|3848.0|rectangle,100924.84002999992,122220.08,121115.8094098293,126197.36
b6bad173-0cc3-4d50-be86-30693597f220,BUTTER-E|2097152|6|0|15000.0|rectangle_residual,586615.8715899999,526676.7,475217.3346544574,491937.34
b6d01184-91f8-4cb0-ac82-166654040c75,BUTTER-E|524288|16|0|3848.0|trapezoid,379983.4237259996,319932.97,264595.4346493251,342899.1
b6d017f0-71cf-487e-8a2d-f869d75eab8e,BUTTER-E|16777216|7|0|5300.0|exponential,518627.47465199983,531812.75,550283.91549803,539958.94
b6d6a8d5-b164-4484-8649-c6ed6d950481,BUTTER-E|256|12|0|5300.0|rectangle,63009.74826799992,85317.94,84231.65070372989,66226.5
b6f42758-6c29-4d45-9426-5140bb7b5fd4,BUTTER-E|64|7|0|6435.0|rectangle,55756.9222039998,53714.586,56933.63799564556,63933.094
b70ca742-b2cd-4da5-bdad-dcf4008f8540,BUTTER-E|128|9|0|6435.0|wide_first_16x,78069.07774399967,77536.82,74781.82213113227,78114.555
b717683a-90b5-4a6e-a984-ce6e22a66f7a,BUTTER-E|512|8|0|67557.0|rectangle,516241.71442999976,594076.2,569731.3106405943,629289.56
b73aa3d8-d7ce-4094-8ae5-ad7e93009247,BUTTER-E|128|3|0|4898.0|wide_first_16x,51506.10044999964,46447.547,52050.856481428586,47086.316
b73ae2d8-8fdf-4722-abeb-b8ed3f1111fe,BUTTER-E|65536|10|0|4898.0|wide_first_4x,172747.773846,151772.03,141736.71313472465,143501.31
b7404689-ca48-483f-85ef-5f63ae8039ec,BUTTER-E|8388608|16|0|5300.0|wide_first_2x,549868.5994929998,493997.47,530540.2245447967,564053.75
b7451f3c-f8d1-4a48-b687-7b1cb16f56b2,BUTTER-E|8388608|3|0|15000.0|trapezoid,699265.978605,671788.2,786203.1208796283,836181.7
b748a9eb-07df-43db-8a71-e38852736195,BUTTER-E|1048576|5|0|3848.0|exponential,100779.05257999992,109227.49,104563.0269485841,105627.98
b7498adb-ebe9-4eeb-96d1-7fb122c1f4e0,BUTTER-E|8192|20|0|3848.0|rectangle,57068.14438799999,55495.336,59863.42919448854,69370.086
b75ec15a-538f-4d78-b74b-d9a4a842bb39,BUTTER-E|1024|2|0|6435.0|rectangle,55407.00381399972,57243.33,53823.41738443018,68976.31
b7758050-64ff-4291-b045-201688e591f9,BUTTER-E|16777216|7|0|67557.0|rectangle_residual,8007514.851512999,7.752251e+06,8522557.131947294,7.855542e+06
b7774b4e-6af6-49a1-95dd-77ecf67d3bab,BUTTER-E|4096|7|0|105908.0|wide_first_4x,1267230.027213,1.2451248e+06,1154797.2738887838,1.2345789e+06
b77bef2e-cf5c-49a4-aed9-8153027c8b26,BUTTER-E|32768|7|0|105908.0|wide_first_2x,1785285.238251,1.9337786e+06,2217010.8224701146,1.3529372e+06
b77e2f40-1665-41df-98d8-339e21dc2208,BUTTER-E|4096|4|0|70000.0|rectangle_residual,783843.7139419996,756873.7,713190.1729427158,756193.3
b78f5828-0c64-48a4-812f-0cb1c9981be8,BUTTER-E|131072|14|0|20640.0|wide_first_4x,727819.6301909997,809159.1,846190.3658251727,720018.7
b794cf0b-25f7-4358-aca2-918e66ca7293,BUTTER-E|8192|5|0|3188.0|wide_first_8x,40831.6250359998,46782.88,44083.16464981475,42378.777
b7982568-906f-402f-b77b-6804fa21a292,BUTTER-E|8192|18|0|48842.0|rectangle_residual,709803.4062999999,718961.3,699589.2106858602,862266.8
b7af25bc-87d1-4575-a091-39625b34f008,BUTTER-E|65536|6|0|67557.0|wide_first_2x,1086052.101129,1.2259624e+06,1168654.7640036973,953372.6
b7ba0a4a-42bc-45a8-9a4d-7dff7f6db131,BUTTER-E|8388608|5|0|3188.0|wide_first_2x,203960.92617599972,218524.02,236072.20738385318,217130.73
b7d21b75-502c-4adb-825c-890a7d273d9b,BUTTER-E|131072|8|0|70000.0|rectangle,1026376.010394,1.1529609e+06,1470296.775903865,1.0918502e+06
b802b706-a020-49ff-8ac8-14a11d6c8151,BUTTER-E|512|4|0|3188.0|rectangle,33258.17523399984,32727.447,36939.1667084794,36311.18
b80c3a7d-bd28-44c5-b5f9-9b7012275d28,BUTTER-E|1024|9|0|3188.0|rectangle_residual,50448.395468,59185.914,55470.15593717886,52375.824
b810e077-db17-4fc5-8d5f-be99bc1b1d48,BUTTER-E|128|18|0|15000.0|wide_first_4x,174040.42395599998,219906.53,193237.072051299,261198.22
b818fe92-a3b7-47f5-bd3a-e6d1c3b3db19,BUTTER-E|1048576|4|0|3848.0|wide_first_8x,90468.45229599973,113931.35,119652.60823879774,117105.305
b82046d8-04c9-458b-b5ac-f0311b3a3604,BUTTER-E|256|20|0|20640.0|trapezoid,329384.29039999994,418343.0,307258.0992440591,424784.3
b82273d8-2e40-43f1-aef0-877454d87533,BUTTER-E|524288|3|0|20640.0|wide_first_16x,556068.6800829998,384364.88,423579.8405725265,343613.72
b823a5fd-411f-4dd3-a702-b7c6f851ba15,BUTTER-E|16777216|18|0|4898.0|wide_first_2x,653464.3102359998,790412.7,758935.4671149265,769014.94
b82593f9-e508-456c-8be4-950bbdc15202,BUTTER-E|512|7|0|20640.0|exponential,236555.8975939997,219601.61,222815.5151829036,219486.45
b826c485-94ed-4a05-a860-2a3ad722ce26,BUTTER-E|16777216|18|0|70000.0|rectangle,9780215.738871995,9.729243e+06,9404792.309519801,1.1172625e+07
b82874a4-634f-42ae-a419-2619c7f4ed9c,BUTTER-E|2097152|2|0|12958.0|rectangle,777283.7996759997,836562.2,564684.5591586503,1.0198732e+06
b8522062-30ca-44fe-bf93-403b75748477,BUTTER-E|128|2|0|3848.0|rectangle,38995.95155999976,41094.44,39306.95458261395,49021.492
b860be98-118e-473e-9a73-121a378ee151,BUTTER-E|65536|8|0|3848.0|trapezoid,151717.30632399998,117211.34,136850.05746142453,123100.34
b864490d-acab-47fa-998a-66611805dc93,BUTTER-E|512|12|0|6435.0|trapezoid,86755.661154,107594.484,104509.75064606068,99201.18
b864f7e6-6c8e-4fba-aede-acd7178e1468,BUTTER-E|1048576|7|0|15000.0|trapezoid,402033.4512219997,390151.28,390770.5405941026,393409.7
b8714825-e073-4225-ade8-61dc0fd946d6,BUTTER-E|512|3|0|3188.0|wide_first_8x,42203.65786599996,39259.203,40159.03357439208,38285.902
b88232fa-2fca-42b9-b958-5838ae9ec741,BUTTER-E|1024|20|0|5300.0|wide_first_8x,81500.042097,97959.17,103445.5844935849,83699.73
b88db8d0-2dd2-48ba-9764-a441a31c7db8,BUTTER-E|262144|10|0|5300.0|wide_first_2x,174790.06483299984,164269.03,164027.6972190749,169700.08
b8a752a6-c40b-405e-b363-1f57b6304cfa,BUTTER-E|4096|4|0|20640.0|rectangle_residual,317493.44605200004,233491.16,253230.96626009865,205029.33
b8a80928-d472-46aa-88d0-f6f0ea374dd9,BUTTER-E|1048576|6|0|105908.0|wide_first_16x,4089423.231225999,2.4627632e+06,2491774.676003749,2.694775e+06
b8b15a4b-f979-4880-b9a9-aebb96902b54,BUTTER-E|64|14|0|20640.0|wide_first_4x,246168.789507,239171.45,259011.29147731495,267237.38
b8c39f38-78fd-4f06-a4ba-5f2bec0cdf3a,BUTTER-E|16777216|2|0|3188.0|rectangle,338285.9334670001,985481.0,3048251.6868840856,515323.28
b8c51e4c-0717-4679-9464-c69698a641d6,BUTTER-E|4096|9|0|20640.0|rectangle_residual,258352.31329999992,224174.97,211761.02722885215,273756.94
b8ea68c7-a511-4eef-8d8e-896d67dcc17c,BUTTER-E|128|7|0|20640.0|rectangle_residual,190144.17137699988,233764.31,205468.5227637882,243378.47
b8f160cd-fc1d-4d69-957e-246edec087b2,BUTTER-E|2097152|12|0|20640.0|wide_first_16x,1159860.4477759998,1.097676e+06,1105587.59440655,1.0309499e+06
b9066902-c7f2-48b3-bf6a-1777ed6f3d0f,BUTTER-E|8388608|3|0|4898.0|wide_first_16x,323506.2179799997,317213.25,306640.4001802542,314697.22
b92d17a2-6737-43e9-9fe4-a3e6a4467d46,BUTTER-E|1024|3|0|5300.0|exponential,55535.24393999989,51010.266,49795.182398977544,59835.125
b93ef9ed-7df6-4a0b-872d-1dce540c09c6,BUTTER-E|524288|4|0|5300.0|rectangle_residual,109777.64145599995,115583.24,109850.96287548533,108160.64
b949c0cc-a520-4143-9b54-b0d2944f4534,BUTTER-E|4194304|2|0|67557.0|rectangle,2705016.774168,2.5171132e+06,2060618.8657236646,2.4541845e+06
b95bcbe8-0d2d-4543-8a92-7e1d89077e48,BUTTER-E|8192|7|0|15000.0|wide_first_8x,192735.63626199984,212166.22,208015.40210507246,210265.92
b9624eaf-7ed3-427f-ae86-10a9de965051,BUTTER-E|16777216|20|0|48842.0|rectangle,6601591.936467002,7.7783035e+06,7686393.200143082,8.2274435e+06
b9879bd8-ec3c-43f3-bc77-65230f583fcb,BUTTER-E|8388608|18|0|105908.0|wide_first_2x,9695001.67356,1.0511075e+07,9153456.871272102,1.0955064e+07
b9b79d79-0871-4ff6-8225-796a7603542f,BUTTER-E|64|7|0|3848.0|exponential,53080.56891799992,50006.02,47551.68882194286,50368.15
b9d6a49d-a8d6-4d59-89cc-cda1d133dba5,BUTTER-E|8192|10|0|3188.0|wide_first_4x,56399.64805099981,50931.855,51159.57952167805,46300.89
b9dfda5d-8acd-4d49-bbbb-0090247f2f90,BUTTER-E|1024|9|0|67557.0|wide_first_2x,761097.141432,800039.56,788727.3310776262,817779.6
b9f1bf63-3484-482c-ae1c-2ac5aab39ef3,BUTTER-E|128|12|0|48842.0|wide_first_4x,450182.22774099984,490029.75,487542.29525697394,702638.9
ba00bded-ee45-4c4d-a7a9-f881c86f44a1,BUTTER-E|1024|12|0|3188.0|wide_first_8x,46614.86139399984,50918.55,49959.46316342288,49394.062
ba22ba9e-500c-4036-a100-e815973b2ff7,BUTTER-E|4194304|16|0|48842.0|wide_first_8x,4136378.421404,3.384292e+06,3093886.908997713,3.5386092e+06
ba276e5b-6fb9-47ae-9686-715cb34be216,BUTTER-E|1024|8|0|15000.0|wide_first_16x,161997.43867799974,197372.47,205876.68801117563,167105.92
ba319cc6-7488-472e-a786-721c039649dc,BUTTER-E|262144|7|0|3848.0|rectangle_residual,148719.1475629998,129638.08,126321.95168899206,126579.45
ba398db5-1564-4424-a589-415fc4903fce,BUTTER-E|1024|4|0|15000.0|wide_first_2x,166669.5739439999,143471.2,147654.30916577976,172172.22
ba423642-99d4-41ae-8808-758bd33aae5a,BUTTER-E|8388608|12|0|3848.0|wide_first_16x,386283.58990299975,377433.8,353190.88786651386,397628.22
ba42d8e2-097e-4732-a932-e67ede22007d,BUTTER-E|65536|6|0|6435.0|trapezoid,125356.65888299976,95110.555,90063.95518411486,90294.16
ba618f08-d6a0-48be-8e46-6a48f5fee36f,BUTTER-E|2048|9|0|6435.0|trapezoid,75232.50543399996,89890.25,94139.86734983473,104022.086
ba651afa-cd3e-44eb-8fdd-b39fc6bfb680,BUTTER-E|32768|9|0|4898.0|exponential,105257.73321299988,116882.83,111010.53593122582,85988.086
baa6471c-cf37-484d-97b7-72e1c1edcb83,BUTTER-E|2097152|5|0|48842.0|rectangle_residual,1352280.560768,1.5718404e+06,1374886.5654669744,1.4901655e+06
baa86ebe-4180-424b-a14c-ed8ba1094505,BUTTER-E|8192|4|0|6435.0|wide_first_2x,101454.2698429998,92742.11,102501.0644059107,78987.66
baf96d1b-49aa-4b03-b8db-6071587b80cf,BUTTER-E|8192|12|0|70000.0|rectangle_residual,1327379.6665409997,1.1883726e+06,1038994.9264386368,1.03031394e+06
bb27d405-966f-47fb-a59a-ebed3b8ae42e,BUTTER-E|1048576|2|0|3848.0|rectangle,595843.3028169997,361811.9,832498.4162365478,411623.94
bb29f68e-37c4-435c-abb1-5c9d031dbd26,BUTTER-E|512|9|0|15000.0|trapezoid,225663.249843,212345.38,232031.12905016157,256705.69
bb40f574-9584-445d-9424-70d46ee9bc63,BUTTER-E|32768|7|0|4898.0|wide_first_16x,91292.166423,91113.68,113590.18054584533,57099.168
bb45cfe1-ff77-4540-a2a8-6c5b5be87e32,BUTTER-E|1048576|20|0|12958.0|wide_first_16x,1101192.012292,792011.6,795186.8526187565,815549.0
bb538cb7-dbfc-4cb6-8d86-355191a99521,BUTTER-E|16777216|10|0|4898.0|exponential,505795.6357609996,572371.06,592847.7106986209,589095.6
bb543ec5-5071-412c-9d1c-15b097122acc,BUTTER-E|8388608|10|0|5300.0|wide_first_16x,531810.5606279996,465010.34,481004.3322170729,434357.1
bb558c49-28f5-458e-965d-a4e29bdd3145,BUTTER-E|128|9|0|4898.0|rectangle_residual,79538.24108199988,81184.43,76294.48859298977,73226.64
bb6acad1-69ea-4f06-94d8-7175b16c5834,BUTTER-E|2048|8|0|5300.0|trapezoid,59208.09441899975,65610.17,64126.25040885135,79438.51
bb6d8d21-324d-44ae-ba33-5c0038e3ae83,BUTTER-E|524288|9|0|20640.0|trapezoid,558718.9029649998,592446.75,585713.5621836062,663641.9
bb701347-8a71-4c70-a449-a9efef1e1c6d,BUTTER-E|65536|3|0|67557.0|trapezoid,528243.2023260001,738237.4,714371.0670857844,745039.25
bb8ef8db-4305-4526-86cc-cade55e48d01,BUTTER-E|8192|9|0|3188.0|rectangle,35107.29979199968,42764.4,40591.02857397619,40447.594
bb96009b-d154-4bda-9641-67d645b65085,BUTTER-E|512|2|0|15000.0|rectangle,124562.2860019998,122746.19,122735.09547833656,154064.95
bbaa1f19-ae85-469c-9013-8b5c491209a7,BUTTER-E|1048576|18|0|3188.0|exponential,285363.8747619999,177084.47,182839.2174158044,163794.25
bbc1cd5e-6485-4d7e-bb04-bbd7dcaa59ed,BUTTER-E|131072|7|0|3848.0|wide_first_2x,134491.1175379998,124583.85,136813.81665826702,122186.75
bbd48a06-5886-4c8f-bc50-3ae9c62dd41c,BUTTER-E|131072|6|0|3188.0|wide_first_2x,72700.41367699992,70588.02,70881.16772197958,74444.67
bbdb7690-2c29-45b6-a0cb-c32cb0fa089a,BUTTER-E|131072|10|0|15000.0|exponential,437162.7174849997,387007.28,599313.3591981292,428655.62
bbdd2b2b-ffdd-4605-a056-e1cff89a7a06,BUTTER-E|4096|6|0|20640.0|wide_first_2x,247955.3345279999,226971.77,247034.89675376407,221488.88
bbe2d590-5769-4577-8230-2a3b27730cdd,BUTTER-E|2097152|5|0|3188.0|rectangle,76911.17214099996,78254.29,88316.51170930026,92719.3
bc00603f-736c-4f1e-a6e3-001af9a29e66,BUTTER-E|65536|9|0|20640.0|rectangle_residual,492549.9700999997,502022.34,451322.6975389744,477198.66
bc006d34-7f8c-45cf-8067-033a35d9646e,BUTTER-E|1024|9|0|4898.0|rectangle,53891.37229099972,53659.395,57592.778255661644,50476.055
bc0c24d1-4d5a-414e-bd65-e1451aadf7f2,BUTTER-E|1048576|4|0|105908.0|exponential,1925078.427902,1.9364749e+06,2052258.731491023,2.0057708e+06
bc0c9909-4128-4cfa-a843-ea42e6f64b97,BUTTER-E|4096|16|0|15000.0|rectangle_residual,180019.16718199992,201638.22,187938.40549402812,251022.05
bc0db7a0-045e-410c-ac6f-6e8eb8af099d,BUTTER-E|524288|12|0|48842.0|wide_first_8x,1655509.47935,1.978412e+06,2320191.9820839884,2.119848e+06
bc281f04-f130-451a-accf-708fa9053500,BUTTER-E|262144|8|0|5300.0|rectangle_residual,175125.15585,153161.06,146242.97930550095,141550.28
bc2f6afa-fa5d-4fb9-933d-49556eeb3f00,BUTTER-E|1048576|14|0|70000.0|rectangle_residual,2978206.844626,3.534245e+06,3561343.882687532,3.9071832e+06
bc305d23-a6a7-4f13-8a41-27d371dfb894,BUTTER-E|524288|18|0|12958.0|wide_first_4x,615439.2701949999,709097.2,649490.6025774477,631894.1
bc38dfbf-88b7-4550-8976-6cde4b72b6f3,BUTTER-E|512|2|0|15000.0|rectangle,116786.45608599998,122746.19,122735.09547833656,154064.95
bc56398a-8cc2-45c4-b0e0-269f1e1b6a7a,BUTTER-E|2048|2|0|105908.0|rectangle,796001.1330769999,890615.25,877192.6392350214,913737.6
bc5be92a-55cf-48bd-9c04-6442214ea71b,BUTTER-E|8192|14|0|3848.0|rectangle_residual,61965.28356699996,66426.766,61021.51688415384,66444.06
bc60b5c1-db0f-4b6f-ab4b-4162ffb00593,BUTTER-E|256|6|0|3848.0|rectangle_residual,41680.73399099976,51240.11,50480.51781171294,54912.22
bc6bcfbd-2464-46aa-8495-a4a5eae7650f,BUTTER-E|4096|14|0|15000.0|wide_first_8x,387099.333472,253243.58,288893.9726204762,240946.64
bc6ec3d9-ffb0-408d-ba34-15b3010d7ad0,BUTTER-E|512|10|0|6435.0|wide_first_16x,65017.59786599976,83811.47,69789.9470016828,79547.98
bc751a28-112d-4e85-879a-f35028815348,BUTTER-E|16777216|9|0|12958.0|rectangle_residual,1589347.5287199998,1.6533845e+06,1718595.0609835824,1.6554955e+06
bc7d0ddc-035e-4bbd-890e-6df7ba4b965e,BUTTER-E|65536|9|0|15000.0|exponential,299575.913918,344914.2,424962.28923701815,349785.6
bc91cad5-a67b-4c6f-8efa-524456f59c9f,BUTTER-E|1024|6|0|3188.0|wide_first_4x,42599.72592999973,44073.47,41690.232718292464,41570.496
bc93601b-d54a-4066-9f16-08ec51edaafb,BUTTER-E|8388608|16|0|70000.0|wide_first_8x,5283010.715047,6.4729995e+06,6529687.265666712,6.5980495e+06
bc9e27c9-9860-4433-b8dd-e106b42686ce,BUTTER-E|4096|16|0|3848.0|exponential,88368.12796099967,74037.7,73562.9533002212,64845.28
bcb38b67-2387-4174-b976-d8386d5b0376,BUTTER-E|1024|10|0|3188.0|trapezoid,63461.511603000006,53386.41,50189.38816799589,55334.727
bcbc3a68-39f6-49f1-9b51-d9c7f5e21c01,BUTTER-E|2048|6|0|48842.0|wide_first_16x,668237.715491,450263.1,480810.2037466646,443217.3
bcce89dd-e9ea-491d-a7d6-684ccbff281f,BUTTER-E|524288|18|0|15000.0|wide_first_2x,967633.743636,774959.9,832508.666895678,816419.06
bcd0d3d5-7e3a-441a-9bb6-322a65ee0fb0,BUTTER-E|16384|10|0|67557.0|wide_first_16x,894764.7744679997,881811.25,979183.1690269852,728896.6
bcd38b8d-a40c-4932-935a-649c91f1f537,BUTTER-E|16777216|10|0|12958.0|exponential,1354698.811384,1.566891e+06,1697047.7707489093,1.5021839e+06
bcf0d782-f4f0-43e4-a35e-c71741293b77,BUTTER-E|8388608|5|0|3848.0|exponential,252852.33554999964,287730.28,317227.4988345648,271028.0
bcf3dfd8-b84f-41b6-96ed-3a04e42326fa,BUTTER-E|16777216|2|0|3188.0|rectangle,282308.5677899999,985481.0,3048251.6868840856,515323.28
bd187c62-3aa9-45ca-804a-93807135a652,BUTTER-E|4096|14|0|3188.0|wide_first_4x,64146.83761199988,57004.55,60875.34163347987,49644.17
bd43f12d-1839-4ec1-8176-798112112a39,BUTTER-E|32768|5|0|67557.0|rectangle_residual,1008177.286118,1.0758456e+06,1004665.7115593486,807589.56
bd7e2d8b-a21a-491d-bbe2-f38a18e49f4b,BUTTER-E|4194304|10|0|12958.0|rectangle_residual,799795.688412,743140.3,745992.7791293118,706916.25
bd7f79ef-cd9d-44f9-84e7-c2fc49bb98e9,BUTTER-E|32768|16|0|105908.0|wide_first_2x,3323913.900009,3.4119642e+06,2683217.8839039337,1.9325232e+06
bd89461f-68c0-439a-9615-1a7a14387eef,BUTTER-E|8388608|8|0|3188.0|wide_first_4x,280476.91519799974,264047.16,236502.5741949981,247526.31
bd8ffb37-7b02-4be2-a182-2e887e1b2edc,BUTTER-E|8192|20|0|70000.0|rectangle,1229991.8717899998,1.1688234e+06,1368286.5170168548,1.1958089e+06
bda0f43d-3588-44e4-b38b-6b7c4c06451e,BUTTER-E|16384|18|0|20640.0|trapezoid,897258.953087,518645.34,474228.86246784875,421781.38
bda39904-7b64-4cea-94a1-50be37dda1dc,BUTTER-E|131072|16|0|4898.0|wide_first_8x,241266.10407399968,223794.33,256374.35235434634,246795.38
bdcf89ab-3d23-42d3-9876-f99312821e0f,BUTTER-E|65536|2|0|70000.0|rectangle,752777.4119639997,706579.25,689473.2597314807,713926.44
be0bb5bb-7f29-4e65-87db-81f52bcb310d,BUTTER-E|512|20|0|4898.0|rectangle_residual,138006.35019799994,119594.98,120022.29415294525,98233.75
be15c795-1abd-4161-ac2b-434e8c5acf55,BUTTER-E|2097152|6|0|3188.0|wide_first_2x,113401.50841599984,112752.19,107824.92536185462,112028.8
be17bf88-ed3f-4200-8121-407b5caa8b7f,BUTTER-E|4096|14|0|12958.0|wide_first_8x,278119.01632,215088.31,281400.94673560007,187635.25
be3f033a-dea9-43cf-9eb4-71dbb04bc09d,BUTTER-E|131072|10|0|105908.0|trapezoid,2593081.706681,2.916357e+06,3153073.407239489,2.7147348e+06
be55f7e7-74b0-4478-82c9-5777befcd960,BUTTER-E|8192|16|0|67557.0|wide_first_4x,871869.7277739997,930334.4,968133.8885789926,1.04451394e+06
be56d9de-eac5-4ca0-94c5-5c38805f6b32,BUTTER-E|65536|8|0|5300.0|rectangle_residual,132907.0846669999,140151.81,134644.8795247736,125129.92
be5884cb-ecc8-44c0-a461-3175df8bdccb,BUTTER-E|131072|5|0|4898.0|rectangle_residual,107705.96232799967,107789.01,106352.59421309401,104114.09
be618986-147c-4a2d-b796-cef3cb7990a7,BUTTER-E|2097152|12|0|20640.0|rectangle,934845.725686,988887.2,1042895.602663065,956581.2
be7a0340-b357-4be1-bf96-36d966d572a3,BUTTER-E|1048576|20|0|6435.0|trapezoid,308482.208455,400814.16,372640.19712276006,401618.44
be9efc87-8150-4ae5-ac30-05477cc74d39,BUTTER-E|2097152|6|0|4898.0|wide_first_8x,166468.51530299988,196510.75,203129.6480346068,203628.64
beb36d87-bc64-400f-9ddb-5382f7a2704a,BUTTER-E|2097152|18|0|15000.0|wide_first_2x,866318.433645,956416.06,989722.4947991937,1.0288185e+06
beb74f46-9297-4a31-8a01-4aacabfb9bbc,BUTTER-E|131072|18|0|15000.0|wide_first_16x,1009001.72176,696649.1,798661.973667683,696829.2
bedf6dde-5cdb-4d24-a263-65b597362b17,BUTTER-E|512|2|0|67557.0|rectangle,542095.5970739998,516597.22,507815.90353909874,549734.06
bee9698a-26f3-482a-8c25-a312a661f0f9,BUTTER-E|4096|8|0|4898.0|rectangle,54359.131021999805,47531.45,47228.05322645917,49176.016
bef01890-d3a3-4a15-bfa8-494700c2d33a,BUTTER-E|256|5|0|6435.0|rectangle_residual,84252.71939999977,81486.63,91461.91944656872,80835.07
bef0c142-42e2-4f91-83bc-2eb3cad04aa0,BUTTER-E|65536|8|0|48842.0|rectangle,625093.994416,743034.0,667791.5803665674,731743.9
bef923b5-e18e-49a1-9874-32bdf677c172,BUTTER-E|16384|20|0|105908.0|rectangle,1617872.6950260005,1.7867225e+06,1649743.1224070957,2.0347745e+06
bf0f917f-f0b1-48bf-9645-a0df996607b1,BUTTER-E|1048576|5|0|67557.0|wide_first_2x,1606033.5440079996,1.5051852e+06,1702466.5442086158,1.4680436e+06
bf106d45-bf76-4d48-b6e9-27093a284206,BUTTER-E|16777216|8|0|6435.0|wide_first_4x,778674.4010780001,806952.06,910457.1823214949,771327.06
bf10a2c6-096b-494e-9153-3e5b96fe3891,BUTTER-E|1048576|12|0|15000.0|rectangle,573380.3292,589196.2,593310.7253837878,575987.25
bf1a664c-db7e-4e07-a4c9-b542117145be,BUTTER-E|32768|7|0|20640.0|trapezoid,319471.428861,346516.53,355379.273593124,280948.16
bf1a76b7-f395-4ead-8b0f-1f15b5aab75e,BUTTER-E|262144|8|0|48842.0|wide_first_16x,1567282.801292,1.2291009e+06,1078978.0441148796,1.236759e+06
bf20c02b-b545-4a8b-abd3-c9c9fb2c4f0c,BUTTER-E|262144|16|0|67557.0|wide_first_8x,2494453.526211,2.8435528e+06,3124090.9379617264,2.968983e+06
bf23dc6b-5065-4700-8dcf-069dc9912c75,BUTTER-E|524288|10|0|15000.0|rectangle,328276.08323399985,325167.12,342248.66443292453,388735.12
bf2527b2-6ff6-4f04-acba-7fa11a7aad87,BUTTER-E|16777216|10|0|6435.0|rectangle_residual,894648.7744319999,880811.94,913729.6059525595,837748.56
bf32e382-01e0-4012-b31e-150df4f89afa,BUTTER-E|524288|8|0|67557.0|trapezoid,1719132.353652,1.6890218e+06,1827116.07257726,1.7795802e+06
bf526179-efed-490f-8180-c8f722c7196d,BUTTER-E|16777216|18|0|15000.0|wide_first_16x,1903195.5157850003,2.3907055e+06,2554206.249941094,2.35365e+06
bf57ef3f-1c9c-4b05-aaca-be0ce562c2b6,BUTTER-E|128|20|0|6435.0|wide_first_16x,74490.26406699995,72580.53,78564.0128510208,90604.69
bf67d9dc-7583-4099-9967-46e6ef429564,BUTTER-E|16384|12|0|6435.0|rectangle,167519.72096699977,130989.22,152096.04734956656,95327.13
bf6e1109-92d2-4038-9ec6-6eabfbe8abf9,BUTTER-E|8388608|20|0|70000.0|rectangle_residual,7544890.501138,7.77315e+06,7106488.06215804,7.6962735e+06
bf6fe828-ab06-4e02-a46b-83a9298cd4e6,BUTTER-E|262144|2|0|12958.0|rectangle,233484.2180699998,209284.44,200661.66792485773,255557.88
bf83a37b-8d05-41a3-b214-f600cf14fb7a,BUTTER-E|262144|6|0|3188.0|rectangle,56733.0594479998,54982.125,59266.378187115195,54870.08
bfa37f2d-3976-4a2c-9f35-cf64918cc321,BUTTER-E|1048576|16|0|67557.0|wide_first_16x,3022907.731988,3.1140088e+06,4104259.3372283704,3.3742532e+06
bfad7a43-75fa-4ab9-9883-9606b95b5a57,BUTTER-E|262144|18|0|105908.0|rectangle_residual,4330281.8380700005,5.993538e+06,4993190.07875713,5.9394595e+06
bfb1df52-01cc-42b4-bbbc-02a5cd07cd57,BUTTER-E|2097152|8|0|20640.0|wide_first_2x,718146.3980999999,790304.94,967629.6954356936,788353.0
bfb58ba4-1455-4ed6-9486-ac35518173cb,BUTTER-E|1024|10|0|67557.0|wide_first_4x,1168081.6880279998,871538.7,850476.6488566069,871353.3
bfbce925-6ff0-478b-b254-9b8986ed9e5a,BUTTER-E|32768|10|0|3848.0|trapezoid,123216.36379399982,120655.35,133532.13229267937,86625.49
bfc72dcd-73f7-4cb1-8553-ee0af791266c,BUTTER-E|2048|10|0|12958.0|wide_first_16x,222032.641117,183261.05,191589.26597643679,135396.02
bfe1816b-02b4-4450-b2be-4d9731db2ea6,BUTTER-E|32|2|0|5300.0|rectangle,48553.296889999685,52271.78,43195.89432658483,66847.02
bfe388b2-d6ed-4923-94a1-931199e49554,BUTTER-E|16384|7|0|3848.0|exponential,65937.96464799995,75192.88,75745.65948541144,52762.766
bff49fa7-f3a1-4210-83d0-885dde1787db,BUTTER-E|16777216|8|0|15000.0|wide_first_8x,1838696.750487,1.8652402e+06,1868279.659546133,2.085606e+06
bffe08bd-35db-411b-b71b-f00a4219880f,BUTTER-E|512|8|0|6435.0|trapezoid,88542.314919,92511.29,89962.47780577709,91940.2
bfff4803-7fe1-4b76-9a1a-e28196d5f6d3,BUTTER-E|512|9|0|67557.0|rectangle_residual,757961.029426,845722.94,784023.5320478943,870927.1
c02070a2-c326-44f9-9f7f-50c6df005536,BUTTER-E|65536|7|0|20640.0|wide_first_8x,474333.9563800001,449505.4,445024.99412162724,494727.28
c025587c-3c43-46cf-8378-56d87513f766,BUTTER-E|128|16|0|20640.0|rectangle,803001.4953239999,327354.2,349779.8444929508,306448.34
c028344c-0898-47d3-9b64-96eebf42ac22,BUTTER-E|1048576|4|0|105908.0|wide_first_2x,2086479.551911,2.0793242e+06,2020466.7528454284,2.1917518e+06
c031e960-708e-4efb-91a6-aa1007764d9c,BUTTER-E|512|12|0|15000.0|rectangle_residual,255578.49512199973,264024.97,273954.4814915528,242991.4
c03e3271-bf16-4f5d-89b7-32ed93c6d3f9,BUTTER-E|131072|9|0|48842.0|trapezoid,1200791.993439,1.1645686e+06,1239451.2668889323,1.2563454e+06
c042a7aa-007d-48f0-86ae-b512b6bb7fe3,BUTTER-E|8192|2|0|67557.0|rectangle,721472.2303199999,587965.8,596757.5865571348,569065.7
c0469276-81c7-45a5-af19-7446eceefed7,BUTTER-E|128|12|0|3848.0|trapezoid,54534.392703,69291.93,71036.25735460293,65612.17
c04ca376-8457-4bee-968a-6625442f23de,BUTTER-E|64|16|0|20640.0|wide_first_16x,199428.1965099997,225900.67,209589.38702890315,249909.89
c0572a36-8e55-47f0-8652-af88172c0096,BUTTER-E|16384|20|0|4898.0|wide_first_2x,93224.98477899971,114713.29,145460.68558001064,115593.164
c06c44ac-146a-4665-aa47-41582c9223d3,BUTTER-E|1024|3|0|105908.0|wide_first_16x,844836.4332789998,855085.94,890854.6600632549,883451.8
c06e33a1-1d4b-462b-8b37-fa311269c11a,BUTTER-E|2097152|2|0|6435.0|rectangle,313744.959198,327881.6,448028.11086600716,359513.6
c07755c0-70dd-42e8-845b-a3c405bfe4c0,BUTTER-E|4096|8|0|48842.0|trapezoid,488750.6213640001,567170.44,636803.4617819688,675343.0
c089df79-7161-4f7b-8356-a1718fc663f7,BUTTER-E|1024|6|0|5300.0|wide_first_16x,61224.60448799964,60195.77,61718.28807744135,54792.32
c0af3afc-8688-4a2e-852f-85c34c894107,BUTTER-E|16777216|4|0|6435.0|rectangle,533093.7316619998,500167.7,590734.9813792335,594811.44
c0b12b06-4d2f-4bcd-a4ec-74f1463eb3d0,BUTTER-E|16384|4|0|3188.0|wide_first_16x,47323.40672399976,43599.926,45902.35630563965,36275.87
c0b82749-326d-48c1-bf2a-2457386e606e,BUTTER-E|131072|14|0|12958.0|trapezoid,535104.0474319998,492916.03,527853.4717774427,518060.03
c0c06311-e27f-433c-85a8-bc37d4121244,BUTTER-E|16777216|12|0|15000.0|wide_first_2x,2069441.990013,1.9364418e+06,1866390.2661489882,2.1570188e+06
c0c36ed3-b12c-4a1c-aa66-b8f3a79af523,BUTTER-E|16384|6|0|3188.0|trapezoid,56812.946832,46590.4,47838.77571710753,49728.043
c0d0ac83-6aac-4de8-95f2-11d609845908,BUTTER-E|2097152|2|0|48842.0|rectangle,1435377.046251,1.4306106e+06,1066521.029214345,1.5622595e+06
c0dc9eae-c4ad-489c-bbf5-08009ea6f2e5,BUTTER-E|8192|8|0|3848.0|wide_first_16x,51585.39075699973,60704.65,63055.78269932084,46559.883
c1049329-3227-4964-8caf-3149767bc70f,BUTTER-E|8192|18|0|67557.0|wide_first_8x,1599568.518701,1.01343825e+06,1067777.59311049,1.0826056e+06
c1068928-b160-4b7b-acfe-03097fe944b9,BUTTER-E|131072|3|0|4898.0|exponential,86011.54800199992,81251.89,92024.29079974952,80855.58
c10b9264-ea88-4554-bda5-09393387c417,BUTTER-E|32768|8|0|4898.0|exponential,98671.29960999996,107491.2,103339.33129680331,79461.92
c10bc5ee-3eee-401a-a597-1747faeaf5b8,BUTTER-E|16384|14|0|3848.0|wide_first_2x,139708.06820499996,122456.11,154127.29999518034,75354.98
c1292a79-d50d-4eaf-a752-27cb6e5fab66,BUTTER-E|16777216|12|0|4898.0|wide_first_16x,637258.759128,674020.75,622921.4218817975,698272.1
c129d48d-5602-48c8-819d-84c4c6e02adb,BUTTER-E|512|5|0|105908.0|rectangle,685757.95578,774038.1,713687.6658318564,905757.44
c12a06d6-8832-4b1c-8012-9952e4021d63,BUTTER-E|524288|5|0|20640.0|wide_first_2x,477966.227296,454191.16,398749.4164782879,404428.8
c12aff1f-c0b5-4b01-9b22-375d6072784d,BUTTER-E|4096|12|0|3188.0|wide_first_2x,55537.21620299989,57811.156,67365.33737466583,53756.508
c1361df9-f8c5-4019-a4a0-a4a9f9a9fd3b,BUTTER-E|1024|4|0|48842.0|wide_first_16x,366339.95995299984,389449.78,438868.957774837,411528.97
c1436c5d-3271-4cfb-aece-19a4a2eb435d,BUTTER-E|262144|2|0|5300.0|rectangle,274598.2776839998,174133.8,175770.550853382,321418.97
c15227ba-25cd-4860-ac30-2097057c9c3b,BUTTER-E|8388608|18|0|4898.0|wide_first_4x,591638.260185,524509.8,545799.6299230668,493088.56
c15c6c61-6d6b-4429-998e-20cfa02cbb75,BUTTER-E|4194304|10|0|70000.0|wide_first_2x,3619027.567591,3.6112662e+06,3442550.1159510356,3.6762952e+06
c186e910-2dd2-402f-a8d0-194155a1ad82,BUTTER-E|8192|14|0|6435.0|rectangle,79384.83143899968,95085.07,77712.90762745112,104779.78
c1903322-5271-44be-a8a7-63ed8930b0c6,BUTTER-E|2048|5|0|67557.0|wide_first_4x,640306.3297449999,726166.4,718891.3576251861,707414.0
c199811f-ee31-4c24-97d9-524f833a9bef,BUTTER-E|8192|12|0|6435.0|wide_first_4x,94162.001634,102070.24,104539.0185637308,100611.95
c19ecec5-9ea8-4614-a99b-7b60dcd4cae7,BUTTER-E|256|16|0|67557.0|wide_first_2x,730854.6116639997,1.0164204e+06,819804.2308776693,1.174624e+06
c1b3ae86-aad6-4bb0-b172-36d32ad995e6,BUTTER-E|2048|20|0|5300.0|wide_first_4x,130821.59277599976,119832.56,137575.0622838978,97631.71
c1bc2390-d4ea-4fbb-8e54-1dc9ad972d33,BUTTER-E|128|5|0|20640.0|wide_first_2x,229620.07135299983,185986.95,201067.34836558904,212760.72
c1cddf4c-f1c5-43c2-865d-51a6e7141825,BUTTER-E|32768|14|0|48842.0|rectangle_residual,1712615.599725,1.5272782e+06,1383229.5890099602,910447.9
c1cf5572-57bc-4de3-9d98-70577908cfa9,BUTTER-E|2048|7|0|15000.0|rectangle,102983.2535989998,121033.59,120454.70252944589,139726.36
c1e14bac-c74b-4feb-93fe-8c240ffb9093,BUTTER-E|32768|9|0|15000.0|trapezoid,299146.9955479999,342091.7,329668.58116660395,345679.16
c1fb485b-dac9-4d73-811b-423b98c2f74a,BUTTER-E|4096|10|0|67557.0|wide_first_16x,1191331.4885199997,841402.06,801766.4951585028,708549.6
c20f2e28-9199-4139-b442-af6d828957b5,BUTTER-E|262144|12|0|105908.0|wide_first_2x,3046381.57005,3.5387172e+06,3393055.581300006,3.9047212e+06
c2209050-0ed4-47d5-be75-c3868fb16a2e,BUTTER-E|4096|16|0|5300.0|wide_first_2x,63166.15517199984,80461.12,68741.46669633359,87010.0
c226a72f-a98b-40c4-9942-a3f45faeebd5,BUTTER-E|524288|7|0|3188.0|wide_first_2x,82459.30626399996,92633.12,95650.87376758568,92233.79
c23005d7-3b93-4e49-b3a6-8c190e71e954,BUTTER-E|32768|6|0|5300.0|rectangle_residual,125208.47161399967,114419.38,103740.30598152267,73105.79
c232f484-4847-4136-ae51-6288819d57c7,BUTTER-E|262144|14|0|12958.0|wide_first_8x,449057.528091,539767.94,595930.8103802468,546862.3
c23a7a54-8179-498b-bd62-a6636295b78b,BUTTER-E|8388608|18|0|67557.0|rectangle_residual,7195518.978939,7.0875705e+06,6930503.36395001,6.8622605e+06
c260c2dc-84ef-4cbd-8e64-150c9bc18110,BUTTER-E|8388608|5|0|48842.0|rectangle_residual,3044077.544486,3.2795958e+06,3148780.299368791,3.1861805e+06
c26a3b53-5813-4c8a-bdb1-26bf4cc7fd74,BUTTER-E|524288|16|0|67557.0|wide_first_2x,2859348.943406,3.135306e+06,3221059.989669755,3.1767445e+06
c26c4e76-762c-4c85-b558-1fc572b44bb9,BUTTER-E|4096|9|0|20640.0|trapezoid,278821.31461099995,254293.19,243839.1233452454,277049.94
c2738fff-c72d-482d-b5d4-a3bbb709522e,BUTTER-E|8192|10|0|5300.0|rectangle_residual,76858.71900999984,90959.055,95438.78155034581,77336.69
c28f70fd-8808-4b9e-b1c1-90cf2615ca9b,BUTTER-E|4096|3|0|12958.0|wide_first_4x,147852.10944499966,145939.6,145324.00870942927,125080.766
c29e0998-3954-4c90-ab65-3d56f55c2e95,BUTTER-E|524288|2|0|5300.0|rectangle,548987.670022,230456.61,483159.8792816555,554704.44
c29e63d3-5274-4d30-bf13-532bd519b4a1,BUTTER-E|16384|18|0|5300.0|trapezoid,142330.3566439997,124126.31,143189.7220568025,103470.79
c2b23d38-70a6-4c36-ae9e-f7df8d9ea527,BUTTER-E|64|14|0|6435.0|wide_first_4x,73467.41769699985,72406.31,76889.68963868397,98498.1
c2c74a05-50fc-41f1-8f8c-8d83b00c6eb9,BUTTER-E|8192|8|0|105908.0|wide_first_2x,1020303.4855379998,1.3095034e+06,1091436.477934447,1.3565276e+06
c2d5c3af-8b8a-4606-b566-6695bbfa3daf,BUTTER-E|1048576|4|0|70000.0|exponential,1137013.5693289996,1.2344164e+06,1243420.283512991,1.3650786e+06
c2f52dac-e80e-4d5f-8421-34d5452262de,BUTTER-E|1024|5|0|5300.0|wide_first_2x,51188.73403199983,55519.582,49757.837597341095,65141.875
c33315ce-4cf5-48e6-a72f-05b7437d830f,BUTTER-E|16384|4|0|3188.0|trapezoid,45701.95423199976,38858.32,36174.4852502371,39295.203
c33a1cce-e8e6-4df7-bb01-6cd76a64627f,BUTTER-E|524288|18|0|48842.0|exponential,1716929.859055,1.5184582e+06,1627341.6033858778,1.6806231e+06
c3411e92-4eac-40ef-909f-cc3ab692684e,BUTTER-E|512|18|0|20640.0|wide_first_8x,529820.9739919998,309829.22,326114.2704955017,325642.88
c34f034d-b69c-409a-a001-7abd67e881d3,BUTTER-E|128|9|0|67557.0|wide_first_16x,601215.7531039999,599793.44,629784.8638457326,679708.3
c375b7dd-8b41-4522-99f3-81cf9aff3bbb,BUTTER-E|512|5|0|15000.0|rectangle_residual,201332.407127,165312.23,184500.1561974867,181440.11
c38bb2f7-b9e0-4ebc-a531-5277d9d226f9,BUTTER-E|16777216|5|0|3848.0|wide_first_2x,402017.2828859999,417630.7,408225.6829121496,420841.2
c395a106-9d59-43cb-aac6-278b06f82b60,BUTTER-E|16384|7|0|12958.0|rectangle_residual,372970.682509,266112.25,238412.4416533843,169850.98
c3969e66-6e76-4728-a90c-09df3b39e82a,BUTTER-E|524288|5|0|6435.0|wide_first_16x,141498.711621,143408.28,147087.74164954622,145853.61
c3972a61-00cf-4bff-9eda-5125a8e70c0d,BUTTER-E|65536|9|0|20640.0|wide_first_16x,531185.78336,481115.25,467267.0723960074,245414.14
c3ad5b11-84c3-49e5-bd77-2f60c910685d,BUTTER-E|1024|7|0|3188.0|wide_first_8x,40191.31266699996,45023.066,41301.35041652763,44319.414
c3b98205-aa2f-47d3-8079-91d88e2dcda7,BUTTER-E|2097152|2|0|48842.0|rectangle,1132643.116852,1.4306106e+06,1066521.029214345,1.5622595e+06
c3d71107-4aef-480f-b784-9f512011fd01,BUTTER-E|16777216|5|0|4898.0|wide_first_4x,549866.7339199999,548830.44,545964.0052510775,500978.75
c415f5c8-14d1-43d6-82b5-6e83ddf96cbb,BUTTER-E|16384|20|0|20640.0|wide_first_8x,392809.1391699999,458607.7,393800.1595575904,479391.3
c43f8779-3edb-4b0e-b30c-f4594d4159a2,BUTTER-E|32768|7|0|20640.0|rectangle_residual,377535.76865699975,417142.66,418489.992809262,270660.2
c448b0d0-8cae-41f9-9841-9b7c055731af,BUTTER-E|262144|5|0|105908.0|wide_first_4x,1799428.4577739998,1.9086302e+06,1851803.9507913776,1.987821e+06
c45cf810-7011-4c30-b0a1-8d4d0d635f6a,BUTTER-E|256|5|0|5300.0|exponential,52658.79860499984,59994.203,60266.88470856871,60725.15
c460a867-231b-4a09-a626-7161cefcfe70,BUTTER-E|8192|8|0|105908.0|exponential,1442318.790766,1.385222e+06,1240226.7029351387,1.3899808e+06
c46edeba-3e0e-4fa1-a9dd-e1c19e8a92a9,BUTTER-E|16777216|14|0|12958.0|exponential,1409542.6851099995,1.7962661e+06,2015530.5334027493,1.860715e+06
c47308e8-5dc9-4ae6-864e-465ebf85e760,BUTTER-E|524288|12|0|3848.0|rectangle,171787.4358769998,192586.4,185581.44825128507,157975.03
c4a5c381-6788-4107-89d4-a09a01ed601a,BUTTER-E|262144|5|0|67557.0|wide_first_16x,1053929.8652479998,1.1520069e+06,1006009.174559757,1.1902906e+06
c4aa5671-91d7-4ad8-9d8d-9717b197a4a9,BUTTER-E|262144|5|0|15000.0|exponential,251949.5488379999,260848.97,299695.59433972306,283166.25
c4dabf9c-0029-4177-8e97-228d08af86b3,BUTTER-E|16777216|3|0|70000.0|exponential,5061027.690318,6.568385e+06,5965080.493178647,6.169897e+06
c4dbeb08-dca0-4a11-a058-5a7c1dea6f37,BUTTER-E|1048576|5|0|3848.0|wide_first_2x,108287.16347399975,119100.43,116832.85266368062,129657.125
c4f234b8-fd71-411f-857c-8cee910b1cb9,BUTTER-E|8192|18|0|6435.0|wide_first_8x,98776.43645799995,109478.414,114091.692102527,103117.83
c4f3ae89-5dd6-40e6-8092-e4795d918c18,BUTTER-E|65536|6|0|105908.0|exponential,1551873.056175,1.562109e+06,1694609.309353224,1.4455594e+06
c4f63839-f530-40b6-86f9-335e84f618ca,BUTTER-E|1048576|10|0|4898.0|trapezoid,202611.92013,187134.7,208874.13127334035,207889.39
c4f805a2-b6a0-453c-bf50-d21cbc7e28d3,BUTTER-E|262144|16|0|15000.0|wide_first_4x,806495.3464939999,666843.8,679073.792853909,626985.6
c519f59f-55e6-480c-b012-7f1c396b09bd,BUTTER-E|128|16|0|3848.0|wide_first_4x,149243.0541949998,69153.164,62418.45876926183,60129.21
c5310efa-7537-4d8d-bf20-f21953b770d2,BUTTER-E|8388608|14|0|6435.0|wide_first_16x,818013.463804,632172.56,625212.6955779112,590346.4
c5711a13-619a-4fbf-96ef-a6dfbb2c663f,BUTTER-E|512|16|0|5300.0|wide_first_8x,79570.92357599977,92869.38,97810.07401488318,74038.69
c57a323a-1865-4bf2-b873-47a8aeb27f80,BUTTER-E|262144|4|0|3848.0|wide_first_4x,97711.08355899972,90689.93,85003.92100948993,77601.4
c581eaf3-d66a-4a09-a4bc-1a07abb26ffa,BUTTER-E|8192|12|0|5300.0|wide_first_4x,117457.18769999988,88537.05,81161.12170734825,86361.695
c58ccf04-a638-44d3-892d-2d9fa0f96f92,BUTTER-E|4194304|16|0|15000.0|rectangle_residual,1208096.8324619995,1.086651e+06,1176621.4458876941,1.1738928e+06
c59c9b4d-9981-4079-8011-7f72bd83bbdb,BUTTER-E|2097152|8|0|67557.0|trapezoid,2244178.145298,2.3869122e+06,2376469.874356713,2.4162718e+06
c5a7ebba-1762-487e-81c7-f2e7b0c8eeb4,BUTTER-E|65536|10|0|105908.0|exponential,2068355.293796,2.2957668e+06,2861279.350284242,2.1038268e+06
c5ccbb49-380e-45ef-9f7f-b5cc7afbb2e3,BUTTER-E|524288|8|0|48842.0|rectangle_residual,1161465.8624999998,1.4857509e+06,1476636.3831310223,1.5373496e+06
c608d064-cb31-4b67-86cd-6da7fc92d721,BUTTER-E|1024|4|0|3188.0|exponential,51710.99839799968,42487.758,45861.94449231938,42909.55
c60ca6ff-1a7b-460f-882b-849875ad3df0,BUTTER-E|262144|18|0|70000.0|rectangle,2556800.623131,3.0824145e+06,3652478.129187492,3.4743918e+06
c616efa7-f2b0-4826-a398-e6a8a97325ec,BUTTER-E|2097152|2|0|70000.0|rectangle,1201529.052729,1.5402789e+06,1452997.5075593526,1.2413935e+06
c6351f3d-e3d9-4657-8336-ebf720ba5915,BUTTER-E|1024|10|0|15000.0|trapezoid,254239.623642,217624.95,232389.89314782812,261425.98
c6592f94-bc81-458e-bb3a-9b1c3434a3d9,BUTTER-E|131072|6|0|5300.0|rectangle,124782.02873399986,84409.07,79943.91108137672,80125.414
c6653502-11e7-4ba0-bcdd-60cd007b1182,BUTTER-E|1048576|10|0|48842.0|trapezoid,1758503.2661099995,1.7674886e+06,1692573.9484707895,1.7099062e+06
c668e5cc-20e0-45b6-86b7-48534c4e9711,BUTTER-E|16777216|5|0|6435.0|wide_first_2x,697994.9348819997,689345.7,662344.8581445005,700934.2
c66abfb6-81d9-47d7-aa3c-c65f2408a918,BUTTER-E|512|8|0|20640.0|rectangle,172103.31365699988,181302.61,162971.39229213563,190947.95
c6715cc4-9f16-4910-81f2-2f5d349f1447,BUTTER-E|8192|8|0|4898.0|rectangle,61842.13865599969,59298.18,68812.16229815969,50542.195
c6731042-1581-459e-b0f4-ca4014d0c191,BUTTER-E|131072|9|0|12958.0|trapezoid,441785.591158,333263.56,327016.84860771545,346490.75
c693200e-b91e-4f80-9ac3-f65a1f6e09ce,BUTTER-E|1048576|18|0|70000.0|rectangle,3684925.816801,3.5622975e+06,3496574.6634964207,4.043555e+06
c6b37b76-4d6f-4c1c-a014-e4a2579d431a,BUTTER-E|131072|16|0|15000.0|rectangle_residual,736710.6447969998,640637.25,540819.5119811405,670134.06
c6f8ca22-9e62-474b-a34b-7a8df223bfd9,BUTTER-E|16777216|16|0|3848.0|rectangle,572735.3478959999,541882.06,543843.5818388879,597822.7
c6fbdeaa-4f22-4934-88a6-e7142416534a,BUTTER-E|262144|16|0|20640.0|wide_first_8x,1752923.941564,926052.7,940997.7973401106,1.0261943e+06
c7034689-c97c-4f06-8244-08315dd089df,BUTTER-E|256|16|0|15000.0|wide_first_8x,168247.75766099975,212545.75,196043.05567217892,249303.83
c70d3969-a2af-4e11-a4e4-87b90048b5e9,BUTTER-E|1048576|6|0|3188.0|wide_first_16x,81073.36778799996,94775.805,90416.46535305337,91148.79
c710cf3d-a2ca-420d-a295-fcecb10168ea,BUTTER-E|256|12|0|12958.0|wide_first_8x,127592.98923099996,165345.03,163861.42429077896,179594.62
c715af57-36c6-46ac-b2b3-eb16b10beae0,BUTTER-E|262144|20|0|3188.0|trapezoid,188261.625451,155364.7,184876.86716167015,166548.75
c721045a-9617-451e-919d-e2bf7c063cff,BUTTER-E|1024|16|0|5300.0|rectangle,76732.50886499988,93389.84,94299.5316736771,75831.08
c73ad052-e132-4045-a481-68ed46c134bb,BUTTER-E|131072|18|0|3188.0|rectangle,177109.16611199977,139281.33,141929.55248754562,144305.94
c746ff15-804e-43d6-a1a6-57a1f10963b9,BUTTER-E|131072|14|0|3848.0|wide_first_4x,239462.087841,201743.81,229457.38132613883,193710.6
c749dc2e-716b-4ef1-8a10-534ee18d57f5,BUTTER-E|1024|2|0|6435.0|rectangle,52708.09410099972,57243.33,53823.41738443018,68976.31
c7520b44-6898-4a4f-bf5d-f1aefdb9cd44,BUTTER-E|2097152|2|0|48842.0|rectangle,1745028.5961789994,1.4306106e+06,1066521.029214345,1.5622595e+06
c755b044-93bd-4a1f-b4f3-fdb3fadd7523,BUTTER-E|524288|6|0|48842.0|wide_first_16x,1060065.0102779998,1.0914224e+06,972420.6946559548,1.0773364e+06
c757e709-18f9-43c9-b269-ca12c1f416a5,BUTTER-E|32768|9|0|6435.0|wide_first_2x,178911.73113699962,174659.2,177323.00464596786,122299.13
c75d5199-f731-46c8-abf3-bb1fed126a76,BUTTER-E|4096|4|0|6435.0|exponential,85064.74463199996,86784.414,93254.2589218699,76770.78
c76f8a69-e859-4c11-b8c7-208ab0be468c,BUTTER-E|32768|12|0|105908.0|rectangle,2834210.703214,2.6058022e+06,2763060.871917126,2.345346e+06
c77b9cfc-a48d-433b-b2ff-90555937d1f1,BUTTER-E|4194304|20|0|15000.0|wide_first_16x,1204043.770533,1.3812198e+06,1486671.1458146893,1.4235635e+06
c77c96f8-f54a-4fe5-8bca-0c2878a5ccef,BUTTER-E|65536|3|0|70000.0|wide_first_8x,829223.0103389998,763473.7,844571.6213758345,739911.3
c78557f9-714f-49e2-bf3f-929fd6bbf1c0,BUTTER-E|2048|2|0|105908.0|rectangle,883565.614576,890615.25,877192.6392350214,913737.6
c7910369-fb3a-4f61-894e-31d8e9fa0939,BUTTER-E|65536|12|0|3188.0|wide_first_16x,57472.46296899984,64558.105,52879.18603633235,46870.188
c79174d3-2e0a-470d-9e01-43fddee1254d,BUTTER-E|131072|20|0|5300.0|wide_first_2x,464453.2078669998,319884.16,275471.8212377104,278382.4
c7a5cacf-0b73-42c8-98c7-5b1a29879a96,BUTTER-E|2048|2|0|3848.0|rectangle,49597.49525499972,49848.84,46579.9902302325,49774.637
c7a9fb0a-6185-47a2-8f75-0b930094bc2c,BUTTER-E|524288|16|0|48842.0|exponential,1986664.455007,1.5276482e+06,1619857.0230269213,1.611791e+06
c7b4bf8e-e63b-4b98-baa7-bdc6b2c5468c,BUTTER-E|8192|9|0|3848.0|exponential,80918.60325,71584.99,66746.15915843024,54278.566
c7bdd9a4-ecc2-4d31-bee6-0e9f4b52a618,BUTTER-E|64|9|0|15000.0|wide_first_2x,170254.57722999982,160690.52,170192.19418571002,215827.61
c7c5f0c1-925b-4f03-b5c5-ae4d8fde8639,BUTTER-E|131072|9|0|4898.0|wide_first_8x,134607.97627599997,153392.17,144029.70940177434,147036.83
c7c96226-76f2-49d7-bf10-4648adc017ff,BUTTER-E|1048576|10|0|3188.0|wide_first_2x,116787.0354409998,128598.555,125766.4767611169,137019.61
c7e4d689-bc57-41ee-afde-0d195c543bd7,BUTTER-E|4096|14|0|70000.0|rectangle_residual,1144829.2567269998,1.1688468e+06,1257890.5695039812,1.0850149e+06
c7ea450f-f5bd-4cd4-b9db-8bb2e14f02c8,BUTTER-E|4194304|5|0|67557.0|exponential,2576275.591118,2.5981025e+06,2621202.6755417534,2.5657112e+06
c80c054e-821b-4740-a3cc-2f2f1377b417,BUTTER-E|32768|20|0|48842.0|wide_first_8x,873078.321621,1.3559326e+06,1043341.8585533348,914402.75
c816a214-2d08-415b-8d5f-4271bf08c5fb,BUTTER-E|4194304|6|0|48842.0|rectangle_residual,2262774.353604,2.3281488e+06,2084769.736748611,2.305838e+06
c81d3a9d-ad91-47e3-b2a5-c35849ab5f1b,BUTTER-E|128|6|0|5300.0|wide_first_16x,55308.31331299992,54777.53,57273.116465749255,54680.92
c8415a39-7ead-4f86-8e56-bdfe7b38b30f,BUTTER-E|32768|7|0|48842.0|exponential,653264.4911769998,696936.9,718605.3390372334,730529.94
c8417ba7-c0c6-4c92-8965-bf02851f16b8,BUTTER-E|8192|8|0|5300.0|rectangle_residual,156971.7671499997,96274.664,136893.5371937983,69404.56
c84e6678-65db-4457-9190-5a7bf0a62173,BUTTER-E|4194304|16|0|3188.0|wide_first_8x,231664.64974699973,233435.72,220115.4619386707,252690.39
c84ee640-3398-48b3-b7d8-6b217b4cd227,BUTTER-E|64|16|0|20640.0|wide_first_4x,273516.7955869998,244649.77,232907.63892139753,293520.28
c8555e9f-ad72-4c15-bd86-0faf6d542096,BUTTER-E|2097152|16|0|5300.0|wide_first_8x,431421.69872399967,359932.47,312549.7179134992,352034.47
c870f99d-30dc-4e48-8070-a8c37ebad0c6,BUTTER-E|65536|10|0|5300.0|rectangle,102588.14167799977,95945.42,97156.96838689162,103730.64
c87750b0-f2fd-42bc-aa21-bb7ff8a58c5d,BUTTER-E|65536|3|0|5300.0|wide_first_16x,82385.44227399996,86025.82,93555.62700709159,73286.586
c89b81dc-08b7-4c23-93d4-a8bd5c276b28,BUTTER-E|65536|8|0|20640.0|wide_first_2x,445216.2337749999,471940.12,465619.25859515654,482260.0
c8b415ab-b1d7-4c27-866d-4cf2d4e17a3c,BUTTER-E|2048|6|0|20640.0|wide_first_16x,339204.5857819998,228113.64,198448.5486205127,182891.95
c8b8a5bb-c516-4153-a00d-9e29d5b7b4f7,BUTTER-E|2048|10|0|48842.0|wide_first_4x,621051.1018869999,654194.75,644349.1574008785,635809.4
c8c3caf7-7999-43e8-9318-a3590d2f6fcb,BUTTER-E|2097152|8|0|67557.0|wide_first_16x,3950183.268202,2.4989782e+06,2286322.848673306,2.5726795e+06
c8d77c82-cc3a-4524-8be8-583de346a170,BUTTER-E|128|7|0|15000.0|wide_first_16x,136452.3081679998,154528.48,162894.57017097747,158562.33
c8d9805a-ee55-47ff-80d8-293c34f675a9,BUTTER-E|524288|12|0|48842.0|exponential,1169635.38464,1.3454141e+06,1289042.9187719754,1.3435702e+06
c8dd8b7b-8a51-43c0-be74-245bfe14a137,BUTTER-E|512|14|0|6435.0|rectangle,90617.51497799988,108727.59,110248.69591918046,96104.68
c8eece02-6e61-44d6-b28a-c54f3c3f2487,BUTTER-E|4096|2|0|5300.0|rectangle,82970.78955999986,63688.574,66995.54257124341,69824.48
c8f3fed4-24f2-4584-b1cd-59adfbe9624d,BUTTER-E|2097152|8|0|15000.0|wide_first_2x,525382.4894899997,555486.9,569644.3490594253,556111.75
c9044ec2-e60a-47fa-bba7-fe05726616a9,BUTTER-E|2097152|2|0|15000.0|rectangle,747097.1322830002,872724.7,572951.0908622146,803021.5
c90b379e-94d1-4ec2-9505-35c9ec776f0e,BUTTER-E|262144|3|0|3848.0|wide_first_4x,60700.41110299968,73142.055,69150.51960450089,68436.586
c90e84ce-4cea-4620-807a-fbe956e320a8,BUTTER-E|1024|5|0|15000.0|rectangle_residual,119973.30371599967,153807.31,168356.26101228327,181695.7
c9241fae-b018-4319-9d5c-ce9f5e4d1037,BUTTER-E|2097152|7|0|3848.0|exponential,122298.080373,158177.34,156421.01883583222,133943.47
c928d929-5364-4b58-8325-af759eadb2d5,BUTTER-E|2097152|2|0|105908.0|rectangle,2603312.8492729994,3.3322078e+06,4134981.5294629578,2.8997585e+06
c92af781-feb9-445f-83b5-ede1954f6359,BUTTER-E|1048576|14|0|67557.0|rectangle,3156255.844593,2.6896502e+06,2739980.305298348,3.1015132e+06
c9460c21-ef38-4410-ae69-6908aedf83ad,BUTTER-E|4096|9|0|70000.0|rectangle,632928.2097029997,695560.44,637058.5474104501,736664.8
c9541acc-f409-40c0-9ac5-678303b4aec3,BUTTER-E|524288|20|0|105908.0|rectangle_residual,7411383.387574002,6.1659915e+06,6500491.9585282905,7.1241375e+06
c958792c-f014-464b-8594-be2302d8e301,BUTTER-E|16384|20|0|3188.0|wide_first_2x,59037.07632399972,72310.59,67624.50796435037,71341.62
c966ebe7-a682-47f8-a616-eb3f7a463b05,BUTTER-E|4194304|6|0|4898.0|trapezoid,214220.0156719997,213629.5,223129.24277588312,236461.22
c96fdc63-5f3e-498f-99bb-2a6c2bd54fc6,BUTTER-E|64|12|0|5300.0|rectangle,68131.46312699976,64620.074,61867.6984540622,66127.664
c98fa68c-e114-429d-b88b-15f58a976c4b,BUTTER-E|512|10|0|67557.0|trapezoid,1075796.590585,849937.94,871796.2002048112,979783.4
c9960d1c-0fba-4964-ae48-25ac400635d1,BUTTER-E|32768|7|0|20640.0|wide_first_16x,428934.9667169999,345579.6,389367.16985917406,207413.12
c9b242a3-0d99-4de2-9e40-d54543b8cc2c,BUTTER-E|32768|16|0|3188.0|rectangle_residual,115368.92458799976,103937.01,114776.25429964172,67531.69
c9b94472-e1e9-4d2d-9fd9-53b5d4ef924d,BUTTER-E|8388608|6|0|5300.0|trapezoid,350773.142366,312984.62,335634.5180542666,337690.47
c9cc30c2-2664-42ed-b4e4-ba55c9da6789,BUTTER-E|65536|3|0|4898.0|exponential,75559.79692199988,78234.21,87059.40480285243,71192.36
c9e42dc2-3ee2-41ba-8f32-7d04cf3bb43e,BUTTER-E|2048|4|0|3848.0|wide_first_2x,59242.20087299976,48254.43,52841.56110835572,52196.96
c9f1818e-4b2d-4d82-bb5a-3bdf46011bc2,BUTTER-E|1048576|4|0|15000.0|wide_first_4x,318535.1608509997,370753.94,335394.78619273077,353872.0
ca047058-3cbf-42bb-ac27-5a067229a425,BUTTER-E|8388608|20|0|4898.0|wide_first_8x,861707.5858199998,560918.3,554555.6436186754,657284.06
ca07f312-2fa3-43e3-ae86-c186b5f93729,BUTTER-E|1048576|5|0|3188.0|wide_first_16x,95614.13303199972,85741.766,84673.1204138643,81405.77
ca0c88b1-2cb2-4a67-a4df-f91f043fefb9,BUTTER-E|65536|4|0|70000.0|rectangle_residual,973306.7293349998,1.0728794e+06,986810.9994684353,877369.6
ca23e359-377b-4ca7-840e-8a8eccf0256b,BUTTER-E|524288|2|0|6435.0|rectangle,127305.94529299998,129795.07,134031.06675267752,140742.64
ca2572af-0675-4e10-9fe8-779ce9f73631,BUTTER-E|8388608|2|0|67557.0|rectangle,4525320.695178,3.9681145e+06,3606876.0824951576,4.490498e+06
ca326e9a-956d-4fc2-90e2-13bad00cafb4,BUTTER-E|256|2|0|3848.0|rectangle,39064.73921999992,40592.43,39858.32347589046,49071.402
ca4363af-daea-4d83-b52b-deeeb7aaea49,BUTTER-E|131072|7|0|105908.0|exponential,1746158.185586,1.9175208e+06,2025907.461651963,1.8842005e+06
ca6c1a77-0bdf-4e8a-824e-c8cf93634970,BUTTER-E|16384|20|0|105908.0|exponential,2257945.661034,2.1769612e+06,2745642.4210992586,2.0628379e+06
ca8b288d-da0e-4911-aa7e-39fcb25a1d75,BUTTER-E|8192|7|0|4898.0|trapezoid,80633.58538799988,76554.08,86845.33743594795,79525.375
ca95759b-9a61-4dca-b279-00f93f60eeae,BUTTER-E|32768|8|0|67557.0|wide_first_16x,799689.329014,888046.25,938774.2200232754,706794.25
caa68f8e-fbc0-4239-a481-448e77756089,BUTTER-E|16777216|20|0|5300.0|rectangle,742937.8026700001,875929.1,807525.5437511941,927252.8
caab1503-7c17-41d7-874f-9e344b0af8d8,BUTTER-E|2048|12|0|5300.0|wide_first_8x,86976.39525999984,84936.695,84687.4635132351,73386.74
caada767-0480-42e1-bdb9-0531c347c6a3,BUTTER-E|65536|20|0|105908.0|wide_first_2x,5347942.081575,4.5200755e+06,3926738.2398214424,2.414885e+06
cabb6348-53de-48b3-b117-6eed35b6f3ec,BUTTER-E|8388608|10|0|4898.0|wide_first_16x,439925.8274039999,446005.62,454712.5361116796,422363.4
cac7df54-854c-49ac-b64a-bc78ea68c0ba,BUTTER-E|16777216|7|0|3188.0|wide_first_8x,346191.63751599984,379577.97,354539.79188420216,387454.5
cacb2b3d-b23c-4ae0-bb1d-1643ed5df66d,BUTTER-E|65536|9|0|105908.0|wide_first_16x,1606699.3918999997,1.7310672e+06,1739236.969560715,1.3287051e+06
cae14f57-3660-454a-a752-831d1f6adacb,BUTTER-E|8388608|16|0|48842.0|rectangle_residual,7495656.80451,4.9917055e+06,5025742.7929334175,4.871434e+06
cae68e64-06e1-4697-9de3-9e6e9ae3fc12,BUTTER-E|1048576|14|0|4898.0|wide_first_16x,220585.758768,262442.94,267170.6111702544,263509.56
caffcac5-da53-41a1-b0b1-099d61d6eac1,BUTTER-E|4194304|5|0|3848.0|wide_first_2x,256106.46238499988,189626.3,185476.2923764676,180858.95
cb07d8be-798c-4d9b-ba0e-fa6dbc7d5340,BUTTER-E|262144|9|0|3848.0|wide_first_8x,143012.0952299999,154730.5,174366.4503483415,153901.66
cb277574-9ba2-4fea-8deb-4f2cc6c9dfd2,BUTTER-E|524288|8|0|20640.0|wide_first_16x,941659.87765,572530.5,562080.4175255687,572422.94
cb401445-3ca0-4d60-b6b5-d854eb291742,BUTTER-E|4096|9|0|3188.0|wide_first_4x,49824.08100299988,49919.965,52984.90481116253,45035.31
cb403748-b7e2-46fb-be2d-31481c1ed2c4,BUTTER-E|65536|16|0|67557.0|wide_first_16x,1092866.510843,1.4879189e+06,1258443.2706931836,955779.6
cb452396-2bff-4337-a274-598e21e87862,BUTTER-E|1048576|6|0|3188.0|wide_first_2x,98732.57900799996,101161.336,89161.60160477809,95707.17
cb4b1028-b75e-4add-a37e-ebc3e04e02ef,BUTTER-E|1048576|16|0|3188.0|rectangle,187695.84831099983,169617.89,174195.10759807666,174183.62
cb746eee-7e4c-47b5-99a1-37038df9f0b7,BUTTER-E|8192|7|0|12958.0|rectangle_residual,251839.88850399983,202146.33,235694.7905706141,165420.42
cb84afed-1976-425e-868d-fc4dbc62169f,BUTTER-E|1048576|2|0|105908.0|rectangle,1932861.644778,2.1318278e+06,1567599.4426427467,1.8246611e+06
cb8ce0d6-7559-408b-a152-badc1c464b86,BUTTER-E|256|2|0|15000.0|rectangle,93867.5923469999,125801.305,123108.71977065841,153829.47
cba73279-4744-4897-8c1f-75ca2ed38fea,BUTTER-E|256|2|0|3848.0|rectangle,36928.21602999996,40592.43,39858.32347589046,49071.402
cbb816b0-73db-4c0a-a684-e1bcf6086a21,BUTTER-E|4096|18|0|70000.0|trapezoid,1159699.331405,1.2452008e+06,1251986.4407250627,1.2119164e+06
cbcd42ce-821b-469e-8920-4b1959dc2c25,BUTTER-E|16384|3|0|12958.0|wide_first_8x,161326.6437059999,153188.97,174627.19028227907,135022.33
cbd23b0e-a89d-4ddc-b8ac-152d9e326bfa,BUTTER-E|524288|14|0|70000.0|wide_first_8x,2124262.694,2.3976122e+06,2683445.9779971293,2.7946768e+06
cbd923fa-e9ad-4ff4-a950-5fe4bae167da,BUTTER-E|2097152|10|0|67557.0|wide_first_16x,2880763.649141,2.7151412e+06,2563110.77740369,2.8324778e+06
cbe1ed5b-8f0c-4eb1-b741-3308cd326781,BUTTER-E|1024|16|0|4898.0|wide_first_16x,221742.559075,96302.76,97195.10757915532,66889.81
cbe2f313-31ce-473d-8109-b57c5436cb0a,BUTTER-E|8388608|10|0|20640.0|rectangle,1523854.3999329996,1.3704501e+06,1496785.884537572,1.4355184e+06
cbe438cf-a1c4-4729-bfd6-f824f72371ae,BUTTER-E|1048576|12|0|6435.0|rectangle,262957.6352599999,289108.03,292585.1753299178,235661.34
cbfed7c4-3272-48ae-8370-815148c095d0,BUTTER-E|1048576|7|0|3188.0|wide_first_16x,96419.84087399975,103531.59,95998.00546887252,97791.9
cc142532-d0f1-4d7d-8370-d4f4aee3f0d5,BUTTER-E|524288|9|0|70000.0|exponential,1636120.178398,1.7064022e+06,1520041.2121965145,1.6758105e+06
cc3a743a-79af-4466-accc-7ec867727d39,BUTTER-E|8192|5|0|67557.0|rectangle_residual,932616.945588,837874.8,795790.724128998,738731.75
cc5eff6b-643a-4970-bd0e-d4600db55453,BUTTER-E|4096|7|0|48842.0|rectangle,380505.2564729999,373998.7,433887.4870292246,427177.9
cc626e08-cd96-42cd-8850-75ecb52e677b,BUTTER-E|1048576|18|0|6435.0|wide_first_8x,561988.3373209998,405958.28,385147.65229257673,417363.5
cc62e900-078b-475f-b14d-af8b16cd9f01,BUTTER-E|1024|20|0|48842.0|wide_first_16x,503959.850334,715879.06,686979.8929843357,680759.9
cc7401e5-4785-445b-85fb-99f7d676cef0,BUTTER-E|1024|2|0|6435.0|rectangle,53767.393561999794,57243.33,53823.41738443018,68976.31
cc7aed2b-419c-40a7-8c64-1182202e13c2,BUTTER-E|131072|8|0|4898.0|wide_first_16x,137972.02164999984,140483.83,146207.99487517425,129380.07
cc8ea9d9-1f67-4693-adf8-d1429ef2745a,BUTTER-E|65536|4|0|48842.0|wide_first_8x,764208.9071559997,729072.5,795610.25265145,735015.7
cc9e28ac-3f1f-41cf-b063-dbc0e6661456,BUTTER-E|2048|14|0|5300.0|exponential,88161.37786499977,85583.195,84898.02114459619,80840.54
cca128fc-ba52-4824-abf2-b2ed725e320f,BUTTER-E|16777216|14|0|48842.0|wide_first_4x,6694100.695613,6.6996915e+06,6847338.087424219,6.740207e+06
cca5058f-a7d0-4681-8aaf-7a50c6b2a59e,BUTTER-E|512|5|0|20640.0|wide_first_8x,177495.43891299985,191098.61,190261.83192626262,244436.61
cca68e75-2438-49ab-a755-e56306c2712d,BUTTER-E|16384|6|0|3848.0|wide_first_4x,84454.81441199999,75684.05,73885.16420823647,54217.21
ccbfb11c-ebeb-4688-a3d0-c7b973f86e04,BUTTER-E|8388608|20|0|3188.0|exponential,260163.7370299998,314773.47,334418.87685354607,297587.22
ccc04225-7fe6-463a-8ed3-7a1b0cafd0ec,BUTTER-E|4194304|5|0|20640.0|wide_first_4x,810428.723478,922264.7,833479.3535030556,817987.9
ccc0620c-c0d2-4b09-872f-94f6f3888e8b,BUTTER-E|512|16|0|3188.0|wide_first_4x,46233.2851669998,48405.75,48262.938164575215,50620.195
ccdb9132-7483-4cb5-984b-2764ca8aaa9d,BUTTER-E|8192|9|0|5300.0|wide_first_2x,85779.56297399977,92545.44,92335.60322512628,77244.84
ccdefccd-dab1-4914-a681-b1251e3fd318,BUTTER-E|4096|3|0|3188.0|wide_first_16x,42993.16994399976,41364.77,39897.60740485423,34987.285
ccfa510f-d44f-4447-8e8d-ba17c5ff639d,BUTTER-E|4096|8|0|6435.0|wide_first_4x,77285.36399199984,88810.875,86445.65569595637,89694.41
cd0ada0b-6756-46a6-9cf7-b7ce30816782,BUTTER-E|4096|10|0|48842.0|exponential,602737.7775589998,643908.06,646063.2793022323,769055.25
cd19fbe0-c9e1-42a0-8005-1c436ebea261,BUTTER-E|131072|8|0|20640.0|wide_first_8x,444345.3849249997,510238.4,580346.8439063529,579867.4
cd4bd53d-61d4-4ee3-a0e7-371e94464931,BUTTER-E|4096|8|0|15000.0|wide_first_4x,206852.75962799977,191165.52,192687.9235589615,212378.19
cd78e181-0152-4119-bfb8-76ee7c7a0983,BUTTER-E|32768|20|0|105908.0|wide_first_8x,1708884.3208509998,2.5166548e+06,2132624.9706912716,1.9537579e+06
cd833e9e-9892-4c90-90a9-98638ed9f537,BUTTER-E|2048|12|0|3188.0|wide_first_2x,46989.59035799988,54488.984,67061.68346948895,53512.926
cd902b23-d786-4925-a86c-bae44ccecaec,BUTTER-E|1048576|2|0|3848.0|rectangle,510932.38349899976,361811.9,832498.4162365478,411623.94
cd9310ba-c8fa-4b39-a8fd-b69f303c1bf9,BUTTER-E|1048576|3|0|12958.0|rectangle_residual,236216.4464239999,282443.7,299132.7629044012,276939.0
cd967ac6-cae8-4c6f-8e79-8f6b4fe049f7,BUTTER-E|2048|16|0|12958.0|rectangle_residual,183984.4362429997,214492.62,221619.15857374642,209821.03
cd9a0eb5-6fde-4b8f-9edf-ec98e0738c8f,BUTTER-E|524288|8|0|6435.0|rectangle,193112.4907269997,129448.445,123625.29818347874,118036.73
cda215a9-494e-4dfc-8e02-8c9dfe24da9a,BUTTER-E|128|5|0|4898.0|wide_first_16x,51896.990592,48646.633,50974.649147109674,49715.145
cdb313f8-f753-45c6-bb0f-adcfdb416950,BUTTER-E|256|8|0|15000.0|wide_first_8x,163678.38359999977,168021.11,164103.9311523904,203854.62
cdb51a3a-4d51-4165-bc02-e1e9eca1fa89,BUTTER-E|2048|5|0|105908.0|wide_first_4x,1077138.8288350003,1.100569e+06,1034884.0862753786,1.1389939e+06
cdbfe8a8-040e-4e41-9298-65acc374ce0b,BUTTER-E|2097152|14|0|70000.0|wide_first_8x,3094530.076716,3.4323685e+06,4311137.883406655,3.7188855e+06
cdc7c2cc-d5a7-4d18-8a6a-93c2c1d0195d,BUTTER-E|131072|6|0|20640.0|wide_first_4x,401772.9297139999,407515.28,482480.3327295056,431702.12
cdd0a0eb-0941-4f94-9bcf-0aa725dd4487,BUTTER-E|65536|18|0|67557.0|wide_first_4x,2233376.159439,2.30683e+06,2366202.7777959537,2.1566545e+06
cde47918-0af7-469a-8332-fa370e01a215,BUTTER-E|262144|7|0|4898.0|trapezoid,118700.18396799984,120852.734,121318.58451957743,113652.99
cdee1faa-dbc1-48c7-b0b8-16573d50a8dc,BUTTER-E|65536|8|0|70000.0|trapezoid,1198664.1587359996,1.3087381e+06,1226746.0183317524,1.0801212e+06
cdfdbd00-7a9a-49e8-b66b-278b4f43f48c,BUTTER-E|4096|5|0|12958.0|rectangle,170286.21146699964,102178.836,104360.79178685581,109484.78
ce004034-5d86-4bdf-a9c5-18f1ced7becb,BUTTER-E|128|7|0|12958.0|wide_first_8x,127589.25135199969,127928.35,127659.29891446636,150741.66
ce75b481-415e-487f-bc52-a0c0a89103ff,BUTTER-E|131072|5|0|12958.0|rectangle_residual,253802.8833849996,246178.33,231425.68109886913,249004.92
ce7b3777-907b-4f3d-8dd9-259cfd98a1d3,BUTTER-E|1048576|20|0|70000.0|exponential,2920868.602434,2.9765895e+06,3572742.8670541993,3.7890455e+06
ce835175-4ae7-4d60-ae66-1c8053e89df2,BUTTER-E|8388608|7|0|48842.0|wide_first_16x,3733328.628626,3.6277972e+06,3574749.043644764,3.8036832e+06
ce885118-2435-452f-9e6c-f00aaaedc26b,BUTTER-E|131072|16|0|3848.0|wide_first_2x,239144.299614,238002.16,216609.70831537893,244115.12
cea22d4c-da7e-4e5e-a502-407ebf46c943,BUTTER-E|512|9|0|48842.0|rectangle,432531.827997,444772.56,411326.434509428,489460.4
ceaddffc-cad5-498d-bedf-00161c0a623a,BUTTER-E|16777216|6|0|5300.0|trapezoid,555082.9434099997,477729.6,471246.61346108495,532822.5
ceb2e900-5c32-4ed9-b37e-142c0d0777b5,BUTTER-E|262144|12|0|3848.0|rectangle,189247.72141399968,176463.4,170342.7960398146,135490.83
cebe8bea-ab1a-4833-aa30-68145a6b35b8,BUTTER-E|131072|9|0|20640.0|wide_first_2x,498546.97299,507104.16,493021.49103391607,543462.6
cec2c7ba-bbcd-48a9-961e-b16ebe055241,BUTTER-E|1048576|9|0|12958.0|rectangle,356748.050448,344624.84,363133.4814664314,347647.22
cece1cee-753b-4ea7-a0a3-a1679dbbee9a,BUTTER-E|16384|7|0|67557.0|wide_first_4x,807166.5640349997,851996.0,850519.9730017383,922685.2
ceddf471-263a-4cb4-adfe-c1ff17220ae6,BUTTER-E|1024|18|0|4898.0|trapezoid,75293.20994899968,103868.234,112643.81960054515,97199.43
cf027c8c-7bef-44c6-b99b-3046285ab16c,BUTTER-E|16384|18|0|67557.0|wide_first_8x,918634.0851500002,960803.3,1109810.1097909517,1.1074252e+06
cf18d220-53a4-44ca-bb23-516145d956f4,BUTTER-E|512|16|0|48842.0|wide_first_8x,523607.617218,611316.56,548339.0113354416,739721.56
cf23e6e2-6675-4a08-8db1-2cbb46d3a47b,BUTTER-E|4096|9|0|15000.0|trapezoid,125625.84117899976,183637.72,169800.40401284376,264737.78
cf2cd56c-3d73-426e-8766-d4b5baa8fc26,BUTTER-E|131072|9|0|3188.0|trapezoid,93633.40713599965,93929.08,100047.08968668351,94304.445
cf30650e-4b18-43c3-b830-dc947963fd6d,BUTTER-E|128|8|0|67557.0|rectangle,436273.66034199967,490844.97,462216.6393222508,628314.44
cf3233b4-fbd9-412a-896c-404993bf9104,BUTTER-E|4194304|8|0|4898.0|trapezoid,242280.731682,251365.33,263430.782260135,282498.38
cf47c1bb-e4f0-429c-986b-74280cfc8221,BUTTER-E|32768|4|0|12958.0|rectangle,114831.280597,126129.26,134495.18136784795,126714.484
cf6a1428-dfdd-45cc-8594-c0a4e4cb74f3,BUTTER-E|4096|4|0|3848.0|rectangle_residual,54736.75573899984,53872.137,60116.447339304286,49125.062
cf75286a-7cd5-4525-88af-e373b01680ec,BUTTER-E|4194304|14|0|3848.0|wide_first_8x,305947.5216399997,337936.6,326039.9004801245,338337.44
cf797b8c-63df-43a5-bc73-5e0713f4ce3d,BUTTER-E|2097152|6|0|70000.0|wide_first_2x,2075887.010488,2.1201775e+06,2003837.2423030196,2.1506942e+06
cf7e71f2-db74-42f4-9d14-9296938e24ba,BUTTER-E|1048576|16|0|5300.0|wide_first_2x,310546.8071749998,294757.06,312498.39005360793,300162.47
cfcb7609-599b-48e4-8e45-816e52f7fc56,BUTTER-E|262144|20|0|15000.0|wide_first_2x,929901.364947,885265.1,1021368.0768682307,859238.6
cfccb28c-68d7-46af-98d5-1727dc4ff928,BUTTER-E|1048576|18|0|5300.0|rectangle,332464.32987099985,301403.66,291431.0991768529,315310.06
cfdfabca-337e-4c02-834a-7caf9c80bd88,BUTTER-E|8192|5|0|67557.0|wide_first_4x,644001.8988359999,722738.2,726467.7291232895,720415.7
cfe3c3fb-4374-4259-94a5-e0dd7d741f9a,BUTTER-E|1048576|18|0|20640.0|wide_first_2x,1667069.949499,1.157448e+06,1365012.3172186036,1.2217699e+06
cff9bb4a-ed87-444d-9aab-a7ff9b7a6b60,BUTTER-E|524288|3|0|67557.0|wide_first_4x,1155179.2274679998,996251.6,998040.4923874276,1.0060801e+06
d060b8d8-c1e8-4ae0-90a2-d308467c405a,BUTTER-E|2097152|4|0|12958.0|trapezoid,370752.5581229999,310123.66,335212.91470853,314569.72
d06d1efb-29a6-4ad8-a8d9-8744853d5b0a,BUTTER-E|64|10|0|5300.0|exponential,95853.514299,69045.414,68126.36744614407,71591.34
d095a779-814e-44ad-a337-d7f96f47103c,BUTTER-E|64|7|0|12958.0|wide_first_16x,133228.27858299983,127844.32,126371.14152926816,124618.91
d0a13bf3-a750-4e39-ae50-dc4f03712bbc,BUTTER-E|128|4|0|6435.0|rectangle_residual,99576.16175999989,77450.72,78286.61255126783,77395.49
d0adca10-9fdb-4f32-a715-3927acfbe2d2,BUTTER-E|8192|5|0|20640.0|wide_first_4x,467222.6432049999,261578.86,252956.93211984774,206541.64
d0b3bd84-9a1e-43d9-9c10-2b673245a1f2,BUTTER-E|16384|12|0|105908.0|wide_first_2x,1403978.9347809998,2.174911e+06,1604511.5715194463,1.7503721e+06
d0b759df-bddc-4d12-86e5-c31fddb3292b,BUTTER-E|4096|20|0|4898.0|trapezoid,87543.60223199977,85908.58,83489.29053245219,108482.53
d0bc3637-c59e-4f48-8eed-a6594e9ff302,BUTTER-E|262144|14|0|5300.0|rectangle_residual,280678.36914699984,245731.48,217791.19609729812,219253.39
d0dcfeb9-accf-4685-8ae0-c52769a8cce2,BUTTER-E|32768|3|0|3188.0|trapezoid,33786.376231999675,36346.76,39496.14805223984,37625.05
d0ec4911-bc8f-4335-9c22-0032d14349e6,BUTTER-E|262144|4|0|70000.0|exponential,984099.1582529997,975566.25,988696.0656804803,985867.4
d0f96743-24c4-4686-8cae-59fe2dffb918,BUTTER-E|512|6|0|20640.0|rectangle,211514.01119,157907.25,174246.35538556258,175468.94
d10e584c-3fd7-42cc-a371-de58630c98a9,BUTTER-E|8388608|10|0|70000.0|wide_first_2x,5102286.363675,5.1632305e+06,5097150.461750901,5.1632455e+06
d11f1884-2922-4fc2-8c32-1da23d2ff243,BUTTER-E|262144|10|0|5300.0|wide_first_16x,183518.71508599992,170201.06,161411.1079589611,180359.62
d12d6bc9-8f08-4f77-9250-c48d451d4b73,BUTTER-E|8192|6|0|70000.0|rectangle_residual,989234.33684,978198.06,836873.2996181147,842793.0
d133ad07-58d3-4d12-8fcb-28c0a72d3a21,BUTTER-E|8192|20|0|6435.0|wide_first_4x,123712.26307999992,98306.1,110577.83362722024,129031.11
d13dc06c-ff53-4249-ac8f-63049137c220,BUTTER-E|4096|2|0|5300.0|rectangle,62263.05502199975,63688.574,66995.54257124341,69824.48
d14a465d-d027-4e9c-a89b-d72186782481,BUTTER-E|524288|2|0|6435.0|rectangle,131889.86971999993,129795.07,134031.06675267752,140742.64
d15b9458-f73e-4ccd-b8ec-21318ba47320,BUTTER-E|32768|16|0|48842.0|wide_first_8x,900881.726184,1.1802835e+06,967303.5106152089,1.1272766e+06
d15d912b-c930-4c7e-b793-425457ec4b5b,BUTTER-E|16777216|12|0|20640.0|rectangle,2240574.789766,2.4401072e+06,2593541.8841868863,2.6748448e+06
d16215d2-d97b-408b-bb4e-78e96682c408,BUTTER-E|2097152|12|0|105908.0|rectangle_residual,6523971.349621,5.713791e+06,5796554.412731693,5.6852875e+06
d16310bb-bf6e-4fd4-b68d-b0b325410fb4,BUTTER-E|16384|12|0|67557.0|wide_first_4x,785020.9634379997,967106.0,932509.0697505029,1.0261425e+06
d18449c3-c770-436a-bccd-983ed8f988f7,BUTTER-E|64|7|0|12958.0|wide_first_4x,125414.888994,138893.48,133215.44570095022,160969.36
d185c6e4-8cba-413b-9a74-740cf14729b2,BUTTER-E|2097152|2|0|70000.0|rectangle,1253386.417491,1.5402789e+06,1452997.5075593526,1.2413935e+06
d18f71fc-1bdd-4e1f-8e25-1c0cd97715ec,BUTTER-E|1024|20|0|6435.0|wide_first_2x,108541.83361399992,150595.66,154010.4005981241,119908.24
d19b4577-11d5-4d3d-8a26-c2ab647a384f,BUTTER-E|524288|16|0|20640.0|wide_first_8x,1190982.5180599997,1.0346493e+06,947302.9796713599,1.1035118e+06
d1a884dd-1b28-49ba-8d11-4d876fddb4ab,BUTTER-E|256|7|0|20640.0|wide_first_4x,195197.0305289997,224386.94,276727.00568890123,228618.47
d1ba81fd-516b-461d-8ae9-3a622dbb4280,BUTTER-E|64|5|0|3848.0|trapezoid,35203.34165499968,36722.05,36014.325742907284,40440.535
d1be93cf-75f5-42ac-bddb-62f578cebf06,BUTTER-E|16777216|7|0|15000.0|exponential,1479495.0051019995,1.5946775e+06,1676341.049815828,1.7560184e+06
d1da983e-1386-4ef5-a03d-c577b7f5d14a,BUTTER-E|16384|8|0|12958.0|wide_first_16x,190467.286434,214560.75,185520.34198514075,135627.61
d1eb7982-625e-4cfe-9e60-13b267c01ab0,BUTTER-E|1048576|7|0|48842.0|wide_first_8x,1192320.1538879997,1.4587476e+06,1569313.0021017443,1.4705322e+06
d1f0ecf4-b8cc-457e-b50d-2c0a60145166,BUTTER-E|32|5|0|3848.0|exponential,52653.10340399977,45942.977,46127.956978862196,47834.176
d2005bf4-c0b6-4959-b582-1706685cf5bc,BUTTER-E|8192|7|0|48842.0|wide_first_4x,551998.0863659999,572998.6,597932.9538810105,573800.8
d22f046f-fffc-434b-88a0-afceebcb376a,BUTTER-E|1024|5|0|20640.0|trapezoid,137402.40863399982,144936.38,173207.5868964753,174403.7
d236e58d-955b-4fd9-82a2-85bb15d6272a,BUTTER-E|16777216|14|0|12958.0|wide_first_8x,1894878.748064,1.878314e+06,2007692.3096536002,2.0143951e+06
d23754f0-0d43-4763-b84f-28c08fc74d80,BUTTER-E|2048|10|0|5300.0|wide_first_4x,63933.96612199968,72817.58,72098.06268930604,75818.055
d2402199-13df-4536-b01d-a8b977eea380,BUTTER-E|8192|20|0|3188.0|wide_first_8x,118492.12192899996,59775.35,74931.63755962816,56266.26
d269c237-e5ef-4fb8-adeb-bd941250ac29,BUTTER-E|4096|2|0|105908.0|rectangle,840242.081772,884065.4,874113.3249988223,918278.44
d281dbf8-7a9d-46bb-824c-5bd68e0667ae,BUTTER-E|32768|6|0|4898.0|exponential,88905.50574599986,90800.79,90919.2565388855,71194.4
d29fb392-321c-47bf-9407-721084df1c63,BUTTER-E|512|16|0|5300.0|wide_first_2x,111444.10778199996,106065.57,108534.56384730089,85499.336
d2a93694-57bc-4aba-9724-dcbcb25e22f0,BUTTER-E|16384|18|0|4898.0|rectangle,63191.29615599997,106851.29,102921.4197964468,82004.125
d2c75c9d-3657-4e66-9730-4c92faf3ade5,BUTTER-E|16384|6|0|70000.0|wide_first_2x,944803.1493199996,877515.2,904249.5688341742,850718.06
d2e8285a-98aa-439a-bfc7-a8067e29dc60,BUTTER-E|131072|8|0|67557.0|rectangle_residual,1571916.4077279998,1.7136578e+06,1704703.6205886544,1.703201e+06
d2e8a04b-ceae-4064-a0c6-de56b9e5e243,BUTTER-E|131072|18|0|67557.0|wide_first_2x,2159511.393455,2.8934908e+06,2937400.9265687396,3.240083e+06
d31895fb-232a-4441-bfce-966ca81e04bc,BUTTER-E|1024|6|0|6435.0|exponential,86209.42489699968,78149.945,76700.81516914752,83932.65
d34be720-19b3-47a5-8355-88c0600d9136,BUTTER-E|65536|3|0|67557.0|exponential,731969.623517,813149.25,752688.2535642681,810532.4
d352a674-e5a8-4150-a736-dce846a31980,BUTTER-E|16384|14|0|3188.0|exponential,62552.01632099975,58571.895,59844.44611560651,60176.656
d3554aef-5371-4bdc-9b8a-904a1be4a917,BUTTER-E|262144|14|0|70000.0|wide_first_16x,976071.36767,1.8430525e+06,1841229.4288115897,1.6206321e+06
d35ecad9-5b5c-4f21-b59c-6e8cfaeb1fec,BUTTER-E|131072|14|0|3188.0|wide_first_4x,127211.35974799973,115597.02,111465.226566856,127307.53
d36b9fcb-a008-47fc-a0d9-9e30332012e4,BUTTER-E|4194304|12|0|67557.0|wide_first_8x,3982253.282850001,4.0457498e+06,3838078.4003295586,3.9521545e+06
d3775d08-307b-44eb-9fcf-f7536e5ad177,BUTTER-E|65536|20|0|48842.0|wide_first_8x,1983788.043708,1.9472958e+06,1677320.1110530798,1.6401188e+06
d38699c4-ca52-4aa2-b474-a5bb7199db47,BUTTER-E|8388608|18|0|105908.0|wide_first_16x,16058694.922396,1.0256645e+07,9288365.86712165,1.0769475e+07
d388eaa7-249e-40c6-a2a9-a3fbfd081708,BUTTER-E|512|12|0|48842.0|rectangle_residual,599854.2360479999,714536.75,665168.8111432628,706323.94
d3905090-413d-4d01-aae0-a3a4f9c57001,BUTTER-E|32|14|0|3848.0|rectangle,44339.2568299998,42122.746,44434.89034277388,61814.59
d39422c3-6bdf-453d-9b4b-42c34d521fca,BUTTER-E|262144|8|0|67557.0|trapezoid,1572913.642084,1.5561214e+06,1765785.4488038144,1.6379618e+06
d3b22fbc-ddc1-45af-a314-5545b9dde41d,BUTTER-E|16384|18|0|3848.0|rectangle_residual,63525.1679839998,84950.79,83392.70361784709,74277.734
d3c3dc70-e5b4-4518-9fe0-2b54507917d9,BUTTER-E|16384|6|0|48842.0|wide_first_8x,583779.5544439998,648749.75,621015.5326988918,645948.8
d3c5f987-da03-40fc-830c-cd371f30e89c,BUTTER-E|16384|6|0|105908.0|wide_first_8x,1304511.46962,1.3102979e+06,1346092.7586255737,1.228583e+06
d3c7889b-4b41-4ef2-bc46-2df4eaf27d08,BUTTER-E|262144|3|0|12958.0|exponential,222523.11466599995,204298.95,184491.80830245712,193773.4
d3dbd089-4900-4a52-81a2-dc57ef47b538,BUTTER-E|4096|4|0|6435.0|wide_first_16x,78823.15139499983,86898.3,90567.50006951683,69213.13
d3e02f86-a07d-4e18-afd4-09a58fafb04b,BUTTER-E|131072|5|0|15000.0|rectangle,268993.40976,188675.28,173744.24249751685,188298.52
d3e4e5e7-d01b-427e-9599-723656db4a93,BUTTER-E|1048576|5|0|3188.0|rectangle_residual,78154.60451399999,95070.66,95823.43581458059,87377.96
d3fb1b59-c8fd-4844-b613-999c251e9427,BUTTER-E|16384|6|0|67557.0|trapezoid,968076.774375,845970.56,760283.3536294248,757618.25
d43cb5a8-cf5a-4e42-ba2b-010f52f0317c,BUTTER-E|4194304|3|0|70000.0|trapezoid,2354137.886923,2.2597752e+06,2302428.2140239966,2.2686392e+06
d44b3dab-27f5-4ad1-adec-ea70138fa584,BUTTER-E|32|5|0|20640.0|wide_first_16x,232689.1315059997,180216.75,170361.06723858288,173207.3
d453d4e2-fd85-4015-8d26-5931388858ec,BUTTER-E|64|12|0|3848.0|rectangle_residual,102852.633663,60691.16,58309.16528409485,62661.406
d46ddb07-0020-4602-aaa1-092099037cd7,BUTTER-E|8388608|20|0|4898.0|exponential,426872.62067999976,491989.4,492602.6275644717,473443.06
d47c35db-95b9-4c71-99b8-0fc7867d0e12,BUTTER-E|4096|20|0|4898.0|wide_first_8x,64242.290829999954,98527.79,72806.27377565038,100813.27
d47fd3d4-28fd-4ff2-9b11-bc35ea6ab24b,BUTTER-E|16777216|12|0|6435.0|rectangle,870013.7459459999,820204.75,861651.0867501813,816060.94
d48f88ae-20a1-4ec5-b175-19b5d3b663d1,BUTTER-E|8388608|18|0|67557.0|trapezoid,6332134.236249,6.7069025e+06,6204734.7762016235,6.387625e+06
d4a78d82-ccad-47a4-be87-7b5b1ea15f4f,BUTTER-E|8388608|3|0|105908.0|rectangle_residual,5747332.908973999,6.0699215e+06,6568392.139328423,5.897213e+06
d4adc57d-0b4d-44f3-b505-665faa4ccd9d,BUTTER-E|4096|2|0|4898.0|rectangle,73978.91072399988,56900.914,56402.45700930656,56135.586
d4b1733e-1f1d-4095-a991-8d70008706a5,BUTTER-E|1048576|6|0|6435.0|exponential,167894.80645799998,166060.73,166046.9505450662,164809.3
d4f13ca4-d63d-4b62-b8c4-51fb024f5bc8,BUTTER-E|2048|18|0|5300.0|wide_first_2x,140413.9276459998,92455.72,128806.48224752829,88681.64
d4f5b393-e793-4319-8f4f-f6a8954f1b86,BUTTER-E|1024|2|0|6435.0|rectangle,51372.10089499995,57243.33,53823.41738443018,68976.31
d4f6a413-ac10-4760-978b-e0f29b89101d,BUTTER-E|256|2|0|3848.0|rectangle,38577.21922,40592.43,39858.32347589046,49071.402
d4f99e92-1a9f-45df-a8b3-47657b75a347,BUTTER-E|8192|14|0|12958.0|trapezoid,252384.90090099987,224029.86,220890.087515366,256960.17
d519a2a6-854f-4bd1-882f-8bcb6a7e5f63,BUTTER-E|2048|8|0|48842.0|trapezoid,706806.6573889998,557689.7,647741.6629326547,666100.8
d5217127-f0be-4edd-96ed-421305255571,BUTTER-E|4194304|9|0|6435.0|rectangle_residual,413845.7635199999,372763.78,381302.52633605903,377551.9
d532c815-e310-4305-8371-3f87083358d9,BUTTER-E|16777216|9|0|5300.0|wide_first_16x,616553.0385829998,664904.44,626064.6665431638,652218.75
d543ac1a-4c94-49f9-b6b0-93a0de1bbc3c,BUTTER-E|32768|6|0|20640.0|exponential,281146.5272909999,291614.9,323420.93373640144,254503.3
d545463b-5379-40be-b00b-0392a4f59a0b,BUTTER-E|8388608|20|0|4898.0|wide_first_4x,484298.81615899975,536043.1,545739.7006847939,548924.1
d546593b-c277-4c0c-83ea-c4fbc4fd819b,BUTTER-E|4194304|9|0|48842.0|exponential,2228881.191375,2.0589561e+06,2165418.511323128,2.1713442e+06
d546fd93-d53f-4c01-9e28-db92da7efb24,BUTTER-E|131072|6|0|15000.0|wide_first_4x,296884.6560789998,301692.97,295322.92843848444,310875.5
d54d5f7d-d6d6-4810-a621-9f085eada3e8,BUTTER-E|4194304|18|0|6435.0|trapezoid,547728.1688439997,556492.7,594970.698867122,563521.44
d55042d2-d3ed-4066-80a0-2cfe8c06ab30,BUTTER-E|512|6|0|3188.0|wide_first_2x,41516.274643999925,43917.383,42151.69034272325,45465.3
d55a7ca0-50b1-4b75-bb81-0afb70a88446,BUTTER-E|2048|8|0|20640.0|rectangle,205481.33374,165116.55,142021.08625112014,191913.9
d55c44f3-4c63-4132-8b03-63ef9acee884,BUTTER-E|65536|20|0|5300.0|exponential,147211.6478299999,193199.55,172032.94503506133,189771.92
d5641f05-4861-4c94-9997-df869b5cb97c,BUTTER-E|2097152|4|0|67557.0|rectangle,1312288.0925,1.4588464e+06,1730676.1677903398,1.6847329e+06
d5789617-e52b-49b9-a00b-0411aa8c708d,BUTTER-E|1048576|12|0|5300.0|wide_first_4x,192521.66831799984,269452.06,249050.27596671498,241377.19
d58aa7d3-b7d6-4c45-ad9e-8e316fa222e6,BUTTER-E|256|4|0|67557.0|rectangle_residual,612765.3018199997,688846.9,732204.60984517,695317.7
d58f7d8a-4683-4504-93a7-ea1e86efce6d,BUTTER-E|524288|3|0|5300.0|wide_first_4x,81256.19123299968,98940.22,119596.61511298775,90621.805
d5b43c8c-f91b-47d3-9832-f4e3bd75d0aa,BUTTER-E|4194304|16|0|3848.0|wide_first_16x,327511.42544599995,372732.16,350069.73719478253,353489.84
d5bed9be-6e55-49a5-ae08-247d6c3023ad,BUTTER-E|32|14|0|20640.0|trapezoid,166649.75679099996,204683.52,213308.36762193078,319079.8
d5d305ce-5400-439f-9853-82a0053c0ecf,BUTTER-E|4096|18|0|6435.0|trapezoid,98597.821572,106312.266,105528.07442449842,115865.11
d5f9edf9-68f5-4b20-a623-aecf936b0787,BUTTER-E|524288|9|0|4898.0|exponential,124418.84899599972,144034.66,132584.11412220873,134550.45
d60c0d1f-1e4a-45d8-bee1-94a57d066c92,BUTTER-E|524288|14|0|67557.0|wide_first_2x,3319785.878314,2.6472592e+06,2681581.544334896,2.9494005e+06
d61c2835-50d2-46ca-87cb-9340fdf48c8b,BUTTER-E|32768|6|0|3848.0|rectangle_residual,116039.06177999976,89845.59,83799.52857045493,61567.312
d6261501-5a11-46bc-97ce-c097fcb4f8ab,BUTTER-E|4194304|8|0|3188.0|rectangle_residual,171815.20810399982,177953.3,166726.90553613444,164721.3
d62893bc-fce2-4167-a6e4-9584c50ffcd1,BUTTER-E|262144|10|0|48842.0|wide_first_4x,1141642.591888,1.578012e+06,1479362.805624395,1.5975544e+06
d635e91b-f1fa-48fa-be91-986b2619a502,BUTTER-E|16384|7|0|20640.0|wide_first_4x,569684.25225,360353.88,445735.4238781993,259833.5
d63c3733-ed9c-4039-b5a9-dd320629ef16,BUTTER-E|1048576|5|0|105908.0|wide_first_4x,2205159.026091,2.4510875e+06,2851742.6211173,2.7473508e+06
d6643ec2-3e57-45f2-8ef5-3cdac6fc3d07,BUTTER-E|4194304|9|0|3188.0|wide_first_2x,174378.18079799964,176172.17,173314.32352506244,182551.28
d66609ad-92d2-41cf-9679-4592a5835834,BUTTER-E|2048|14|0|48842.0|rectangle_residual,831048.7641109996,748849.56,1208977.726478879,749257.44
d675bf6d-2cd7-4541-a8ec-a4f9a92f17a1,BUTTER-E|524288|3|0|5300.0|wide_first_2x,96733.00180099982,99404.695,106723.91298962237,99121.36
d68fb507-1acd-4ebf-885c-999f1cbf741b,BUTTER-E|8192|20|0|70000.0|trapezoid,1516840.2893699997,1.3373574e+06,1328976.1361684087,1.2334115e+06
d6ac0f23-c3a0-495d-a33a-e10d36b40e3a,BUTTER-E|1024|14|0|4898.0|rectangle_residual,102388.80355799974,96269.7,121090.96094016207,84292.266
d6c1d702-4e06-4ccb-ae6e-a0bbbd69b5b4,BUTTER-E|8192|18|0|67557.0|rectangle,838025.6568029998,910566.0,889057.8709229559,1.1810739e+06
d6d2f795-46b3-4ee2-b3ba-fff0a9fc4313,BUTTER-E|524288|5|0|105908.0|rectangle_residual,2325229.550867,2.2159828e+06,2202800.04846367,2.2896335e+06
d6e99338-10c2-49e6-8441-063b5fb5585e,BUTTER-E|262144|3|0|3188.0|wide_first_2x,53609.045558999765,57453.074,54715.877695278716,58449.19
d6f4cf2d-696c-4f4b-bc84-63ca2b632d68,BUTTER-E|65536|5|0|5300.0|wide_first_16x,108560.08772699976,99402.89,90108.65454845215,72393.055
d71847ae-ba63-488f-9659-303b4fa6d3f6,BUTTER-E|16384|10|0|105908.0|rectangle_residual,2378862.9753109994,1.8922264e+06,1782299.5753047601,1.5582509e+06
d725dc05-34f4-4fbb-b882-6c51c756efaa,BUTTER-E|64|10|0|15000.0|wide_first_2x,192830.722712,163482.44,168048.5194388215,222637.34
d732f235-1c93-4a26-9bbf-4edc1f0995dc,BUTTER-E|2097152|20|0|3188.0|rectangle_residual,273809.38222199987,255160.2,217362.52892135398,254586.8
d748181f-2307-4919-ae82-0294284b5ba3,BUTTER-E|256|10|0|15000.0|rectangle,140395.70507999975,146530.08,135427.26106252839,161143.84
d77ae9d4-19b4-48e9-b3f3-1f7f63e375ff,BUTTER-E|262144|10|0|15000.0|wide_first_2x,458453.43797499966,488374.44,539334.2604266491,468687.88
d7861d3c-b94d-4eab-8edd-f6acde645579,BUTTER-E|512|3|0|12958.0|rectangle_residual,99469.55170499976,123624.11,142193.45502220435,125040.1
d79ae73e-1c49-443d-a782-30ea01cfe64a,BUTTER-E|1048576|6|0|15000.0|rectangle_residual,506074.1479949999,425414.72,464096.8610429888,419217.25
d79d5e99-4de1-4dba-93fb-9dd36dd4a8fa,BUTTER-E|4096|6|0|70000.0|wide_first_2x,882934.5305329999,803599.9,824897.0625321397,840209.7
d79f45e3-f3ba-4b52-9d0b-fe5793dd18ae,BUTTER-E|32768|18|0|3848.0|wide_first_4x,169197.41665599984,148008.42,136463.58081095162,77794.055
d7a6b8b6-d06e-45eb-b31b-51509f3951c6,BUTTER-E|1024|8|0|105908.0|wide_first_8x,938901.970467,1.070739e+06,1086633.0901430848,1.2770065e+06
d7ac72fd-3778-40b1-843e-21b868f7cbd7,BUTTER-E|16384|16|0|20640.0|rectangle,622007.3975319996,495827.8,494393.65621144435,424896.12
d7ad9688-21de-4a46-93b4-bb69b9fbb6c0,BUTTER-E|32768|9|0|70000.0|wide_first_4x,1273932.6615119998,1.160368e+06,1259734.8365535322,936470.25
d7b7a7ab-37ce-4fd0-a89e-edd06f59c25d,BUTTER-E|1048576|7|0|3848.0|trapezoid,129037.36470099984,161294.06,166493.81968007478,180348.61
d7bbc739-a96a-4c29-85ca-36d0f52e4e05,BUTTER-E|16384|10|0|20640.0|rectangle_residual,412339.6929129998,464224.3,440077.27771840134,302368.72
d7bc2195-802c-48b6-aa1e-6a8b90d5ed60,BUTTER-E|1048576|5|0|3848.0|trapezoid,103661.75589699986,90737.25,101505.93677833531,102558.31
d7c0afcc-d3ae-46fa-bbde-4b95b204a87d,BUTTER-E|262144|10|0|105908.0|exponential,2378530.747838,2.6097815e+06,3180918.5679031913,2.7539745e+06
d7cfc7ed-22d8-4574-b720-5fba612d9324,BUTTER-E|64|7|0|20640.0|wide_first_8x,188284.08134299968,191242.83,202933.03006790704,248105.34
d7d49405-04a5-4ef1-8b1e-58e5cf2c46bb,BUTTER-E|16384|8|0|70000.0|rectangle_residual,842594.1922939995,1.0580658e+06,976451.4222337556,940024.3
d7e1705a-804a-49af-8416-8d9a2942530c,BUTTER-E|65536|8|0|12958.0|trapezoid,284535.9592849998,313294.3,310753.65757106687,288681.28
d7ea2290-9481-42f7-9a74-54030377d9e4,BUTTER-E|1024|14|0|70000.0|rectangle,772266.8632879998,862468.3,802400.4869237362,946395.56
d7ece102-df06-4a55-a176-cc975d3659d8,BUTTER-E|16777216|7|0|48842.0|rectangle_residual,5380511.66733,5.5988e+06,5223442.152859814,5.6865345e+06
d7fe15d9-309a-4abb-875a-bcba54522cd1,BUTTER-E|131072|16|0|5300.0|wide_first_16x,307044.9848839997,224940.16,241712.15333001327,217518.1
d80bf3b6-4ada-4e25-a922-b2e35c06f867,BUTTER-E|2048|10|0|15000.0|trapezoid,151600.75435499975,193760.66,210817.55615769452,263796.2
d80fcc94-5997-4f0c-b9ea-08b72cb6e6af,BUTTER-E|256|16|0|48842.0|rectangle_residual,1214374.008262,762740.06,724750.0976537344,789338.5
d82afbb4-0493-464b-8d0b-a6656326c065,BUTTER-E|1024|16|0|6435.0|wide_first_8x,246714.72149099983,114898.766,155217.99981306161,104129.88
d82b2086-6525-4093-a366-08d929427403,BUTTER-E|131072|8|0|105908.0|wide_first_2x,2215212.153822,2.5194068e+06,2378169.490250259,2.477406e+06
d8509300-2fd0-4199-bd8f-ba8805e08314,BUTTER-E|524288|14|0|4898.0|rectangle_residual,275656.07866499963,256805.84,218433.68902355304,233350.69
d8538e2e-e02d-466f-be67-eb0c8eeafcb0,BUTTER-E|256|7|0|5300.0|wide_first_16x,52170.48004599972,61889.504,59546.04694399864,56414.234
d8583894-6038-44f0-bdaa-26cf52d3544e,BUTTER-E|2048|18|0|3848.0|rectangle,58086.90430599996,67304.21,80198.39861425172,66425.24
d85e20a7-7a59-4939-8f50-aca26f73bf80,BUTTER-E|4096|12|0|15000.0|wide_first_4x,210303.1778209999,206151.61,202731.17846562737,236174.33
d879bd28-3bc5-4c28-9dd0-99e049ff2398,BUTTER-E|128|6|0|67557.0|rectangle,441578.50692699966,451875.8,416579.6508609056,553957.44
d8822923-3333-428b-841b-72fbe578314f,BUTTER-E|16777216|8|0|4898.0|wide_first_2x,575674.3874999998,552256.8,568387.717680926,640697.1
d8890469-718f-44ab-a872-b96026911771,BUTTER-E|64|12|0|3848.0|rectangle,103801.34426699988,51833.79,61269.63739387848,58262.64
d8acd220-b088-43c0-80e6-c4c1a774313e,BUTTER-E|4096|16|0|5300.0|wide_first_4x,65753.3602549998,88986.375,72460.15259376918,86485.82
d8aec5f9-ced2-482d-841e-1d790c47e4ac,BUTTER-E|512|6|0|20640.0|wide_first_8x,171970.91221799987,204718.27,196146.74872605718,245186.52
d8c06b6d-c1c8-4c6c-8505-4ca5360ccbde,BUTTER-E|65536|10|0|15000.0|wide_first_4x,482334.361937,484176.62,468360.97469013906,425655.78
d8c3d88d-e02d-46b5-907c-f79cb243bf3b,BUTTER-E|4096|14|0|20640.0|exponential,311675.92029,308367.12,294075.1768146573,284641.56
d8c4abcb-0700-4004-ad73-b763fb95cb7d,BUTTER-E|8192|9|0|12958.0|exponential,233433.013062,197734.2,200126.29688660608,186179.86
d8c91834-11ea-4c7a-baa4-9731ba30bd24,BUTTER-E|65536|16|0|48842.0|wide_first_4x,2749761.1968050003,1.9439429e+06,2386416.5047428505,1.9404588e+06
d8cb90ce-2db9-484c-9dd8-14ff827a44e1,BUTTER-E|32768|18|0|70000.0|wide_first_2x,983845.4130439998,1.2612252e+06,1195871.8591175957,1.4734438e+06
d8d57406-a832-49e5-a4a7-6e0f040754da,BUTTER-E|262144|18|0|70000.0|wide_first_16x,1175128.155312,2.2745492e+06,2015236.966886194,1.9425455e+06
d8d5e6cc-15d9-4d5e-828d-2cf8d19f45c2,BUTTER-E|256|18|0|20640.0|wide_first_16x,258747.33739299985,251676.92,252954.66224298565,255068.72
d90a5ee0-65c7-41cd-8ee8-1f42a19da9c6,BUTTER-E|128|3|0|67557.0|wide_first_2x,601906.3767229996,528801.6,551607.2121000276,679588.4
d911e7b4-601a-46e7-a2c2-7a58ccdb8517,BUTTER-E|65536|3|0|70000.0|wide_first_2x,719243.8447269999,873256.7,957331.0995868945,769227.6
d929da09-1838-4190-8105-9c09ba5f67cd,BUTTER-E|32768|8|0|70000.0|wide_first_2x,769008.81258,1.0650258e+06,1014678.867283952,967638.3
d92c8434-2f77-4d61-9fdc-65168c4e98c1,BUTTER-E|4096|10|0|5300.0|exponential,95000.9735659997,81518.97,87249.33619323611,72802.51
d94a474a-5674-40ff-971f-ece63170c53e,BUTTER-E|262144|9|0|6435.0|wide_first_2x,210287.36092999968,205334.0,191472.728941383,209610.83
d963fb39-0328-4bdd-bb04-4c4240fd986c,BUTTER-E|524288|8|0|67557.0|wide_first_16x,2040254.59782,1.7563969e+06,1624183.6284779066,1.8066688e+06
d96bdb5e-cbb8-49ad-a992-c4c7339030d6,BUTTER-E|524288|18|0|3848.0|wide_first_4x,257682.313656,277941.78,295597.9177963262,256991.8
d96c5f0a-1abe-4edc-9a48-9ab89c954ade,BUTTER-E|16777216|14|0|3848.0|wide_first_4x,470674.2277839997,593912.44,575846.2789561992,559776.9
d9757541-4dd3-4556-8c34-aeed4c215201,BUTTER-E|262144|10|0|5300.0|rectangle,104210.723484,114215.73,96478.43742702152,114056.05
d98b2d4b-68bf-474a-9587-ec7b149adabb,BUTTER-E|256|5|0|15000.0|rectangle_residual,159691.57416,164907.56,157230.74779173906,181312.45
d9a86893-879d-4513-b257-c65c8e990e5b,BUTTER-E|2048|16|0|3188.0|exponential,55564.02039399984,64445.594,75091.99889036853,61401.605
d9b725e1-6bb6-4d9f-abd9-37937c61a748,BUTTER-E|65536|4|0|15000.0|rectangle_residual,300915.2073799998,255114.69,254964.10546517337,254754.62
d9bd29f6-55fd-47bb-aa42-9a73cc34f672,BUTTER-E|2048|5|0|3188.0|rectangle,33312.64597999996,34260.684,37534.38651226605,36564.406
d9becdec-c109-4aab-84ef-0d9064b2449f,BUTTER-E|64|4|0|4898.0|rectangle,46651.6044319998,41513.8,40268.49655486879,41770.71
d9e5ebcb-11d0-400e-a818-fb6ca4da8d6d,BUTTER-E|1048576|6|0|5300.0|wide_first_2x,140783.06187299988,148438.72,142574.11907537628,161750.8
d9e6d33c-9c3e-42c7-bae6-e96cf934ce7e,BUTTER-E|32|6|0|20640.0|exponential,261783.3468569997,219825.39,204394.41775176232,211853.03
d9ecd80e-ea56-4fb2-bfba-2dbf0de2f57d,BUTTER-E|256|12|0|12958.0|wide_first_4x,227539.69327599983,192652.9,183598.29759554082,187485.19
d9f4d302-fe28-44bd-a5ab-bde6655747ef,BUTTER-E|8192|5|0|48842.0|rectangle,398255.3654249997,418725.4,403282.9277823863,391351.2
da02781a-e2ce-4ab0-b289-71b29c9abbf9,BUTTER-E|8388608|10|0|3188.0|rectangle_residual,270407.901611,279628.47,261506.32829511707,273581.53
da0f93f0-a174-4703-acba-5259161ef969,BUTTER-E|128|2|0|3848.0|rectangle,43708.06606199976,41094.44,39306.95458261395,49021.492
da22d6eb-a971-472b-85b9-aaade7602a8a,BUTTER-E|131072|6|0|5300.0|rectangle_residual,105212.21753499984,125322.8,164544.07394419238,111035.234
da23cd7f-eb14-4186-8897-c3308914473b,BUTTER-E|1048576|16|0|15000.0|wide_first_2x,705092.8486619999,742013.56,663868.1898115481,796309.7
da25ab8c-d08a-416c-949c-db824d9ebb05,BUTTER-E|1048576|14|0|20640.0|wide_first_4x,1101276.582216,1.1811054e+06,1220285.7100130494,1.0310964e+06
da2fc330-ad15-4037-bec2-89ea3b745250,BUTTER-E|64|7|0|6435.0|wide_first_16x,70242.01408999981,65583.96,67529.4603634943,73433.72
da2ffbc8-ba2c-48e2-a479-7c18677b6e3d,BUTTER-E|1024|18|0|4898.0|rectangle_residual,83263.24102599971,110815.195,109030.1199834534,95188.59
da45cf29-df4f-4a0a-a43f-d7affd7a4381,BUTTER-E|8388608|7|0|70000.0|wide_first_8x,4492117.541654,4.7799235e+06,4596237.378958018,4.510361e+06
da4e04e2-b595-4b4e-ba66-c657effefed9,BUTTER-E|4194304|6|0|4898.0|wide_first_8x,268993.5962109999,252391.27,249421.0469718853,260145.4
da5c6042-44a2-49f1-92c2-06259b78c6d3,BUTTER-E|8388608|7|0|20640.0|exponential,1253714.6654040003,1.3115256e+06,1292247.1866263393,1.2990451e+06
da5d2b64-04ce-4b6e-9bbe-b29c046d817a,BUTTER-E|4096|20|0|12958.0|rectangle_residual,158902.06356,178679.78,188092.4465593814,232405.03
da5ed1a0-b4a8-4885-a9ea-24601b747b3d,BUTTER-E|16777216|12|0|48842.0|wide_first_16x,5873067.662088,6.337372e+06,6429614.098900692,7.1776025e+06
da5f88c9-2258-4fa3-8c4e-64d8f4bbff58,BUTTER-E|1048576|2|0|3848.0|rectangle,438756.9609249997,361811.9,832498.4162365478,411623.94
da6740f2-29cb-4b81-a30a-ac7097266e29,BUTTER-E|262144|20|0|67557.0|wide_first_4x,3990418.9314760007,3.1078585e+06,3173904.7201903523,3.2642375e+06
da6db43c-cf37-4851-a6ba-ba2fd6426679,BUTTER-E|256|14|0|48842.0|rectangle_residual,616516.3813709999,751718.8,801717.1147667508,745825.5
da6f7457-67d6-44f8-a084-1aa155cd149a,BUTTER-E|1024|8|0|3188.0|rectangle,37233.17321999972,40752.395,41405.43830310753,38675.938
da71b316-a7cd-4f03-85d1-f12d6b9c2959,BUTTER-E|262144|16|0|3188.0|exponential,103849.91135799984,124658.49,127299.07253694073,128248.52
da7a89ee-64ed-4fad-9c39-c9619d54e279,BUTTER-E|32768|16|0|4898.0|trapezoid,260964.281322,172740.28,176745.49095669427,138582.4
da9420c1-6655-4083-b900-543f58ecc8f8,BUTTER-E|2097152|12|0|15000.0|wide_first_4x,724306.1584749998,795659.9,929068.063627915,664523.44
dac274a1-97e9-4a9c-9fd6-490e39a2fddd,BUTTER-E|4096|9|0|105908.0|trapezoid,1232160.910137,1.3319848e+06,1330853.9552195214,1.4676405e+06
dac59436-aee2-4dba-af1e-458780ea2fc9,BUTTER-E|2097152|12|0|4898.0|wide_first_16x,223578.8625969997,277663.88,277507.55264559964,250806.2
dad6647e-f3e5-4def-b13d-f0f95a942a06,BUTTER-E|4194304|5|0|3848.0|wide_first_16x,185475.66037799977,198595.97,194229.22103207815,191122.86
dad9a47f-25fb-4fe0-b551-4e0ae8d89916,BUTTER-E|256|2|0|3848.0|rectangle,44892.91209199984,40592.43,39858.32347589046,49071.402
db1d280d-b759-47d9-ab6a-10d304243969,BUTTER-E|524288|20|0|3188.0|wide_first_2x,175271.8879609999,199444.77,191265.47428129127,204239.72
db31113d-c7ee-4827-ac56-08e4c6ac806d,BUTTER-E|524288|7|0|3848.0|rectangle,90155.20949099975,87920.04,100163.83100930319,89623.35
db318ed7-1531-4d62-8cb0-925ecadef6a8,BUTTER-E|2048|20|0|15000.0|wide_first_8x,394261.8851839997,329880.12,343372.1315878875,283629.75
db3e8afe-d13a-439c-8aed-b732b085081c,BUTTER-E|2097152|5|0|4898.0|wide_first_4x,220492.99850199983,168100.28,185255.76440768683,149539.89
db44dcec-9b94-4ac4-a73c-79e8010502f8,BUTTER-E|1024|4|0|48842.0|wide_first_4x,461868.58182,451185.12,548649.3115416187,498716.84
db58b2ce-04c9-4310-9661-9eb90e3c550a,BUTTER-E|8192|3|0|70000.0|trapezoid,508774.0705639999,698317.4,620983.4102564956,689453.5
db5ed336-19ff-4cdc-b322-7165992118fb,BUTTER-E|128|2|0|105908.0|rectangle,763627.0782179999,833724.4,875773.46571451,909500.25
db692aea-88a8-46a7-adc9-26ac129afc81,BUTTER-E|1048576|2|0|105908.0|rectangle,1709955.553916,2.1318278e+06,1567599.4426427467,1.8246611e+06
db6bb768-36c8-471e-96b7-3a0e32f54f49,BUTTER-E|4096|6|0|67557.0|rectangle,424935.921825,517908.88,474872.9376195991,560151.2
db709536-7b2c-4ec8-b0cc-ddc41fa05f92,BUTTER-E|256|5|0|12958.0|exponential,166992.53873199984,136443.64,131110.5691960348,151489.75
db88b88a-3794-4e66-9e26-d9db79d88aaf,BUTTER-E|65536|2|0|70000.0|rectangle,785779.5241299999,706579.25,689473.2597314807,713926.44
dba48327-0e51-467b-be81-eb4141a65a8d,BUTTER-E|2097152|8|0|20640.0|exponential,586807.0081949999,663009.3,722163.4106513845,624589.5
dbaca1a8-88c7-4783-996b-09827c2e39e9,BUTTER-E|16384|18|0|70000.0|exponential,1075437.125465,1.1466852e+06,1102185.5906828286,1.281127e+06
dbad4154-947e-430f-bbee-58cd752881ad,BUTTER-E|16777216|4|0|70000.0|wide_first_16x,5872266.049317,6.270969e+06,6041299.027591305,6.303611e+06
dbb30b74-b6bf-465f-ba06-ba16a8d2cbfd,BUTTER-E|16777216|4|0|67557.0|wide_first_2x,6281664.559734,6.482303e+06,6640394.363811217,6.3594645e+06
dbb65001-a74b-4e06-86a2-e2b726de01a6,BUTTER-E|256|6|0|5300.0|wide_first_8x,51179.86224799992,56575.87,61046.448496224795,64980.176
dbb6be5e-a7de-44e8-b6c4-ba6300d1a23d,BUTTER-E|1048576|4|0|3188.0|wide_first_8x,100666.90981199988,86423.82,103074.38386022013,87428.39
dbcc6e67-bc14-4e15-b14c-93efb5a17faa,BUTTER-E|256|6|0|3188.0|rectangle,43395.88336299972,35903.74,38911.690674165504,36985.3
dbd6f240-38a2-46f5-9ecc-930456f6279d,BUTTER-E|65536|6|0|12958.0|wide_first_16x,385581.647084,240689.19,242119.46230045208,173423.81
dbeb1c91-d91a-4e8a-8ef1-27cff127374d,BUTTER-E|32768|5|0|20640.0|wide_first_2x,300300.56020699994,336260.1,314499.70042654494,253822.17
dbf1a325-f0fb-4319-b55b-24208f1888ce,BUTTER-E|128|18|0|15000.0|wide_first_2x,185656.93704699984,217473.08,205591.4473565925,255878.81
dc114685-2ad3-4201-8eaa-1693ef6747f4,BUTTER-E|1024|20|0|4898.0|rectangle,101299.56311799971,111470.67,107368.19503817649,83391.54
dc28e28b-215c-4877-a4f4-91ec74852cbd,BUTTER-E|128|3|0|3848.0|wide_first_4x,37440.352026,42400.043,38727.75788728868,45052.965
dc3a5cbb-9e99-46fc-acdf-fc62ec036d5a,BUTTER-E|65536|14|0|12958.0|rectangle_residual,704463.219532,496425.4,434087.0440477082,441947.25
dc5421ac-a4f9-48bc-9f79-6c16bb0b1e1b,BUTTER-E|16384|6|0|3188.0|rectangle_residual,64961.84445599988,61352.55,64749.59676593982,47979.418
dc5ec3cb-47f6-408c-950b-895ad6cd2084,BUTTER-E|16777216|9|0|20640.0|rectangle_residual,2540079.91347,2.5400458e+06,2645505.489532759,2.465748e+06
dc785e29-c352-48e2-8de3-1c8b75116cb1,BUTTER-E|8388608|7|0|5300.0|wide_first_2x,354128.55592299986,364380.9,371299.3537090836,369420.84
dc84a81b-3adf-4782-ae31-48df9fd3c324,BUTTER-E|2097152|2|0|70000.0|rectangle,1198689.167547,1.5402789e+06,1452997.5075593526,1.2413935e+06
dc98e1eb-7dac-4ece-b6a7-49b7ea34321f,BUTTER-E|16777216|7|0|70000.0|rectangle,7565251.776194999,6.922225e+06,7376746.726187834,7.6462625e+06
dc9dc1f5-0e12-40bc-89f5-80950ef4ca91,BUTTER-E|8192|3|0|5300.0|wide_first_2x,70856.7933169998,74912.586,72147.43768737007,61330.26
dca322d8-f195-4fad-a193-49a35370d97f,BUTTER-E|262144|18|0|20640.0|wide_first_8x,1140631.6970099998,1.006488e+06,1017170.2081809306,1.1180114e+06
dcada7e0-860d-40fa-94c3-c7c0b13a9bf8,BUTTER-E|2097152|5|0|15000.0|trapezoid,340329.6416519996,368653.28,377729.93730409443,377364.34
dcb6f827-f435-4cde-8ea5-f0873d4fce79,BUTTER-E|512|8|0|105908.0|rectangle,812339.8227769996,971898.2,837413.6730290374,1.076523e+06
dcb6fc38-9f1d-44ba-aaab-0dfb251816c2,BUTTER-E|16777216|20|0|6435.0|exponential,993220.19446,952067.94,1041997.8582207849,953619.06
dcc48e52-d2ae-4be2-8834-a2c690c5f10e,BUTTER-E|65536|14|0|20640.0|exponential,568251.4735939997,570950.9,634080.2739238167,520407.7
dcd6f737-5b34-4bbe-9ae6-53611b8bd19f,BUTTER-E|4096|4|0|105908.0|wide_first_8x,1056498.3915089995,1.1918661e+06,1174134.061221028,1.0739491e+06
dcd79822-bb51-4903-8bf2-5b139c758831,BUTTER-E|4194304|10|0|15000.0|rectangle,609237.5133759999,639017.2,607810.0534971055,610634.9
dcf0973f-3377-42c8-bc20-195b892a059b,BUTTER-E|4194304|2|0|5300.0|rectangle,3551920.495433,2.5606098e+06,1736401.7493965714,3.4271318e+06
dcf4cd2b-e1c7-4043-87db-cd22ebe6a09e,BUTTER-E|65536|6|0|3188.0|wide_first_2x,71979.37372499976,66816.94,71754.22385161428,65553.945
dd1ad62e-54f0-4829-89af-16e98bd0fce7,BUTTER-E|1024|14|0|70000.0|wide_first_2x,833555.7623009998,973945.0,1095776.5843355637,1.1699419e+06
dd2cb411-c72f-47cb-b263-e065b56a4b18,BUTTER-E|131072|16|0|20640.0|rectangle,594572.1137119998,799683.3,894954.8070027467,868512.7
dd2d5322-4922-4f49-bde3-70baddea6275,BUTTER-E|16384|16|0|70000.0|rectangle,865655.6422579999,1.1561076e+06,1196114.1653337646,1.07465e+06
dd4495d9-96f8-444b-99b6-5d8b40c96d4f,BUTTER-E|1048576|12|0|20640.0|exponential,654733.8918319996,724800.6,692533.8534424963,666065.9
dd44a1b1-6d14-4c2c-97d6-69202f8afece,BUTTER-E|524288|2|0|67557.0|rectangle,4412271.45949,873784.06,954722.7109093741,855973.6
dd4e7def-bff0-462f-a8c9-d34d7670d76e,BUTTER-E|32768|5|0|6435.0|exponential,94252.53883299984,96437.49,100708.89450475409,91027.086
dd5ca66c-7128-44e5-9155-683fc99f005e,BUTTER-E|1024|12|0|3848.0|trapezoid,57927.194997999846,69346.01,74547.00832376379,65769.05
dd62d227-7c9c-4b78-bbb6-62b0cdd471fc,BUTTER-E|1024|12|0|70000.0|wide_first_4x,777776.9281169998,752837.3,793052.615730617,949720.1
dd689923-b527-403d-97c2-37c102557073,BUTTER-E|131072|3|0|3848.0|wide_first_16x,61571.81336799997,66736.89,62304.95889977221,64912.105
dd752753-d00c-465b-8083-08857197b96b,BUTTER-E|16384|7|0|15000.0|exponential,239888.43505999976,256282.02,242511.6034577341,204645.08
dd7d2bb1-13f6-48bb-b4ce-04093e6a638f,BUTTER-E|128|20|0|48842.0|wide_first_16x,568418.5207689998,446137.5,524016.98641228606,678863.56
dd857816-52d6-46ad-956d-d3ead5d2560a,BUTTER-E|4194304|18|0|70000.0|rectangle,4376073.93802,5.2526335e+06,5256217.095012873,5.473487e+06
dd92f882-1b18-47eb-bcb5-fa2c57971b62,BUTTER-E|8192|5|0|3848.0|wide_first_16x,53431.33704399972,54632.758,59833.442799468314,41216.508
dd9f8d14-7f90-43ae-94f1-eeaba96a9ee3,BUTTER-E|8192|9|0|67557.0|wide_first_2x,734234.8900709999,818028.44,794335.6489376259,837494.5
ddb17a44-6ffc-4790-a5e2-5fd31cb82c33,BUTTER-E|1048576|16|0|3848.0|wide_first_4x,231659.737798,295959.0,289994.14052015584,279913.94
ddbaab18-ce3e-42f4-9b75-422bb649064c,BUTTER-E|512|14|0|6435.0|rectangle_residual,141609.6149319997,123427.49,104182.22263104706,98262.234
ddbbb24c-1c4f-4da6-a49d-f743ef80f427,BUTTER-E|32768|14|0|48842.0|exponential,967239.591273,1.0722391e+06,1030044.4025442569,1.00614725e+06
ddd84722-ce99-4ace-9a69-24eb05841c79,BUTTER-E|8388608|14|0|20640.0|wide_first_4x,2201404.384134,1.7965386e+06,1868079.838285083,1.7704206e+06
ddf7a6c5-0ce2-49f7-9c96-449b5e380824,BUTTER-E|2048|7|0|70000.0|wide_first_8x,720448.5907589998,722035.5,766637.7131373796,799109.25
ddf85c75-5729-4095-ba11-4017b0d86b50,BUTTER-E|4194304|6|0|15000.0|rectangle_residual,802966.2444609998,708738.9,690633.8254106225,681142.4
ddfa38c3-7078-4b69-8a1a-9e2a4ff6aada,BUTTER-E|262144|20|0|70000.0|rectangle_residual,3090984.932114,4.1632825e+06,4041914.705557565,4.3504435e+06
de00cfc8-b6fe-4af1-b59a-467c37218b7b,BUTTER-E|2048|3|0|15000.0|exponential,114409.72581599987,142236.9,129040.6873213782,155716.86
de038894-5b4e-4464-8e5d-a36e4e9f01f4,BUTTER-E|262144|7|0|20640.0|rectangle_residual,445466.8299449999,506890.44,543237.6337059642,509844.9
de08bac0-264d-44e6-8065-1a56b39c9c98,BUTTER-E|16384|18|0|6435.0|wide_first_2x,108260.9532589997,146115.22,126922.52451110835,117656.97
de1a4715-fb22-43e7-9d10-89392456f96e,BUTTER-E|262144|5|0|70000.0|wide_first_8x,1070772.429308,1.15416e+06,1555165.5094277682,1.3000155e+06
de308f66-8403-4cbc-a8ef-d71814c7b62c,BUTTER-E|64|4|0|20640.0|wide_first_8x,144509.51999499984,169101.36,170308.51734717697,230474.4
de329800-a5f2-4838-9fbc-40ebc7f4b9cf,BUTTER-E|4096|16|0|12958.0|rectangle_residual,133868.01865299983,180681.56,177329.3807475216,211515.5
de414213-48e2-4a7b-89dd-8ff9e6f3921e,BUTTER-E|2097152|2|0|3848.0|rectangle,1191210.974732,700533.25,1458413.528962649,1.02285475e+06
de4bf6b1-319f-4453-8999-de24e6ec2135,BUTTER-E|1048576|18|0|20640.0|wide_first_4x,1059700.882275,1.3239909e+06,1427362.2042181592,1.2465125e+06
de5b838a-e01f-4de1-8c1f-120fde6767a9,BUTTER-E|524288|14|0|3188.0|wide_first_4x,123469.88950399966,147187.08,128110.13664068995,139213.61
de675da1-3a7c-4dde-bd22-291a73542960,BUTTER-E|128|3|0|6435.0|rectangle,73879.76372799996,57058.723,60014.83301760337,62354.4
de721627-2007-4744-b7ba-4d57cddf5fb0,BUTTER-E|4194304|16|0|20640.0|wide_first_4x,1821381.9248440005,1.460716e+06,1485596.4717149145,1.4277756e+06
de801103-80e5-4ac5-8c6d-a5f0e7a3105e,BUTTER-E|4096|12|0|70000.0|rectangle,941588.7962459996,850716.44,852059.3166810106,868068.8
de978f4e-b754-4ba5-93e9-bfb00b053855,BUTTER-E|512|12|0|3848.0|rectangle,48109.45855799988,63625.254,79291.0621477967,58467.645
de9f6fcf-0764-41eb-9c39-8d86ef510495,BUTTER-E|32768|20|0|105908.0|wide_first_4x,2116962.715837,3.8378175e+06,3162302.9918355886,2.1860758e+06
dea64720-c773-4ea4-abf1-b97096bacaa5,BUTTER-E|131072|5|0|70000.0|wide_first_8x,830198.5950319999,937758.06,1106187.011276592,921786.3
debb695b-7830-4372-8731-576cad22cc8f,BUTTER-E|4194304|10|0|105908.0|wide_first_2x,5438766.709774,5.2554345e+06,5325350.080392746,5.468202e+06
debef2c8-f8ef-40dc-891e-b476db926d53,BUTTER-E|16384|7|0|67557.0|trapezoid,951018.9979079998,908602.06,877501.2677604301,858624.25
dec58f03-3adf-41bf-b278-47d4fc95d0fc,BUTTER-E|2048|6|0|48842.0|exponential,552345.4690429998,491399.53,493415.6123692621,563380.6
dec67f61-1ea2-4900-986e-ee0e4af1c81d,BUTTER-E|2097152|2|0|3848.0|rectangle,820650.590384,700533.25,1458413.528962649,1.02285475e+06
ded48a44-c049-4836-9452-5d33504a86f3,BUTTER-E|16777216|6|0|105908.0|rectangle,10564466.386827,1.0268017e+07,11388304.769517297,1.2301848e+07
ded773f6-ea6a-4cc3-b225-3e1b5e71baf9,BUTTER-E|2048|10|0|5300.0|rectangle,52790.47565899968,52446.953,51441.15294117785,59387.316
dedfa5ac-9403-4f07-a4b8-44678b912f1f,BUTTER-E|262144|20|0|20640.0|wide_first_4x,1084800.790026,1.0953931e+06,943524.6066474225,1.0319778e+06
dee9f1e6-8599-4a33-8f5f-4e7f45d35c01,BUTTER-E|16384|8|0|105908.0|rectangle,1096720.568376,1.2688801e+06,1487725.7370567026,1.1560625e+06
df03ad10-9a66-40bb-8bfa-4c73d49ab723,BUTTER-E|4194304|10|0|70000.0|wide_first_4x,3424181.078744,3.651003e+06,3416421.38586922,3.8008222e+06
df0da420-3c3d-42d2-9777-63190290ae4f,BUTTER-E|524288|4|0|6435.0|wide_first_2x,131060.32633399988,129963.15,136118.69585660222,131008.95
df2332c1-5d90-492b-8509-676c385d2901,BUTTER-E|4096|5|0|4898.0|wide_first_8x,62446.63448999988,66558.414,63565.18006319248,60287.176
df41d601-4aca-495d-9d4e-f358866c3fb0,BUTTER-E|64|2|0|20640.0|rectangle,115520.83479699986,159118.58,156331.6157867306,196517.12
df4ee41f-3c84-4fd1-b584-ce32940d8e29,BUTTER-E|4096|3|0|6435.0|wide_first_8x,70950.3931639998,84856.78,81127.71348700213,69390.0
df6f97e0-bc48-48c1-bfbb-79edc4617fa4,BUTTER-E|2097152|5|0|67557.0|wide_first_2x,2026979.813592,1.9757178e+06,1906084.4975176125,1.8904209e+06
df88207e-8578-4263-aaae-529f7f596413,BUTTER-E|256|6|0|105908.0|wide_first_8x,1038913.4260189998,876848.5,927346.6433662652,1.1807562e+06
df8faee4-5b4d-4ce3-ade7-bd7caf8414e9,BUTTER-E|4096|9|0|5300.0|wide_first_2x,57455.11906499988,65804.68,66133.64520868352,75143.13
df99bd99-0970-48b4-b5af-56b9fee9461a,BUTTER-E|8192|14|0|48842.0|wide_first_4x,571692.269946,735924.0,737764.1266276633,855783.44
dfbe3ce2-4701-49ea-93f7-6377cc36a6a1,BUTTER-E|4096|2|0|5300.0|rectangle,66175.76472899975,63688.574,66995.54257124341,69824.48
dfd1663f-deaa-408a-9798-14b8a2c69b48,BUTTER-E|131072|8|0|48842.0|rectangle,695608.595837,814540.1,834535.4649806711,765363.25
e01a76c0-9b69-4c26-9e20-ef13ad797620,BUTTER-E|256|2|0|15000.0|rectangle,142587.97898499988,125801.305,123108.71977065841,153829.47
e01e9daf-78af-4d83-a78e-7e102d5f536c,BUTTER-E|4194304|5|0|12958.0|wide_first_16x,626153.4447509999,622402.5,588836.8544627214,595102.5
e020404f-116f-48f4-88ce-3d5ff19c8763,BUTTER-E|262144|10|0|6435.0|rectangle,121647.06062399996,128102.94,117534.29080311982,135876.44
e02e107c-45a7-449c-ab1e-8c64e21e5410,BUTTER-E|16384|14|0|105908.0|wide_first_4x,1366261.4982269998,1.7713394e+06,1659832.7461389517,1.6979108e+06
e04af811-32ca-4556-9a0e-483c3441d429,BUTTER-E|4194304|16|0|70000.0|rectangle_residual,4831816.326278,5.373828e+06,5247880.036003298,5.494218e+06
e064e4f0-2535-4b24-a3d9-c6cfc760d0f5,BUTTER-E|2097152|5|0|3188.0|wide_first_4x,99077.65186099969,106965.88,106301.59039175345,108742.625
e07bba1c-15ec-44da-b6c9-17cf38689d57,BUTTER-E|32|3|0|5300.0|wide_first_16x,53085.47467099969,51405.45,52340.499211166905,49918.965
e080943e-8fe7-4bc9-b007-a5683e8ecb6a,BUTTER-E|131072|7|0|15000.0|wide_first_4x,307285.0596319997,358276.62,349398.54209678026,351470.25
e0950963-d731-4014-909d-ea12047b78b6,BUTTER-E|512|18|0|6435.0|rectangle_residual,125439.87292999994,122737.88,107583.302602137,104964.61
e0aae3fb-1f6e-43a1-968d-32134939281f,BUTTER-E|131072|20|0|3188.0|trapezoid,145055.7124209997,145700.27,200645.21006088628,161931.84
e0b36523-a0d2-42fd-9385-b5d020825c09,BUTTER-E|4194304|9|0|3188.0|trapezoid,188562.6342209999,170875.05,171887.303192413,182186.9
e0b8b671-0d02-4124-a416-41cdf7208c87,BUTTER-E|65536|16|0|6435.0|rectangle_residual,261395.0279589999,266967.88,244021.80316483323,232462.66
e0ba6b87-97f1-45f8-b398-af6b45cf7404,BUTTER-E|8192|4|0|12958.0|wide_first_16x,169645.5830539998,158822.34,159450.71411691373,117549.19
e0c50e74-e811-456e-9221-c1444d27ab10,BUTTER-E|64|6|0|3848.0|exponential,47382.89127199991,48351.86,49352.03921704548,48897.992
e0c580bf-3549-4cb4-acfa-6ba71e45404f,BUTTER-E|1024|7|0|48842.0|exponential,511293.7765639998,506012.38,479401.5941002338,603167.44
e0ce64d2-5b5c-42dc-a6a0-ec34602c2cbb,BUTTER-E|128|10|0|15000.0|rectangle_residual,189684.63516299988,205726.02,187444.59492309377,224652.66
e0ddbf85-bce2-4954-b0e9-5f7f3d7ac336,BUTTER-E|1048576|16|0|3848.0|trapezoid,558784.0494839998,357050.06,331303.4598669433,439968.66
e0eb5eef-922a-49c6-b87b-76ecda1cef7a,BUTTER-E|16777216|20|0|4898.0|exponential,636116.9248319997,722858.1,661249.65525654,694588.0
e1048b26-6ae2-43ad-a0b5-f82ec192203f,BUTTER-E|8388608|18|0|3848.0|wide_first_8x,405097.24011399975,480681.84,457462.32489159756,446243.88
e1641922-dd56-48ab-a94f-49d79e36628a,BUTTER-E|131072|14|0|3848.0|rectangle,202292.633416,171769.25,180644.42846272505,151512.16
e17ab181-99ea-41e1-9069-66b898735f5f,BUTTER-E|4096|10|0|4898.0|wide_first_16x,108203.71675199976,84563.29,80593.58037962824,58006.164
e184a8f2-ec22-4511-9128-98bf1a7eef49,BUTTER-E|65536|3|0|20640.0|wide_first_4x,261019.41915499995,265091.22,263597.07683097885,252922.1
e18c1f18-0a42-4049-bd8f-d7f83bd53507,BUTTER-E|128|5|0|15000.0|wide_first_16x,129713.33573199972,131516.58,133856.26232058767,146252.81
e18df29f-522a-41c3-bc82-b9b9902aab1a,BUTTER-E|16384|3|0|3848.0|exponential,63733.0741759998,56450.887,59448.43639335147,47202.812
e1acb4e7-195b-4a53-8266-cfd38b19f590,BUTTER-E|16384|9|0|4898.0|wide_first_4x,178894.154925,106911.42,115727.33385500185,83347.33
e1cecb47-4ca5-49ab-9ff6-fde794d976c2,BUTTER-E|524288|5|0|6435.0|rectangle,100104.417882,102751.375,106833.46086211014,98187.29
e1df414a-f35a-4386-bcb3-97562b893908,BUTTER-E|2048|4|0|48842.0|rectangle_residual,433891.4171779998,441616.1,464975.37346930074,531807.7
e1e1ec62-a235-4188-be42-9a75e54c0ea0,BUTTER-E|1048576|5|0|67557.0|exponential,1242465.3497039997,1.2836758e+06,1434404.3294956435,1.3506322e+06
e1e33478-9b54-4a07-a158-d7a975f7e0b6,BUTTER-E|8192|7|0|70000.0|rectangle_residual,1166523.761424,1.01321694e+06,917363.1874057583,884940.1
e1e6a80e-db49-4e82-a0a7-f72199a6b97d,BUTTER-E|2097152|2|0|3848.0|rectangle,928928.4603539996,700533.25,1458413.528962649,1.02285475e+06
e20f2bfe-3bfa-4976-839a-dac1542929ec,BUTTER-E|32768|7|0|12958.0|exponential,229190.0533229999,244252.75,218925.50075806375,205731.7
e213ea66-0a24-409e-a6c9-5476b43295c1,BUTTER-E|4096|12|0|105908.0|wide_first_8x,1859022.4496059995,1.6647129e+06,1808432.1681588213,1.4088031e+06
e21feb9d-d507-4cf6-b038-768ee1c4fea2,BUTTER-E|8192|12|0|70000.0|rectangle,1298164.006454,929304.9,1038957.1464651887,880733.0
e22f222d-6c70-491f-a936-1ed73e1d5059,BUTTER-E|1048576|4|0|20640.0|trapezoid,414611.59779399977,391988.8,365015.4371217244,362440.78
e262c6b1-d5d4-4e56-b4af-214600dd173c,BUTTER-E|524288|2|0|3848.0|rectangle,269790.569856,162659.14,437691.276517733,266113.03
e27c524e-d2cb-45c8-b177-54b70ae856dd,BUTTER-E|131072|10|0|70000.0|exponential,1566569.286972,1.4461096e+06,1364212.4840975187,1.3927101e+06
e2904c07-f608-4434-bb7f-f6ed210542b9,BUTTER-E|2097152|5|0|5300.0|rectangle_residual,169649.7248549999,187413.14,194385.71765081852,150645.66
e29cbc4b-bed4-4de8-9d4c-dce6a72b0546,BUTTER-E|128|10|0|12958.0|trapezoid,210368.3252589997,167301.58,158511.02237448053,199495.75
e2ad8d54-9d88-4ed2-9d93-4af279cbc5c8,BUTTER-E|262144|6|0|20640.0|rectangle,249074.99869199967,305576.9,359802.59721308376,298928.94
e2b33130-f089-4014-9eab-5eb7bf128005,BUTTER-E|16384|20|0|3188.0|wide_first_4x,49164.30767599992,54554.344,57737.00891739853,58019.773
e2b5aef9-e3bf-4462-98d9-94013a93f581,BUTTER-E|4194304|6|0|105908.0|wide_first_4x,4553591.743238,4.880506e+06,4706478.770633975,4.582276e+06
e2bdfe4c-4bc9-4980-b472-af1a1782e922,BUTTER-E|32768|14|0|6435.0|wide_first_4x,252618.4524269999,219431.61,229520.89802391198,177388.55
e2e92cbb-2108-4f9c-aba7-57390e34af2a,BUTTER-E|262144|7|0|70000.0|rectangle_residual,1529457.7445269998,1.6555681e+06,1427142.2652525795,1.663042e+06
e2ebcd21-603b-41a7-bfa7-750be5935fd2,BUTTER-E|4096|8|0|5300.0|exponential,100638.98117599968,79156.58,79620.25352937578,67556.555
e310c4a2-19d4-4baa-95ae-5c890a6b5000,BUTTER-E|16777216|8|0|12958.0|wide_first_8x,1476296.648865,1.5838392e+06,1565380.7650322185,1.6982152e+06
e31a89d4-740d-4e88-9b27-abafbfa60211,BUTTER-E|32|8|0|4898.0|wide_first_2x,49029.74039399975,50279.457,52981.94440016668,68882.305
e325aa39-cfe5-4cb7-93f2-8953c23636f3,BUTTER-E|2097152|16|0|3188.0|wide_first_16x,233556.11904799985,182040.16,177455.1907712582,179621.17
e3289a4f-157a-4601-a59e-2b00bdbfd0fc,BUTTER-E|262144|4|0|5300.0|exponential,80691.96757599972,100268.08,98304.83552212884,91942.39
e33a4d6c-f9d0-41f3-9d3a-592ca0b7004b,BUTTER-E|1048576|3|0|15000.0|exponential,317657.11321599985,312175.88,285592.3865175821,284625.56
e347ab1a-7e34-4a6c-803f-5a2ca7087e09,BUTTER-E|1024|7|0|105908.0|rectangle_residual,1350131.9241179998,1.2122955e+06,1262035.53022946,1.3396679e+06
e3527ec6-3de6-43da-ac64-ee417f1d45f7,BUTTER-E|8192|7|0|3848.0|wide_first_4x,62296.90846799975,66673.78,70145.64955723737,53362.992
e3586350-253c-4415-bdc6-9dcd88e122e3,BUTTER-E|2048|3|0|48842.0|wide_first_16x,470019.3131359998,423681.0,407404.7333519767,405229.53
e35f2203-4757-4888-9af9-985d897d1a3f,BUTTER-E|16777216|3|0|6435.0|trapezoid,485699.3051749999,508430.0,526815.8855508784,520447.4
e36bea36-acf7-4078-9839-15cfc3fc34cc,BUTTER-E|4096|3|0|12958.0|rectangle_residual,139720.99310799985,138515.69,154697.9244443469,126579.81
e36c33b4-ac55-4301-b971-428106a7daac,BUTTER-E|256|9|0|3848.0|exponential,60711.1591069998,59187.777,53892.476551337226,53455.797
e38c00ee-f4c3-4e08-af64-046c7bbd8658,BUTTER-E|16384|5|0|105908.0|wide_first_16x,1249284.595644,1.1711565e+06,1264632.7447860392,995021.06
e3a2be12-11a3-4e47-a599-37591216945a,BUTTER-E|128|5|0|12958.0|wide_first_8x,116915.83600399992,113668.49,111675.98413810621,137586.33
e3abdbfb-8d86-4bf4-b62d-5d0e8c3e0182,BUTTER-E|4096|20|0|6435.0|wide_first_2x,90368.754687,112093.02,88229.28904780633,120909.11
e3ad84e1-8470-4671-9114-ab2cc6087f12,BUTTER-E|131072|9|0|67557.0|rectangle_residual,1989245.0420540003,1.8446561e+06,1679094.1620679372,1.8732068e+06
e3bd0974-90dc-4520-b8e7-de08a89eb3e3,BUTTER-E|4194304|5|0|105908.0|wide_first_4x,4499290.760654999,4.5599475e+06,4656808.011802937,4.3696575e+06
e3dd0d4f-00a2-400a-93ac-a8d0007dfa75,BUTTER-E|512|7|0|4898.0|rectangle,48817.85998199988,48483.32,59921.293552979856,46146.555
e3fbbbc2-ee4a-4fd1-aa84-55beb8a56b57,BUTTER-E|32768|6|0|67557.0|exponential,1041667.52594,954417.9,917585.678742846,885837.7
e3ff326b-9f17-4278-a319-2b23e88069bf,BUTTER-E|4096|18|0|3848.0|wide_first_8x,61525.42384999969,71517.64,67907.28654442774,69482.84
e40bf2f9-ec45-40c1-af55-d6635a885031,BUTTER-E|4096|6|0|20640.0|trapezoid,142637.74379499978,198308.48,208098.55904405087,198470.44
e419318e-60f0-43ce-a7c3-d849127e56cd,BUTTER-E|8388608|9|0|6435.0|wide_first_4x,499216.645008,556607.9,551892.8781644714,534348.06
e4299e6a-ffb4-4c02-805d-36dfc12d7cf5,BUTTER-E|16384|5|0|3848.0|wide_first_16x,62267.2279039998,61900.07,75046.31195263557,41908.69
e43ceafd-bc80-43e5-97ba-3c6e580e0c3a,BUTTER-E|128|4|0|67557.0|wide_first_8x,711288.3291279998,558532.75,552710.7953183692,690161.3
e445c2c2-3fce-4e0d-be51-03be62454d5b,BUTTER-E|65536|7|0|4898.0|wide_first_2x,121905.26749199988,121113.266,113162.0878879538,110194.48
e450295f-f89d-4ceb-8e18-2226abc8578b,BUTTER-E|64|7|0|4898.0|rectangle_residual,80045.91531599975,59890.79,59416.06059077209,67965.03
e461c992-aae1-4b4f-aa8e-9ef3918a5cd2,BUTTER-E|8192|8|0|6435.0|wide_first_16x,119383.49301399972,102054.766,113872.84879815893,77540.37
e4632c7b-6ede-4b18-984c-ecaa31c05895,BUTTER-E|4096|3|0|70000.0|wide_first_8x,955540.247624,638565.1,662018.2577416368,676581.4
e4742d56-3128-4ece-a410-18a62a010816,BUTTER-E|8192|20|0|5300.0|wide_first_8x,90506.18786400002,90100.266,85271.5373253655,87304.58
e47b27e9-4b00-46ed-bfec-ed0268e1a132,BUTTER-E|8192|16|0|5300.0|rectangle,84525.05448699984,79368.46,67609.29944078253,78804.07
e490b64a-28fc-48ac-9a30-90661aa069ed,BUTTER-E|16384|8|0|48842.0|rectangle_residual,1073957.6784589998,886397.1,885898.7861620345,675289.5
e4955c45-216c-4b2c-99e7-7816896fd2e5,BUTTER-E|8192|7|0|4898.0|wide_first_8x,69727.78596299975,82549.78,84839.40362736332,73807.945
e49d52ea-c700-4b40-83e1-88f6de807325,BUTTER-E|4194304|6|0|105908.0|wide_first_2x,4501914.994564,4.592754e+06,4525597.75603641,4.4994915e+06
e4ac44db-a6a6-48ff-86d7-9ce87203509f,BUTTER-E|64|4|0|6435.0|wide_first_2x,66756.43855999976,68046.555,65896.10766207325,76000.85
e4ae5d11-cbe3-45c0-b63b-946b92ee774d,BUTTER-E|512|6|0|48842.0|wide_first_16x,384510.08214599977,401884.34,428161.7377513312,441470.0
e4dba08e-5850-4eda-b85c-28bf1d0660a8,BUTTER-E|2097152|2|0|15000.0|rectangle,749043.5862029998,872724.7,572951.0908622146,803021.5
e4dca02a-c294-4f17-9a00-006d7e5e171d,BUTTER-E|4194304|9|0|5300.0|rectangle_residual,296217.913118,308107.56,284424.70903561893,282895.78
e50ca1ce-7a7e-4f41-b22c-f2ba5e95fe73,BUTTER-E|1048576|12|0|67557.0|wide_first_2x,4223041.695362001,2.6560925e+06,2530733.25043345,2.752079e+06
e51dea92-00c2-41ad-a2c4-9842e673842b,BUTTER-E|256|7|0|105908.0|wide_first_4x,1029550.579438,1.0530536e+06,993072.0343191659,1.2241806e+06
e52f4a17-4eb4-4a6e-a3a8-afe50c815e23,BUTTER-E|1024|7|0|15000.0|rectangle,120734.49432199966,124598.23,134512.30933677245,139052.78
e5345a0f-8979-40a7-999b-c0b9189743af,BUTTER-E|16384|10|0|12958.0|exponential,229993.3899189997,260649.78,239753.9232081924,213273.06
e552aa35-ae11-4e26-8fa1-add1d5d93364,BUTTER-E|1048576|9|0|3848.0|trapezoid,282274.32348699984,224017.47,219923.80738056224,289766.1
e5741ada-94d8-4258-aa93-03a9c25ea90b,BUTTER-E|2048|6|0|20640.0|rectangle_residual,156822.0708969997,195987.64,189315.19226097083,233846.81
e5845fdb-95af-4b0a-919b-730bb5811cc8,BUTTER-E|2097152|9|0|48842.0|rectangle,1683818.7186559995,1.4793615e+06,1454039.2547743747,1.6167158e+06
e5a1116d-c9ff-4490-869d-2af7d7b7ca1d,BUTTER-E|524288|7|0|4898.0|exponential,111260.7741259998,124432.58,116255.30990093268,115951.33
e5bbda36-814b-4bd4-91ee-406dcb3c47a1,BUTTER-E|2097152|2|0|48842.0|rectangle,1345280.798355,1.4306106e+06,1066521.029214345,1.5622595e+06
e5c0ca67-f06f-453b-9851-de51848963cb,BUTTER-E|2048|4|0|105908.0|trapezoid,1136677.18831,1.0058825e+06,1053658.5529590053,1.0939859e+06
e5c7e36c-7c7c-402c-b0c0-7ce8353b8083,BUTTER-E|524288|4|0|15000.0|exponential,271282.309024,296311.44,289091.96971517225,290348.38
e5cd5521-d94b-4c03-aa62-8b6035f097da,BUTTER-E|256|5|0|4898.0|trapezoid,59248.37139799984,50563.164,53029.870521900004,57013.086
e5e0b035-dc87-4d8c-9ccf-3fbd5b8b002a,BUTTER-E|512|4|0|105908.0|wide_first_2x,965802.525326,1.04792925e+06,1021239.0469417219,1.04437744e+06
e5e40d21-4458-4708-ae47-33056ce8ade4,BUTTER-E|262144|7|0|6435.0|wide_first_8x,142466.05716999984,168918.58,170164.29765372226,168255.86
e5ec084c-1f9f-4074-9e45-9196dc46828e,BUTTER-E|32|12|0|3848.0|rectangle,48062.848140999726,42224.91,47080.40876448297,58248.082
e5ee440e-afaf-4d1d-884f-aa8a31ea9bf3,BUTTER-E|8192|2|0|67557.0|rectangle,601067.8887439999,587965.8,596757.5865571348,569065.7
e5f2aee3-5f51-424e-bc0f-a41f8eb07894,BUTTER-E|8388608|6|0|6435.0|wide_first_8x,472329.5075519997,471541.97,508277.80057991593,477060.78
e5f834f0-fa87-4491-85e0-702f0e724b54,BUTTER-E|2048|6|0|3188.0|wide_first_4x,57130.588748999886,43519.207,42726.77692068253,41664.84
e604083c-d0d3-45a9-8dad-e2c5a92de1e7,BUTTER-E|1024|18|0|5300.0|wide_first_2x,118480.37845799988,102433.484,95660.08058002604,88307.59
e615ce59-4d65-4c3e-94bc-6d7f92d64061,BUTTER-E|131072|12|0|6435.0|rectangle,190995.61045799984,204540.88,233218.15438535414,184027.8
e61bcde7-1df2-4621-9a3d-52e7d96d3866,BUTTER-E|2048|16|0|12958.0|exponential,204120.4182529997,235579.78,230176.94939522308,246532.14
e61f350b-d90a-4f3d-ba22-b12a63592048,BUTTER-E|1048576|7|0|4898.0|exponential,127164.871425,149320.72,143289.2727314113,137413.36
e6727531-ce57-4869-80b3-6374bc140ca1,BUTTER-E|4096|4|0|3188.0|rectangle_residual,38700.04885999992,48195.652,42855.336836462804,42956.39
e67d8a08-8ab9-4e24-ae62-6fe10dc7621f,BUTTER-E|8192|6|0|3848.0|rectangle,44661.84916199976,44345.246,45445.811727350076,42428.598
e67fd2d2-eb13-4775-8e9f-a53dc276a23f,BUTTER-E|131072|2|0|105908.0|rectangle,1020753.888806,1.20673e+06,1339454.544679412,1.2051095e+06
e698e7d0-7eb9-40f8-a928-c6ee23a55c35,BUTTER-E|65536|3|0|3848.0|trapezoid,44442.55306399967,46265.223,48416.976917388514,47978.137
e6a0bf14-7547-4ff5-b9fe-2fdc47ff40d7,BUTTER-E|65536|6|0|4898.0|wide_first_2x,106372.3849219998,111111.61,100166.0303203289,99188.59
e6a25b21-d8a6-4e3c-ba22-89281f635c91,BUTTER-E|262144|8|0|67557.0|exponential,1255074.264384,1.3222545e+06,1397051.933505792,1.3248004e+06
e6ce28e2-d21a-483b-b83f-e00448b8565c,BUTTER-E|4096|20|0|4898.0|exponential,90362.62274299993,95727.08,90847.14280726094,100007.65
e6d3db0d-cf86-4e8c-8d4e-b378db368d3f,BUTTER-E|2048|5|0|4898.0|rectangle_residual,52430.29288999992,55695.277,55068.51502459164,62260.633
e6e33189-93e2-4aa6-8fcd-e492a7a5abbd,BUTTER-E|2048|9|0|4898.0|trapezoid,70227.20030899967,68559.92,64114.656093349135,83385.17
e6e8598b-7552-42ea-9fec-51bb54c03465,BUTTER-E|2097152|9|0|48842.0|wide_first_8x,1859928.726928,1.9006326e+06,2407164.1160849473,2.1539845e+06
e6f0144b-0fc5-440c-8128-e382e941aadb,BUTTER-E|2048|12|0|20640.0|wide_first_16x,296086.95428799995,299492.5,319608.10628962,228053.81
e70e3a13-cd03-4c87-b1d7-e58f8283e22c,BUTTER-E|16777216|4|0|4898.0|rectangle,419233.6088759999,381233.0,391774.4640590403,456914.28
e735b391-4868-421f-b4e0-0065a2f89297,BUTTER-E|262144|9|0|12958.0|rectangle_residual,368268.5666619999,380021.3,408593.57104560744,401891.22
e73ebf46-a7ae-4976-b0b3-21139125af92,BUTTER-E|32768|10|0|70000.0|exponential,897853.0056099999,979760.94,969927.0161379994,1.0495385e+06
e756255f-cfe9-425d-af11-8de3e9223542,BUTTER-E|2048|14|0|20640.0|wide_first_4x,470031.23511699983,288063.03,310416.3016894202,269077.12
e7582b62-1b64-4189-8194-b6f7f429e774,BUTTER-E|2097152|3|0|5300.0|wide_first_2x,134877.08064999996,151643.55,143968.03933175985,163498.97
e7625114-7e43-4bda-a820-f11a9cc72519,BUTTER-E|2097152|12|0|70000.0|wide_first_8x,3016795.819509,3.3038778e+06,3531787.1038871203,3.216905e+06
e768665e-40b2-4d12-bef4-38cd2f844cc1,BUTTER-E|1048576|5|0|70000.0|wide_first_8x,1454959.292298,1.5356748e+06,1535421.654068447,1.5325234e+06
e77224e6-23d1-4a91-8271-22f15aa77dd1,BUTTER-E|16384|6|0|12958.0|wide_first_4x,368929.8994119999,207522.34,246152.56260154312,187901.72
e7724b17-1af8-4d88-9060-ff92626618fb,BUTTER-E|128|12|0|5300.0|rectangle,79908.30878699989,92323.734,90763.80417714347,66160.59
e783ea2c-a66c-4532-a1c2-c713e173b779,BUTTER-E|8192|8|0|48842.0|rectangle_residual,3142441.66573,683482.94,733144.4470149627,643278.3
e7916c9a-4b7b-4f40-b245-7b44e0fc5365,BUTTER-E|128|10|0|15000.0|rectangle,158014.3475819999,144268.1,134432.68369763307,161045.06
e7ab156b-2bb9-4916-aed4-8a40d07ba044,BUTTER-E|4096|9|0|6435.0|wide_first_8x,101437.45082699976,99561.05,110107.79101115685,88833.58
e7ac551a-3ca5-4853-8386-b43410742ea1,BUTTER-E|262144|6|0|105908.0|rectangle_residual,2295794.686556,2.2194598e+06,2246305.0262604468,2.2688102e+06
e7c1d6e7-25af-4749-b85c-8cedbb7787b9,BUTTER-E|8192|18|0|4898.0|trapezoid,82489.38439599972,90601.75,91912.13615521589,102235.86
e7c209c5-9eb9-4e8a-b81d-46ce8c05d5ca,BUTTER-E|16384|16|0|3188.0|wide_first_8x,61376.4807859998,60850.89,64825.67747668371,53915.055
e7c5b644-a434-4ba7-bff3-bf4a193a143b,BUTTER-E|16384|8|0|105908.0|rectangle_residual,2244002.641284,1.7656152e+06,1887742.7561045836,1.4467965e+06
e7dd45c5-a149-4155-9349-7f660190578c,BUTTER-E|1024|18|0|6435.0|rectangle,175296.19938899975,120708.76,122165.53752694896,101514.18
e7e028e0-cd6d-4c96-a02c-c46fd1aa7764,BUTTER-E|4194304|18|0|48842.0|wide_first_8x,4002861.212971,3.740376e+06,3967289.0042892653,3.954937e+06
e7edba02-798a-4922-b0b1-728f135e564d,BUTTER-E|2097152|6|0|70000.0|rectangle_residual,2142393.858012,2.282426e+06,2175745.018928378,2.3125945e+06
e8015bc0-db47-4774-8205-cd42856fd6a5,BUTTER-E|16384|10|0|6435.0|wide_first_8x,88931.29817199997,128132.75,99813.682294662,107014.66
e823988a-6ac2-4e9f-9a3c-f19fc4726caa,BUTTER-E|65536|3|0|5300.0|wide_first_2x,76342.40181499968,85707.516,91660.29525924973,76229.73
e823fda7-e210-4c25-a7dd-5bc028e52859,BUTTER-E|524288|6|0|5300.0|rectangle_residual,160308.3110449997,138922.62,130973.30647779239,128242.53
e83328e0-01a5-4ee3-9713-d7ed1163402b,BUTTER-E|2097152|2|0|12958.0|rectangle,774181.7199339998,836562.2,564684.5591586503,1.0198732e+06
e83932fb-3463-4704-b4b9-846bce0deae2,BUTTER-E|262144|3|0|5300.0|wide_first_8x,100724.63817499991,95020.34,94820.67619349247,89457.086
e8467f9e-f703-4f4d-95e3-28686ef986a4,BUTTER-E|131072|7|0|4898.0|rectangle_residual,118258.24968499968,135743.67,126603.13785492154,132176.33
e847c270-bcbe-47e0-8f69-5e7f348326f9,BUTTER-E|524288|16|0|15000.0|wide_first_8x,1041072.8022869998,729820.3,751682.7086548064,791586.5
e8622363-abe6-4074-a02f-a0c4891f7b3c,BUTTER-E|2048|14|0|4898.0|wide_first_2x,62270.071200000006,78927.266,66586.72231484731,82739.26
e88e3cdf-42fb-425f-a2c8-b2db70fcc6fd,BUTTER-E|4194304|9|0|3188.0|wide_first_8x,219449.90642199985,184992.97,179634.19640928085,187105.61
e8941b7c-140d-4d23-9ee7-85930c731c73,BUTTER-E|65536|20|0|6435.0|trapezoid,359984.12025299977,273708.88,248795.6861318469,232669.38
e8a326ec-20f4-46a8-a903-6e835838bf33,BUTTER-E|131072|14|0|105908.0|wide_first_16x,3245849.000469,3.2229975e+06,3037948.6600402785,3.0547978e+06
e8a42519-8fe7-45a4-b316-30dee879d2ad,BUTTER-E|16384|6|0|6435.0|wide_first_8x,108681.42968699972,104554.484,96425.34336363345,90280.72
e8a5da86-6e6f-4614-881d-63a491685c94,BUTTER-E|128|4|0|3848.0|trapezoid,35696.03681999989,35102.69,35947.49718916488,37285.77
e8c84e47-37e4-4196-a7bb-090efe636d27,BUTTER-E|32768|6|0|12958.0|wide_first_16x,223038.088271,189739.53,203124.23681583427,135193.58
e8d02d6c-39db-4074-b7c3-419e2eaa1cdf,BUTTER-E|4194304|4|0|70000.0|wide_first_4x,2564155.725159,2.7060988e+06,2933897.831797318,2.549637e+06
e8e61e65-e00b-4b14-8321-e1dd3423bfb3,BUTTER-E|32|18|0|5300.0|trapezoid,57070.575207,64377.84,66379.43485200786,93609.47
e8ed37b7-d122-4a2f-8359-339328576dd3,BUTTER-E|2097152|2|0|3848.0|rectangle,747098.8954669997,700533.25,1458413.528962649,1.02285475e+06
e921507c-e79f-4bb7-8b31-aac7b13cad4f,BUTTER-E|2048|18|0|4898.0|exponential,94160.152656,105740.16,127407.97794771034,94497.47
e92b0f02-4eca-44a0-8a10-c54d0bad79ea,BUTTER-E|1024|12|0|67557.0|wide_first_2x,1156747.0122019998,962644.06,984725.4103332482,929298.7
e92ba21f-0e7e-4ef7-965a-cf03597245ad,BUTTER-E|2048|4|0|12958.0|rectangle_residual,106333.91323799976,135467.95,125166.10159006735,135899.77
e93fa2bd-12ac-4326-bc52-4f9d8c6fff9f,BUTTER-E|2048|4|0|12958.0|wide_first_4x,127932.7618039997,140732.03,129454.63788613913,136003.88
e9833c70-ba49-4735-acc6-9967d5c196b3,BUTTER-E|131072|6|0|6435.0|wide_first_4x,130293.18167399964,142613.69,149009.85264453405,136214.94
e988daf5-5dbd-411b-8794-9f00ffd49ccc,BUTTER-E|32|9|0|5300.0|exponential,73480.13883299983,57037.723,61013.53276690448,69042.516
e9994711-b787-44e6-8f7c-2b7ab46d4813,BUTTER-E|262144|12|0|15000.0|wide_first_2x,494348.4918820001,579482.6,541839.821858711,544672.6
e99e7036-0425-4b6a-8fe7-1d24d1d76fcb,BUTTER-E|2097152|14|0|48842.0|wide_first_8x,2358610.938012,2.6180875e+06,2425341.7360223443,2.736272e+06
e9b69739-ac36-4b86-af7a-0910be41bc15,BUTTER-E|2048|20|0|20640.0|wide_first_4x,382689.3590169999,398758.34,452287.71926947194,347261.2
e9bb860d-4861-4754-80a6-6cdf5483b7bb,BUTTER-E|1048576|6|0|15000.0|wide_first_8x,382724.522347,440071.9,384001.43232395506,431644.9
e9ce3294-b7a3-4664-a4d5-0cc0c1edbb53,BUTTER-E|2048|14|0|67557.0|exponential,1068060.94721,1.0971349e+06,1112459.3376226772,1.1209302e+06
e9d501cf-d710-4d29-9f51-dcb1fff254dd,BUTTER-E|65536|16|0|6435.0|exponential,202683.906391,207438.05,194695.77757630937,217055.16
e9df568c-fe30-48a6-bbde-5dbad99127eb,BUTTER-E|256|5|0|105908.0|wide_first_4x,1144808.170222,938749.5,973394.8690033702,1.1345501e+06
e9eebba1-245f-44f0-b6d6-204008669faf,BUTTER-E|65536|18|0|48842.0|wide_first_16x,1097828.508148,1.3072262e+06,1098437.1620345148,831267.2
e9f34570-e07a-49c2-ae3a-70d57df07e27,BUTTER-E|2097152|4|0|15000.0|exponential,438134.59435,454618.44,416093.7535035194,374655.56
e9f4aae7-3568-46c3-83fd-cd9da13399ed,BUTTER-E|262144|6|0|4898.0|wide_first_16x,110565.26207199972,123215.914,116646.04692938313,112539.48
e9f55a68-b07e-4f52-8718-c1d3926babd0,BUTTER-E|16777216|20|0|6435.0|wide_first_8x,986965.981931,1.0410244e+06,1080760.1235339292,1.1369265e+06
ea0eb59c-384a-465a-80e1-32c079e36abc,BUTTER-E|128|9|0|3848.0|rectangle,45765.41256299988,45520.75,40858.040816570356,45277.16
ea2e2d22-9d37-4f05-a158-42d7ef774bd0,BUTTER-E|4096|16|0|48842.0|wide_first_16x,665670.8081019999,780359.0,818011.3238604865,595293.8
ea2f5849-921a-4c53-949c-3bf36412888b,BUTTER-E|4194304|2|0|5300.0|rectangle,3491387.971112,2.5606098e+06,1736401.7493965714,3.4271318e+06
ea4f6926-0eed-49d1-8c7e-d1840e3f007c,BUTTER-E|256|7|0|3188.0|wide_first_4x,41466.57839599968,44564.605,40067.68689713538,42672.85
ea58c01d-8304-4786-b561-e4a6128ec8bf,BUTTER-E|512|14|0|4898.0|wide_first_4x,71467.61730599987,88923.34,96642.98901988368,81151.45
ea5dc72f-d494-49e9-aa29-cf40f8eb7011,BUTTER-E|64|10|0|4898.0|wide_first_16x,53331.75887299992,56008.53,56321.78284596082,57421.082
eaa53a43-d23d-48cf-b048-c639afa5bd04,BUTTER-E|2048|8|0|12958.0|rectangle_residual,111976.165944,158805.38,156796.07444699542,170096.23
ead6056b-3f22-4feb-b9b2-35a61d617462,BUTTER-E|8388608|4|0|67557.0|trapezoid,4088360.267845,3.6486708e+06,3957840.5342806866,4.0307992e+06
eae65021-68ed-473a-8a64-895eac66e9fc,BUTTER-E|16777216|7|0|105908.0|exponential,10608600.253194,1.0274345e+07,9922927.349795433,1.0699657e+07
eb1bff70-a7d2-4508-a15f-451ee8ed86ef,BUTTER-E|8388608|14|0|20640.0|exponential,1631478.488208,1.5795612e+06,1653989.084064146,1.7175714e+06
eb1efb4b-25b8-4a5b-9650-dc04ead8504f,BUTTER-E|128|2|0|3848.0|rectangle,43930.10964699972,41094.44,39306.95458261395,49021.492
eb21c0b0-72fd-4232-9881-ece72bb40b7a,BUTTER-E|512|16|0|67557.0|wide_first_8x,740654.2936729998,831766.0,766873.9413792383,1.00749444e+06
eb26eb64-757d-4796-a2e0-f91087fb4b30,BUTTER-E|256|18|0|6435.0|wide_first_4x,79891.23305499984,109239.48,98397.16546465099,114001.45
eb2e0c9f-4d53-4f4c-bdb2-8f0cc16c04ad,BUTTER-E|32768|8|0|4898.0|rectangle_residual,119515.41573399972,133518.89,120823.67054736167,83254.62
eb2ff674-e721-445d-9a40-c5a475799d0e,BUTTER-E|524288|2|0|3848.0|rectangle,227979.3524239998,162659.14,437691.276517733,266113.03
eb5b9e9a-4e44-49c7-929a-63eeeaf3710f,BUTTER-E|16384|8|0|4898.0|wide_first_4x,107810.94973799988,110329.7,108302.93364079738,80161.26
eb608945-8b92-4448-af49-3bcb14cbf4fc,BUTTER-E|128|5|0|3848.0|rectangle,32079.20741199972,36350.61,34589.17370927851,39597.703
eb659707-4c16-4d08-85f5-20cc283f8768,BUTTER-E|524288|4|0|48842.0|rectangle_residual,993161.906641,933614.06,964851.6203395546,927519.0
eb6b515f-09f8-45dc-ab7a-2cdda87d5b2c,BUTTER-E|2097152|9|0|3848.0|trapezoid,351361.24699,256161.06,221719.6145397494,266708.56
eb9676d9-e85e-47b8-9826-0e022fe713f8,BUTTER-E|8388608|9|0|70000.0|exponential,4338725.189391,4.519209e+06,4704059.723302496,4.778761e+06
eba5e474-af29-4019-8587-71f90401d5ad,BUTTER-E|2048|10|0|4898.0|rectangle_residual,59546.10523099968,66990.43,63889.61569660709,74642.875
ebb30dc9-7840-41c6-9ea0-96b8ac9c6733,BUTTER-E|8192|6|0|105908.0|wide_first_4x,1076332.9528509998,1.0830001e+06,1119347.558809911,1.1952285e+06
ebc0fd41-2a72-4bde-abe6-9a89a3a1ab16,BUTTER-E|8192|2|0|67557.0|rectangle,540907.1751699997,587965.8,596757.5865571348,569065.7
ebc54ac4-a570-4665-b290-006875473d4d,BUTTER-E|262144|2|0|5300.0|rectangle,296387.087319,174133.8,175770.550853382,321418.97
ebdc2410-ddfe-4ff1-b21e-48ad9c7d31e2,BUTTER-E|1024|7|0|12958.0|wide_first_4x,130106.27800599983,157885.27,149259.99199839114,161759.12
ebf6fe8f-b63a-49e8-8275-870fbe733451,BUTTER-E|2097152|16|0|5300.0|exponential,223651.5656199998,291200.8,286242.41447275964,245543.14
ec135c98-8f61-4977-81db-da02fc9474f3,BUTTER-E|512|18|0|48842.0|wide_first_8x,482411.92911899975,608774.75,537098.1180941535,721072.1
ec1cb924-78a8-49f5-a9ed-adc01f41e906,BUTTER-E|131072|10|0|67557.0|wide_first_16x,1457254.7819579996,1.6813494e+06,1466156.057287591,1.7013309e+06
ec2204bb-5e80-4d78-86e3-74bf3e389f9a,BUTTER-E|4194304|14|0|6435.0|wide_first_8x,526836.7985359997,508974.34,538934.0258790671,508609.94
ec224de4-ac0f-4a6d-a8e1-bcd5cd58bb9b,BUTTER-E|4096|9|0|15000.0|wide_first_2x,171798.98773699978,169156.84,159382.04751630547,218281.38
ec2a2995-53f7-4b6d-b396-7ac00bbcdf3d,BUTTER-E|65536|5|0|12958.0|exponential,205048.06896399983,183795.58,201451.41787985648,193611.97
ec2b98a1-8d5a-474a-866a-0b253fefa0c9,BUTTER-E|65536|5|0|70000.0|wide_first_8x,966102.605616,899516.5,1058074.090892439,825947.44
ec2be397-8378-4202-ba42-394e5891075b,BUTTER-E|524288|9|0|15000.0|wide_first_16x,435509.8582129998,463867.16,562039.8408382804,534419.44
ec3ccab2-5b9d-4644-ad6a-ae82dc019acb,BUTTER-E|131072|3|0|3188.0|wide_first_16x,48062.65186199988,43578.81,50467.65147969819,45402.254
ec4793f3-2fd5-4ac5-85da-35b6d11646fb,BUTTER-E|65536|5|0|20640.0|wide_first_4x,458940.4205719996,355047.7,311564.44162997353,351348.6
ec618507-392b-40ba-8720-0933e82f02ca,BUTTER-E|32768|20|0|4898.0|trapezoid,239127.51956199983,207971.88,216841.47069574537,168751.61
ec6730cf-1c5f-4e97-a259-bd0453b1f728,BUTTER-E|8388608|20|0|5300.0|exponential,415836.4459639996,511664.22,466841.11858728353,496293.3
ec67bcdd-0308-406d-b00b-6570f2debcaf,BUTTER-E|8192|18|0|15000.0|wide_first_4x,241694.44635399984,213942.67,226043.87439807368,290575.25
ec7400fb-b30e-4332-b889-156d022447f3,BUTTER-E|65536|16|0|20640.0|wide_first_4x,858470.0283859996,833493.06,869190.4282669603,776777.2
ec8c2c98-e242-4dea-8e2a-ff15df467c88,BUTTER-E|16384|8|0|4898.0|wide_first_2x,103125.75171099984,118859.65,115980.1512472319,77556.49
ecb386b9-6b0b-4fd0-baa7-9cc4b32b2d99,BUTTER-E|1048576|4|0|3188.0|wide_first_16x,73686.49686,80651.95,88054.94966121526,73392.484
ecd018fd-43a1-452b-97b0-dcda6b8204fa,BUTTER-E|8388608|20|0|12958.0|exponential,1049062.1933779998,1.208499e+06,1322244.8797796655,1.1834134e+06
ece5c620-b822-47f8-b69d-8217be1f149a,BUTTER-E|4096|8|0|6435.0|rectangle,75008.95279799968,60984.223,60644.69694002369,66593.71
ecece42b-1386-4430-8761-53db8213ce07,BUTTER-E|512|3|0|20640.0|wide_first_4x,157576.18067999964,168887.98,165185.16022527267,175528.52
ecedac16-e029-4022-966a-d85dcf3adc46,BUTTER-E|2048|8|0|67557.0|trapezoid,868482.0785359996,822664.56,842210.7396159335,898876.8
eceeb371-2944-4b93-a3ca-4d3a3e2396ab,BUTTER-E|2048|18|0|3848.0|rectangle_residual,59178.65756999976,69631.56,77584.07041917056,71632.93
ecf0cad1-be0f-4d5a-8013-273ae06efc84,BUTTER-E|4096|3|0|3188.0|exponential,46755.76222799964,44022.598,43166.70115973623,42342.418
ecf340ec-2818-4457-9983-67f7aae6230a,BUTTER-E|32768|18|0|67557.0|wide_first_4x,997246.543206,1.8546649e+06,1730183.661890398,1.2385826e+06
ed0c85cf-0bf2-498d-a706-53af9bce9230,BUTTER-E|32768|14|0|4898.0|wide_first_8x,280695.026169,160070.6,178125.54098590201,129692.37
ed2cfa6d-0bc0-43f0-a06a-040749e0145b,BUTTER-E|1024|20|0|20640.0|wide_first_8x,488614.79349599977,430534.06,438391.1004150809,357700.0
ed39b65e-4b3d-4457-8b97-fdddc52addde,BUTTER-E|256|14|0|4898.0|rectangle,71575.60346399988,84835.74,82029.86645339204,67445.57
ed419ef7-ef12-4f6c-be57-45f9a11986c6,BUTTER-E|4194304|14|0|67557.0|wide_first_4x,4122214.5285760006,4.5465255e+06,4153391.261002924,4.2489765e+06
ed5430d0-b9cf-4518-b262-3cdc0f75a298,BUTTER-E|2097152|2|0|105908.0|rectangle,2465674.919411,3.3322078e+06,4134981.5294629578,2.8997585e+06
ed5c46ec-5452-49db-bc52-03f2b2814f22,BUTTER-E|65536|16|0|6435.0|wide_first_8x,243512.90807799995,246584.11,251390.42875489977,266402.5
ed79504f-c88a-4f56-8673-08ad090218b5,BUTTER-E|2097152|2|0|105908.0|rectangle,2703224.8221490006,3.3322078e+06,4134981.5294629578,2.8997585e+06
ed9b83ce-7fab-49dd-835f-81ba8a36597c,BUTTER-E|8388608|2|0|67557.0|rectangle,4397288.66895,3.9681145e+06,3606876.0824951576,4.490498e+06
ed9f0ed8-612a-4497-8f66-8bb07642f1ea,BUTTER-E|8388608|16|0|6435.0|wide_first_8x,596647.5237859996,680667.7,752485.7528297189,705631.1
edb193eb-630b-4a08-b857-94d5b703cb80,BUTTER-E|32768|8|0|4898.0|trapezoid,122577.04637899976,117317.695,115454.35796851815,102770.77
edcf7d65-0aa0-4c0d-90c2-0a60fb2e2be1,BUTTER-E|256|8|0|6435.0|trapezoid,88756.59066499979,93473.516,98010.16168578027,91770.26
edd8b917-9978-43b3-8f36-be6b83f02168,BUTTER-E|131072|10|0|20640.0|trapezoid,501149.4461159998,572975.1,530750.7038172771,612239.0
ee25665a-d050-453c-975e-95b880c8d2fe,BUTTER-E|4194304|3|0|67557.0|exponential,2351648.613897,2.425199e+06,2309295.553463004,2.3101258e+06
ee38cc81-b7cc-45fb-bfbf-8c828b758bb0,BUTTER-E|131072|5|0|67557.0|wide_first_16x,1873138.7793590005,1.0703735e+06,987574.4539725163,1.0065302e+06
ee40c0f7-d70e-45c4-8fb2-7b1422786e5e,BUTTER-E|64|2|0|4898.0|rectangle,40430.672154,47144.773,44363.399050842694,54667.363
ee4e9f18-2e0e-4511-b1ea-34b8de3b729e,BUTTER-E|128|5|0|15000.0|wide_first_4x,130055.80912699968,147062.48,142090.8029728493,179146.95
ee5038df-931e-46da-a431-42fa32f9404d,BUTTER-E|8388608|3|0|5300.0|wide_first_16x,318450.18056199985,345150.44,306865.966941915,336631.62
ee672062-b9a4-4251-99e9-cad6959114f0,BUTTER-E|16777216|9|0|12958.0|trapezoid,1454422.742585,1.574005e+06,1481680.8749198325,1.6141784e+06
ee83064f-fbb4-4145-9d62-fed7662d4df4,BUTTER-E|256|5|0|67557.0|wide_first_2x,611056.8565829999,622403.7,628587.8165289405,693415.2
eeb493c5-1d1a-48d4-bb40-d1e9de54d225,BUTTER-E|4194304|5|0|67557.0|wide_first_2x,2851946.7628450003,2.7606325e+06,2656844.9041267387,2.7855208e+06
eec4ff45-1160-42d0-8a25-1f16c8175b6a,BUTTER-E|8192|18|0|3188.0|wide_first_4x,57755.90088299988,56884.746,59160.17235174213,54280.277
eecb2afd-f4ad-4a2e-8088-e9afad421f61,BUTTER-E|1048576|20|0|6435.0|wide_first_2x,410039.795263,438447.34,418470.2514580017,424039.16
eed2d699-0928-475b-963c-dda330ddf6bc,BUTTER-E|64|2|0|20640.0|rectangle,167950.00014299998,159118.58,156331.6157867306,196517.12
eedc671d-0751-417e-9d79-71ee5275ecba,BUTTER-E|2097152|14|0|48842.0|trapezoid,2273483.048972,2.4602515e+06,2431398.7717132047,2.5433788e+06
eedeb8d0-16dc-4bd8-8655-be4ad1879969,BUTTER-E|8192|8|0|3848.0|rectangle_residual,112078.11242099968,70763.875,79404.05963898849,60345.676
ef108c56-24ff-48bc-adbc-237109bab3ea,BUTTER-E|16384|16|0|12958.0|wide_first_8x,203882.6105179999,259910.08,235767.47839444707,230214.1
ef1dea66-ab73-4d1e-9d87-f005649b7ede,BUTTER-E|2048|14|0|12958.0|rectangle_residual,123672.74542799972,187083.48,197033.37600242885,196409.39
ef3272ea-2582-4ba1-a76e-e9cd17e4b8a4,BUTTER-E|16777216|20|0|12958.0|wide_first_16x,2299767.012711,2.4685338e+06,2155304.309038147,2.3639528e+06
ef3d0678-b157-4213-8044-62c969836957,BUTTER-E|262144|12|0|12958.0|rectangle_residual,721873.7163879998,501346.3,499702.9618246181,486823.2
ef6ca513-0b4b-4a0c-a5b7-85f31e06c6ff,BUTTER-E|131072|5|0|3188.0|exponential,61750.68466799996,58819.82,58540.19954699739,58281.42
ef6d7065-cf83-4528-94ba-5658de2788e5,BUTTER-E|1048576|10|0|20640.0|rectangle,480999.5466689999,601246.4,548669.0344028764,650540.9
ef71a984-3fb9-40b2-904e-956b406e4c8c,BUTTER-E|4194304|18|0|4898.0|wide_first_16x,469514.4884169999,438737.66,455750.01264000346,413949.3
ef74c139-e5c0-488e-9214-0e69e1970136,BUTTER-E|2097152|2|0|12958.0|rectangle,628647.8576099998,836562.2,564684.5591586503,1.0198732e+06
ef7775fb-822a-4d1d-b95b-4acb236e214d,BUTTER-E|32768|18|0|3188.0|exponential,82765.62490399991,88385.95,85769.75527610784,68698.68
ef7e1aaf-9d0d-4ad4-98d5-ffc8c842d48e,BUTTER-E|65536|8|0|6435.0|wide_first_2x,159551.5760239997,173365.44,157957.73908498103,162769.62
ef8a8283-653c-4379-8d45-d264d2385896,BUTTER-E|1048576|16|0|3848.0|rectangle,195610.78577599992,265837.56,265914.4705861265,279367.78
ef8e3d02-627e-487d-af1d-fa56ad6fd229,BUTTER-E|65536|18|0|3188.0|rectangle,123447.05869999967,118194.88,136023.60688805484,111888.5
efb91231-ab72-4d17-802c-ee656ad20728,BUTTER-E|1048576|20|0|105908.0|rectangle_residual,5638303.107782,6.6094805e+06,7193862.00511957,8.110703e+06
efbe5367-c81d-45c9-bee9-2804f9659fb3,BUTTER-E|2048|16|0|67557.0|wide_first_16x,734412.2603909998,953744.56,884178.8347525874,824101.56
efce9af8-b503-422c-9777-f50d3c1d47a4,BUTTER-E|262144|9|0|70000.0|wide_first_4x,1713317.793079,1.8396159e+06,2215081.204801477,1.9603781e+06
efd7b026-9a3d-4c14-864e-2b9560e2dc32,BUTTER-E|2048|2|0|105908.0|rectangle,853022.311537,890615.25,877192.6392350214,913737.6
eff484c8-5787-41d2-a334-27201e57dee9,BUTTER-E|262144|3|0|6435.0|exponential,103829.7580129998,109142.21,104025.73378791577,103035.945
eff695ba-d4c7-4afe-b196-d1200b55aad0,BUTTER-E|4194304|10|0|15000.0|exponential,719602.0066089997,756830.4,777113.0627495074,790789.7
f01133d1-9db2-4826-ae59-5f8a7de463f8,BUTTER-E|256|9|0|4898.0|wide_first_8x,137920.21105999968,68051.49,76102.06169099627,78186.03
f0119879-0f71-4ab2-a717-6ff27e820028,BUTTER-E|8388608|16|0|15000.0|wide_first_8x,1433763.196345,1.488586e+06,1350259.1973472831,1.6075495e+06
f01daf09-d5aa-4442-9ab3-a42407e1b4cc,BUTTER-E|8388608|12|0|67557.0|wide_first_8x,6793705.72726,5.4688745e+06,5316167.642166666,5.863163e+06
f02cc58f-a4be-4506-afed-beba19f306ca,BUTTER-E|2097152|2|0|70000.0|rectangle,1264198.0548,1.5402789e+06,1452997.5075593526,1.2413935e+06
f0378142-734f-4c8f-860c-b86ecebc8269,BUTTER-E|16777216|8|0|70000.0|trapezoid,7595048.212516,7.718376e+06,7410399.5483839065,7.878034e+06
f03dec37-1be9-4a45-9a9d-5102b424b502,BUTTER-E|2097152|9|0|3848.0|wide_first_16x,249686.982104,208339.12,205187.70810468655,194532.75
f04ec160-8951-4dc2-99b6-873bee940b46,BUTTER-E|2048|6|0|70000.0|wide_first_4x,727128.9573599999,740919.7,895759.0588290155,790286.8
f0560e22-0c82-4eca-a0ba-99f07a2680c3,BUTTER-E|262144|18|0|67557.0|exponential,2443221.591728,2.2156025e+06,2078048.9024962042,2.153545e+06
f05c2576-2caf-4433-8598-2ce030181594,BUTTER-E|4096|2|0|4898.0|rectangle,47259.353763,56900.914,56402.45700930656,56135.586
f06dd45f-552e-4bca-b373-c6918eb42de8,BUTTER-E|2048|6|0|12958.0|wide_first_2x,105321.58558799974,170583.42,189286.6562957716,215198.89
f06ddfb0-0d50-4341-8fc6-fcadc26823cb,BUTTER-E|2048|9|0|4898.0|rectangle,50112.12001099968,48207.375,53117.23202457019,50822.297
f0779ce0-aade-4be7-8aeb-9ee5205e22bc,BUTTER-E|2048|16|0|105908.0|wide_first_8x,1426660.7432589997,1.8471136e+06,1658110.2529524013,1.5947322e+06
f09fe5f4-6c5e-429e-a075-3f843cd4de44,BUTTER-E|262144|8|0|15000.0|wide_first_8x,387952.01546299993,417193.2,430813.3218281412,449202.0
f0aeecd3-93c3-43cd-996d-82bba1533f9d,BUTTER-E|32768|3|0|15000.0|trapezoid,135659.54145999995,133600.92,138730.01055075644,137819.03
f0cee541-5fe6-4698-83d9-9a4f3e09272c,BUTTER-E|512|6|0|105908.0|trapezoid,1179695.787891,1.0827532e+06,1188413.471686688,1.2301985e+06
f0dcb3e0-24b7-40e1-b7b4-6e2e515791db,BUTTER-E|4096|18|0|67557.0|rectangle,731157.884946,883994.56,887531.630174896,1.1642932e+06
f0fbfc08-365c-470a-8eea-91ce84e6a5cf,BUTTER-E|524288|18|0|67557.0|rectangle,3235340.898277,3.114282e+06,2945154.552269231,3.3481222e+06
f1084b14-9b30-415b-ade7-54f126b798df,BUTTER-E|32|3|0|5300.0|trapezoid,50516.73556999992,47284.723,43781.02911647652,49437.984
f10b4340-cba6-4fb0-afb4-96e6df1791fd,BUTTER-E|524288|7|0|70000.0|wide_first_8x,1539278.9422499998,1.5570818e+06,1649742.1481426663,1.6731358e+06
f10bcb71-debb-4adf-95f5-e204fadd288d,BUTTER-E|16384|16|0|5300.0|exponential,123839.52511999969,132741.38,129213.00429833327,90881.88
f10ff4a7-dec1-496a-93f6-f290c2c907b2,BUTTER-E|32768|14|0|20640.0|rectangle_residual,983746.216665,766059.2,667357.3987551988,363721.6
f11c3bec-dc40-4308-8cae-6361f57a2bc4,BUTTER-E|1024|5|0|6435.0|wide_first_4x,82943.8006249998,74474.22,82613.12915202565,77799.48
f148b6e3-340e-4bba-8a8b-cecf7f122d7c,BUTTER-E|512|14|0|67557.0|rectangle_residual,883105.3232179998,1.049949e+06,980047.8330369337,995516.5
f150e4f6-9970-44b9-8c74-ae8cb53886d3,BUTTER-E|524288|16|0|105908.0|wide_first_2x,4421246.317784,4.552413e+06,4588028.176281948,5.0170285e+06
f1540899-e468-4f25-9edf-ef21bc4ec1ab,BUTTER-E|1024|5|0|67557.0|wide_first_8x,574210.786739,625052.5,644669.4916030859,710751.2
f159c3a3-bbb2-4272-b6cf-75560f62352c,BUTTER-E|1024|3|0|5300.0|trapezoid,36491.00255599968,39986.19,38303.28667836768,49663.113
f15e19b4-7dd3-4b91-985e-f4002586dd59,BUTTER-E|16384|10|0|3188.0|wide_first_4x,40331.77032399985,55573.242,48228.187002869156,47141.36
f1737971-9622-483a-b834-10d4b99e26e1,BUTTER-E|524288|8|0|105908.0|rectangle,2608734.822858,2.3060845e+06,2556608.3457949627,2.415014e+06
f17420cc-7331-49ab-844a-510e57ac9333,BUTTER-E|1024|7|0|3188.0|rectangle,38719.14387899976,39112.633,42709.0006143007,37787.625
f18682af-4380-483e-81f1-03490e3e19b3,BUTTER-E|65536|3|0|70000.0|rectangle_residual,881059.6637889998,937382.56,932228.9508480153,832038.1
f1b4dbcc-5cce-46c6-adf7-9b69079205e9,BUTTER-E|8388608|9|0|15000.0|rectangle_residual,1164721.3846629998,1.1667675e+06,1094697.0978294925,1.111308e+06
f1b4f2b9-8abe-4700-a945-a05f757080b6,BUTTER-E|16384|3|0|20640.0|wide_first_16x,264773.8556719999,224720.8,231056.7641435515,161941.56
f1bb8369-6cee-42f6-80bd-326488c886aa,BUTTER-E|16384|5|0|4898.0|wide_first_2x,86705.07496699969,89601.9,93757.36076336015,62616.305
f1c515f8-2291-4267-8b62-a2d6900d7883,BUTTER-E|2097152|14|0|15000.0|wide_first_16x,940737.7999820004,863149.6,878318.4139730667,849151.25
f1cf0396-a60f-4320-a8cf-bbed41bb84ca,BUTTER-E|8192|5|0|4898.0|wide_first_8x,89246.78664399973,73084.04,80974.00292238053,61619.24
f1d8e59e-9ed6-4c12-b277-c9127dad3f12,BUTTER-E|32|10|0|5300.0|exponential,77182.809039,58220.98,60023.639831521126,71586.22
f1de5f49-ba56-4ca8-b058-ff52233ed5bf,BUTTER-E|2048|4|0|67557.0|wide_first_2x,699321.3367749999,633193.5,623858.9238782522,688708.94
f1e01b46-83ae-4591-9395-940d7db1eca6,BUTTER-E|2097152|3|0|15000.0|exponential,402599.45153399976,414241.16,390141.4911641709,349578.84
f1e373c9-f653-4d3d-a6db-f646532eccad,BUTTER-E|65536|10|0|6435.0|wide_first_16x,312504.48666299984,182699.67,160381.89485635748,97084.0
f1eb21cb-cefb-498c-a372-0084833ec631,BUTTER-E|1048576|8|0|6435.0|trapezoid,189750.69933999988,222771.78,226893.23696978966,209685.61
f2065e4c-8dce-47d6-b365-20374ac27fbe,BUTTER-E|131072|10|0|67557.0|exponential,1231085.0331479998,1.4239464e+06,1468797.222049995,1.4758894e+06
f2133b3b-8c8c-494e-a1a2-40ce4a9f3c21,BUTTER-E|262144|9|0|105908.0|wide_first_4x,4602764.48378,2.8776508e+06,2740640.7495417977,3.023836e+06
f2145466-ea4d-4e6e-8bdc-6488a0b513b8,BUTTER-E|65536|3|0|12958.0|trapezoid,108295.4969699998,125407.2,124941.91909225985,128043.7
f21cd97e-59c2-4b0e-a487-292f9bb9dded,BUTTER-E|1048576|8|0|67557.0|wide_first_8x,3284475.6146500004,2.0481458e+06,2027008.0139775416,2.0617208e+06
f22450fc-7c81-4251-a19c-17c58caa467a,BUTTER-E|32768|14|0|6435.0|exponential,186303.7226259997,176266.11,192566.63488876986,144418.28
f23d7dd3-f1ae-4c46-8d7d-191753c0adbd,BUTTER-E|512|5|0|3848.0|rectangle_residual,55346.17052999988,49661.266,48600.010161373815,51813.527
f243ec97-926f-4bee-a721-20ac6c73a83a,BUTTER-E|1024|10|0|20640.0|rectangle,208177.7918809998,185262.73,180474.95354963228,218839.56
f246577a-c649-4883-bbb7-31af799c45b0,BUTTER-E|1048576|16|0|20640.0|rectangle,931633.754681,1.0782975e+06,1291868.9386426602,1.1274239e+06
f24b1d49-6b12-4804-895a-1b2d5c8c838e,BUTTER-E|2097152|9|0|6435.0|wide_first_2x,266370.6525919999,284216.78,277018.21590927703,298547.75
f2598720-ac8f-4afc-b652-13ba6a3878dc,BUTTER-E|1048576|16|0|70000.0|exponential,3261578.1835790006,2.7986e+06,3814390.9345021616,3.4183152e+06
f25cd12c-d54e-45d9-946d-5fd5d2555c46,BUTTER-E|128|9|0|15000.0|wide_first_16x,149047.70467799986,162214.39,177024.93868932995,174005.97
f25fb7f7-0125-48b3-a4ae-6c670ec07f25,BUTTER-E|64|7|0|3848.0|wide_first_4x,45471.4952599998,48169.32,47276.638599432794,51358.848
f28d9ece-4967-4f72-b81b-b8eda4afbeac,BUTTER-E|131072|3|0|70000.0|wide_first_8x,934387.0083549998,787665.4,848885.5124047733,824752.56
f2e00f6f-855b-4657-b49b-32e4a89d2ce2,BUTTER-E|16777216|4|0|15000.0|wide_first_8x,1491363.54189,1.5853534e+06,1648151.1003310904,1.8403284e+06
f2ee9c3d-c575-45b3-990d-d7432f1d1ff0,BUTTER-E|512|8|0|48842.0|trapezoid,455108.542158,559538.8,645245.7234739601,660929.1
f2f640f3-63c4-4758-8076-cb3e06b83a78,BUTTER-E|8192|18|0|20640.0|rectangle,215791.65045,278800.34,251991.27447887498,352659.16
f2f68440-e2f9-46e0-850b-15d2df79a88c,BUTTER-E|2097152|10|0|105908.0|trapezoid,4206858.566208,3.9997365e+06,4049208.72732062,4.07537e+06
f2f81159-bb3d-4ab8-bd25-fe13688ee746,BUTTER-E|8192|9|0|15000.0|exponential,251027.40430199984,217884.33,226272.6059853801,215422.92
f35fcce8-9582-4f0b-ad79-7a487de1c3a2,BUTTER-E|2048|10|0|15000.0|wide_first_8x,222740.05216799988,228894.88,241512.80177123717,212047.08
f37dfe6e-8064-4a43-9dff-5cdff381ef85,BUTTER-E|524288|18|0|4898.0|wide_first_2x,272375.31039699994,284963.44,300497.08582644956,287308.84
f38ff269-d321-45bc-8f7f-674ade7a6fa1,BUTTER-E|131072|4|0|12958.0|rectangle_residual,274061.75469499984,224955.6,207992.8989846924,218264.1
f3ac94d8-791b-43a7-bb68-f6cfdb6bec21,BUTTER-E|256|3|0|4898.0|trapezoid,46990.42376599991,42925.31,44348.690564002776,48258.523
f3b13585-3ede-4b80-8d0c-b8416e6578e2,BUTTER-E|1048576|5|0|20640.0|rectangle,349131.57836999977,423459.25,377392.352353538,368715.5
f3b3e642-8de0-4c37-999c-7851905c45e6,BUTTER-E|4096|12|0|6435.0|rectangle,63427.92816499991,78946.46,70200.08764731234,86487.96
f3da1755-e19c-46a5-ad18-914afe5f2dc9,BUTTER-E|4096|2|0|4898.0|rectangle,58468.89501599976,56900.914,56402.45700930656,56135.586
f3fdcac3-18ce-4e72-9f14-3f6e0b5939eb,BUTTER-E|262144|12|0|3848.0|wide_first_16x,229105.9009979996,190066.25,223182.84762035878,162806.27
f40323ce-cc5e-4dc9-a0ea-456bce2a5c4a,BUTTER-E|262144|18|0|15000.0|wide_first_16x,679678.216623,777388.56,815998.5828304329,736198.44
f4054f9a-3106-4eda-8696-bb19daa9ec09,BUTTER-E|8192|6|0|70000.0|wide_first_16x,692034.3695509998,762391.75,763676.7156676378,719606.8
f433a76d-83ed-42d0-b621-3d747956c83d,BUTTER-E|16777216|8|0|12958.0|wide_first_4x,1876596.03961,1.6189669e+06,1691844.1380559523,1.5700381e+06
f4348d2c-32a1-4e1b-b898-71533b7d6a88,BUTTER-E|131072|14|0|3848.0|wide_first_8x,138636.85364399987,189080.22,203697.42566586685,189467.77
f437908d-2778-439c-bd03-df8ee43581bf,BUTTER-E|2097152|6|0|5300.0|wide_first_2x,171407.60804599992,179978.17,173886.24099106144,196795.62
f43c74f3-6794-4e50-b570-065d9d13a1cd,BUTTER-E|2097152|10|0|3188.0|rectangle,110463.94749799972,100455.67,95648.58781325213,119164.516
f43cd184-f258-42eb-ab8c-b7e4cdf60aa9,BUTTER-E|8388608|7|0|20640.0|wide_first_16x,2123006.160204,1.522183e+06,1638944.6798567004,1.5385025e+06
f448b572-0408-4756-a512-4c3e5aca9b64,BUTTER-E|2097152|9|0|20640.0|exponential,610571.63827,681241.1,749344.5534805218,662606.6
f44b3392-c7de-4031-82d3-825a0cd15273,BUTTER-E|8192|6|0|6435.0|exponential,97298.11445599968,102334.28,97614.95779408644,87379.125
f44eaaf2-04a5-44b8-886c-9a4addcee80d,BUTTER-E|8388608|3|0|6435.0|exponential,505593.115101,408051.97,412025.28395288717,418027.16
f4623be1-8635-4351-8390-a5a84eec0b2d,BUTTER-E|8388608|2|0|3188.0|rectangle,166373.63595299987,416113.6,1649717.6048069915,361159.66
f47b73bf-1819-45a0-803b-167520816acf,BUTTER-E|64|2|0|4898.0|rectangle,47071.93493799972,47144.773,44363.399050842694,54667.363
f48f76e4-8f9b-4b20-ae0b-fa9ab8cc6dc9,BUTTER-E|2097152|10|0|4898.0|wide_first_4x,263125.10836899973,236690.9,223692.1698224894,219995.47
f4945dd9-7d90-4f2e-9653-484d015d1b9e,BUTTER-E|256|3|0|48842.0|rectangle_residual,384145.342299,462052.97,441268.14280508726,499225.56
f4d78989-1e3f-4c70-a600-4607b9cbdfab,BUTTER-E|2097152|18|0|48842.0|exponential,2243620.736156,2.0464802e+06,2205890.41981155,2.239717e+06
f4d90384-4d31-4753-b2ad-551985a0cd16,BUTTER-E|2048|8|0|12958.0|exponential,144138.51072399996,169060.08,169566.24795621858,173928.5
f4fcddd4-6bb0-4762-9a07-092fa246e2d8,BUTTER-E|524288|7|0|6435.0|wide_first_16x,166467.2926789998,175655.78,188933.1179423963,187507.72
f5096f5d-2953-4707-9a89-797ae2639a42,BUTTER-E|4194304|12|0|70000.0|exponential,3382169.700125,3.6829488e+06,3591043.213333087,4.0870698e+06
f518a5fe-7faa-443e-a512-a3858fb1330f,BUTTER-E|16777216|7|0|105908.0|wide_first_2x,10449647.898364,1.0698147e+07,10666012.34380483,1.124924e+07
f536d633-e8cd-4978-b094-6d40163d8bc9,BUTTER-E|1024|7|0|6435.0|trapezoid,81687.741192,79492.39,80685.04765977817,80264.23
f53898ad-4883-4061-84b3-1629f880498a,BUTTER-E|65536|4|0|3188.0|wide_first_16x,48240.95965999992,48094.727,49613.816965457554,39545.547
f5448cbe-d933-494c-9c9e-3db6694bc5be,BUTTER-E|16384|10|0|15000.0|wide_first_4x,442571.758992,290886.9,271302.51096661313,235414.03
f55cbc08-22d5-4e33-85b2-3025b7494844,BUTTER-E|16777216|10|0|67557.0|trapezoid,7791108.877412999,7.7997635e+06,7800525.630213216,8.550172e+06
f55dea73-7f92-43fd-9953-956797f4dc6b,BUTTER-E|262144|7|0|67557.0|exponential,1169825.017689,1.2128298e+06,1251940.1852370638,1.2491449e+06
f5690da9-415b-4e9c-b58b-1cb1a5eb0248,BUTTER-E|131072|7|0|67557.0|wide_first_8x,1393582.625734,1.3376074e+06,1171546.5323758838,1.5051092e+06
f573aa7d-e89b-4100-b25c-2626dc228125,BUTTER-E|4096|10|0|3188.0|trapezoid,86970.19995899999,53632.227,57559.023681243176,55690.92
f5757060-99dd-4a5c-869c-2a04abfcce70,BUTTER-E|2097152|20|0|105908.0|exponential,5070978.761612,5.6324485e+06,6125359.95865991,6.125854e+06
f57c69a5-1f99-4d23-b2ec-45a2c80b123a,BUTTER-E|4194304|9|0|5300.0|wide_first_16x,296944.2234529999,317740.97,307067.8066336918,306343.72
f585dbbd-77bc-48d8-978e-a67eedda5a13,BUTTER-E|1048576|7|0|3188.0|trapezoid,95919.7194469998,106569.8,103488.94290142064,106881.45
f58f2851-32bd-449a-844b-d6b345f5e253,BUTTER-E|1048576|7|0|3848.0|wide_first_16x,243494.0831569997,152748.11,157332.13047340032,135879.42
f590de6d-eec3-4c6b-815e-67596210a7eb,BUTTER-E|2048|14|0|3848.0|wide_first_2x,47707.797985999925,57844.027,56125.63520265629,68622.195
f5a47105-dc27-4436-9cd3-4b30f64a650b,BUTTER-E|32768|18|0|3848.0|wide_first_8x,258679.4956719999,154321.7,186151.49291286516,116924.08
f5bf05b5-a196-4cf0-8c83-bf9dea849f74,BUTTER-E|64|7|0|6435.0|wide_first_2x,71998.43073799968,70644.055,72695.133332421,84329.57
f5c974e8-bfb2-4f67-ab16-c95114a0a990,BUTTER-E|4194304|2|0|12958.0|rectangle,1262552.909406,1.5639946e+06,1634375.5805377811,1.6619432e+06
f5e69b73-1736-4a8d-bbe5-88df84cea1d5,BUTTER-E|65536|4|0|48842.0|wide_first_16x,752349.3036589997,611300.25,902562.48608592,493350.1
f5f04cf0-6e14-46a7-87f4-991f103d6120,BUTTER-E|8192|9|0|105908.0|wide_first_16x,1775216.95901,1.3518449e+06,1300244.7267663535,1.1818231e+06
f5f05b2a-564c-4756-a11f-a65d4d67573a,BUTTER-E|2048|9|0|3188.0|exponential,59548.45150399968,50994.164,52733.07756857865,51198.395
f5f298ff-4448-4807-99c1-bc5e574b68dc,BUTTER-E|8192|7|0|6435.0|rectangle_residual,136410.39963599975,105041.62,117545.63476068157,89874.734
f601844b-1d7e-4e2e-bead-ddc4a38d7d95,BUTTER-E|8192|4|0|20640.0|wide_first_2x,259281.431982,273719.84,280824.1189446347,213642.55
f60669d3-d010-4cb0-a60c-a6886d4cedcb,BUTTER-E|8192|9|0|20640.0|rectangle_residual,519505.9696999998,313677.88,419936.3435817276,277118.66
f615c94e-48dc-4fca-b145-2a75e29064b8,BUTTER-E|4194304|9|0|67557.0|rectangle,3153608.288517,3.0085592e+06,3537670.7959992336,3.4761185e+06
f62b0b99-954b-412c-bb36-f31b9379ab51,BUTTER-E|32768|16|0|12958.0|wide_first_8x,485660.3729399999,433259.94,484112.1392035518,321475.06
f63355f7-1f68-49ec-95fb-fd1c4f9a0e05,BUTTER-E|16777216|4|0|20640.0|wide_first_16x,2261607.592597,2.2845798e+06,2278307.8614653093,2.1692332e+06
f6350bea-8893-4512-ba2c-a9dec7c9c69a,BUTTER-E|512|20|0|105908.0|wide_first_2x,2566262.282151,1.7536169e+06,2140906.246688776,1.9224848e+06
f6364ce8-974c-419a-98a2-1a58a2692d30,BUTTER-E|1024|12|0|48842.0|wide_first_4x,512997.8754809999,715809.44,617652.2683211342,712844.7
f642b1ae-bc10-4026-a42d-16b439680f57,BUTTER-E|4194304|7|0|3848.0|trapezoid,188923.8770479998,207317.2,160167.24859517036,180069.52
f65da702-fb5b-445c-a543-d22282ab1b42,BUTTER-E|1024|18|0|20640.0|rectangle,269873.55171999976,323220.56,331857.5988807127,313773.94
f65e8d92-4d72-4261-91f5-33e535292501,BUTTER-E|131072|6|0|3188.0|rectangle,51808.30149599988,49169.78,52279.6651285439,51630.77
f66a99b1-f2ee-4177-b52a-31676262b319,BUTTER-E|65536|7|0|3188.0|wide_first_8x,49417.4038609998,59401.87,56669.5527359505,53690.617
f66bb080-d630-4457-b325-9579d4017b69,BUTTER-E|8192|7|0|70000.0|exponential,994626.108825,980172.2,1013232.0604887203,892623.7
f6796489-a8b7-4c43-a86d-f9a57d03976e,BUTTER-E|64|14|0|20640.0|wide_first_16x,268141.3044959999,223353.6,235080.43423655696,239724.08
f68991d4-e125-4111-befb-f8bc59eff37b,BUTTER-E|1024|5|0|67557.0|exponential,805626.8715699997,690316.0,690701.0169753503,784187.6
f69b1727-0bbb-4a5d-9c66-3667451af3a7,BUTTER-E|65536|14|0|3848.0|rectangle_residual,178006.06806999983,155267.69,157549.78678972725,106859.945
f69feb23-80a2-4df3-b520-1985d4178909,BUTTER-E|1024|10|0|48842.0|wide_first_8x,1339861.691886,551837.25,576396.904498912,632364.94
f6ab8ebe-66f0-479b-816a-de359183765a,BUTTER-E|4194304|4|0|3188.0|wide_first_2x,131726.68895999988,130092.12,144926.4247125447,138629.08
f6c47b24-b378-4a05-b20f-56c7f7fcc89a,BUTTER-E|4096|4|0|48842.0|wide_first_8x,431282.6083069999,505847.34,481674.09751907457,493649.44
f6dd5ec4-6c7c-49eb-9c44-7c38460aa27d,BUTTER-E|8192|12|0|15000.0|exponential,254316.72283999991,231716.53,251274.8798274248,271132.47
f71540f2-5446-4516-aa56-7960c97ac02b,BUTTER-E|32768|18|0|48842.0|wide_first_16x,791652.897599,897716.8,956448.1871509852,692119.6
f7165cce-ca75-4bdb-9ebf-2eb39ea7cabe,BUTTER-E|4194304|2|0|5300.0|rectangle,3028873.771833,2.5606098e+06,1736401.7493965714,3.4271318e+06
f78a0342-a0b5-4db6-9b1e-b68ac712b293,BUTTER-E|32768|18|0|3188.0|rectangle,138391.0582069998,97425.6,116333.51705566113,66103.14
f797b98b-75a9-4764-bd0e-e23867fbb128,BUTTER-E|8388608|14|0|3188.0|exponential,258559.71890099967,266547.6,261197.8727531439,265041.4
f7a5b49d-6cc5-49b0-ad00-93e8a9b65b12,BUTTER-E|131072|5|0|48842.0|wide_first_4x,968975.571354,825874.94,844630.9229823882,826931.8
f7b9913f-af4a-433c-86d0-01ef1caa2669,BUTTER-E|8192|3|0|12958.0|rectangle_residual,177588.6497379999,154810.66,159253.87305069747,128339.43
f7e491c2-a9ad-4063-8c71-5e9fddb7b5ef,BUTTER-E|16384|8|0|4898.0|rectangle,61903.90681999992,73498.59,75657.1264884921,53389.77
f7eaf2bd-241d-423a-80b5-8fb2bef4eeb8,BUTTER-E|131072|10|0|15000.0|rectangle,229233.47602999967,292363.7,274407.32871337404,306533.97
f7f9dd57-5418-4fe3-9a43-620047822a86,BUTTER-E|128|18|0|6435.0|wide_first_8x,72206.93906699977,85229.62,79746.62614240627,100671.46
f7ff1f59-fcc8-4257-a217-07fb4d3fa186,BUTTER-E|1024|16|0|3188.0|wide_first_16x,43185.93193299996,50305.69,45358.0686018156,43278.08
f7ff4dc6-cb22-499e-b6f8-db7279637d9f,BUTTER-E|1048576|18|0|3188.0|rectangle,204433.55079999985,192072.1,190153.72573339482,189052.27
f8086acb-8e9e-4ec8-8fbf-0d5f8f3c8a3a,BUTTER-E|4194304|10|0|12958.0|wide_first_16x,722145.7923299996,791591.75,855689.0253090804,845567.3
f8173a2f-530d-4487-baa4-f3928329903b,BUTTER-E|4096|4|0|5300.0|wide_first_2x,95462.78314299983,64872.188,73163.7116142236,63296.62
f81b0615-a8c1-4741-bd1c-186ef1e1e7ea,BUTTER-E|4194304|8|0|3848.0|trapezoid,190107.224811,245386.3,236574.4194487686,213385.16
f820c3fb-9b1c-4dc3-88ab-e12e2e62f5ff,BUTTER-E|1048576|7|0|3848.0|exponential,107121.66747199991,136449.75,132129.77531109867,123770.39
f828c13e-56d1-4205-8e0b-31c6c2d615da,BUTTER-E|1024|4|0|67557.0|wide_first_8x,567892.7858759997,603031.1,638373.0121405955,692455.6
f82e7124-7127-4916-8258-01b29a9a14e3,BUTTER-E|8192|4|0|4898.0|wide_first_8x,66200.30111399975,70064.28,78253.22108428179,58630.69
f8315d12-840e-431a-aa68-99be25853e6f,BUTTER-E|256|16|0|15000.0|rectangle_residual,260454.55670399987,268155.94,265649.3513921836,247923.45
f8408b74-d310-4503-9f72-f08171573266,BUTTER-E|8192|10|0|105908.0|wide_first_2x,1076522.449756,1.4192785e+06,1411776.7787613655,1.5526451e+06
f86490d4-a573-495c-98cf-fa36f330d80e,BUTTER-E|65536|12|0|3188.0|trapezoid,93961.73657099988,95105.75,98465.72739165559,94560.305
f8727f53-c9a0-4a2e-92c7-b64de2d5b809,BUTTER-E|64|20|0|12958.0|wide_first_16x,156266.00582099977,135759.61,157931.77330382305,171824.47
f8a4e183-fbbf-4911-a119-a4d503256590,BUTTER-E|4096|14|0|6435.0|wide_first_2x,88302.02241099995,97654.625,109905.58487330808,108465.16
f8a60ecc-ec00-45ac-8b6f-7a7a37c7f55a,BUTTER-E|8192|2|0|67557.0|rectangle,626439.021826,587965.8,596757.5865571348,569065.7
f8c34d96-1a85-4357-b995-0d30b227a3fa,BUTTER-E|2048|6|0|3188.0|exponential,44805.07615599972,44906.34,50546.1868933717,46436.117
f8c5c52d-71ed-4983-89b5-f6d670de89cc,BUTTER-E|262144|12|0|67557.0|trapezoid,2003204.330684,2.0520169e+06,2162981.2055458752,2.2446115e+06
f8d331f4-9d6f-4c3f-807a-6007abf05361,BUTTER-E|2048|7|0|5300.0|wide_first_8x,74828.02609599984,67249.93,67186.96933540636,66890.516
f8f9545e-574e-466f-bb9d-10155b206ad6,BUTTER-E|512|5|0|6435.0|wide_first_4x,78212.83496599979,74971.41,85699.16714828004,77699.23
f8fe3021-f87e-4ab4-bfc3-d008d846a2ce,BUTTER-E|524288|12|0|15000.0|wide_first_4x,538109.1310299998,599166.8,527885.1903279374,529631.8
f94231fd-dfb4-48f0-b81d-be7a47f804a7,BUTTER-E|8388608|9|0|12958.0|trapezoid,909019.2338239996,995559.25,1041953.9156949954,1.02419394e+06
f959df1e-cce4-4482-97fc-dcffab7ceee5,BUTTER-E|16384|10|0|5300.0|wide_first_4x,142794.13209899975,121012.24,136794.15591564766,96809.5
f9683c2b-2253-45fd-9ff8-e9d66c05541f,BUTTER-E|16384|18|0|3188.0|exponential,71668.50972399973,68695.2,61664.26075523589,65703.97
f96abbe2-ccac-4d56-9cb4-b2790e61d4ae,BUTTER-E|8192|8|0|15000.0|wide_first_8x,192810.7345739997,213011.66,200906.8917351569,218704.36
f976e36e-9a70-4ae8-a41b-0689399495a5,BUTTER-E|2097152|16|0|4898.0|wide_first_16x,274979.508862,319536.88,319816.67797772115,286923.03
f976eafd-fa48-435f-ab57-dd54c5b52c1d,BUTTER-E|8388608|8|0|12958.0|wide_first_8x,936419.885863,1.0075684e+06,1056137.233960959,1.01764925e+06
f9791b2c-16e6-43a7-aebe-16be1cc5a680,BUTTER-E|8388608|9|0|15000.0|wide_first_16x,1197012.8947489995,1.2442808e+06,1116161.2694153655,1.1967512e+06
f99eed1b-7a36-4e90-939f-219241db0143,BUTTER-E|262144|7|0|15000.0|wide_first_4x,372580.82623399975,385315.1,360046.71689113753,375544.16
f9a0b5fb-a9bd-463c-89ff-2435d9c5542b,BUTTER-E|262144|16|0|3848.0|wide_first_2x,256941.88309599983,257892.6,244076.44841054143,255296.75
f9aceb1a-779a-4046-aabe-0bdac5b4cf3d,BUTTER-E|4194304|10|0|67557.0|rectangle,3363131.293975,2.99741e+06,3516541.05282699,3.7110558e+06
f9e4095b-6997-424d-82d9-685a7edf343d,BUTTER-E|8192|20|0|5300.0|wide_first_2x,66021.54786499968,88877.81,79412.69288105634,108599.195
f9e54f30-2e9d-40a9-9f86-788c40cac379,BUTTER-E|16384|20|0|20640.0|wide_first_16x,376779.510373,425756.84,378223.67722797574,279303.03
f9f2009c-f759-4734-b382-975e06b4e702,BUTTER-E|1048576|8|0|105908.0|rectangle_residual,3334319.859147001,3.3392128e+06,3247073.4849105123,3.3617138e+06
f9f45ad8-0259-4252-a6ca-48688be8c7d5,BUTTER-E|16384|5|0|70000.0|wide_first_8x,865158.929105,764087.7,783026.1564970608,757066.44
f9ff8a96-d01e-4316-9353-bbfaf7162600,BUTTER-E|8388608|14|0|70000.0|rectangle,5385844.610764001,5.9301435e+06,5852942.422417761,5.9187645e+06
fa07961b-c463-487d-b822-7104c6d700dc,BUTTER-E|1048576|5|0|12958.0|wide_first_16x,522483.4620799999,337906.3,395495.66269986966,332884.3
fa09e628-8294-4a67-98b9-42308fd01a4a,BUTTER-E|512|14|0|3188.0|wide_first_4x,48131.47150799976,42355.02,41635.57954097292,49269.574
fa16e77f-5672-42e6-8e73-c9be313d643d,BUTTER-E|2097152|8|0|4898.0|wide_first_8x,212886.4730319997,220302.84,257683.51521936533,232143.86
fa176aa7-eb31-46b2-abad-3a9ad58bf14e,BUTTER-E|256|2|0|3848.0|rectangle,43758.37602599976,40592.43,39858.32347589046,49071.402
fa251480-e3f1-49a9-b3f8-25db975404b4,BUTTER-E|1048576|16|0|48842.0|exponential,1671234.1013719998,1.6515232e+06,1680449.9252308547,1.7893536e+06
fa575617-63b7-43b4-867d-e31c695eb9bc,BUTTER-E|524288|2|0|67557.0|rectangle,877763.9668699999,873784.06,954722.7109093741,855973.6
fa778c6b-7f1f-4f57-b92e-e8fff8f0452e,BUTTER-E|16777216|7|0|4898.0|wide_first_2x,535044.820724,534128.5,530190.7956644377,614249.7
fa8d2cc9-c5ec-4360-9b0d-7b9561ba66cc,BUTTER-E|1024|3|0|5300.0|rectangle_residual,54630.82435199975,49590.367,48944.971794172416,55420.074
fa9d14d4-1bb8-48c6-9ceb-35b118d0d088,BUTTER-E|8388608|9|0|5300.0|rectangle,312233.8978719997,340354.94,364101.4225334435,360760.66
faa28a0d-57d7-462d-b189-97757d474260,BUTTER-E|2097152|4|0|20640.0|wide_first_8x,537291.7412609999,638197.44,569573.020012497,654466.2
faa6a4cb-143f-44b7-bbf9-8b4dd782c846,BUTTER-E|2048|9|0|3848.0|wide_first_8x,69246.29931499981,58122.176,54552.757899043805,63325.6
fabc025a-b9d6-42e6-b96d-6899c4fde74b,BUTTER-E|128|2|0|105908.0|rectangle,847471.2633739999,833724.4,875773.46571451,909500.25
fabe4531-6e98-4aab-8c5c-8356cf436679,BUTTER-E|512|7|0|6435.0|exponential,102137.27579199974,83954.34,92252.88427931613,87636.25
fac26e36-54ed-440e-a91a-14164b92de89,BUTTER-E|524288|16|0|3188.0|trapezoid,130347.699156,163248.9,156519.6461948308,158831.12
fac2931a-f253-41fb-9f0b-449d220512a7,BUTTER-E|512|12|0|6435.0|wide_first_4x,121839.12761199984,103699.19,92272.62366030533,93847.42
facf31d6-2f7d-49d7-b643-1493be6c0c97,BUTTER-E|65536|7|0|48842.0|wide_first_8x,831937.5617519999,1.00505494e+06,1046176.020025377,1.09843e+06
fb0ec72d-f637-4fbd-9f30-2976135ffe91,BUTTER-E|1048576|6|0|67557.0|trapezoid,1521920.1545359998,1.5399292e+06,1571166.598903583,1.608755e+06
fb11d3c2-654d-4873-94ab-ce0778f1557a,BUTTER-E|16777216|12|0|70000.0|wide_first_16x,8482606.89972,8.0672485e+06,8524280.182774892,8.407232e+06
fb1ec3a6-1343-403a-b269-876b956f792a,BUTTER-E|1048576|3|0|20640.0|wide_first_4x,378603.97140799975,501894.06,489956.61882743676,403750.56
fb278208-5e26-4232-835c-04c753aaaf27,BUTTER-E|65536|14|0|70000.0|wide_first_8x,1992652.474829,1.401961e+06,1395593.642336769,1.0635054e+06
fb31a445-f90e-48ba-a26b-9bee3a6a2cbd,BUTTER-E|1024|6|0|20640.0|wide_first_16x,254403.1367219999,212428.22,204337.71780588906,182351.0
fb498fd2-4a46-4c80-82f3-a2cdb8e9dea4,BUTTER-E|8192|20|0|6435.0|rectangle_residual,96651.315954,87934.29,89602.22359740466,110965.48
fb54a75d-6f55-4e5a-b0ea-5d72ea03dc68,BUTTER-E|1048576|4|0|70000.0|wide_first_16x,1195882.514501,1.2758476e+06,1369943.0268981154,1.2828215e+06
fb55a611-948a-48bd-ae8a-021db601e98b,BUTTER-E|512|3|0|6435.0|wide_first_8x,82752.0784129998,65987.055,64142.586481452694,68807.33
fb6bd2da-f873-452d-86d1-97e327835e17,BUTTER-E|1024|3|0|3188.0|trapezoid,41880.39216999968,34180.074,33899.67474854248,33857.23
fb6cdfd7-78a5-47fa-a1f0-f662a319ce64,BUTTER-E|1048576|8|0|6435.0|rectangle,151383.08220099966,158284.03,149472.8918615266,141012.81
fb70f941-6edc-42f3-8f55-0cda22ad047a,BUTTER-E|4194304|9|0|15000.0|wide_first_2x,713310.4154819999,774753.0,755698.163889091,813526.25
fb84488f-8115-413d-a968-eba2be6a4d49,BUTTER-E|2048|12|0|3188.0|exponential,63061.85991999997,54574.277,63303.34536803525,56774.94
fb8f71a3-149b-4eaa-96d2-8e7fc4107158,BUTTER-E|16384|8|0|105908.0|exponential,1538503.673669,1.5987172e+06,1557611.5484668072,1.4231725e+06
fb97d35a-3217-45eb-8c3c-f6e67616548e,BUTTER-E|256|8|0|15000.0|wide_first_4x,236157.7556669998,198240.61,204219.60190631778,208462.95
fb992569-61ca-44e3-94a4-573b0b75eaae,BUTTER-E|512|10|0|6435.0|exponential,114043.05618199975,98858.35,104140.12623088947,94125.82
fba003dd-9324-4c05-bf4b-79dcec1e2295,BUTTER-E|1024|6|0|4898.0|wide_first_4x,56463.93350199973,60549.98,58096.06397878732,67907.05
fba17fdb-d755-4709-b25d-0df07d48e6f7,BUTTER-E|524288|10|0|4898.0|wide_first_16x,202408.69267099985,175605.03,165468.097000351,195767.78
fbc27589-6b08-449e-9385-9f352e22e192,BUTTER-E|16384|14|0|4898.0|rectangle,203549.20373099987,118930.41,142699.1975286351,80219.38
fbcf198f-2ccf-4f61-ac6d-39c0e50f5215,BUTTER-E|2097152|16|0|67557.0|wide_first_8x,3706539.61824,3.779006e+06,4188929.7200763915,4.0488105e+06
fbda1d82-2ca5-4800-9b69-df2ac89620ca,BUTTER-E|4096|5|0|6435.0|rectangle_residual,79929.11890499988,79423.125,75522.47034929543,81650.93
fbdefb7b-05e5-42d3-a51d-fec6e86d2a3e,BUTTER-E|256|5|0|3848.0|wide_first_2x,43843.0636999998,49387.28,52917.6551847024,53463.754
fc284552-077e-47ae-a29d-ce5251ae8def,BUTTER-E|262144|12|0|70000.0|wide_first_16x,1047654.276503,1.6225668e+06,1837921.7046841858,1.4520076e+06
fc2fe2ab-9384-4501-93cf-3e5f27707e90,BUTTER-E|1024|16|0|70000.0|wide_first_8x,790836.6113349998,785834.6,792048.3931942323,978624.5
fc52e704-7335-474e-817e-b651c260c3d4,BUTTER-E|1048576|5|0|15000.0|rectangle,238570.86323199977,284941.7,315333.63574700453,289048.78
fc53e958-ce17-48e3-88e8-886b0ec3b3fc,BUTTER-E|512|16|0|15000.0|wide_first_16x,211747.90192399977,195247.58,165475.04387492614,208139.94
fc6d324a-d0d3-4fe8-a1b9-6d1b6286de5c,BUTTER-E|8192|10|0|5300.0|trapezoid,106345.58525599969,90875.81,91710.22993300103,90384.445
fc6f2a5e-2c5d-427d-98dc-1a5fa9392b98,BUTTER-E|2097152|2|0|15000.0|rectangle,734716.0333419999,872724.7,572951.0908622146,803021.5
fc820d91-96c1-4875-a993-098c9f11d83e,BUTTER-E|2048|16|0|70000.0|rectangle,1558910.352082,1.0938868e+06,1220499.0438810042,1.02491894e+06
fc924a28-706e-4a8c-8efa-fddd751e509f,BUTTER-E|1024|3|0|3188.0|wide_first_16x,43343.63418199968,38528.9,40335.34136990915,34837.12
fc937bec-5b42-4a39-bc9e-f71e0373e904,BUTTER-E|16384|5|0|48842.0|wide_first_4x,1116673.90125,591267.06,581045.4413328295,643074.06
fc94eded-fa9c-485b-b1dc-fdf4522b9c2b,BUTTER-E|8388608|5|0|67557.0|exponential,6125860.524624,3.9249902e+06,3813821.1599540133,4.0297962e+06
fc965c99-1205-46d8-8573-d2c4b840aec2,BUTTER-E|1048576|16|0|6435.0|exponential,323284.3422109999,316910.25,286348.7051688407,295475.88
fcb0bc87-69d5-4f88-9076-3c518b0440f8,BUTTER-E|8192|16|0|6435.0|wide_first_4x,116747.25369399972,104069.02,117625.02842678301,120469.89
fcb60a7f-6195-4294-9154-942108a730b5,BUTTER-E|2048|9|0|15000.0|rectangle,123737.10653799976,125209.91,123600.24123700811,153120.31
fcc39fee-3791-4449-9dc3-aa7db4c56ccf,BUTTER-E|262144|7|0|48842.0|wide_first_8x,1093484.8766539998,1.2030094e+06,1035208.7655727952,1.2502604e+06
fcc9a052-74d1-4b08-8f9f-34e6b624da10,BUTTER-E|524288|8|0|3848.0|rectangle_residual,210498.57816999985,151044.86,153247.58862100713,146982.56
fccdb5f6-fd58-4517-b09d-7b07898541c9,BUTTER-E|16777216|7|0|3188.0|rectangle,319142.57155499986,296246.47,300666.2120678079,311715.34
fcd075d0-0618-4e92-873f-a6cd95adcf8c,BUTTER-E|4194304|10|0|70000.0|wide_first_8x,3561350.8928789995,3.5649178e+06,3801715.6191265997,3.7397982e+06
fcd32052-e282-4fbb-ac03-2570ca8f9437,BUTTER-E|4096|6|0|70000.0|wide_first_16x,680755.272692,727126.9,720841.7384354228,712792.4
fd0351ae-6713-474c-accc-4c571016cc96,BUTTER-E|256|5|0|15000.0|wide_first_16x,131148.45647099998,132587.52,132442.77012871194,146299.97
fd139c8c-ab20-419c-a669-11c6f1c62215,BUTTER-E|256|4|0|5300.0|wide_first_2x,51508.046189999885,58327.242,56763.470436141055,62675.273
fd17e6f6-80bb-4f64-acc5-33d66b073b65,BUTTER-E|131072|6|0|48842.0|wide_first_2x,843324.6765119997,873155.1,896315.262195085,869780.06
fd1a9f36-ad26-477e-8ade-cf2d214db77a,BUTTER-E|65536|4|0|3188.0|rectangle,44045.88136799976,40325.688,43187.40774693795,46171.336
fd1eb403-ca47-43b2-aaf6-26389cded7fd,BUTTER-E|2048|16|0|105908.0|wide_first_2x,1553946.4056299997,1.8924736e+06,1683774.2243634625,1.8259319e+06
fd6234a8-fadf-4733-97c4-b23ccbdc5bc1,BUTTER-E|8388608|16|0|6435.0|rectangle,589687.1221439999,621760.0,657174.2832052108,622365.7
fd6c4942-bb69-4a5b-b960-98e1da5fef4b,BUTTER-E|1024|16|0|48842.0|rectangle,643008.864788,729919.2,728749.9998595213,753128.8
fd746330-aea7-4bea-9f60-83c8cf44fb92,BUTTER-E|128|6|0|67557.0|wide_first_2x,571144.2727739997,562189.7,580685.787487731,711573.2
fd775361-dbad-412d-9157-aadba0c21c70,BUTTER-E|128|7|0|6435.0|wide_first_8x,69142.60652199984,68581.375,66938.64280180397,82596.086
fd7812ad-942a-4e26-85c1-79ebea11ea89,BUTTER-E|16384|18|0|4898.0|wide_first_2x,95516.3487889998,138552.55,144428.38947806275,123117.37
fd7e32b6-7382-4bad-a231-ff74d6cc443d,BUTTER-E|4194304|12|0|3188.0|exponential,218066.469205,177176.88,183915.29892340937,170997.62
fd8242ce-fb99-4b86-b3ca-a621ac1557b4,BUTTER-E|1048576|14|0|15000.0|wide_first_8x,1426117.455706,701652.5,745092.2945107408,794245.25
fd880063-2345-41d3-aac7-e4e05dfe1d15,BUTTER-E|16384|18|0|3188.0|wide_first_16x,92317.65042499993,47402.254,57085.90717921082,47093.727
fd8b11c4-80ba-4f30-87ad-d38181cc661a,BUTTER-E|128|12|0|3848.0|rectangle_residual,83657.28829999967,78622.555,65773.84793849336,62670.19
fd901405-982b-453c-8325-ac6fd9f394f0,BUTTER-E|2097152|20|0|3188.0|exponential,202874.23497899988,197163.08,208696.01641826972,186027.92
fdac4084-8d5a-41c6-bae6-397c893ad5cd,BUTTER-E|65536|18|0|5300.0|wide_first_16x,464461.1558199997,207545.3,247655.92678329573,98251.55
fdb20201-b7b9-4023-b5d2-3f211ecb5443,BUTTER-E|2048|8|0|12958.0|wide_first_16x,166221.8482529999,178403.77,211410.80922982932,128897.91
fdba3cd9-cd16-4bae-a7f3-7cb97cc35d5d,BUTTER-E|1024|3|0|3188.0|exponential,45065.88152499995,41596.39,43076.99996363162,42132.15
fdbf0e42-30a8-476f-aaf7-d79178b40831,BUTTER-E|128|2|0|105908.0|rectangle,770622.4225130001,833724.4,875773.46571451,909500.25
fdcc1096-c38d-4870-ba80-3ba7a760928d,BUTTER-E|1048576|10|0|15000.0|rectangle_residual,680959.9911299997,549777.06,544667.0856523763,585367.5
fde232ff-0351-4650-8140-cb112f934afd,BUTTER-E|64|6|0|6435.0|wide_first_8x,73545.97337999965,64592.656,63820.58380588173,79769.05
fdf62ebf-65a7-4aa2-b630-5bdc10638073,BUTTER-E|1024|18|0|20640.0|rectangle_residual,285354.618201,327044.3,332833.0281456362,341180.38
fe1fbf56-4983-466b-afd1-f750e2d8b7b8,BUTTER-E|2097152|12|0|105908.0|wide_first_8x,4655720.094936001,5.2526485e+06,4968781.612082409,5.360847e+06
fe294f44-ad01-469e-a257-378576d1e68b,BUTTER-E|4194304|8|0|15000.0|wide_first_8x,772468.9717949999,810466.6,809122.9866824856,875361.25
fe4fee34-b090-43b0-9a9b-955444a75ac5,BUTTER-E|128|2|0|105908.0|rectangle,968646.5025,833724.4,875773.46571451,909500.25
fe5a872c-0d38-4f2d-b2cc-40aa953fec57,BUTTER-E|16777216|9|0|48842.0|wide_first_4x,6104233.541357,5.7725215e+06,5423262.30212778,5.7517335e+06
fe851edd-aacc-48da-b18e-315abc6f9dfa,BUTTER-E|32768|5|0|67557.0|exponential,825864.7124779999,849553.0,862444.9509486575,843505.44
fe8d3a25-8fd5-461a-936a-b8f7d41ee2f3,BUTTER-E|8388608|5|0|6435.0|trapezoid,426074.94700299983,362495.4,425333.70513611136,376971.2
fe8e1ab2-cdaa-4676-8cd7-ab615c28c41c,BUTTER-E|65536|18|0|15000.0|exponential,516138.549192,522133.7,581942.830310675,523203.38
fe98c263-b38a-45b5-bea4-396eb1d01c76,BUTTER-E|131072|12|0|6435.0|exponential,241371.81127499972,190980.92,200949.74999278146,199347.22
feb30118-7e88-4d57-8d11-1590572a0227,BUTTER-E|2097152|18|0|3848.0|rectangle,242341.67342999988,323276.97,343305.34157808364,317985.6
febac050-4325-401c-a0db-173a55e00075,BUTTER-E|32768|7|0|5300.0|rectangle,61697.24898599988,75448.46,74680.90247226552,66728.36
fec5a611-92de-423d-b7b9-e52a03543470,BUTTER-E|8192|8|0|48842.0|rectangle,577549.005513,490422.9,597889.1020259324,457052.0
fec648a7-6979-4b1a-8b67-a195085544aa,BUTTER-E|4096|6|0|70000.0|wide_first_8x,656844.3759629999,702860.0,771395.4818592544,769885.2
fed35b2e-747e-4e03-b8f6-a3af4e351fba,BUTTER-E|16777216|3|0|105908.0|wide_first_4x,10084638.62538,9.900247e+06,9975108.50503995,1.0493748e+07
fef03324-f3d2-4d1b-a354-a69292838906,BUTTER-E|4194304|4|0|12958.0|wide_first_16x,685132.254369,568511.8,559927.6884806941,559665.8
fef218a9-8074-417f-94c6-e9b9323d561a,BUTTER-E|32768|4|0|5300.0|wide_first_4x,70159.86742199976,92598.49,91950.9913900899,67083.195
ff018c20-3eea-46f0-92b2-629fd36eca05,BUTTER-E|65536|8|0|4898.0|exponential,96818.83371000002,111472.48,111339.35322595063,91121.414
ff06c5e1-3648-41b1-a6bf-228ab23926f8,BUTTER-E|262144|12|0|3188.0|wide_first_8x,118885.8652759998,122054.33,144988.90766109084,130296.734
ff0ca5b1-cf0c-4c99-a63d-f1c85869080a,BUTTER-E|16777216|10|0|5300.0|trapezoid,615459.281175,614259.06,613014.277978375,691752.06
ff1019d7-029c-4bf9-a45a-1ee8634fba28,BUTTER-E|524288|2|0|5300.0|rectangle,591183.7262339998,230456.61,483159.8792816555,554704.44
ff116271-a94d-4608-b9ec-2f03842d8ec4,BUTTER-E|32|9|0|5300.0|wide_first_4x,57529.916271,56278.336,56230.06614719728,67907.05
ff1bd976-a9ec-42d1-bfc4-a11fa519cf9a,BUTTER-E|32768|3|0|105908.0|wide_first_8x,1389100.047827,1.1011412e+06,1112548.906450269,1.0890549e+06
ff1d3e9a-e792-464d-8fb7-00fec7b72b9e,BUTTER-E|2048|9|0|12958.0|trapezoid,138178.92798,166346.84,158670.12846660262,189138.28
ff2ea4e7-6b5d-4158-809f-af629e22cd83,BUTTER-E|128|5|0|5300.0|wide_first_2x,64942.91732499984,61061.45,59578.36069650336,64979.992
ff412583-4c7d-4de2-818e-d2a7469c7d10,BUTTER-E|262144|6|0|4898.0|rectangle_residual,123370.4311939998,128488.59,125216.31944463514,124135.664
ff47110a-3dc0-4167-b7f5-8da87632f4d4,BUTTER-E|2048|18|0|15000.0|wide_first_2x,329159.95798299985,255871.98,289556.9105090586,257138.64
ff4cfa66-3ee6-416b-9146-e48e1c2e81e5,BUTTER-E|4194304|16|0|67557.0|wide_first_8x,4856581.275916999,4.627129e+06,4647153.838383609,4.8882525e+06
ff69d7ab-bb79-4725-8fe8-16eec73eeecb,BUTTER-E|1048576|3|0|12958.0|trapezoid,241510.68434700003,208912.34,240382.26916839607,205556.77
ff6b84e7-53f0-4ad4-8fb5-b6221d732f85,BUTTER-E|8192|2|0|67557.0|rectangle,600326.334256,587965.8,596757.5865571348,569065.7
ff6c0921-d8d0-45b0-acc3-0232f818c2f7,BUTTER-E|128|4|0|5300.0|wide_first_8x,57039.73226599968,54199.582,56872.58641051392,61280.977
ff6f42b2-df5e-401a-9fac-dab4e342a3b4,BUTTER-E|256|4|0|3848.0|trapezoid,34503.299718,34549.76,35572.2860916594,37293.418
ff739345-77c3-48a9-81c0-ee45f86dba85,BUTTER-E|262144|18|0|3848.0|wide_first_4x,307072.858162,260841.0,268846.4734989433,233649.08
ff76dc76-6288-4e2e-9bba-94c2b34861c5,BUTTER-E|8388608|16|0|4898.0|exponential,397817.2876109998,451375.78,478139.7856073958,453583.0
ff8768d5-0be6-4a59-b720-6987dd889617,BUTTER-E|4194304|14|0|67557.0|rectangle,4065030.452309,4.343889e+06,4229391.4734158795,4.2540895e+06
ff88c694-143f-4f3c-a294-78a9f4aaa39b,BUTTER-E|16777216|2|0|70000.0|rectangle,5105736.936820001,5.624676e+06,8899900.73435482,6.2248565e+06
ff9303e7-e795-46b6-96a2-1afa084531b1,BUTTER-E|8388608|7|0|67557.0|trapezoid,4259935.362418999,4.5672285e+06,4677938.3556493865,4.711318e+06
ff98192c-304b-44de-8c78-9103d22cf254,BUTTER-E|8192|20|0|20640.0|wide_first_16x,354355.41248399985,357261.9,423311.9337538964,272110.34
ff9f45b6-85ca-457a-a049-a150a8b13407,BUTTER-E|256|10|0|12958.0|wide_first_4x,240974.30888399985,174458.6,163669.82180270672,175086.14
ffa3232f-3e8a-4f5b-8b96-6262ab9f144e,BUTTER-E|8388608|14|0|105908.0|rectangle_residual,8883818.678832,9.792785e+06,9089623.83258957,9.140806e+06
ffbc32b3-f5e5-4c05-9a74-33c71a660d1e,BUTTER-E|65536|10|0|67557.0|wide_first_4x,1730461.212522,1.652081e+06,1522378.805634835,1.919537e+06
ffe3def5-d206-4e9e-bebc-8bf2b6cc01f3,BUTTER-E|64|2|0|20640.0|rectangle,154442.3005179997,159118.58,156331.6157867306,196517.12
ffe8a2e4-57a3-4256-b8d3-28fb6388427f,BUTTER-E|16384|18|0|70000.0|wide_first_2x,1732722.6732489995,1.0687884e+06,1465060.226600687,1.4226052e+06
fffe56f1-78f8-44a7-bff4-8f6804031abf,BUTTER-E|2048|2|0|105908.0|rectangle,854602.3874919999,890615.25,877192.6392350214,913737.6
00280ba2-a353-441c-ad15-f1bdd924796e,BUTTER-E|128|3|1|67557.0|wide_first_2x,1818471.566578,1.8097244e+06,1802830.0313198837,1.8316e+06
002cc446-0f62-4e8e-9730-cde9b2cfdbf6,BUTTER-E|8192|8|1|3188.0|rectangle_residual,369186.3341259998,355791.7,362264.81428309134,347177.75
0032904f-57ff-443e-9cbc-d7ee906609a8,BUTTER-E|524288|12|1|5300.0|rectangle,425167.8480809999,422487.1,435798.15811022196,434312.78
005251c7-6973-4dd6-90ce-c869be02588a,BUTTER-E|262144|18|1|15000.0|trapezoid,766054.2105289998,737805.2,765838.8197777295,774890.44
006d1ba0-96a0-4f6d-b0d1-ca431b093625,BUTTER-E|1048576|14|1|70000.0|wide_first_8x,2548588.98216,2.445568e+06,2489712.2227820326,2.540208e+06
00941f06-6a0e-484d-8a64-ece2d6083fba,BUTTER-E|2048|5|1|3188.0|wide_first_2x,361205.4019249998,358466.66,354929.76797828265,367255.94
00b6ab17-a52d-4d9d-aa3c-d36974c437cb,BUTTER-E|2097152|4|1|5300.0|wide_first_2x,475840.0849189997,426608.34,431585.6994735054,428883.78
00cabf56-998a-4870-995e-300faa149f04,BUTTER-E|256|18|1|20640.0|trapezoid,905439.157524,912604.6,908987.497123521,930740.8
00eb0700-7cb1-4bda-a0e2-ad30f81b41d4,BUTTER-E|1024|5|1|67557.0|rectangle,1967262.385731,1.9235136e+06,1932096.6765892042,1.9996265e+06
00f3b833-ca98-4fc8-8ad6-6bc91a47b6e4,BUTTER-E|1024|9|1|20640.0|exponential,785924.359834,791903.6,798929.1579260527,786827.5
0105e979-fc69-411d-adc5-63f646a687ec,BUTTER-E|2048|6|1|4898.0|rectangle,397630.221367,392966.84,397550.0931795681,395971.88
013f15d3-1e7e-4c96-8ee7-36168b8834f1,BUTTER-E|524288|8|1|67557.0|trapezoid,2132907.859499,2.102521e+06,2109129.4452774622,2.1494435e+06
013f1ff2-a12d-41dc-bfdb-14bcae7066ed,BUTTER-E|512|3|1|67557.0|wide_first_8x,1811139.354245,1.8183155e+06,1879235.905763889,1.8591116e+06
016e7828-9236-4380-9bb9-a2daa19cedec,BUTTER-E|262144|2|1|15000.0|rectangle,643800.1797519998,623624.06,616543.1753653589,635299.6
017e47d7-4a91-489c-b59a-2962b72b440e,BUTTER-E|32768|7|1|70000.0|rectangle_residual,2117349.0551590007,2.1640262e+06,2193236.153979341,2.225976e+06
01b510d1-25be-44e9-9049-6c277aea8a45,BUTTER-E|8388608|5|1|5300.0|wide_first_16x,552339.6872269997,578915.4,568681.4899999062,532833.7
022c8589-0bbf-4d93-888b-8add7e114206,BUTTER-E|512|7|1|5300.0|rectangle_residual,417167.2442359998,405966.4,405521.4586198713,389665.62
023980cf-00d7-42a2-b246-1881a4fe7081,BUTTER-E|1024|3|1|3848.0|trapezoid,366347.030899,374831.38,393242.7990275077,374858.56
028bae99-3acd-44da-8e87-1aa70ef35a3c,BUTTER-E|128|4|1|6435.0|rectangle_residual,408184.0963979998,444798.0,432921.5415130354,428933.7
02922763-4d9b-4ff1-a911-a89d279f2a9e,BUTTER-E|262144|7|1|70000.0|rectangle,2158294.061032,2.1825845e+06,2216287.950149878,2.247964e+06
02a3d4b9-9066-4e65-a742-af3d714401d7,BUTTER-E|8192|8|1|4898.0|wide_first_2x,409365.202829,400254.53,410430.5037738785,415588.1
02c3d929-fba0-4a99-8ec5-0abc6a3a6057,BUTTER-E|1024|5|1|3848.0|rectangle,372492.1055349996,369129.62,369960.5521154783,365583.5
02c699df-33dc-45bd-a45c-a0d11b93c820,BUTTER-E|512|5|1|5300.0|exponential,415131.1742479999,401875.9,403853.8268308624,391981.72
02d22db2-1bdb-4a20-8e5a-f0b9ecc0b017,BUTTER-E|16384|9|1|70000.0|exponential,2339351.33317,2.231781e+06,2276040.0000972776,2.2955455e+06
02d689a7-4ccb-4c93-8ebd-53cd577ab8db,BUTTER-E|32768|2|1|20640.0|rectangle,734091.9108399998,711208.2,744808.2853674812,745019.3
03035430-27b8-42c7-b3d8-4b7c3f6be70e,BUTTER-E|16777216|7|1|67557.0|rectangle,5753298.777488,5.9526265e+06,5843124.690912822,6.0153895e+06
0312b6de-9095-44c4-80a4-5575454ee871,BUTTER-E|2097152|2|1|70000.0|rectangle,2363576.307014,2.1919795e+06,2330064.885406651,2.4515318e+06
033a383d-a123-4356-a72f-8acb61f7e0f9,BUTTER-E|64|2|1|5300.0|rectangle,390277.1887439998,380777.0,402034.7796857848,399820.78
0341d3f8-1c4a-4f99-b5a0-2ceb2b6ac073,BUTTER-E|16384|2|1|20640.0|rectangle,742248.9337639997,715710.44,739965.6544565689,743901.1
036ac70b-c1e4-4fab-8ab8-5ad8f1820ec0,BUTTER-E|512|10|1|4898.0|exponential,405759.061512,420760.5,404716.0858744522,407428.25
036ec8f7-6135-4c1b-86b3-8f3b77df96e6,BUTTER-E|64|9|1|5300.0|wide_first_8x,391893.23885999975,405105.12,416335.44498115615,417065.1
0370b44c-d778-4d8d-af82-c4f834ac9a4d,BUTTER-E|1048576|4|1|48842.0|exponential,1477799.893113,1.4725868e+06,1498649.0972513908,1.571133e+06
03905316-93d5-4f92-b282-fc419c7ad6c7,BUTTER-E|524288|3|1|20640.0|exponential,773676.882252,791908.1,766250.5578603748,751893.06
0396432b-312e-4b60-b6f1-3835bee84e2a,BUTTER-E|65536|14|1|48842.0|trapezoid,1706634.462992,1.6566438e+06,1666840.67272536,1.750529e+06
03c3eab8-2bb8-4f6a-9612-0a560088ea93,BUTTER-E|16777216|18|1|6435.0|trapezoid,866718.095718,866389.06,852399.6805646362,899996.2
03d64b3e-5754-4c0f-bf58-2cea8ca44c16,BUTTER-E|256|16|1|6435.0|rectangle,490611.2424069999,476312.5,473384.07727744844,470271.94
03dc3cc1-048c-441e-9e47-131b8c4a70bc,BUTTER-E|8388608|9|1|3188.0|exponential,448720.5690329998,446283.03,451640.0192434772,437504.62
03f8d246-0505-43c8-b3cb-cb4b97113448,BUTTER-E|8388608|6|1|70000.0|wide_first_2x,3988368.893644001,4.0242812e+06,4033341.050420528,4.1255882e+06
0418ccfb-05ef-499b-b805-ad517ca0bad5,BUTTER-E|8192|9|1|105908.0|rectangle_residual,3030925.0463350005,2.9276765e+06,3177116.7678464474,3.180467e+06
0452932f-afcf-44ea-bb75-679fc901bddc,BUTTER-E|4194304|6|1|15000.0|wide_first_2x,842611.750182,830118.5,830423.1733018543,876438.8
0461be06-368e-4e4d-92ba-3dedd9d178b0,BUTTER-E|4194304|14|1|6435.0|exponential,594599.5933409998,562772.75,569734.4545779354,548267.5
050723d1-0e4f-4418-b658-6405e7fe5248,BUTTER-E|1024|7|1|3188.0|trapezoid,326501.7626629998,364516.8,354855.0181545999,357321.2
050c71cc-020d-4fed-aff7-118e981046bb,BUTTER-E|128|8|1|5300.0|trapezoid,399989.2408229999,419259.62,415469.98404447094,411521.5
0516e300-0a21-4997-840e-032c850c2477,BUTTER-E|32768|20|1|12958.0|trapezoid,705928.359496,713579.94,694274.9581396411,688355.7
051bd0ff-e36d-43c1-a36b-680ecf49bfa9,BUTTER-E|8388608|16|1|48842.0|trapezoid,3122240.96309,3.1039515e+06,2998664.033707302,3.0218988e+06
055c2284-886e-4113-8382-953dc7995a9d,BUTTER-E|256|5|1|4898.0|rectangle,398777.4113689998,398191.38,398830.4882462443,394892.97
05c5bc2c-2b0e-4715-ae34-bfb1bed61f83,BUTTER-E|32768|12|1|4898.0|trapezoid,426083.67527799984,425435.4,415763.5484057961,421473.78
05eca0bb-5603-4f2c-be1f-e6c2f38d2810,BUTTER-E|524288|20|1|70000.0|rectangle,2615455.982225,2.6931152e+06,2677190.392874284,2.7133318e+06
0602432b-5fe1-43ff-940d-2df24eefe57d,BUTTER-E|512|3|1|3188.0|rectangle,347861.39246399986,348723.1,346674.5644375316,345355.56
0602a04d-9ebe-483d-befb-f8dfe9dc1d52,BUTTER-E|1024|4|1|105908.0|exponential,2802599.840986,2.7935018e+06,2904410.0810591867,2.8337772e+06
061168d6-09d3-4dae-8b27-ea1ba58965aa,BUTTER-E|1048576|14|1|6435.0|trapezoid,498476.7785999999,485652.75,495364.35751477926,502494.16
061d8476-3f8e-4792-9de3-3f0298086486,BUTTER-E|8388608|18|1|105908.0|exponential,6380155.424307999,6.4287845e+06,6525333.398551035,6.522306e+06
0624beba-e921-41eb-8152-8707db82aab1,BUTTER-E|1024|18|1|3848.0|exponential,391039.2222729998,400629.94,406478.25255473924,389217.0
06438f5c-2aee-4bf4-82b8-4d3d933333fb,BUTTER-E|2048|3|1|3188.0|wide_first_2x,353662.12552299973,358169.0,357036.83691639965,365026.78
0652efbd-3a1a-46ef-acaa-4aa373442c22,BUTTER-E|1048576|9|1|67557.0|wide_first_8x,2187614.414374,2.2398558e+06,2152493.6359608294,2.098985e+06
067ede3d-7406-41f7-b9b1-3b248cefacac,BUTTER-E|8192|2|1|4898.0|rectangle,395723.7403799997,391482.22,387760.5553355278,390677.75
068b304c-8cc6-4859-aa14-20501a8c17de,BUTTER-E|8192|14|1|3188.0|wide_first_16x,377021.0038299999,356549.16,371851.0957094645,356411.8
068f0fea-2214-40bc-a49f-05f1258fe854,BUTTER-E|4096|10|1|3848.0|wide_first_2x,390054.79930699983,356820.28,366243.4682668184,380035.47
0698e6bb-1e7c-4bb3-9420-d6b6ff68a49e,BUTTER-E|8388608|7|1|3188.0|trapezoid,474186.50166799984,439580.3,448103.2204465965,438377.12
06d528a6-eaad-4b63-b0f2-0ec686d9282f,BUTTER-E|262144|5|1|48842.0|rectangle_residual,1488119.0401569998,1.4579756e+06,1437708.7937154463,1.485238e+06
06f5365f-a64f-4119-b2e2-5dde9369f2c5,BUTTER-E|524288|20|1|105908.0|rectangle,3830842.762499,3.6406695e+06,3665188.3796505686,3.9328288e+06
06f71b43-dcc0-4556-9823-3a8af99dc129,BUTTER-E|8388608|18|1|6435.0|wide_first_4x,671127.575543,667983.1,642304.966899611,638019.75
0719e1b1-1fa9-414a-9b9d-325ee870f5fd,BUTTER-E|512|14|1|4898.0|wide_first_16x,413076.0326639997,415679.28,396953.553424059,394255.9
07333dd6-091b-4fe6-b833-b388c5b63861,BUTTER-E|1024|8|1|3848.0|exponential,378082.47955399984,369173.28,380582.5751290648,372526.4
07639896-9076-4e4a-97a5-3eaa208c46ce,BUTTER-E|4096|12|1|48842.0|rectangle,1634441.7902319997,1.5358344e+06,1557169.6558219944,1.6441545e+06
076421c6-7989-4ea8-8498-b4162bba375f,BUTTER-E|8192|4|1|15000.0|trapezoid,623001.7255779997,645817.0,627281.5361368438,643121.94
077c9d13-e546-4f49-9d8f-0cdd0005972d,BUTTER-E|2097152|16|1|105908.0|trapezoid,4158289.56177,3.8259665e+06,3850236.406674244,4.1753342e+06
07c8d00b-e0ed-4594-ab7b-5e6c362eef81,BUTTER-E|1048576|7|1|4898.0|trapezoid,426903.4238759997,401901.97,415769.22130161256,411604.72
07d5702e-2cfe-4ba5-954b-44323828a1d8,BUTTER-E|1048576|14|1|70000.0|exponential,2570880.3496580003,2.5442035e+06,2531078.020393618,2.5613302e+06
07e9e97e-d89e-413f-9a3f-ed967ec08aed,BUTTER-E|131072|20|1|67557.0|wide_first_16x,2379291.459696,2.644186e+06,2469511.630546097,2.3798162e+06
07f8941c-3936-469d-b2e6-da912e4f3e08,BUTTER-E|16777216|3|1|20640.0|rectangle_residual,1871891.231316,1.95819e+06,1901211.4002002869,1.8218235e+06
07f8f56a-9eda-4a70-ae8f-9b20077388a4,BUTTER-E|16777216|4|1|70000.0|rectangle,6212714.985772,6.08949e+06,6115224.531345791,6.294324e+06
0800c72f-b865-482e-aff7-42c910bfa018,BUTTER-E|2048|7|1|3188.0|rectangle,356079.196944,364631.9,368951.8332073256,358623.94
08073e5d-7788-443c-95e6-5da1d6064e98,BUTTER-E|8388608|2|1|20640.0|rectangle,2395037.366357,2.1452942e+06,1323836.387737573,1.864632e+06
0827a050-d653-4a76-a509-11cd3ee034b5,BUTTER-E|2097152|12|1|12958.0|exponential,708652.8651429997,695955.2,710496.9848707162,682336.06
08537e31-8f81-4b0c-8918-ff24ec30707f,BUTTER-E|2097152|5|1|3188.0|trapezoid,377992.9415479997,371883.56,372632.09255645634,375579.6
085fe35b-f812-4616-b536-48b1acbf015b,BUTTER-E|32768|5|1|105908.0|exponential,2851694.351846,2.9140995e+06,2905949.797923181,2.903666e+06
0861e763-fcab-4db8-8f72-df408434f6ea,BUTTER-E|32|16|1|5300.0|wide_first_8x,388248.705886,431545.3,427588.1924983202,429781.28
08761a7a-aa23-4809-8af8-2e586e26f25f,BUTTER-E|4096|10|1|12958.0|trapezoid,646365.5213199998,625672.1,624195.8986756233,642664.56
0880ee62-f40e-47cb-9751-1b37b2fa3ae1,BUTTER-E|64|6|1|6435.0|wide_first_2x,429701.88036799984,430552.12,436896.4691458629,446925.3
0886d6d2-b291-40bc-8046-89b72830636c,BUTTER-E|16384|7|1|15000.0|wide_first_2x,818015.5903519997,661797.6,645410.3912268146,657722.4
08a5ac35-0460-439b-938b-1d36e7a8427f,BUTTER-E|8388608|8|1|105908.0|rectangle,5748375.808748,6.161136e+06,5848599.237652837,6.0179655e+06
08b0d1ea-71e4-4b4a-8f6d-287cb8ef981c,BUTTER-E|16777216|9|1|15000.0|wide_first_16x,1561675.180021,1.5693016e+06,1546397.6119096458,1.4976109e+06
08c9d804-baa2-480d-94e6-ee2c1f79a677,BUTTER-E|8388608|20|1|48842.0|trapezoid,3126067.47619,3.1197962e+06,3103562.767619559,3.087675e+06
08db539d-221c-4564-aa6f-e01616f47e83,BUTTER-E|32768|9|1|3848.0|trapezoid,382152.3502649998,384404.47,385443.0897450542,386077.22
08ded0e7-dafc-47f2-adbf-337ccfe2ad3f,BUTTER-E|128|20|1|3848.0|wide_first_4x,375445.0115,374498.72,393619.580053162,387259.1
09072643-1784-4127-8a52-329bcf819325,BUTTER-E|8192|4|1|3848.0|exponential,376483.94778799993,376916.56,375267.0854505867,366675.72
090834ec-97ad-4771-b1e0-bb7ed9c64721,BUTTER-E|2048|10|1|6435.0|rectangle_residual,443888.7674139997,431319.8,450377.28718304995,431025.8
091aec69-5d46-4a55-bee4-eecfd0fd2912,BUTTER-E|65536|3|1|67557.0|trapezoid,1887597.706926,1.8753679e+06,1889336.6756553224,1.871755e+06
0921ac6f-bd7b-4247-8f89-7b47fd2d462e,BUTTER-E|1048576|3|1|70000.0|wide_first_8x,2174804.16111,2.043471e+06,2159835.8151350347,2.0267258e+06
092625b0-d39a-43c1-88a7-87f2a0f4d72f,BUTTER-E|16777216|2|1|20640.0|rectangle,4335832.448228,3.3373378e+06,1874859.4516804838,2.567072e+06
09325a2b-2645-4601-b985-d25cdc4ef3d2,BUTTER-E|1048576|7|1|12958.0|rectangle,608706.434686,619173.0,624227.6564380958,628929.56
09513d91-f296-45f2-ad9a-d0c21b9b2c35,BUTTER-E|2048|12|1|105908.0|trapezoid,3398171.8978430005,3.4825755e+06,3409385.7449080357,3.4187e+06
09b5207e-a279-4772-b248-78855c2c2ccd,BUTTER-E|16384|3|1|15000.0|exponential,618629.7397559998,623121.1,613149.4295677627,608764.9
09c920af-3676-41a1-b911-e4ca599ad3c3,BUTTER-E|32768|7|1|20640.0|wide_first_8x,749449.0580839999,828785.56,766855.4747463759,773655.8
09d05b56-1f35-41d8-93d3-22c1b66818e9,BUTTER-E|1048576|12|1|5300.0|exponential,427446.923418,423622.44,436545.42545377876,420266.84
09e500b7-39f1-4d5c-87e5-ccfc9620682d,BUTTER-E|65536|10|1|67557.0|trapezoid,2112542.969194,2.144924e+06,2149150.770831444,2.2100038e+06
09f1e8e2-0dde-4da4-a608-ff3d66a4a609,BUTTER-E|65536|5|1|67557.0|wide_first_8x,1927060.660984,1.964087e+06,1954233.2174745928,1.9727692e+06
0a12341c-9256-4959-b385-485fe71c0495,BUTTER-E|524288|2|1|20640.0|rectangle,773018.0744879999,922818.94,783825.6070949133,779975.06
0a17a72d-904f-4d6b-8cc1-62304907d84d,BUTTER-E|4096|10|1|6435.0|wide_first_4x,441196.5160099998,439305.78,445106.8803049451,434628.94
0a18ccd7-02ff-42fc-9d53-1c59bc732a40,BUTTER-E|8388608|3|1|5300.0|trapezoid,549051.7700689998,567492.4,552557.0284054341,558350.1
0a1e0f5b-5436-4168-b52a-28b282f794d2,BUTTER-E|65536|2|1|105908.0|rectangle,2760932.150277,2.754224e+06,2786867.538304979,2.8059225e+06
0a22a7f5-f5a4-4623-9229-0e8ae2f477e9,BUTTER-E|2097152|8|1|6435.0|rectangle_residual,458208.230089,482050.78,470874.42896231427,477768.78
0a2cb361-a18a-4aee-944d-90b508deb6e5,BUTTER-E|131072|18|1|3188.0|trapezoid,347739.31639099977,382288.1,386181.16595364094,381168.66
0a38d140-74b9-451b-8134-948792ff68c2,BUTTER-E|2048|5|1|3848.0|exponential,367455.9723899998,373753.03,375827.4076470458,365546.56
0a3d514d-97fc-4fe3-bfa5-a9092dc1f5b2,BUTTER-E|512|20|1|12958.0|rectangle,686134.51376,664288.4,683229.0389936363,671553.06
0a4becc0-78d9-41ef-91bb-3cff87c2853e,BUTTER-E|65536|8|1|6435.0|exponential,462445.5952879999,448784.5,450638.9084958877,438563.62
0a4c2ca1-e767-4565-bfc4-91a4da0ffa0f,BUTTER-E|16777216|8|1|3188.0|wide_first_2x,565078.8889049998,545317.6,553757.8100193174,582258.0
0a539fbd-a24a-4c4c-afc9-8df9a648e1ab,BUTTER-E|16777216|10|1|20640.0|rectangle_residual,2006168.698202,1.9679119e+06,2008884.431733237,1.8729442e+06
0a925f4e-90a0-4909-82f9-0464029c3ce4,BUTTER-E|8192|5|1|105908.0|wide_first_2x,2903039.614677,2.8551505e+06,2914223.9895312022,2.9201112e+06
0a9431b6-4fbc-42cc-bc7a-c108c5ad8f6c,BUTTER-E|131072|6|1|3188.0|rectangle_residual,363320.3647999998,361456.66,336586.8206573022,343657.97
0ab456fd-eb19-4470-9a0c-2b3dec51a50c,BUTTER-E|32768|2|1|3188.0|rectangle,364292.31321599975,344713.25,351458.14821808826,345837.1
0abac6bd-c453-4d27-900f-f10c27473567,BUTTER-E|32768|6|1|48842.0|wide_first_16x,1429074.5090819998,1.4414309e+06,1432105.115102235,1.4512282e+06
0b0b25bf-4029-4af4-a8c6-3e0d3d7f58ca,BUTTER-E|64|4|1|15000.0|rectangle,625057.7294309997,631671.2,625506.3919813106,638602.3
0b107036-e290-497e-87f0-4d35db7272fc,BUTTER-E|2048|3|1|6435.0|trapezoid,437209.1068259999,431635.44,434428.08584592707,438022.75
0b2066e6-96f9-4105-973d-ef927ae65988,BUTTER-E|1024|18|1|15000.0|rectangle,712476.901588,722097.5,729518.9906367043,721628.7
0b34aa0f-40f3-4267-8a33-13caffb713e9,BUTTER-E|256|10|1|3848.0|rectangle,386968.5055999998,384499.06,384245.6979584652,385290.1
0b49044e-2991-40d5-afd0-30012071ae1e,BUTTER-E|524288|7|1|20640.0|exponential,778124.0457009997,808582.1,803160.1280351992,789269.25
0b59ccf6-ac52-4f62-836a-ba1cd86e9d73,BUTTER-E|512|4|1|20640.0|wide_first_2x,785515.3219219999,759024.1,794131.2726849357,757690.5
0b5c688b-c4de-4701-a4ec-4af872e50fe4,BUTTER-E|2048|8|1|48842.0|wide_first_4x,1505907.119295,1.555559e+06,1499783.5799730576,1.5171411e+06
0b926d80-76c3-4e80-80ea-2b1f48b251ba,BUTTER-E|262144|10|1|12958.0|rectangle,611218.0220339997,619369.6,635060.6656509256,627344.5
0ba2ac96-572a-442a-9f4d-c6bc5f7009d2,BUTTER-E|16384|9|1|48842.0|rectangle_residual,1527387.348087,1.5696759e+06,1509106.2356977803,1.5321158e+06
0bae5771-48d6-459c-bda7-73bf24af65ae,BUTTER-E|65536|2|1|67557.0|rectangle,1797067.519551,1.8664859e+06,1875836.2913851237,1.9004531e+06
0c02c40f-c61b-4470-a722-bc31c1d52598,BUTTER-E|4096|14|1|15000.0|trapezoid,710171.8813519998,678340.6,712606.0731374673,726813.5
0c160146-91a5-4758-9eaf-1d11bf4df82f,BUTTER-E|64|5|1|20640.0|wide_first_2x,773226.8762829999,788548.5,757505.7351301707,765058.2
0c58fd09-5107-448e-bdff-334df6d31f69,BUTTER-E|2048|4|1|3848.0|rectangle,375015.236076,374513.03,371355.8299666255,364045.38
0c5a4c37-5826-4c10-9a2c-8ca8bea14764,BUTTER-E|16777216|5|1|3848.0|exponential,620772.3715769998,620668.1,601093.2463477385,592695.94
0c8a7fc4-b603-4a8b-96b3-af828b055dae,BUTTER-E|16384|12|1|4898.0|rectangle,416654.4340409999,426860.66,416833.7783696407,411663.6
0c90ccfd-93bf-40e7-83bf-5f7492ca81cd,BUTTER-E|16384|14|1|15000.0|exponential,686354.8508029998,721142.94,700885.959333559,713190.1
0c988b2e-17f6-49b9-a1b1-a6b4eb38bb4e,BUTTER-E|4194304|20|1|3188.0|trapezoid,424388.1477269999,431895.25,415126.2797566228,445227.06
0cd01ff6-24ba-4304-9946-d6620c13cfb5,BUTTER-E|1048576|5|1|15000.0|rectangle_residual,651430.32238,647211.7,659807.6619694458,641150.6
0cd5191d-edc7-48ef-ac4a-44601c01db97,BUTTER-E|65536|8|1|4898.0|wide_first_16x,409775.463905,431984.66,401544.340044635,393339.16
0cf3c940-6296-4002-8ad1-6455314f9e25,BUTTER-E|8192|2|1|48842.0|rectangle,1374721.888824,1.3428221e+06,1342916.745885945,1.3821461e+06
0cfc9fec-432c-4997-9668-15610fcf5dcc,BUTTER-E|65536|7|1|15000.0|rectangle_residual,639598.5327979998,651804.0,647435.5251702596,639371.94
0d00d0e2-4a72-4de8-b8f6-0c6e4ded4149,BUTTER-E|8388608|9|1|6435.0|wide_first_16x,637032.7015049998,639601.9,634308.882185572,623973.9
0d263593-8499-4579-b50a-49018fb4aef1,BUTTER-E|128|10|1|12958.0|rectangle,618838.4703389998,620232.06,611131.3921106815,621212.4
0d5e9eec-f366-48f0-87a0-bfdf83a7cf61,BUTTER-E|4096|6|1|67557.0|trapezoid,1916600.7003,1.9407734e+06,1947342.6239243392,2.044941e+06
0d77e316-a596-40ec-a100-e5eff089f67b,BUTTER-E|16384|14|1|3848.0|wide_first_8x,396537.34255,405120.2,388172.66057480307,387795.72
0db7280a-a34e-4d3e-b1ca-7f9ea2151bb2,BUTTER-E|524288|5|1|4898.0|exponential,397702.5349149997,406232.88,395441.3667278062,394820.66
0db8704b-3dc7-4043-96c6-502c56968c87,BUTTER-E|8192|4|1|20640.0|wide_first_8x,757877.7549299998,778084.25,760687.119265268,752390.1
0dc8e3f7-be8b-465b-a7ca-32c44c6ce90b,BUTTER-E|32768|7|1|6435.0|exponential,455676.654447,447490.84,453240.1379174954,433202.94
0dcf1067-eb36-4aab-9666-f0aad2010beb,BUTTER-E|256|14|1|12958.0|trapezoid,661472.4726249998,651035.56,656822.8116271665,660900.75
0dd8c3ee-3afb-40d6-a243-8c39c03193c9,BUTTER-E|8388608|8|1|3848.0|trapezoid,510937.3582539999,488868.4,488805.3547095782,505537.25
0de24753-6088-440d-aa27-864179650add,BUTTER-E|2048|16|1|20640.0|trapezoid,914718.312942,865413.8,894539.0976124079,908689.6
0dee161d-b82e-4cea-bf13-b9f30a07f517,BUTTER-E|1048576|7|1|3848.0|wide_first_2x,392200.97693499975,381669.53,383977.2519705997,388818.9
0e309669-30d6-43b8-94cb-619d986c6ea4,BUTTER-E|4194304|14|1|12958.0|rectangle,796678.6614439996,818221.94,841847.6598923135,866851.06
0e3f506f-b34d-417b-945f-629173d2e219,BUTTER-E|8192|5|1|48842.0|rectangle_residual,1411109.948439,1.4542028e+06,1435455.212490788,1.4294609e+06
0e6d7e70-3a88-4915-bb04-7f334395cc5a,BUTTER-E|131072|7|1|5300.0|rectangle_residual,415749.8309349999,405097.4,399717.3978078134,393330.9
0e728afe-800e-4152-8eaf-0f1d529a241f,BUTTER-E|16777216|3|1|3188.0|trapezoid,552455.324068,546462.44,537307.3398249316,544081.8
0ea9efc6-05dc-4b61-a491-2c1167a04d2c,BUTTER-E|4194304|8|1|6435.0|trapezoid,545503.879602,538990.2,541476.0105696662,537413.94
0ebdbba4-32c5-40cb-acc0-5f90b8ace3ae,BUTTER-E|16777216|7|1|67557.0|wide_first_2x,5953397.773455999,5.820249e+06,5882051.118092493,6.1303775e+06
0ed67608-1da7-4da4-97a9-91af5aae8b52,BUTTER-E|32768|2|1|67557.0|rectangle,1839609.092095,1.9054656e+06,1854771.4763429114,1.897266e+06
0eec438a-3663-4488-8044-8c4e97a044f6,BUTTER-E|256|4|1|15000.0|rectangle,597418.4617459999,625444.8,620373.005292753,638611.44
0effe503-dce1-46a6-91ac-9cca5d711735,BUTTER-E|128|16|1|4898.0|wide_first_4x,403864.9630499999,418038.72,416607.2326236198,393281.78
0f09973e-7f62-48bd-9fb5-d93e82f2ee6a,BUTTER-E|131072|4|1|15000.0|rectangle_residual,640254.3550499999,632334.75,615068.7504616095,622828.8
0f0f9323-996a-42d7-b54c-5f966ba50b33,BUTTER-E|8388608|2|1|20640.0|rectangle,2349078.150788,2.1452942e+06,1323836.387737573,1.864632e+06
0f31acaa-db32-4f67-b629-75fed5bccaeb,BUTTER-E|4194304|12|1|15000.0|trapezoid,885191.128416,899920.6,892987.9075659967,897231.56
0f6666a7-17ce-4fc5-be8e-7249f65e6028,BUTTER-E|262144|20|1|48842.0|wide_first_8x,1799501.929805,1.7229376e+06,1785755.261475086,1.8158132e+06
0f9f7871-f7af-435a-9e61-f22c5117eb1f,BUTTER-E|512|16|1|6435.0|trapezoid,462559.3063299999,485025.12,461181.1885613407,481917.97
0fb5b3b2-aa82-4d33-bad1-7050595f96ab,BUTTER-E|16777216|2|1|6435.0|rectangle,1058725.440156,1.0881154e+06,1037209.1011211857,1.0648999e+06
0fb70402-7f7f-4433-a8b9-e635fa026de2,BUTTER-E|32768|6|1|5300.0|trapezoid,387801.7006769997,403161.5,404977.1860082929,409560.38
0fb7f97b-90eb-40ae-9026-294ff1c5a55f,BUTTER-E|8388608|6|1|48842.0|rectangle_residual,2835676.49861,2.812414e+06,2742646.6665638234,2.7671192e+06
0fdd10e1-3764-444a-991b-57195ffead09,BUTTER-E|256|8|1|20640.0|rectangle,772747.3448679999,778237.1,792092.2791260486,783668.75
0fe32b83-3eca-47ff-a503-beb65ce77c75,BUTTER-E|2048|9|1|4898.0|wide_first_16x,389258.07553199993,430660.12,401065.51875724294,392261.06
0fe916ad-88aa-4cb9-b3cd-cac9ad65798b,BUTTER-E|32768|12|1|6435.0|rectangle,464624.38530600007,476890.66,467744.9448137503,456992.72
0ff61134-0eaa-44e7-9ac9-9313a7f9eff3,BUTTER-E|8192|5|1|70000.0|wide_first_16x,2154681.977631,2.0666068e+06,2093766.9406780433,2.0788604e+06
0ff7374f-0c85-40b0-9528-25f30fb8b582,BUTTER-E|16777216|4|1|70000.0|exponential,5962760.401656001,5.9522235e+06,6025378.198695001,5.729659e+06
100650b3-1b07-4ff3-aff1-7d6066cce106,BUTTER-E|131072|5|1|105908.0|rectangle,2905119.458581,2.8424468e+06,2835202.213642415,2.9591855e+06
101eae23-bf19-43d1-84f2-ec829f51eb0c,BUTTER-E|524288|12|1|67557.0|wide_first_4x,2197068.134729,2.2118212e+06,2269355.003906893,2.166434e+06
105199db-d487-4e2c-aa2d-f240741c8e16,BUTTER-E|65536|2|1|3848.0|rectangle,365628.646287,351276.22,371531.3475450797,364676.06
1057a1bb-d30c-4ed2-9b5c-a24141ff2c1b,BUTTER-E|4096|7|1|12958.0|wide_first_2x,594800.3199499998,628626.75,609928.9452604471,613854.4
10694401-158e-4a6f-a77e-40c8001595b9,BUTTER-E|512|2|1|3848.0|rectangle,367364.52800299984,371249.28,368322.5593517211,362611.9
107920f6-0d7b-4728-8e15-08f7a1053e5f,BUTTER-E|131072|7|1|70000.0|rectangle_residual,2128866.637192,2.1986392e+06,2309928.0886593787,2.2425638e+06
10824673-4d19-43a9-9b8c-4f1a7d4826f4,BUTTER-E|512|3|1|5300.0|trapezoid,399570.3430039998,396126.0,405763.77398144413,409389.72
10829d3e-e6a9-4949-a108-7a80838dff44,BUTTER-E|1048576|14|1|5300.0|trapezoid,440726.3936499999,430306.66,441098.6325877855,446272.38
109c8168-877c-40ed-9afc-5f7a76745e4b,BUTTER-E|2048|4|1|67557.0|trapezoid,1828867.840827,1.893248e+06,1878089.7904765052,1.9293926e+06
10a649ec-c1f9-45f2-9f84-6f31bf0aa285,BUTTER-E|256|6|1|5300.0|trapezoid,411264.2063189999,400809.94,409191.12127202895,408701.2
10af999a-b8b9-44f1-9c3e-beec1f541382,BUTTER-E|64|6|1|3848.0|wide_first_4x,358668.65990399977,365183.47,380970.2916601171,354821.25
10da459c-570f-434a-b483-19384222acaf,BUTTER-E|2048|18|1|5300.0|rectangle,415518.5218979999,433145.5,438254.0793544905,423589.3
10ffaa4b-0dba-46cf-97c5-af12e9381353,BUTTER-E|2097152|3|1|48842.0|exponential,1694250.8125039998,1.6016702e+06,1607101.5917550542,1.7016878e+06
1107e4db-ae90-48b3-96d7-717aca7b128a,BUTTER-E|1024|9|1|5300.0|rectangle_residual,410378.96268,417533.1,418772.1209965707,394452.6
112c4a22-6c6f-44ed-9145-330d33a4038e,BUTTER-E|32768|8|1|5300.0|exponential,407253.9641309997,411864.25,417877.18586871045,405710.97
113734bb-13b3-46ba-9a09-ea856f923951,BUTTER-E|65536|3|1|20640.0|wide_first_16x,749761.326913,762864.5,734964.8312200384,716683.06
11484d8d-7c80-4e0c-9fbd-9ab9d95581ed,BUTTER-E|16384|2|1|12958.0|rectangle,556835.0119889999,580891.94,576944.8867139539,579648.44
114b29ba-50cb-40b2-8cbe-82267982fc20,BUTTER-E|131072|12|1|6435.0|rectangle,467306.2795639997,470680.7,468794.2565150844,458726.66
1177d3da-30a1-44eb-8054-195c939fb3c3,BUTTER-E|128|6|1|4898.0|rectangle,413963.594235,405629.72,414975.839495433,395917.9
11af4430-d24a-4fcb-badc-02d9193cd990,BUTTER-E|4096|2|1|67557.0|rectangle,1776283.039008,1.8376712e+06,1837538.7265574825,1.8950418e+06
11bcec15-3936-423d-b797-6a9a38446fd6,BUTTER-E|4096|6|1|12958.0|trapezoid,602464.095018,599215.44,606734.605353616,608697.56
11c7b00b-33c8-417b-ae39-bfaaa616a9a1,BUTTER-E|16384|10|1|6435.0|rectangle,489278.09313299984,456067.1,451809.14734640607,446608.75
11dbc7eb-5df4-47d3-9607-874b25632b4b,BUTTER-E|128|3|1|4898.0|rectangle_residual,385323.1769059999,401432.34,390010.57779713883,371903.78
11fc6c51-3d1d-4050-860e-9676701bb7b3,BUTTER-E|131072|9|1|3848.0|trapezoid,391924.0371079998,388853.03,378390.3402054787,387597.16
122ac932-c7d8-43e3-b530-4be838ed37a9,BUTTER-E|1048576|9|1|20640.0|wide_first_16x,837657.1565759999,837640.7,820544.9946156846,830128.0
122ecc86-0753-4145-9901-fb82b3745792,BUTTER-E|16777216|3|1|3848.0|wide_first_16x,593108.400538,616686.7,595719.7616095145,572999.7
125d789b-4fb1-45ab-b308-23d9df082840,BUTTER-E|512|3|1|4898.0|rectangle_residual,394269.2632019999,392852.94,394139.7136930635,371907.3
12632fee-e561-4a0c-9a23-163d67b392d8,BUTTER-E|8388608|16|1|70000.0|rectangle,4533534.6018240005,4.541113e+06,4405187.356439869,4.244303e+06
1284fdcb-c204-446a-aed6-d5f1854df640,BUTTER-E|16777216|6|1|20640.0|rectangle,1873381.172284,1.9576075e+06,1945824.4656123584,1.9396965e+06
12b2400b-5c7b-47f1-9c5a-a48782155ee6,BUTTER-E|65536|2|1|70000.0|rectangle,2078404.386258,2.0868654e+06,2049668.7390491876,2.0546761e+06
12be955c-7d51-4606-816f-3dcc57e2e911,BUTTER-E|2048|6|1|48842.0|exponential,1460048.113962,1.4613598e+06,1469040.057487897,1.4879061e+06
12ff9aa1-d644-4ca9-8a3d-e6f9b47b0e23,BUTTER-E|1024|4|1|70000.0|trapezoid,2054667.384985,2.0186048e+06,2053640.2815023286,2.1260332e+06
131bf6cd-7c80-432d-b9b7-cdd6e72854d5,BUTTER-E|1048576|7|1|105908.0|wide_first_2x,3103653.27634,3.1644412e+06,3039449.0940321106,3.248093e+06
131e9c78-d39e-4b7f-954b-e02e4c04371b,BUTTER-E|16384|8|1|20640.0|exponential,817224.3896559998,794757.44,778206.3436387327,773269.3
132eb1d7-d424-4b92-8322-66a525fa9e4d,BUTTER-E|2097152|12|1|48842.0|exponential,1809979.575006,1.7832039e+06,1808411.4832560422,1.8455589e+06
132fbded-b64d-424b-a4ac-4076ee6512c9,BUTTER-E|131072|6|1|70000.0|exponential,2173989.806984,2.1867618e+06,2232896.02638769,2.1580145e+06
1335ba94-5c68-47f9-b353-a3ad2e40891d,BUTTER-E|8388608|18|1|4898.0|exponential,580233.0121939997,580565.1,584411.5280332052,562517.4
135e66ae-573c-41ff-859b-f0da322747bc,BUTTER-E|2048|14|1|67557.0|trapezoid,2354875.368032,2.311113e+06,2289377.181906048,2.317929e+06
1373c2ef-d79a-468d-9cc7-a55e069be6a9,BUTTER-E|64|16|1|3848.0|trapezoid,387583.356501,392857.06,395418.6258593843,395413.03
137e9000-dfa2-49d0-8e0a-883ee683e19e,BUTTER-E|65536|5|1|6435.0|wide_first_2x,439309.116948,442701.1,439912.2427652795,448070.3
13cfcac7-62d4-44d7-8d8b-d73fd308140c,BUTTER-E|4096|8|1|67557.0|rectangle_residual,2060910.838449,1.9325878e+06,2105650.149268282,2.0527156e+06
13dbad0b-7b4a-471d-89e2-5adf006eee1a,BUTTER-E|2048|7|1|67557.0|rectangle,1995991.637823,2.0065609e+06,2038009.7786702279,2.0576056e+06
13e560d9-5ce6-414b-ac07-8a594e9eeb12,BUTTER-E|1048576|14|1|5300.0|rectangle,458745.251349,425120.66,432228.27301855397,439933.84
13e8c537-1415-4c54-9799-905a4d9da6bb,BUTTER-E|1024|4|1|15000.0|trapezoid,635794.0635610002,618611.7,628327.1674057903,642936.75
14082f61-6270-4c37-8c82-90e14ba8fabe,BUTTER-E|2048|7|1|20640.0|exponential,818753.9213279999,756497.0,790086.7237282397,761270.7
141a42b9-f15a-4cbc-9d58-5a3534b6fbb2,BUTTER-E|32768|5|1|5300.0|wide_first_2x,405318.807428,411850.12,405535.14858579077,420898.16
142f265f-9c7d-4765-8c5c-2bc9a9029f6b,BUTTER-E|1024|2|1|5300.0|rectangle,399382.5677579999,403035.78,398084.5929769914,399844.03
143ebc6f-d79f-4c96-af2f-365a7fd94dae,BUTTER-E|8192|2|1|12958.0|rectangle,579060.3637860001,586619.9,586432.5918191955,578976.06
145ae761-aca0-404b-a138-78d4ee9cf5b1,BUTTER-E|65536|6|1|67557.0|wide_first_2x,2035874.458871,1.9677636e+06,2007394.906086666,2.015331e+06
147025b7-9cc2-46ae-b337-cc4e5b5217e3,BUTTER-E|16777216|5|1|20640.0|wide_first_2x,1871747.494297,1.9907218e+06,1930027.242262053,2.0151849e+06
147127f6-75ab-40da-abe5-ad897df1ec1b,BUTTER-E|524288|2|1|15000.0|rectangle,655884.2362229999,647417.25,624065.2306681157,656482.8
147c3745-92ba-457a-ae32-39680246ba05,BUTTER-E|16777216|7|1|4898.0|exponential,652751.6326419999,695783.3,692406.0162772115,720194.5
14805ff1-e380-42a1-906d-3033738de1d2,BUTTER-E|262144|9|1|15000.0|wide_first_8x,662044.9461849997,706478.2,675439.8556291623,678844.75
149cfe05-78af-421e-8ead-09382fe96f41,BUTTER-E|2097152|14|1|105908.0|rectangle,3867438.810975,3.6929268e+06,3792295.6306728814,4.0629635e+06
14a0d0cb-3af6-4c65-90dd-a46a39c8f128,BUTTER-E|16777216|5|1|6435.0|rectangle_residual,796982.7631319998,835516.9,812818.6280008836,769323.75
14a38d4a-0917-4e33-a506-b37a56764fa2,BUTTER-E|512|14|1|20640.0|exponential,864217.5946449998,868766.2,861038.1296175078,838088.94
14b4ca0b-6436-44df-a81d-c067df97aa8b,BUTTER-E|65536|2|1|3848.0|rectangle,373227.7369799999,351276.22,371531.3475450797,364676.06
14c792f3-6766-49db-ac50-67fa2007a1bd,BUTTER-E|2048|4|1|3188.0|rectangle,363242.950495,352890.94,348823.5783402327,345374.34
14ddd942-7d83-49d8-96d1-d7d827b6b7c9,BUTTER-E|16384|10|1|12958.0|rectangle,607962.7906939999,623699.6,625184.4413113656,621546.56
14e6642d-f11a-4cb6-a834-16c510356687,BUTTER-E|2048|4|1|3188.0|rectangle_residual,367302.3530559999,350155.4,353921.5442633945,335115.28
14e884e2-7d14-4fb4-ae35-fe1e8bb33ff5,BUTTER-E|2048|5|1|15000.0|wide_first_4x,626801.2164299999,648570.4,639390.4443654122,615195.3
151a1969-aab2-4c29-b5bc-9f7150556a19,BUTTER-E|1048576|8|1|48842.0|exponential,1569719.9385909997,1.5417338e+06,1565557.3537711378,1.622963e+06
155b93f2-318e-4db0-805f-34a27f45b8a5,BUTTER-E|16777216|16|1|4898.0|wide_first_8x,716475.1657700001,720830.1,715594.4370455567,809015.6
15748add-c52a-45f2-ad5f-b7553ff75066,BUTTER-E|65536|2|1|105908.0|rectangle,2676879.3637080006,2.754224e+06,2786867.538304979,2.8059225e+06
159a637f-c676-486a-8419-6b1cff6b8dfa,BUTTER-E|65536|2|1|67557.0|rectangle,1871913.923884,1.8664859e+06,1875836.2913851237,1.9004531e+06
159b9d6d-1b54-4eb9-97f7-8510d8872bf8,BUTTER-E|4194304|8|1|48842.0|trapezoid,2122583.432049,2.1446622e+06,2142268.6562985065,2.234066e+06
15ab9b89-cd80-4c62-9c01-6380ccdc67ad,BUTTER-E|64|2|1|5300.0|rectangle,399705.04134299984,380777.0,402034.7796857848,399820.78
15b07449-e719-42c8-a149-b44ebfd5eba0,BUTTER-E|1024|12|1|70000.0|wide_first_8x,2163535.092856,2.1388452e+06,2243600.96547415,2.321057e+06
15c020ef-f648-44f9-9999-787c6ef319e1,BUTTER-E|128|2|1|67557.0|rectangle,1828857.68359,1.8166671e+06,1828759.9237336607,1.8947346e+06
15c8797f-18ba-470c-9e09-cfea2dd11792,BUTTER-E|256|8|1|3188.0|wide_first_2x,369474.98787,346963.28,357133.63074010535,370306.56
15e53457-e2ff-4b0a-a531-233397868cf8,BUTTER-E|32768|2|1|105908.0|rectangle,2737033.418436,2.7901202e+06,2747035.497602487,2.8054088e+06
15fe0596-0336-45ff-b5f9-3395592b22dd,BUTTER-E|8388608|7|1|3848.0|trapezoid,500877.0374589999,487813.53,490957.3425261651,502504.22
16197b59-b96e-42d1-8fb3-6b895063b258,BUTTER-E|65536|4|1|3188.0|wide_first_8x,356536.8698399999,326991.3,347790.5157385185,352228.6
161c1986-9a41-4153-8c81-bd5da5ad2ab0,BUTTER-E|4194304|18|1|15000.0|exponential,925636.6079,926743.6,926169.4117836277,919179.1
1633a1b8-8491-4677-a6e2-78601a021228,BUTTER-E|1024|14|1|20640.0|wide_first_8x,862472.297961,847495.94,879421.0774250263,845523.75
1633b458-b64a-4169-8ade-cc51b9eb56f1,BUTTER-E|1024|14|1|3848.0|exponential,389652.874528,399411.84,400590.5002476785,382113.12
1659cecf-82b6-420b-917b-001b16ddfede,BUTTER-E|16384|3|1|48842.0|exponential,1383737.721988,1.3672688e+06,1382430.936991553,1.3845709e+06
16768664-9113-4372-aba4-5bc7b3ea8aa3,BUTTER-E|2048|10|1|20640.0|wide_first_4x,794037.5173410001,804600.6,799363.599220885,776320.94
167b1bee-a053-4274-81af-3c2439a1aa64,BUTTER-E|64|2|1|5300.0|rectangle,398916.804965,380777.0,402034.7796857848,399820.78
16837d1c-66e4-45a8-8521-282855464ab8,BUTTER-E|512|20|1|67557.0|trapezoid,2393919.3883800004,2.32344e+06,2379071.4228845234,2.4858148e+06
169025e8-603e-41bf-9996-1f55df0dcac5,BUTTER-E|512|4|1|48842.0|rectangle_residual,1501752.418251,1.3986571e+06,1377335.946892766,1.38999e+06
16a48cca-dab6-4600-b8d1-2a87287ee13c,BUTTER-E|2048|2|1|67557.0|rectangle,1865503.399568,1.8536941e+06,1835965.8964839664,1.8948828e+06
16a9cc90-35f2-40c8-a0d6-f1c1474b0069,BUTTER-E|2048|16|1|12958.0|wide_first_4x,670215.1545109998,681530.94,661226.9360279635,624577.0
16b708ed-3b06-422e-b0e6-7d53b2e48a49,BUTTER-E|512|9|1|105908.0|rectangle,3088405.1961,3.0363022e+06,3025116.5422519925,3.185008e+06
16c424f5-e892-4115-bd23-9177c7c58502,BUTTER-E|4194304|10|1|70000.0|rectangle,3138667.869,3.161705e+06,3139410.366303109,3.241174e+06
16f2016a-01c1-486a-8114-9552971e4ce3,BUTTER-E|524288|3|1|3848.0|trapezoid,389151.761588,371754.84,378909.6118320265,378356.78
172854f7-ba0d-49a5-8222-f769dcc283c0,BUTTER-E|4194304|3|1|20640.0|rectangle_residual,1002168.894154,1.0105053e+06,1067219.5595060105,995106.44
1754cde9-d4a6-421c-ba40-38b59c48a8aa,BUTTER-E|65536|9|1|20640.0|exponential,816202.9373259996,801580.0,821394.7868335414,791375.9
175deae9-46ac-4830-829d-40e66022f420,BUTTER-E|64|9|1|3848.0|rectangle,367303.45774999965,380123.2,380295.84756151115,381997.62
17611779-fb86-44c4-9387-50dd4d14d5c3,BUTTER-E|524288|10|1|105908.0|rectangle,3202228.3916190006,3.225768e+06,3196334.8302320847,3.2755635e+06
177996f1-8e08-4fa1-b30c-740f4371345b,BUTTER-E|524288|7|1|5300.0|exponential,395111.426881,422574.12,423660.434441051,402414.75
178ee73e-f3ae-4819-bbc9-c232dc733d10,BUTTER-E|524288|2|1|105908.0|rectangle,2785921.388358,2.7501872e+06,2783107.125387824,2.8374118e+06
17b38f55-748f-487c-8e79-0bbc5f1b560d,BUTTER-E|256|9|1|105908.0|trapezoid,3158402.078402,3.1175715e+06,3091966.5809626407,3.2451888e+06
17b3ad33-f924-4949-b357-60c9c13a4e55,BUTTER-E|16777216|14|1|4898.0|exponential,713492.0292779999,706718.1,713276.9860761476,728616.56
17e1ea8a-cc6a-45fd-bc7e-eeb71ea0a71b,BUTTER-E|256|4|1|48842.0|rectangle_residual,1392846.2254729995,1.416085e+06,1383580.2080661978,1.389978e+06
17e26d2c-da6c-48fa-b45a-256e41544a24,BUTTER-E|4194304|9|1|3188.0|exponential,402876.1762809999,407200.22,409606.5109422375,399089.72
17e35aa0-db23-4741-ab0f-0d10ccd8aa48,BUTTER-E|4096|6|1|48842.0|rectangle_residual,1481243.291933,1.4239695e+06,1438590.4495960174,1.4552905e+06
17e39536-16dc-472f-be83-bc9cf798f12e,BUTTER-E|131072|10|1|6435.0|trapezoid,461443.5057359999,450976.9,464608.103524294,466451.2
17eaad8d-bc55-4b48-a3b1-cd218392b734,BUTTER-E|256|20|1|5300.0|wide_first_16x,468269.47939999966,445956.28,431468.80133265886,427014.97
17f2ea1d-18e6-49c3-80dc-cb9a117d4a4c,BUTTER-E|2097152|3|1|4898.0|rectangle,405780.254856,413293.34,409658.69025357167,431024.6
17ff82a6-360e-4fe6-8d57-dcdbed83fa1c,BUTTER-E|1024|12|1|105908.0|rectangle,3153383.7732240004,3.3572828e+06,3240566.8588870806,3.3351678e+06
18119d96-9ca5-489f-b7a5-97a3ea4554d5,BUTTER-E|2048|3|1|5300.0|wide_first_2x,404113.1703799997,399413.38,404233.23972899735,414208.38
18150e1d-31ee-49e7-baae-9cc9ff7f9062,BUTTER-E|4096|10|1|15000.0|rectangle,675345.65259,661985.75,670679.8542022229,681867.7
1845fe99-802a-4353-ad86-d11f7e24415d,BUTTER-E|32768|3|1|4898.0|wide_first_2x,380742.1725899999,385977.1,387101.87454454956,410222.16
18535a2c-0f6a-4409-8bc6-92f742161346,BUTTER-E|16777216|7|1|5300.0|trapezoid,716207.9924009999,709830.6,725187.808473105,738150.75
18567383-2d2c-415a-aaa3-c2a467f321d9,BUTTER-E|1024|2|1|48842.0|rectangle,1326989.5320219998,1.3362572e+06,1333350.8792832433,1.3811921e+06
1860b330-72c4-4147-82a8-01a2aaace479,BUTTER-E|16777216|8|1|20640.0|trapezoid,1968504.715048,1.9914775e+06,1969769.3308481309,1.9672908e+06
188b04da-0100-41a1-b340-62a7ce9b4c1a,BUTTER-E|1024|2|1|105908.0|rectangle,2769440.707731,2.7453262e+06,2734552.6893851506,2.8105075e+06
18b339ea-9488-4a29-a829-fc55251215de,BUTTER-E|524288|12|1|6435.0|wide_first_8x,478656.1064959999,472863.25,474316.47822813335,467154.12
18b3fea0-1d56-49c4-8be4-4a04f7091ea1,BUTTER-E|65536|4|1|105908.0|wide_first_16x,2875288.564352,2.8085462e+06,2769093.591595601,2.8628885e+06
18c2105e-fe13-422e-9b45-2bef991e98ec,BUTTER-E|131072|12|1|105908.0|rectangle,3257633.8443090003,3.404086e+06,3274755.858498494,3.3397382e+06
18c76457-071e-47a5-ac84-47338a7616c1,BUTTER-E|262144|18|1|20640.0|exponential,914497.5768539996,869483.1,912457.1993475646,891099.5
18ce0629-de9a-44d9-9d3f-2569cf31e293,BUTTER-E|524288|7|1|4898.0|rectangle_residual,412814.3043249997,407835.66,399048.8354231833,391988.8
18f29178-bff2-4746-bc4c-a15334a96fa0,BUTTER-E|8388608|2|1|20640.0|rectangle,2513739.974592,2.1452942e+06,1323836.387737573,1.864632e+06
18fbe530-4e28-4a18-b049-6dc8bc4cca68,BUTTER-E|524288|7|1|12958.0|wide_first_8x,605080.5630449998,612111.1,620808.8385191687,602014.6
191cd124-afe5-40dd-a6db-b5eb3cd0c459,BUTTER-E|512|8|1|5300.0|wide_first_8x,392920.9506419998,404253.38,417424.17419713555,413908.25
1920fd2f-fdca-4c7e-a78b-5128eb353471,BUTTER-E|2048|5|1|105908.0|wide_first_16x,2828706.124554,2.632898e+06,2797802.972436653,2.9078505e+06
19246117-d74d-406a-b24f-ef52cb399812,BUTTER-E|524288|10|1|3848.0|wide_first_2x,390813.7053699997,398818.06,375292.7322940997,384827.4
19282a3a-dff8-4389-8ea2-48d52aeb8016,BUTTER-E|8192|18|1|105908.0|wide_first_4x,3545833.3267610003,3.1639705e+06,3539051.90966563,3.651062e+06
19332d5c-1c2f-40af-83a0-3988d8e53275,BUTTER-E|1048576|18|1|5300.0|rectangle,452290.685206,432572.12,447702.4855312358,444656.75
19429f1c-f551-4980-b295-48b9d8463bd9,BUTTER-E|4096|10|1|67557.0|trapezoid,2129235.219178,2.1111305e+06,2130178.750038364,2.2128045e+06
1949a4c2-e43c-4ee4-988a-fc37504b0f10,BUTTER-E|4194304|3|1|20640.0|wide_first_4x,998250.787358,992057.25,1059450.3551687687,1.04002706e+06
194c63f2-375a-44aa-8064-f82c92661535,BUTTER-E|16384|8|1|15000.0|rectangle,649102.2971659999,664264.3,664286.0996071752,671234.2
194fe762-ad3c-43c5-9e78-e2e21b50afa1,BUTTER-E|2097152|8|1|67557.0|wide_first_2x,2302262.615249,2.2937228e+06,2405246.4693382727,2.3828958e+06
195d2e7f-6d56-4ecf-9ccb-07a9a0396e26,BUTTER-E|16777216|7|1|6435.0|wide_first_8x,814311.0428059999,835046.1,814576.1042601392,826859.25
198454f0-5365-4245-81f6-84428cb09583,BUTTER-E|16777216|5|1|3188.0|trapezoid,531635.57433,533000.4,528016.8853322187,550981.1
19aa0eba-67c7-481e-955f-b41582db32c0,BUTTER-E|262144|10|1|105908.0|wide_first_2x,3228548.0983159994,3.1505865e+06,3170476.338992137,3.1781538e+06
19af8547-ddfd-4f02-bda5-453fd516d26f,BUTTER-E|524288|20|1|67557.0|trapezoid,2518356.619368,2.497682e+06,2466068.9292612313,2.5821775e+06
19b6af4c-1ffa-4f1a-b2e8-2532addce15c,BUTTER-E|8192|6|1|48842.0|wide_first_2x,1491471.6698189997,1.4604861e+06,1471181.788821097,1.4894266e+06
19b966ba-053c-4024-a3a4-389abd2315b7,BUTTER-E|8192|6|1|4898.0|wide_first_4x,400222.3523499997,412560.06,395972.00142717996,371016.72
19d0c94f-87ad-4ab7-a032-39c18bae09c6,BUTTER-E|4194304|4|1|20640.0|wide_first_8x,1009744.545527,999261.3,1038012.1699844844,1.01487644e+06
19dedc41-6333-4b73-bf16-a02069981736,BUTTER-E|16384|5|1|20640.0|rectangle,789999.297404,761248.2,762583.9342023629,754456.56
19e83dd3-daea-401d-843a-45f3bb6bb9b4,BUTTER-E|1024|4|1|12958.0|trapezoid,593795.0714989997,580329.3,583639.8709468212,593090.06
19f6f6b0-ad63-47f6-a066-982616258fa7,BUTTER-E|131072|20|1|105908.0|rectangle,3641151.922057,3.7944988e+06,3652494.600016484,3.8428388e+06
1a026d37-c8ff-4c9f-93f5-d8b1b69a09b9,BUTTER-E|64|3|1|20640.0|wide_first_2x,782956.9271309997,761128.44,738042.6325224672,750968.6
1a0bd96f-42e5-4b0d-a742-97fa5c662752,BUTTER-E|2048|2|1|3848.0|rectangle,355591.962013,383398.03,371422.0367052316,362655.5
1a23ea99-1141-4829-b396-d9cc884b5bc0,BUTTER-E|4096|14|1|15000.0|exponential,715863.262708,674041.94,701217.3783182285,712524.56
1a2d6cc7-e03f-49b0-a65c-2113651492ce,BUTTER-E|8192|5|1|3188.0|trapezoid,428039.42267799965,354340.38,360468.11373524566,355916.6
1a2f588c-b56d-4ae2-bb79-05aa150dfa64,BUTTER-E|256|4|1|12958.0|trapezoid,575959.4990149997,583922.9,586080.2305813036,593060.06
1a3bbf2c-61e4-4196-8ece-cadba3b32723,BUTTER-E|8388608|6|1|20640.0|trapezoid,1353052.0867479998,1.3216116e+06,1343300.938116478,1.3829662e+06
1a5a4ef1-765a-4b74-b688-4865411aba29,BUTTER-E|512|3|1|6435.0|exponential,393461.5151999999,424530.38,426757.9875160957,419971.56
1a67e5d4-6a0f-47c9-8980-979b5c033b31,BUTTER-E|256|5|1|67557.0|rectangle_residual,1912776.416974,1.9321896e+06,1899419.9823087875,1.9290486e+06
1a83e944-7569-466b-89e4-678170581446,BUTTER-E|4194304|8|1|70000.0|wide_first_2x,3080271.9692030004,3.0401878e+06,3077916.615992656,3.1822965e+06
1a894642-9da5-4941-8df4-0fa57874f9ec,BUTTER-E|32768|20|1|70000.0|rectangle,2619134.87216,2.480827e+06,2618172.493786012,2.6790775e+06
1aa2f495-de17-455f-8c4b-42f9b571a7ef,BUTTER-E|262144|10|1|6435.0|wide_first_2x,466162.15554599976,453888.06,450286.50961615174,460285.84
1ab7f3e4-a9d2-4279-931a-03ab26e56912,BUTTER-E|65536|3|1|6435.0|exponential,451260.43051,436298.8,432787.9742039734,422069.06
1abccba6-6ef0-4a48-9da9-e26c25fb2da8,BUTTER-E|2048|7|1|48842.0|exponential,1476364.489798,1.5041492e+06,1472242.785086515,1.5248638e+06
1ad77537-8f05-490f-9757-2d3e27f17d4a,BUTTER-E|32768|3|1|3188.0|rectangle,349193.7319429998,354753.22,347717.8546265451,345895.47
1af3b8a2-98a3-49e9-ac18-22227387f173,BUTTER-E|128|9|1|6435.0|rectangle,459385.2687399999,455096.03,446301.08718514384,444606.72
1b0478b2-8735-4610-8199-178cc9b82a67,BUTTER-E|16777216|12|1|5300.0|rectangle,724525.86235,726438.6,725329.6500516005,700640.8
1b151652-1b87-4069-a01d-a726a1ff7bad,BUTTER-E|32768|7|1|12958.0|rectangle_residual,585585.9098219998,594812.56,619571.9157669713,584272.7
1b3e7279-0b6b-4d98-be7b-8fac6004fc80,BUTTER-E|2097152|9|1|3188.0|exponential,367949.9570519999,382484.28,380186.48248075857,369933.8
1b415424-afab-40a2-9ccf-53ff8767b693,BUTTER-E|1048576|16|1|6435.0|wide_first_8x,475721.0707519998,488220.3,491912.11055874405,471038.6
1b65acaf-9c5b-48d9-89d4-2e537e7dbe2d,BUTTER-E|2097152|10|1|70000.0|rectangle_residual,2578772.367407,2.6428422e+06,2590861.0892929547,2.6244245e+06
1b6643c8-8c85-4aae-872c-9a9fc45916b9,BUTTER-E|1024|8|1|3188.0|trapezoid,358350.70545500005,365900.22,358624.48436517915,359646.3
1b7732d7-f716-442d-abf8-aa422a8837ec,BUTTER-E|2097152|9|1|48842.0|rectangle,1741825.285695,1.6775359e+06,1713887.4165580866,1.8173499e+06
1b7b2415-cce1-42ef-912f-3afb712bbe58,BUTTER-E|32768|6|1|20640.0|trapezoid,814096.4972739998,756800.8,762871.0401480081,782921.75
1b8f759d-98c5-4264-9a41-c83eb393fb9c,BUTTER-E|128|8|1|15000.0|wide_first_8x,628058.4894,643042.8,662387.7363895562,662939.1
1ba72771-6e20-4fe4-82b5-aafce000ac5a,BUTTER-E|131072|4|1|105908.0|rectangle_residual,2907812.103723,2.8154625e+06,2832799.943249285,2.865243e+06
1bc0d0b1-e81b-434d-9e9c-889ead454221,BUTTER-E|524288|10|1|70000.0|exponential,2612243.73796,2.4042938e+06,2368733.669427468,2.3518415e+06
1bfc875f-d5a0-4731-b2f2-2400ff1220e2,BUTTER-E|8388608|10|1|70000.0|trapezoid,4160757.639709999,4.2524385e+06,4252794.284627855,4.3212795e+06
1c046f30-b74d-4210-9522-e7d666f1f5c5,BUTTER-E|131072|5|1|3848.0|rectangle_residual,382347.02614,383455.44,369628.3434258498,349615.2
1c05ec5a-4f59-42f4-8e2f-eb3c21005a59,BUTTER-E|1024|2|1|105908.0|rectangle,2779066.310973,2.7453262e+06,2734552.6893851506,2.8105075e+06
1c0b7a1c-65dd-4186-a641-15256cfbd96d,BUTTER-E|1048576|18|1|3188.0|wide_first_4x,393350.56193,385362.84,390209.81646665995,382806.88
1c1892b2-1673-439c-b449-05557a61029c,BUTTER-E|32768|8|1|3848.0|rectangle,381266.2787879999,371076.2,376570.81431637856,377446.06
1c2500f3-1a89-4d50-8647-3c5b63316540,BUTTER-E|1048576|20|1|12958.0|trapezoid,741324.392684,711360.8,707243.0827229574,761780.5
1c2cacf0-89a4-4287-9ae0-bbf6a766a8aa,BUTTER-E|8388608|5|1|4898.0|wide_first_4x,545957.3447479997,535349.9,545868.2027514785,515313.94
1c681622-0c0e-4014-a6e3-72a762161a83,BUTTER-E|512|9|1|4898.0|exponential,410883.126088,416895.7,408863.2142378452,404805.03
1c6fd831-0ad5-4b41-bfc8-ea95d1b26379,BUTTER-E|128|9|1|3848.0|wide_first_4x,380159.994938,383461.66,379624.08052609256,360176.94
1c85d1dd-e145-4fc7-b731-7618e237e8d2,BUTTER-E|2097152|16|1|67557.0|trapezoid,2561269.917086,2.6950782e+06,2658265.099816851,2.7960685e+06
1c919581-3295-48bd-873d-dc672ae9d6d7,BUTTER-E|256|20|1|4898.0|rectangle,436132.3726559999,423384.12,433183.49248619465,425661.03
1c989d5a-c54c-4b61-83be-58e93660d6df,BUTTER-E|262144|9|1|12958.0|wide_first_16x,611492.6357919998,640802.2,621368.9107083095,619250.94
1c99f451-cdaf-44d4-b933-db615da656fc,BUTTER-E|8388608|20|1|15000.0|wide_first_16x,1115390.258268,1.2059476e+06,1146444.364083907,1.1385442e+06
1cdb7378-5fa7-45f9-abd3-8dcdc5a87508,BUTTER-E|4194304|16|1|6435.0|trapezoid,592236.0374969998,575738.5,576205.7380491092,532582.7
1ce33c9d-e23d-4a6b-8529-5de7e5d5296c,BUTTER-E|32|7|1|3848.0|exponential,383824.9211059998,372882.56,376922.5765530319,369188.75
1ce75a18-3221-48c9-a9fb-64d717104da4,BUTTER-E|131072|3|1|48842.0|rectangle,1395738.487641,1.3861709e+06,1376544.4291233278,1.4128934e+06
1cf454ef-6738-472e-bb35-05f57fcded2d,BUTTER-E|8192|3|1|4898.0|rectangle,386937.220455,388695.44,394269.01043851586,392454.5
1d104514-bca9-49ee-a0c4-dd77dc9fcb14,BUTTER-E|16384|7|1|15000.0|wide_first_8x,662673.7886539998,647695.1,651349.8828843988,657847.2
1d3142c5-d115-483c-b769-6b43b0abc541,BUTTER-E|2097152|2|1|67557.0|rectangle,2207201.370468,2.194726e+06,2151721.4574743323,2.2874008e+06
1d605aba-d59a-40e5-a47d-1189abfdf516,BUTTER-E|4194304|5|1|20640.0|rectangle,1008202.589294,981029.75,1028507.508131144,1.03349156e+06
1d6b123d-552f-4abb-9cf8-46af432874ea,BUTTER-E|512|3|1|5300.0|rectangle,388615.71527199977,393912.75,406807.6979150636,402627.03
1d7cf4a5-13d5-446e-8442-26ec661146e6,BUTTER-E|256|10|1|48842.0|rectangle,1566444.889697,1.5494116e+06,1527569.3358213098,1.6040272e+06
1d989984-c843-4c2a-8a47-89bf90d6d56b,BUTTER-E|65536|9|1|70000.0|wide_first_2x,2218463.336876,2.29806e+06,2280356.4745648406,2.3072062e+06
1da57a21-528f-45d5-a882-a845298bab6f,BUTTER-E|32768|12|1|6435.0|trapezoid,468982.86208200007,475924.28,478009.02647587215,472938.56
1db5a55d-d09d-47d0-9feb-56974ec2e224,BUTTER-E|8388608|3|1|20640.0|wide_first_8x,1266747.362082,1.2945941e+06,1317870.159612846,1.250041e+06
1db7bebe-fdbf-4b93-9e12-b6c4e49fb9fc,BUTTER-E|2048|8|1|3188.0|rectangle_residual,355614.254887,356134.22,362912.1379046324,347079.75
1ddae3fd-aa60-457a-8514-f35730ca1dd6,BUTTER-E|1024|14|1|4898.0|exponential,406460.3477629997,413922.47,411685.54850315023,411178.25
1df2d759-e23b-4e2b-8101-1c5d21dcdb5e,BUTTER-E|32|6|1|5300.0|exponential,404990.032779,411981.72,398872.26280181995,395888.8
1e08fce2-ff05-483a-9950-f4979f912008,BUTTER-E|128|18|1|15000.0|wide_first_4x,680509.8743679997,712454.56,725242.3376021753,684191.2
1e1a5499-acdd-48c0-b4e9-ff940ac39968,BUTTER-E|8192|18|1|5300.0|exponential,431576.67411999975,437695.34,442072.1949940723,421155.16
1e1be22d-22fa-42b0-91d1-4d03bd2f8edd,BUTTER-E|8192|16|1|3848.0|trapezoid,412373.32751199993,396805.8,402471.15943613945,395659.34
1e25775c-7f34-4c2c-b79a-cd4d026bd41c,BUTTER-E|256|10|1|3848.0|trapezoid,352693.7020179997,380142.03,409884.68221242965,388990.62
1e27399f-86f5-4ff7-a4a7-99fe465c1190,BUTTER-E|262144|9|1|3848.0|rectangle,371310.0970099997,384348.4,380661.70462981734,386309.25
1e398b15-fe66-4380-9adf-bf5c0b3ea149,BUTTER-E|32768|16|1|48842.0|exponential,1756062.0316509998,1.7096241e+06,1702469.6151028508,1.7408812e+06
1e59f6bf-faec-49c5-bc4f-d98e3fdf1ff0,BUTTER-E|8192|2|1|4898.0|rectangle,388859.600038,391482.22,387760.5553355278,390677.75
1e6d2dab-fc33-49fe-b2f9-6a53d463ebbc,BUTTER-E|65536|6|1|48842.0|rectangle,1430703.68596,1.4405445e+06,1479883.550155624,1.5006732e+06
1e762a9c-084f-4081-87b7-41e3997de56a,BUTTER-E|262144|16|1|3848.0|trapezoid,412850.164722,412103.53,426758.9111587507,400785.84
1e913fb5-168b-445e-b7f4-7c403d8a8354,BUTTER-E|16384|10|1|48842.0|trapezoid,1571985.5541809998,1.6329535e+06,1560763.4948704871,1.634044e+06
1ee3f452-5fd5-4e2b-93cd-c2bab40a9fd3,BUTTER-E|2097152|9|1|3188.0|rectangle_residual,371665.7260139999,377117.2,379030.4745780758,332732.9
1f0a3280-ccd0-4bce-883e-e5c5bd084133,BUTTER-E|4096|8|1|6435.0|exponential,447013.1751839997,447687.2,442970.6020825109,439916.22
1f24c3e6-947c-4ff1-94d4-e0c98fef70d1,BUTTER-E|16384|2|1|5300.0|rectangle,404464.4313269997,398387.38,398299.9942525328,400214.1
1f459be7-1fb6-418f-b2da-67e881599530,BUTTER-E|131072|4|1|67557.0|wide_first_2x,1898683.39087,1.9253379e+06,1917753.2651530409,1.9169704e+06
1f47cece-3f19-4482-a6fb-5eb6c10d0338,BUTTER-E|1048576|10|1|20640.0|rectangle,837827.3696679997,848717.25,849025.1150277958,839296.75
1f5f028b-ac35-4532-8e92-4ca26a4d59c7,BUTTER-E|2048|8|1|3188.0|exponential,364268.31561,361017.06,363428.7520757228,348647.6
1f887afa-ebcd-4e31-be26-3fa8deda2e44,BUTTER-E|512|4|1|4898.0|rectangle,388232.2958029999,390547.38,391369.7849596136,394070.56
1f9317fd-38b2-4368-b7ce-a1499ac3dcfd,BUTTER-E|1024|8|1|5300.0|trapezoid,374937.862044,414020.78,412044.9359912956,411543.1
1fd2e92a-0576-4577-96e8-45c092f0e8cc,BUTTER-E|512|9|1|3848.0|trapezoid,408713.26730000007,378818.9,382340.3617573146,385334.2
1fd9dc8a-6a97-4e34-806f-c9da87c10b95,BUTTER-E|512|14|1|6435.0|rectangle,542827.574702,486882.16,499958.3924726609,463611.53
1fec4df6-bc6d-45a6-ae05-84538218d9ce,BUTTER-E|16384|7|1|3188.0|trapezoid,368204.143526,357874.0,367624.7678741763,357267.03
20128081-7b50-427f-afbd-1d7fdcda1040,BUTTER-E|4096|7|1|20640.0|trapezoid,765070.4589759997,780013.0,773506.4376440756,794362.6
201295b1-d89d-4d87-b1a0-5b430c591a27,BUTTER-E|4194304|18|1|6435.0|trapezoid,596706.3885609998,590724.3,574220.3862972934,541077.5
2017fb73-4396-4410-befd-e669e7704ad8,BUTTER-E|1024|12|1|48842.0|rectangle,1627325.4629669995,1.6185099e+06,1570672.1541313843,1.6438739e+06
201838eb-1c49-4ec5-8105-b48cf0759847,BUTTER-E|8388608|2|1|70000.0|rectangle,3765645.35361,3.8213208e+06,3025526.2784993807,3.6967322e+06
203b8592-31d5-417f-b0a9-f611bec50b9b,BUTTER-E|16777216|2|1|20640.0|rectangle,4177069.4708,3.3373378e+06,1874859.4516804838,2.567072e+06
2068505a-ec91-4e4d-b07b-488840d7fd3d,BUTTER-E|8388608|5|1|67557.0|rectangle_residual,3773631.278214,3.7223735e+06,3725222.044562388,3.6637408e+06
20ae215e-67e9-4f03-ac08-4eff2077489a,BUTTER-E|2048|20|1|105908.0|rectangle,3705792.926222,3.7730498e+06,3684312.99514948,3.8321488e+06
20e7184b-2809-4f49-babf-cc5b5ed2688c,BUTTER-E|256|5|1|3848.0|wide_first_16x,386089.16739299975,378539.4,375502.6296748884,364496.3
2133b8e4-dfa7-4d86-9357-572822e97f11,BUTTER-E|16777216|3|1|5300.0|wide_first_8x,695933.694324,717702.2,716577.436461385,702165.94
2159936b-04d3-46ed-91f1-faa835aed0e8,BUTTER-E|8192|4|1|5300.0|exponential,409941.873733,404842.5,396736.3797276518,392517.03
2177615d-9b3b-407d-80f6-bc90b6012ccb,BUTTER-E|32768|18|1|70000.0|wide_first_4x,2573138.534738,2.5292842e+06,2549174.0767955673,2.5213585e+06
21788329-c2ce-4f8c-a8fb-8732948474b0,BUTTER-E|262144|2|1|15000.0|rectangle,646317.2466640001,623624.06,616543.1753653589,635299.6
217b0068-83eb-43f6-9876-d2b90ac79357,BUTTER-E|256|4|1|67557.0|trapezoid,1878734.70285,1.8689492e+06,1882498.453338523,1.9294074e+06
21b01aea-a4a9-4b26-a2b0-6dcbebb662e2,BUTTER-E|256|3|1|4898.0|wide_first_2x,394793.2736059997,397508.4,391849.43354710925,409808.06
21b379b5-e40d-4829-9c97-4224dfe85fab,BUTTER-E|16777216|5|1|5300.0|trapezoid,723918.198248,707924.9,708777.1950773755,742695.4
21b4ec67-5e14-4a39-bd9e-d30a77266f2b,BUTTER-E|512|8|1|48842.0|rectangle,1537689.57254,1.4762976e+06,1493307.818529607,1.5443781e+06
21b94378-d051-4b0b-b298-c6546534f01c,BUTTER-E|262144|3|1|5300.0|trapezoid,396855.7508239998,390170.62,399897.0429210288,419634.47
21ba0580-9aa0-466b-8145-e166788741cf,BUTTER-E|512|10|1|5300.0|rectangle,411085.8635899999,421817.2,424396.19786250166,414185.84
21bd95fe-5546-4dbb-ae29-2493a857e39f,BUTTER-E|32|4|1|4898.0|rectangle,384790.1302239999,387936.28,389070.85221609345,394071.3
21d2187d-cc01-4057-93a2-b97b01c73909,BUTTER-E|524288|4|1|4898.0|wide_first_4x,396270.393026,394790.16,395951.4444083974,376040.16
221a2063-efd5-4bc8-9755-2b495b57c977,BUTTER-E|8192|16|1|6435.0|exponential,466466.0296949996,483817.06,494834.74153956375,476295.72
2232aa18-a2f5-4763-aeab-e5e730c50a7c,BUTTER-E|2048|6|1|12958.0|rectangle_residual,608710.3102239999,588422.94,592279.8067344552,576981.8
22401c79-6a06-4339-9e8a-d3a04c9bfa76,BUTTER-E|4096|12|1|6435.0|exponential,458537.6399589999,457215.03,477482.5641243387,462515.0
224306f3-d742-4eb0-826e-a13b332da839,BUTTER-E|524288|8|1|15000.0|wide_first_8x,652144.4677199998,685411.1,669719.0320834161,683823.3
2256ebd1-c7ee-442d-8d45-7de473141973,BUTTER-E|512|8|1|3188.0|wide_first_4x,358031.7907559996,341928.9,351975.1290660266,334957.44
2271e63b-1bea-4e5d-b03f-f717f66edcc0,BUTTER-E|2097152|18|1|15000.0|wide_first_16x,876767.8240389999,841489.5,814787.4577409246,843118.56
2295058e-c601-44ed-8d34-8f5e59ae8a89,BUTTER-E|1048576|8|1|105908.0|exponential,3197843.132762,3.2281285e+06,3193351.240382379,3.2816358e+06
22a57456-e8f1-4363-b277-341f7a43dec3,BUTTER-E|8192|12|1|5300.0|rectangle,413560.70900199976,406588.66,430661.59086907364,416949.38
22d0aba2-c034-495e-9348-e93b9bf1992e,BUTTER-E|1048576|4|1|3188.0|rectangle_residual,358353.35631,357260.53,344874.38630180614,340888.97
22e8ecd1-c067-4f62-8376-14d9bbac3ce9,BUTTER-E|128|9|1|3848.0|rectangle,343006.36924,382155.03,379291.6953085781,381998.72
22ea2ffb-3eb5-45cb-a429-013488b6d5a5,BUTTER-E|65536|7|1|15000.0|wide_first_4x,659699.5605839996,664641.4,655153.4215662195,626537.3
22feb958-304d-40b6-b65a-ea7f637c28c0,BUTTER-E|512|9|1|5300.0|rectangle,408229.9500099999,416278.7,423391.46014882723,413371.38
2309eaf9-0739-4612-b13b-511921702e4c,BUTTER-E|16384|7|1|3848.0|wide_first_2x,367985.4389649996,385656.25,387181.5552243578,381489.78
231adfbe-e406-42ad-a681-7f2f8bfd83b0,BUTTER-E|512|4|1|3848.0|rectangle_residual,361223.52583,371140.94,368067.53587069054,347095.3
23301edb-bdc3-4f7f-8474-df87d2208cb8,BUTTER-E|2097152|20|1|4898.0|wide_first_4x,486938.044404,428771.3,453848.85644127615,443605.9
235b5dbe-0f44-4bed-9b3c-6370aa7c49bc,BUTTER-E|131072|9|1|15000.0|rectangle,631356.3721619999,664015.4,679723.4530157021,679917.7
2372e35e-00fd-40d7-9766-ff0df96df69b,BUTTER-E|4194304|8|1|3188.0|exponential,369826.2657319997,406429.72,405897.6754342267,398539.0
237a60a4-9740-43df-a961-1949246658cf,BUTTER-E|1048576|5|1|20640.0|wide_first_2x,815825.6484539998,786528.94,790508.0452778658,809173.8
2382bae8-0071-43ff-801a-5d2fa49fc01a,BUTTER-E|4096|2|1|70000.0|rectangle,2057465.318315,2.0798181e+06,2046127.6007589006,2.0467535e+06
238b1db5-312f-4f54-9724-9babfab2328e,BUTTER-E|65536|10|1|3848.0|wide_first_4x,382631.8003359999,376672.94,377324.8928593008,363302.47
23a42bbb-f68b-4c2c-850d-ad99b0b9c78d,BUTTER-E|32768|16|1|48842.0|trapezoid,1699741.4836329997,1.7888895e+06,1701116.5272324856,1.7752358e+06
23ad910f-aa08-4663-a1f6-86d74a30dc06,BUTTER-E|128|10|1|6435.0|wide_first_2x,443652.4028819999,461427.7,444974.89430969965,450459.8
23f1f01c-b850-4d54-9a36-6e1a8349d7c4,BUTTER-E|2097152|6|1|5300.0|wide_first_4x,425692.8639359996,427159.97,423033.54729588865,400664.72
23f65284-e771-445e-b012-2d3d9537c733,BUTTER-E|16777216|8|1|70000.0|wide_first_2x,6343611.149148,6.0956375e+06,6183003.696995215,6.1626755e+06
241222e0-4ccf-4624-9a9b-ab1188516ca7,BUTTER-E|256|2|1|105908.0|rectangle,2664990.758196,2.7670612e+06,2724521.5528492206,2.810663e+06
2426dd84-db94-47e8-a69f-3135657f3dc9,BUTTER-E|131072|4|1|70000.0|wide_first_2x,2093541.9715400003,2.1558198e+06,2095616.5134402656,2.0830259e+06
2426df12-1f12-4a4a-920c-88d24ebc0c6c,BUTTER-E|1024|2|1|48842.0|rectangle,1326568.563838,1.3362572e+06,1333350.8792832433,1.3811921e+06
243f502c-0a29-4cd8-8f8c-512fb531280d,BUTTER-E|16777216|2|1|6435.0|rectangle,1052291.4927849998,1.0881154e+06,1037209.1011211857,1.0648999e+06
244a8f50-21c4-4881-b038-063163c7651a,BUTTER-E|1048576|5|1|3188.0|wide_first_2x,361597.0367039998,360869.75,363727.85252761643,376192.6
246e13dc-567a-4589-a47d-fe2e0e69aa27,BUTTER-E|512|20|1|6435.0|trapezoid,491135.4721199999,478817.9,469615.66128029383,492447.56
249cec90-9640-44df-ac62-41b1ab61cea5,BUTTER-E|4096|4|1|105908.0|wide_first_2x,2774192.139155,2.7894365e+06,2745833.2054899554,2.863156e+06
24ace9ec-ed26-4a73-b93b-fb8a4ec738a6,BUTTER-E|512|10|1|3848.0|trapezoid,393239.9916729997,380965.12,406809.91356934985,388998.03
24ea786a-72d4-4f80-aa73-f6a1939f243f,BUTTER-E|32768|10|1|12958.0|trapezoid,602678.284258,620117.3,624561.3810483788,644086.2
24fa85e8-ac0f-4bf2-8b90-aa73fa67d680,BUTTER-E|262144|18|1|20640.0|trapezoid,893044.0715209999,899658.94,918389.6989165233,943405.6
250e9325-d8ce-45a5-89a5-e71cd82ffb84,BUTTER-E|16384|4|1|20640.0|exponential,755927.411149,751608.44,757257.3299862202,735352.2
252869d1-a540-469d-8594-d5ffd1bb71da,BUTTER-E|64|10|1|3848.0|wide_first_8x,374101.61458099965,368027.3,371130.03995878296,371998.5
25516b4b-7b7a-4fcd-8b54-a8440c379345,BUTTER-E|128|16|1|48842.0|trapezoid,1646919.812484,1.5726651e+06,1632923.4079551636,1.7677129e+06
25519fe0-75f7-4d2c-8863-80804e58077b,BUTTER-E|2048|2|1|3848.0|rectangle,357929.146584,383398.03,371422.0367052316,362655.5
255310b4-7735-43ba-9df8-a6d737f55c38,BUTTER-E|8388608|18|1|4898.0|rectangle,576211.853332,576198.25,589860.4822114088,593641.8
25571f78-7e3b-485b-9c6d-df4c90679098,BUTTER-E|64|5|1|5300.0|exponential,410026.6088609999,405243.06,400484.1982776626,391981.34
2573f4bd-d10f-4fc9-984d-a2aff4732c47,BUTTER-E|32768|7|1|3188.0|wide_first_16x,347716.14690399985,355093.06,360711.88837103284,343449.9
2588a41a-89c4-4367-960f-20c7f8968fb0,BUTTER-E|128|5|1|4898.0|trapezoid,399915.356013,400834.4,398400.1454163202,398900.22
259ed729-ddd7-41f6-802c-e6cd8b52cefb,BUTTER-E|4194304|18|1|3188.0|trapezoid,440111.9615379999,420929.88,411009.5003188186,446851.6
25a6f0de-608f-4109-89ba-66a8b6097e29,BUTTER-E|16384|5|1|15000.0|rectangle,648503.308596,641871.3,635268.2602028007,649229.44
25d139b4-71d6-43f6-959e-5bfbbc3b3aba,BUTTER-E|64|10|1|20640.0|wide_first_16x,766029.3505109999,791435.5,811575.1630154513,781556.56
25d7697b-461d-43a0-a0d5-df1907ca1a94,BUTTER-E|8388608|9|1|70000.0|trapezoid,4242169.987762001,4.254008e+06,4185372.361021469,4.286097e+06
26048ba9-326d-4bd6-92c2-ed775b3e8f66,BUTTER-E|65536|2|1|105908.0|rectangle,2685476.218022,2.754224e+06,2786867.538304979,2.8059225e+06
261db2a4-d6ac-4d9f-b07d-680332ab5c0c,BUTTER-E|2048|7|1|67557.0|wide_first_2x,1979197.0217240003,1.9544475e+06,2030547.7606140648,2.0580276e+06
263ac2dd-b479-45f8-bd4b-fbe146b0455c,BUTTER-E|4194304|6|1|3848.0|rectangle_residual,422281.5247819998,414546.25,408681.69463327527,396104.84
263edbd1-8b6a-430d-bcdb-a59f0f7bacf7,BUTTER-E|32768|4|1|67557.0|rectangle,1931576.806617,1.9358065e+06,1881742.5189001516,1.9751506e+06
2654b2c9-9b52-4ae4-8521-028c29af00d7,BUTTER-E|4096|2|1|15000.0|rectangle,606115.4485249999,630788.7,622450.0857813603,623606.8
2662a864-ddab-40a9-b3cd-dabb4466e483,BUTTER-E|512|3|1|15000.0|exponential,634259.0489119999,609939.4,619868.9477475014,607972.4
2669c787-2a37-4c23-bb90-1abe7f1c63a3,BUTTER-E|524288|3|1|6435.0|trapezoid,472557.4672599997,438523.47,442907.2993242149,443403.3
2689c2b3-2a34-4da7-8bd2-4d31f30b5c85,BUTTER-E|4096|4|1|3848.0|rectangle_residual,360816.736648,374025.44,372043.2262083452,347164.2
26a6d1b2-3916-4ad6-a783-e9b4a92a0b0e,BUTTER-E|131072|6|1|3848.0|rectangle_residual,380836.124082,382007.84,369726.45185288094,351453.47
26ab4c5d-7a96-40b1-86ae-38c0148c26db,BUTTER-E|8192|8|1|20640.0|rectangle_residual,770043.7913,785070.6,782177.5411655582,768734.8
26b89cca-37e8-4116-9044-79c6ca4e2f5a,BUTTER-E|1048576|4|1|70000.0|rectangle_residual,2131074.560027,2.1956158e+06,2170043.6829758887,2.2104402e+06
270f1138-a24c-4299-bfb2-b31c46a5823f,BUTTER-E|128|10|1|6435.0|rectangle,439150.4095339998,459562.56,446885.11788033415,446379.66
27adc4f2-3ab9-44e4-a17b-359164fc66a0,BUTTER-E|65536|9|1|3848.0|wide_first_2x,393407.5215609997,382929.94,373505.1749797074,381634.6
27ae7f1d-afad-4267-b75b-71644185722a,BUTTER-E|4194304|4|1|67557.0|exponential,2766353.67768,2.7137978e+06,2718091.115059378,2.8487372e+06
27bcf5f0-a1d5-4b69-91ec-202c00be41c5,BUTTER-E|65536|2|1|3848.0|rectangle,370007.1127039999,351276.22,371531.3475450797,364676.06
28094f8e-8992-49d6-bf18-e59c02f9ca84,BUTTER-E|524288|4|1|12958.0|trapezoid,624723.9223439998,585314.5,598688.7425885941,606348.75
280fd209-5777-427f-995b-e387ad873230,BUTTER-E|65536|3|1|48842.0|trapezoid,1393625.0604789995,1.3463344e+06,1354804.9004180846,1.411443e+06
285e5895-09b9-4384-b231-9f439dcff8b7,BUTTER-E|2097152|2|1|3848.0|rectangle,457324.6462399999,436769.25,408520.1426717336,449638.75
286459d9-312f-4040-aee7-2192d8f56705,BUTTER-E|16384|6|1|70000.0|trapezoid,2093855.700739,2.0969021e+06,2145922.7515465883,2.2038202e+06
288cdade-d32d-4314-a36e-96b059a5d18d,BUTTER-E|16384|20|1|4898.0|trapezoid,432324.4405969998,457028.47,441342.739217626,439436.53
28994fc4-7e7e-4c8b-bd5a-f1c5f47a34ff,BUTTER-E|16777216|9|1|67557.0|rectangle,5829791.633558,5.9356315e+06,5886450.91659271,6.039987e+06
28a7aef1-6112-4942-acd0-6fc2540a695e,BUTTER-E|65536|2|1|6435.0|rectangle,447837.3643749998,426816.3,441625.4978027175,427444.03
28b723eb-6c5b-438f-84f5-d4c64ec9ab6a,BUTTER-E|65536|20|1|12958.0|rectangle,693595.1005419999,692174.4,691699.0796367305,674992.06
28d114df-d1e0-4ab2-824f-47fb6b6e815b,BUTTER-E|16777216|10|1|105908.0|rectangle_residual,9285734.190037,9.142724e+06,9081836.816017957,9.31864e+06
28d38a15-a1ec-4cf8-92ff-5f51b4669e9c,BUTTER-E|4096|9|1|3188.0|rectangle,372181.382392,367083.3,368733.005739301,361629.75
28e7da90-dd35-451a-8e46-4c5438505eca,BUTTER-E|32|16|1|3848.0|exponential,382611.6747699999,376433.4,391511.0346486013,385276.88
290c3f5e-ad63-48b8-8819-0f15384e8ebb,BUTTER-E|524288|14|1|48842.0|rectangle,1683876.9599099995,1.721338e+06,1692570.221317651,1.7400846e+06
2939e7f9-1631-4ed1-a094-452c84d4ef5b,BUTTER-E|4194304|9|1|15000.0|rectangle,902113.3474,856737.25,866213.3430241108,893857.2
293ee2cc-1eb3-4dac-bb8e-9751349d093e,BUTTER-E|8388608|9|1|48842.0|wide_first_4x,2817469.057488,2.826401e+06,2827077.4598486223,2.7616728e+06
2951d965-05e9-4892-b36b-caaa0b574aa5,BUTTER-E|1024|4|1|67557.0|rectangle,1862197.978503,1.89271e+06,2007742.8618744295,1.9683305e+06
2965b796-10f2-4248-9413-1d8f7103ff46,BUTTER-E|4096|14|1|3188.0|exponential,375097.4344019999,376744.4,373209.49676473974,362493.66
297896fc-0572-4bb7-97c1-bd8f5c4a5587,BUTTER-E|128|16|1|15000.0|wide_first_4x,689230.1294049999,705347.9,709426.9376482842,677716.6
2988c5ba-5b51-4fe4-8e0a-72bc08c122a3,BUTTER-E|65536|6|1|20640.0|exponential,751601.9845520001,779272.44,772271.8257351735,755249.9
29990ac5-03e7-4f97-93a5-5954aefb3404,BUTTER-E|32768|7|1|12958.0|trapezoid,614651.2882659996,592219.6,603819.3677337735,619785.06
29ac99f7-a838-4118-9ffa-c47e625fe14d,BUTTER-E|2097152|16|1|3188.0|wide_first_8x,395503.559842,380669.88,385379.87056937255,370558.8
29b9dc27-9099-4511-b62c-5c0e5b93cc88,BUTTER-E|131072|16|1|12958.0|trapezoid,660902.735422,658027.9,665517.7123978916,675053.9
29bdde79-a7c7-4a04-81ae-9560a9831a5b,BUTTER-E|64|5|1|4898.0|wide_first_4x,383775.4111459998,397919.2,390576.19123265136,369133.5
29c16322-5c36-44d1-98d3-2594cbff4a8c,BUTTER-E|16777216|5|1|5300.0|rectangle_residual,717985.8084679999,707333.06,708032.0168508445,680674.2
29ed2d87-a07e-436f-bb1c-7d079454d286,BUTTER-E|1048576|7|1|20640.0|rectangle,777843.5852829999,778074.6,803983.5482803646,808710.2
29f9c4b4-f3f2-4358-a831-12287170c4e1,BUTTER-E|256|18|1|4898.0|wide_first_8x,425009.7595489997,427623.8,418300.23171203176,422616.06
2a080e8b-b770-4cfd-b47e-ec23daa9b0f1,BUTTER-E|2097152|12|1|48842.0|wide_first_4x,1849943.896176,1.9152015e+06,1824381.1723823256,1.8922516e+06
2a22d2b8-ea79-4b86-a4ed-6e905e91c22e,BUTTER-E|8388608|5|1|6435.0|rectangle,596382.0470119999,630590.75,655964.220967897,621859.0
2a28fcde-5596-48f3-a27a-9b97c2a7b9c8,BUTTER-E|512|3|1|3848.0|rectangle,364446.7785299999,369260.94,366662.4096836612,363350.28
2a2e8878-021b-4812-b7d4-c48705c954c5,BUTTER-E|65536|12|1|3848.0|rectangle,385571.09247999976,394269.8,391195.0713699753,388877.88
2a3cad51-1258-44e9-9e64-cb9841bf5a30,BUTTER-E|524288|18|1|12958.0|wide_first_4x,672851.5514659998,668008.6,698963.3303842547,670401.25
2a5d0fec-4c23-41d0-9628-07713e555be2,BUTTER-E|16384|14|1|70000.0|exponential,2521757.624088,2.38198e+06,2447916.420486547,2.4704555e+06
2a7a9943-633a-482a-8214-abd44aa3ffe1,BUTTER-E|64|7|1|20640.0|exponential,790582.610296,761358.56,757069.7863065571,761159.6
2a8a55bd-3042-4988-976c-936a6d317ac0,BUTTER-E|262144|14|1|12958.0|trapezoid,669504.1012289998,656024.06,650666.2639248518,679889.2
2aa4bdb3-d3fb-4cff-b0e3-2d870b3885c1,BUTTER-E|16384|6|1|3188.0|exponential,357146.11947199993,354415.4,356846.98595015344,339984.12
2aa7bae7-7544-4b3f-acde-d8d3b276cf5f,BUTTER-E|16777216|14|1|20640.0|exponential,1913346.211083,1.9817828e+06,2002520.9717196934,1.8508166e+06
2acf01df-cbdb-468c-8189-ce296484c4d0,BUTTER-E|8192|20|1|6435.0|wide_first_4x,475384.7359289997,459391.22,485301.68876660796,466054.12
2adb1579-2667-4e21-8747-4879aeccab30,BUTTER-E|65536|7|1|12958.0|exponential,623891.897946,600549.56,618571.0477306005,597890.5
2afd658e-1e90-4346-bd34-71540b3a7401,BUTTER-E|8192|9|1|48842.0|rectangle,1556295.8850079998,1.5046786e+06,1524626.7991309138,1.576117e+06
2b2c3f37-11a9-4f70-b0cf-390ef0b60714,BUTTER-E|2097152|10|1|48842.0|wide_first_4x,1820695.656012,1.8146931e+06,1746062.8787269245,1.82716e+06
2b3ad69b-86ce-4d10-97a1-61f47eb0141e,BUTTER-E|2048|6|1|6435.0|exponential,446768.3565639997,437358.62,442430.93886506674,428754.56
2b40eaf1-b99f-49e6-9560-0070e8378c30,BUTTER-E|4194304|7|1|105908.0|wide_first_2x,4286031.890222999,4.395194e+06,4211692.990777009,4.316905e+06
2b72deca-8a5a-4b89-a2fe-696ebe9efc35,BUTTER-E|2048|8|1|6435.0|rectangle,443196.284723,447881.9,451440.7280577225,444074.5
2bf9bb01-cfce-41f6-9b40-55c4b815b9c2,BUTTER-E|524288|12|1|20640.0|exponential,896128.374961,848807.1,880352.1437869329,859581.2
2c14fec1-8341-4665-9b3f-011c28ba9a7a,BUTTER-E|1048576|9|1|3848.0|rectangle,395156.0367199998,392506.53,395476.85194811976,396962.9
2c26ab01-f67e-4e51-bc11-552a15c0f6d9,BUTTER-E|32768|3|1|20640.0|rectangle,730639.3130019997,730165.6,736898.6135403101,744457.56
2c2f7ff5-a4ed-4a97-8344-d2eba3e3522a,BUTTER-E|2097152|18|1|12958.0|exponential,736768.5197639997,736025.75,752417.3345126868,703291.8
2c33ccbd-a23b-41fa-b1e6-0add206de9b6,BUTTER-E|524288|8|1|67557.0|rectangle_residual,2045178.4702930003,2.111507e+06,2060571.7313566713,2.085238e+06
2c457efc-f2ed-470d-88c4-065ffdfb4edf,BUTTER-E|16777216|10|1|67557.0|exponential,5969991.701759998,5.757935e+06,5738687.241281295,6.062638e+06
2c5028af-c29b-4140-abb2-db9fa42c7718,BUTTER-E|16777216|6|1|20640.0|rectangle_residual,1962346.637926,1.9642238e+06,1978233.1075243142,1.8687408e+06
2c6ab46b-ff0c-46e6-a7c9-70b895ed9015,BUTTER-E|4194304|3|1|70000.0|wide_first_2x,2867829.312863,2.8601322e+06,2886031.824346516,2.972638e+06
2c7a7a74-22b4-4a36-80f0-9cba2f915989,BUTTER-E|2048|5|1|3188.0|exponential,344208.5095219999,358342.56,351565.00480999827,339009.25
2c7b1dfc-e6ff-4f08-b532-c68caee033b9,BUTTER-E|256|10|1|5300.0|trapezoid,408698.502435,415504.88,406527.24936157523,416172.72
2c8135f4-4bfd-487c-9f61-0ca709359b10,BUTTER-E|65536|7|1|105908.0|rectangle_residual,2936927.115881,2.992075e+06,2973131.0689274194,3.0134005e+06
2cb76a34-5929-4fe9-88df-01569e488f06,BUTTER-E|1024|2|1|5300.0|rectangle,408991.1180519999,403035.78,398084.5929769914,399844.03
2cb880de-b60a-4036-a9f2-7a3907342b50,BUTTER-E|8388608|5|1|70000.0|exponential,3928124.608391,3.97342e+06,3815724.362697244,3.848307e+06
2cd1afd8-ec4c-4ac5-af72-b982f6a16b0c,BUTTER-E|8192|4|1|105908.0|rectangle,2709093.778419,2.7896095e+06,2817384.1169666476,2.9034805e+06
2cdea23e-f2f5-46d5-baa8-eaf8562b8c97,BUTTER-E|131072|4|1|15000.0|exponential,625404.1733799997,643101.06,639082.6178097432,628849.8
2d1d78f3-c7a4-459a-b051-ea87556a3335,BUTTER-E|2048|2|1|6435.0|rectangle,428953.19081199984,421677.6,427566.11729947984,426856.2
2d42c121-16a6-4ee4-9436-cb2282c486ba,BUTTER-E|2048|3|1|67557.0|wide_first_2x,1888621.51545,1.8302905e+06,1855611.1950624844,1.831925e+06
2d85eed7-a1eb-4a63-a9d2-a6943a779763,BUTTER-E|16384|16|1|105908.0|exponential,3611977.882752,3.5315832e+06,3445833.8176648244,3.6255732e+06
2dbb6590-fa01-46d2-8d83-d8882cc0d088,BUTTER-E|2097152|8|1|4898.0|rectangle_residual,419155.3144959998,421038.28,419476.0902496172,402968.12
2dc93a9c-5485-4eeb-bcc7-327a293d96c1,BUTTER-E|16384|5|1|4898.0|rectangle_residual,402168.994366,403166.88,395519.1400239418,380403.88
2e05cd78-5c10-4e92-9240-11f7b2594c0c,BUTTER-E|16384|5|1|67557.0|trapezoid,1871084.648668,1.9286162e+06,1972592.183324616,1.9888128e+06
2e1b7736-0c51-4903-9591-0072efb77858,BUTTER-E|16384|10|1|20640.0|rectangle,815556.0227,805416.7,796035.8557340717,806606.6
2e554309-510c-4014-a36b-d1698593104a,BUTTER-E|4096|2|1|3848.0|rectangle,379675.480536,385551.44,376395.49833317497,362713.25
2e58d02f-2c0a-4b5f-a61a-3e2d32f4857d,BUTTER-E|131072|10|1|3188.0|exponential,372509.7216109998,363802.78,360962.72502047016,358166.97
2eb5578c-a7c2-4281-9d2e-b90cea96569b,BUTTER-E|4194304|4|1|70000.0|exponential,2957943.3059980003,2.862318e+06,2855899.5407696394,2.9012495e+06
2ebbec28-462f-4ccd-98c7-fc58afebf8ad,BUTTER-E|8388608|10|1|4898.0|trapezoid,572894.5960919999,557909.4,558750.123881731,575571.06
2edd532d-7029-4b6b-b7e4-c080145106d2,BUTTER-E|4096|8|1|15000.0|wide_first_2x,640149.1286579999,623820.4,655022.3246761876,664919.7
2efd5a51-14f9-4002-815b-29099e5115d0,BUTTER-E|1048576|10|1|15000.0|wide_first_8x,681759.5612479999,704814.7,685422.8166293049,717067.3
2f1a8ccf-90cc-4cf8-a34c-aaba53a4e324,BUTTER-E|1048576|7|1|15000.0|trapezoid,662278.8134639999,667620.75,675360.281764537,694048.3
2f294f58-d483-49fc-bdcb-a9baf579c26e,BUTTER-E|262144|7|1|3848.0|wide_first_8x,363866.855164,376269.38,375166.95387182373,369531.5
2f54c1d7-95d9-46a4-8990-e7023883e89d,BUTTER-E|2097152|14|1|5300.0|trapezoid,469950.3823979998,455186.3,459341.9615801762,461231.9
2f61bfe8-aebf-4188-b810-7dccc11d2b92,BUTTER-E|32768|2|1|67557.0|rectangle,1830830.55146,1.9054656e+06,1854771.4763429114,1.897266e+06
2f7dfedd-fc0d-4a43-8a6a-bf42265230d8,BUTTER-E|262144|8|1|6435.0|trapezoid,450872.9773709998,443927.12,470127.19152786076,457229.44
2fa5a1b6-6c60-452a-ba44-78fa1e795565,BUTTER-E|8192|18|1|67557.0|wide_first_8x,2378886.37284,2.2089018e+06,2331724.515397464,2.2904765e+06
2fbce563-92b1-4b40-9bb7-123b6adbfc51,BUTTER-E|8388608|5|1|20640.0|exponential,1337122.0535099998,1.3328005e+06,1318592.3128742815,1.270453e+06
2ff32e56-13e7-44de-afe6-cec612b87ba7,BUTTER-E|65536|2|1|70000.0|rectangle,2078484.9081800005,2.0868654e+06,2049668.7390491876,2.0546761e+06
2ff9ed9c-985e-4e9a-97f6-04fad93e6637,BUTTER-E|4194304|8|1|6435.0|wide_first_2x,530733.101877,548234.06,543716.4304670257,549000.0
3015141d-9d4b-43df-b289-60e10d361b4d,BUTTER-E|8388608|6|1|15000.0|wide_first_2x,1043541.180231,1.0421707e+06,1054619.029480673,1.074195e+06
3015dd7d-6e26-47f3-b21f-d4808a02c4db,BUTTER-E|524288|5|1|3848.0|wide_first_4x,365682.94208600005,375905.3,381663.45169811574,358330.62
30189741-f79d-4f47-bbc8-789198ae079b,BUTTER-E|524288|12|1|20640.0|wide_first_16x,898498.1227919997,880443.25,885232.1307921786,831363.1
3029b602-0f71-42cd-b224-b6eaeba57113,BUTTER-E|262144|14|1|5300.0|rectangle,442632.15955299983,425074.88,434840.652704878,424902.2
302bdd07-704b-4c42-955b-cead643d2248,BUTTER-E|2048|7|1|12958.0|exponential,610819.4305670002,601284.25,593301.216219658,596993.1
3032c541-c908-486b-b957-0a00a13fab71,BUTTER-E|512|20|1|5300.0|trapezoid,443199.0009459999,425903.06,438188.74126857606,437277.3
303da52d-26ee-4241-9c6b-4c2e8f6185ac,BUTTER-E|4096|10|1|12958.0|wide_first_8x,619311.5855389998,663976.75,623285.1620617163,606698.1
304950db-8675-4329-b6b4-2b71032718a8,BUTTER-E|524288|6|1|4898.0|rectangle,383638.12834,402524.9,396401.25596522813,403376.47
30609a7a-5954-417e-81ff-ca4a993ae588,BUTTER-E|4194304|8|1|3848.0|wide_first_2x,445038.1154099996,423853.56,424196.8925456367,423695.56
3078f6ff-bcdc-422c-8bf1-c4751526a517,BUTTER-E|32768|2|1|67557.0|rectangle,1839442.4169960003,1.9054656e+06,1854771.4763429114,1.897266e+06
30add9b2-23c8-4f19-85c2-057c34b904d4,BUTTER-E|2048|8|1|20640.0|exponential,761284.048355,772975.1,782603.1445736184,772499.8
30c53b3c-d9fd-4b92-8f09-e0886e8ddf55,BUTTER-E|512|14|1|12958.0|trapezoid,651633.5887259999,654001.4,665535.3601750892,660918.44
30d7da93-b778-4065-9fa5-b51fc60a20b9,BUTTER-E|2097152|10|1|67557.0|exponential,2311525.952192,2.3830912e+06,2335753.1962733585,2.4641305e+06
30fcb9ba-bb0a-4def-a0fe-059f4808873a,BUTTER-E|2097152|8|1|6435.0|trapezoid,485834.2914849999,478479.66,477608.98816506844,492002.56
3135adf2-461f-4984-b6be-378f75a47734,BUTTER-E|256|5|1|12958.0|exponential,600096.8831019999,587151.06,584779.1535371755,578835.9
31593ec7-82c6-4d67-a79e-be0a57ca260a,BUTTER-E|8388608|16|1|4898.0|exponential,571641.008714,569500.5,562529.7429194734,546957.75
31803eba-d914-4a0b-8097-9d111f641b4b,BUTTER-E|64|3|1|5300.0|exponential,391406.217403,391459.8,398706.21952940203,393050.8
31b14174-a069-4a09-95aa-bf8ee426bee6,BUTTER-E|1048576|14|1|105908.0|wide_first_16x,3495314.6143730003,3.3967795e+06,3442773.1789355054,3.5579142e+06
31bde426-bd8f-4b8a-a2b8-4baafdc49f83,BUTTER-E|65536|4|1|105908.0|rectangle,2841949.048495,2.8097278e+06,2806800.685964682,2.9034805e+06
31d8c7a1-7c7f-4df2-9da4-c0e82a45fb2d,BUTTER-E|131072|12|1|3848.0|exponential,384570.66367399966,396421.9,395404.6154293149,383685.53
32047ec3-fab5-44b6-bfed-54c36bf12e6c,BUTTER-E|524288|9|1|4898.0|rectangle,427447.4857129998,409948.0,411008.5124408493,419882.66
32054232-888b-4541-934b-fdfe012487fc,BUTTER-E|32768|14|1|3188.0|rectangle,375506.77381399984,380951.7,364707.0321741253,371286.8
32084c99-6cfd-45ce-b6db-d7bff8682d85,BUTTER-E|2048|8|1|20640.0|rectangle_residual,805269.8519179999,750375.1,781172.0083215672,768748.75
320c1c23-675b-4ad9-9d25-9d8c57a5dc52,BUTTER-E|128|8|1|15000.0|wide_first_4x,654906.2180510001,657637.7,659738.7419620991,633082.4
3219c53b-ff53-4fbb-984d-9e79d49c99c6,BUTTER-E|8192|10|1|70000.0|exponential,2302907.800284,2.3949955e+06,2321827.5556457974,2.333537e+06
322236c4-8b5b-41ea-846d-d7e0f76ffff7,BUTTER-E|4096|9|1|15000.0|rectangle,679696.39611,649270.3,672421.4727342114,675583.25
32278d77-3c21-4d9c-950a-73a397bcf2cb,BUTTER-E|4194304|5|1|3848.0|wide_first_8x,430271.0789699999,418764.12,422484.8051699724,431628.03
32328e61-0e3f-4f12-85b0-e33dc340685e,BUTTER-E|4096|4|1|3848.0|wide_first_2x,373483.2680289997,384018.28,377214.4482644593,379885.06
3239c2d9-6f93-4a27-b4b2-4cfcd05a4282,BUTTER-E|16384|4|1|3188.0|trapezoid,346549.5988459999,351247.06,356321.1927201627,355836.84
328016da-c149-4aeb-9114-f75e3f920d0b,BUTTER-E|256|9|1|67557.0|wide_first_2x,1883423.447782,1.9964672e+06,2038828.2870680857,2.1463218e+06
32b5796f-a2b4-4b05-915b-c7e62d455083,BUTTER-E|2097152|2|1|70000.0|rectangle,2329631.470345,2.1919795e+06,2330064.885406651,2.4515318e+06
32be78e0-e863-448f-8d99-e609d8c467b0,BUTTER-E|2097152|14|1|3848.0|wide_first_8x,405749.958021,404402.6,418816.73247086816,404358.62
32d0c822-a812-4d3a-8486-6d8d7de8f252,BUTTER-E|524288|6|1|12958.0|wide_first_4x,621772.1571329999,609363.75,600326.9456966587,576791.5
32f2ede2-3fef-4b67-bf84-d8acfb04ca02,BUTTER-E|16384|18|1|70000.0|exponential,2481779.030317,2.482472e+06,2562551.9364718627,2.6258542e+06
32feab5c-16ab-4ccf-bee6-e5736b8b121d,BUTTER-E|131072|20|1|15000.0|exponential,734706.689166,740522.7,745110.7632208243,767334.4
3308c4aa-1911-4cde-9013-0f17d823818c,BUTTER-E|8192|7|1|70000.0|rectangle_residual,2165361.68787,2.2055865e+06,2202999.002925763,2.221728e+06
330d297e-a028-40b8-8d88-2e5d188d5175,BUTTER-E|65536|3|1|70000.0|rectangle_residual,2064432.62967,2.1044468e+06,2044453.2777616712,2.0815068e+06
3317b25e-0ca0-4c1b-a2d7-cb8b4b33b14c,BUTTER-E|16777216|20|1|15000.0|rectangle,1610394.772083,1.6807145e+06,1711099.1332164952,1.6640161e+06
33389f1b-fd6b-4ac6-ad05-23d0e6a4b252,BUTTER-E|2097152|9|1|12958.0|rectangle,657474.7260899999,676682.7,673324.6696442431,691645.2
3362f3a5-84d9-4adf-b594-75b9d42cea1c,BUTTER-E|65536|16|1|105908.0|rectangle,3426347.146941,3.5113025e+06,3394069.2316048644,3.5663595e+06
3367bcd8-2618-4181-b921-59527d4f911d,BUTTER-E|4096|20|1|3848.0|trapezoid,420115.433129,394383.75,396125.09437101963,398531.78
3368549a-7eae-4d76-9386-66f0fa82ac55,BUTTER-E|32|16|1|5300.0|trapezoid,423477.9910850001,422280.06,410113.2726908066,428135.94
33c139bf-5285-4e84-930a-8cceb7d3071e,BUTTER-E|128|6|1|20640.0|rectangle,756623.7731039998,770034.25,764938.6333579153,762504.44
33cee02a-c9b1-4693-b4d2-499782a8f771,BUTTER-E|32|3|1|3848.0|wide_first_16x,368773.706935,362218.25,372265.73465859774,366821.22
33e1d54e-fa9a-411a-82ff-5d22c3c0c517,BUTTER-E|2097152|12|1|67557.0|wide_first_16x,2580491.203936,2.6121768e+06,2476540.4581194613,2.4995788e+06
33fbf84c-0725-42bf-8744-4677a7ac1d06,BUTTER-E|1024|12|1|3188.0|trapezoid,377034.387215,372810.38,371710.2784528293,370796.72
3402f07b-45f5-489a-bebb-ccc0aac0a55c,BUTTER-E|4194304|14|1|70000.0|rectangle,3394405.3949400005,3.340197e+06,3290655.488695679,3.3750385e+06
341f292c-f26b-46bd-96d6-ca4fec941326,BUTTER-E|32768|6|1|3188.0|trapezoid,354423.6609599999,357120.2,362664.581386989,356423.03
341f6a48-761b-43c6-aebf-b8d81edcf90a,BUTTER-E|8388608|4|1|48842.0|trapezoid,2763725.163288,2.8718415e+06,2728471.041842858,2.8466732e+06
343b4405-a88b-4f8a-9d60-6d4c2810c613,BUTTER-E|262144|8|1|67557.0|wide_first_2x,2048219.660862,2.0604019e+06,2041464.9014729834,2.1287235e+06
34d7d0dd-e3dd-441c-a1d8-c45d25f5738b,BUTTER-E|256|8|1|105908.0|wide_first_2x,2933537.058707,2.9912732e+06,2969601.685109721,3.1042712e+06
3535b117-8538-49fc-80f3-16de2878a005,BUTTER-E|4194304|6|1|70000.0|rectangle_residual,3028615.086085,2.8868975e+06,2991215.4596358826,3.0660492e+06
355a522d-c895-4c10-ae09-22e265ebba6e,BUTTER-E|262144|4|1|67557.0|wide_first_16x,1959590.574046,1.969258e+06,1912680.4369315517,1.9029669e+06
355ddd83-7870-4b81-9662-4c652f874eae,BUTTER-E|8388608|2|1|4898.0|rectangle,738486.7162879996,804355.1,900929.0223900896,975317.8
356b5030-a636-4128-ac7c-a54f79e9fe34,BUTTER-E|65536|3|1|5300.0|trapezoid,395037.9772759998,388808.9,398779.36510866944,412077.6
357081ef-b820-4ccd-a2f1-9d42f7cdddb6,BUTTER-E|262144|5|1|15000.0|wide_first_2x,655409.3691100001,643251.4,642487.9865623396,654136.75
358cdc7c-2feb-4417-8017-38b23bb7b0b6,BUTTER-E|8192|3|1|48842.0|trapezoid,1323673.0422219995,1.3579981e+06,1354035.9007277745,1.4062621e+06
35a355bc-71af-4554-8304-3a888bb78801,BUTTER-E|256|9|1|3848.0|trapezoid,382997.0599359999,378000.44,380371.0334577957,385328.3
35a681d9-0b1b-44e0-909c-90bed09da6c1,BUTTER-E|512|18|1|67557.0|wide_first_16x,2206819.850578,2.0187781e+06,2227288.303371958,2.3412452e+06
35b84691-cc21-4e47-a1cd-ea2b2614ac14,BUTTER-E|4096|10|1|48842.0|exponential,1590003.9894799998,1.5703001e+06,1541782.1732073913,1.6094624e+06
35bb811e-47cb-41fc-a36a-714eee544935,BUTTER-E|1024|20|1|3188.0|rectangle,387966.76443,384485.12,383641.21357687155,372115.94
35be8fca-9ad1-4e89-a11e-9394c2231f67,BUTTER-E|131072|14|1|15000.0|exponential,686269.5479949999,697240.7,707070.0458091361,719432.5
35c37db6-265b-460e-a0cb-e09ca2de8ac5,BUTTER-E|8192|5|1|3848.0|rectangle_residual,384848.9275449999,391393.75,374296.78599078365,347486.12
35dbe607-5c29-416a-b266-bbfff42fd12c,BUTTER-E|128|2|1|5300.0|rectangle,397654.6883519999,388251.25,400211.4155331853,399822.28
35f0e426-049b-4653-a438-c3de5c7aba64,BUTTER-E|64|9|1|15000.0|wide_first_2x,643596.5672219999,634383.0,642579.2694705093,671583.8
35fc12e8-b8d2-4a15-834a-ee6155eddda4,BUTTER-E|65536|2|1|70000.0|rectangle,1985525.536963,2.0868654e+06,2049668.7390491876,2.0546761e+06
361dae6a-2fc5-4991-bea7-7c13c1df5cd2,BUTTER-E|1024|12|1|3848.0|exponential,386437.1792719997,400292.34,392808.8594592028,380353.8
363d1ce7-5964-4ed8-89bb-6fd57b2abdb8,BUTTER-E|262144|5|1|3848.0|trapezoid,364621.314176,380854.72,374187.5020055283,379997.75
364c4d37-34dc-49f3-90ab-b4685bed62ce,BUTTER-E|8192|20|1|3188.0|trapezoid,385408.656792,411278.66,386714.4176457154,389045.16
365f41f4-22c1-4035-8599-ae735eb33cca,BUTTER-E|2048|16|1|105908.0|exponential,3381404.631628,3.5536212e+06,3481212.5736122495,3.6243218e+06
366da3b1-32ff-4d13-869b-d06328a78a7e,BUTTER-E|524288|2|1|105908.0|rectangle,2744736.5795840006,2.7501872e+06,2783107.125387824,2.8374118e+06
369ef2f2-6874-4897-ba81-eac2287189bd,BUTTER-E|4194304|16|1|5300.0|exponential,521085.11354699975,493601.4,507686.1219116355,491515.75
36a67ca3-5415-4cb0-b866-ed79f3ea2e4f,BUTTER-E|16777216|9|1|3848.0|exponential,606453.368392,619349.56,616854.3452944756,616939.06
36b92499-13df-491c-a7ab-0e35a062c868,BUTTER-E|2097152|2|1|67557.0|rectangle,2176784.8638700005,2.194726e+06,2151721.4574743323,2.2874008e+06
36bf0274-9318-4239-a7df-f38a8f419743,BUTTER-E|16384|8|1|6435.0|wide_first_2x,447249.3383329999,455704.06,443191.3126793206,446606.6
36ce06e6-f52d-4eac-96d9-793ac78bb46e,BUTTER-E|8192|5|1|3188.0|rectangle_residual,360191.45624999976,354360.0,360205.66432669223,338313.56
36f8ce6b-e5a5-49c2-84b2-6b9a1a0e3e9f,BUTTER-E|131072|10|1|12958.0|exponential,629159.0504590002,619846.5,632040.7845232816,625152.06
36fef11c-3cf2-46b4-9a8d-e405869e2803,BUTTER-E|4096|8|1|48842.0|exponential,1567008.56811,1.4942355e+06,1528194.0434293044,1.5651198e+06
3740f693-7740-4585-ae05-bce959fae86e,BUTTER-E|1024|2|1|48842.0|rectangle,1374292.186518,1.3362572e+06,1333350.8792832433,1.3811921e+06
3742f4ea-cee6-4a7e-917a-758609481ee9,BUTTER-E|524288|4|1|70000.0|trapezoid,2142848.36759,2.1653082e+06,2138995.2336625764,2.0932138e+06
3759b5a9-62d2-40be-be81-782c945352b7,BUTTER-E|1048576|7|1|70000.0|wide_first_16x,2358856.462584,2.272108e+06,2283235.155033131,2.240627e+06
3785e559-fb3c-410b-a9fb-d38a60ac02d5,BUTTER-E|4096|3|1|15000.0|trapezoid,635373.35919,614893.2,623631.7351787301,638126.25
37c0199b-88cb-4533-93db-02f4c90975b8,BUTTER-E|512|9|1|15000.0|rectangle,658037.5707699998,667660.25,665506.127890474,675461.5
37df7c56-ec43-42b3-bada-b6c1ed8d9204,BUTTER-E|524288|2|1|15000.0|rectangle,687961.9660879998,647417.25,624065.2306681157,656482.8
37f36585-a888-46da-acba-bc5fe2edfbb2,BUTTER-E|32768|9|1|48842.0|exponential,1537579.2397619998,1.521012e+06,1548692.0438625356,1.5979978e+06
38097979-26cf-403e-8f88-78c9c3cc7941,BUTTER-E|8192|9|1|5300.0|wide_first_16x,429335.9194959997,405697.8,423810.0139784489,401887.78
380b1d57-2334-4484-8f22-306340ca2953,BUTTER-E|4096|2|1|20640.0|rectangle,714369.373095,749867.94,737566.8905859858,743064.44
3814dfb5-af5d-43b4-8e68-cf39389a3a59,BUTTER-E|1048576|8|1|70000.0|rectangle,2267041.676544,2.3454445e+06,2321504.456592852,2.3377448e+06
382d4a82-f66c-4008-ad02-31c4c7d1dc1b,BUTTER-E|8192|5|1|3848.0|wide_first_2x,358591.5175719999,405310.3,385495.60156812967,380586.75
383c3ad4-ae47-4eff-b377-2dfa572a450d,BUTTER-E|1024|2|1|48842.0|rectangle,1362194.775292,1.3362572e+06,1333350.8792832433,1.3811921e+06
3843b19a-327c-4018-96ff-c53b673388cb,BUTTER-E|2048|8|1|105908.0|wide_first_2x,3124289.120377,2.9606082e+06,2967597.362500538,3.104508e+06
384a6b61-1093-42c3-a80a-f9d8c63f4240,BUTTER-E|32768|7|1|20640.0|exponential,792940.6598409998,772875.6,788091.0279314071,762988.9
386d6b2e-780a-4062-a109-7a4786614249,BUTTER-E|4096|16|1|105908.0|exponential,3439191.0634440007,3.5996615e+06,3485769.75763866,3.624498e+06
38778588-40e4-4d1c-934a-65d1ceb46906,BUTTER-E|1048576|20|1|15000.0|exponential,754354.14709,757356.0,757484.7387767741,795930.06
388622c0-db9b-4ab8-bb2d-504846eb5f2b,BUTTER-E|4194304|8|1|4898.0|wide_first_2x,482494.9895369999,463096.28,469029.9874749514,482721.53
389ce54a-b0b7-4c4f-9f4c-5252bb265180,BUTTER-E|32768|20|1|105908.0|rectangle,3599303.573863,3.9238938e+06,3624841.64253693,3.8346895e+06
38aa5484-3ddd-474f-87ac-230d212344c6,BUTTER-E|1048576|7|1|70000.0|rectangle_residual,2286641.55134,2.33571e+06,2262681.7032225993,2.3040488e+06
38d2ed03-641f-4215-b556-3df8a7855f6a,BUTTER-E|512|5|1|3188.0|rectangle,352790.6399419997,357371.62,356942.2583953338,348072.2
38ef26bd-bfb6-41bd-866c-7dbee38dd3dc,BUTTER-E|4194304|12|1|70000.0|exponential,3220275.037456,3.2442355e+06,3219919.0310936896,3.2873552e+06
38feefcf-7e49-4a13-bf81-5d6e27b8e05c,BUTTER-E|1048576|5|1|105908.0|exponential,3198433.1995749995,2.989662e+06,3036585.461891928,3.1184635e+06
392d1942-245c-4a82-b0b4-3ed74e92ed55,BUTTER-E|65536|16|1|12958.0|exponential,661757.9850779998,653188.56,659990.6826722199,647251.8
399ace8a-7d35-4777-91ef-87135a63da15,BUTTER-E|16777216|14|1|3848.0|exponential,618701.580772,618723.8,626039.5868586849,617095.56
39b188dc-d893-44b5-ad85-a5a2804ab2aa,BUTTER-E|16777216|20|1|3848.0|wide_first_8x,653715.925488,621596.4,641595.9675974097,600950.0
39bf9f72-5d61-4056-b6ce-96c0cbd107cb,BUTTER-E|8388608|3|1|48842.0|trapezoid,2713921.024544,2.8553955e+06,2820978.9953229674,2.8266275e+06
39c95349-3536-446d-ad89-c7ea96dfbf14,BUTTER-E|16384|4|1|15000.0|exponential,637986.753742,641911.1,637331.146744104,622337.2
39e2840a-3de7-4faa-a31e-014f79079b0d,BUTTER-E|1048576|5|1|5300.0|trapezoid,427415.795982,409851.84,408936.13206715666,432483.44
39e8e7e7-a1e5-4286-8904-c896e96ce562,BUTTER-E|8192|14|1|15000.0|exponential,724490.0022239999,703927.94,699674.5788739907,712746.1
39f003b3-655e-434e-b3d3-3d3787d89603,BUTTER-E|2097152|12|1|70000.0|rectangle,2625283.9686230007,2.701491e+06,2687885.8838184415,2.7002185e+06
39f325bf-17ac-4f7e-880a-d0927d93f54e,BUTTER-E|16384|2|1|5300.0|rectangle,406673.67432299966,398387.38,398299.9942525328,400214.1
3a06e77d-5a0c-4f08-a467-113174de54fe,BUTTER-E|16384|18|1|3848.0|rectangle,405309.4992919996,391325.44,402983.93385078385,395102.78
3a3a2662-0673-473d-9a04-40fa0846b4af,BUTTER-E|8192|2|1|12958.0|rectangle,578475.2931899998,586619.9,586432.5918191955,578976.06
3a42611e-36a6-476f-9b4c-7f245f261df4,BUTTER-E|32768|18|1|48842.0|exponential,1733995.3195900002,1.70981e+06,1756234.7474738618,1.7767381e+06
3a995190-235b-4920-a079-ee57dd29ddce,BUTTER-E|2097152|6|1|5300.0|rectangle,425137.7945439997,423711.72,426362.0699806812,425361.97
3a9bc259-1e51-424b-81eb-f2243190e661,BUTTER-E|4096|6|1|3188.0|rectangle,356509.396161,364708.06,353521.03306857834,352653.44
3aa83332-f8c9-4ca7-a9e5-a47216ab7b63,BUTTER-E|2097152|6|1|6435.0|wide_first_16x,472362.7412299998,481225.38,474494.01803658187,478691.44
3adccb34-37c7-4957-972a-05552759ccae,BUTTER-E|32768|8|1|6435.0|trapezoid,445168.3954319999,446226.84,446283.4810106065,453422.1
3b0a7680-8f75-42ec-8eab-9afa039e6a3e,BUTTER-E|256|7|1|5300.0|wide_first_4x,396403.7887409999,392887.03,386325.68980142893,377920.4
3b152bc0-7113-4440-a0ba-f2c1b6d39c2f,BUTTER-E|4096|2|1|15000.0|rectangle,625427.3931119998,630788.7,622450.0857813603,623606.8
3b2bc3a0-f223-407d-8edc-1bb0416f6fb4,BUTTER-E|131072|3|1|15000.0|rectangle,620128.907958,627957.44,620710.2902256415,636763.9
3b827dd2-20f4-4920-83d6-742c2150d308,BUTTER-E|65536|9|1|20640.0|trapezoid,776419.896381,804304.5,816510.28110986,821827.1
3b892997-a19a-4f59-90d9-5f763813b3f3,BUTTER-E|1024|3|1|6435.0|rectangle_residual,441445.452206,421536.47,428903.26633870596,429192.28
3b9e88f3-eb6d-4a46-8b26-4d49835ccc86,BUTTER-E|2097152|14|1|20640.0|wide_first_16x,997275.126104,1.02260506e+06,1001024.0155888706,937628.44
3ba14414-278d-4c3c-b8da-45b76f1de6a7,BUTTER-E|16384|20|1|4898.0|rectangle,438999.1683379999,399142.62,428466.155695763,425566.88
3ba2e12c-2506-45dc-b174-339008716002,BUTTER-E|256|8|1|48842.0|wide_first_16x,1439031.521609,1.460592e+06,1430048.8482535265,1.4996031e+06
3ba9f57a-5f4c-4081-89bb-58ac8522a7b7,BUTTER-E|4096|8|1|48842.0|rectangle_residual,1556214.875756,1.4199338e+06,1496350.291850736,1.5061516e+06
3bdf9fb0-49e5-41f9-a015-e30b11249964,BUTTER-E|524288|3|1|3848.0|wide_first_2x,386017.4673619999,371395.88,373130.42095574806,383181.25
3be1d549-7fab-4a9a-86ad-45f2c939d1bc,BUTTER-E|131072|12|1|105908.0|exponential,3351793.29853,3.373629e+06,3296455.276813653,3.38184e+06
3be9e1a5-957a-4ab6-9bc1-011e5f19efad,BUTTER-E|8388608|2|1|70000.0|rectangle,3810270.1710390006,3.8213208e+06,3025526.2784993807,3.6967322e+06
3bee958a-1e19-47fe-83ac-efc23eb2e286,BUTTER-E|65536|9|1|3848.0|rectangle,370313.418915,374134.25,371825.1863136982,382935.4
3c0ff75c-f9c6-4d9f-abc9-707dda50bfbb,BUTTER-E|524288|12|1|5300.0|wide_first_16x,432562.6362599998,425041.62,430023.26197565784,435682.62
3c21e5c3-4780-473e-8ade-e66107ebffa0,BUTTER-E|8388608|10|1|12958.0|trapezoid,976853.837787,994693.75,997507.7272273907,984250.6
3c57ca9e-4753-4e02-abb4-54999d57ec6a,BUTTER-E|16384|6|1|12958.0|rectangle_residual,606029.8741899998,609192.4,603596.9990631118,577368.25
3c5cc2dc-ecd1-42c2-8877-333d71546028,BUTTER-E|64|18|1|4898.0|rectangle,407339.1992,404390.25,420901.564617668,418451.16
3c691101-6f39-437d-8abd-8e4aba188213,BUTTER-E|65536|6|1|67557.0|rectangle,1923508.490683,1.9282154e+06,1951837.9398144865,2.033948e+06
3c8511ce-9ee5-4f14-af97-2020afae0940,BUTTER-E|128|2|1|6435.0|rectangle,430885.9786379997,426768.7,433122.7543039652,426868.4
3cca3c23-e82a-40a6-9c27-7e0cd80987af,BUTTER-E|1024|7|1|20640.0|rectangle,774499.3336649999,749377.5,768869.1094678481,773864.6
3d003b3e-ee3e-477a-a3b7-d71738ef4064,BUTTER-E|16384|7|1|20640.0|rectangle_residual,784937.6004139999,777682.2,770976.9573067595,762660.06
3d0696c6-3803-4b38-b5c6-9fec58a2fb56,BUTTER-E|16384|14|1|5300.0|rectangle,441965.851516,460111.16,437204.27283904183,421253.16
3d0b0d30-2469-4203-bcc3-f97627b61faa,BUTTER-E|16384|14|1|4898.0|exponential,428535.8934269999,422822.06,412844.585929061,411266.88
3d13d293-f296-4d51-8164-b98a806fc3c4,BUTTER-E|1048576|18|1|3848.0|rectangle,408393.1261319998,399248.84,411367.1440608636,410244.47
3d33d28d-5ee7-4b34-9392-dbfa24b200d2,BUTTER-E|1048576|8|1|5300.0|exponential,413483.1563689999,416807.84,417567.0165685228,405625.84
3d480fb0-bd30-4eca-a733-a524169651ad,BUTTER-E|128|16|1|20640.0|wide_first_8x,835545.594537,816248.56,865481.2340963882,863781.25
3d5627f1-4378-4496-9d20-82a3deee5a4f,BUTTER-E|1024|3|1|15000.0|rectangle_residual,604782.5220749999,598454.1,616307.0133988013,610276.8
3d582afd-fd12-4eaf-b9aa-1cbdf14639d0,BUTTER-E|16777216|4|1|15000.0|wide_first_4x,1489666.3502189997,1.5280955e+06,1512226.4537105975,1.4524814e+06
3d7755f4-ca73-47f2-b23f-7c371c601438,BUTTER-E|131072|7|1|15000.0|rectangle,656270.2410409998,660517.06,669387.6009101117,671721.5
3d88033f-94c1-4acc-8ee9-0d31f31c7bba,BUTTER-E|8192|14|1|15000.0|wide_first_16x,711350.692656,704291.94,697081.0223981576,676870.5
3d9a13b7-073b-4e47-93ed-3ee8b8fc14eb,BUTTER-E|131072|16|1|3188.0|exponential,387011.6373329999,371577.62,373096.4939821676,368925.16
3e100005-e7b8-486c-a3ba-1a9afc9d8a49,BUTTER-E|262144|7|1|67557.0|rectangle,2023035.6365360003,1.989674e+06,2032794.453758929,2.0944718e+06
3e40e84c-8e7c-4b16-8e99-0d069d65215f,BUTTER-E|4194304|16|1|4898.0|rectangle,481313.6208920001,480301.97,496977.365785286,502272.3
3e4d2b16-4326-4419-8f89-30d9ae7693c2,BUTTER-E|4096|16|1|48842.0|trapezoid,1716733.003644,1.7068351e+06,1707810.1104937831,1.7686251e+06
3e5534b1-a9be-4f45-b58a-40e811a1fd1c,BUTTER-E|8192|10|1|3188.0|wide_first_2x,341185.2472049998,353466.56,363988.69310503814,377657.78
3e5fd68c-a492-4373-a6c4-06b7a1ede900,BUTTER-E|128|20|1|48842.0|rectangle,1735865.930298,1.6326484e+06,1661183.7636072503,1.7962541e+06
3e73269f-fd8d-49b4-b0e8-ac255bfaa35d,BUTTER-E|8192|6|1|5300.0|exponential,416684.074428,418080.56,391069.70869915077,396037.22
3eada670-ec0d-494d-8963-e4da890888a3,BUTTER-E|16384|16|1|70000.0|exponential,2438348.11092,2.4681758e+06,2486873.1008552066,2.5443685e+06
3eb2ee84-f529-451a-8630-eb569c25a841,BUTTER-E|256|8|1|4898.0|trapezoid,410285.697652,408158.6,408707.22729437705,408262.56
3ed2e3d4-3bd9-41e1-9b85-5aae61781813,BUTTER-E|8192|8|1|5300.0|wide_first_2x,444194.9138909999,422078.75,415106.4527577193,423043.5
3ef0de42-3e28-4972-8a7f-551cda750aed,BUTTER-E|131072|5|1|4898.0|rectangle,367885.125009,394844.75,396666.45025571325,397210.94
3f082927-a7f6-40cc-8bf2-5eb48cef659f,BUTTER-E|1024|6|1|67557.0|trapezoid,1957577.82318,1.975746e+06,1958117.8598080394,2.0451321e+06
3f1884be-b6a2-473d-9e06-29c847714328,BUTTER-E|1024|2|1|105908.0|rectangle,2706521.918029,2.7453262e+06,2734552.6893851506,2.8105075e+06
3f6765d0-0574-4d11-9ed0-8e58b8665860,BUTTER-E|16384|2|1|20640.0|rectangle,723585.9372,715710.44,739965.6544565689,743901.1
3f6ded4f-a2f3-41a6-a98b-b6d757ab917c,BUTTER-E|16777216|10|1|70000.0|wide_first_8x,6263119.405194001,6.083761e+06,6114371.232465756,6.2825095e+06
3f81278e-5d13-4cd2-bb37-683a6c46998a,BUTTER-E|131072|5|1|67557.0|rectangle_residual,1977557.3515,1.962868e+06,1952583.8539824858,1.9442116e+06
3fab35ef-ffb1-4305-b2d8-ed7a66806bbf,BUTTER-E|524288|10|1|15000.0|rectangle_residual,692101.8045399999,688691.9,690959.2815520221,670806.06
3fad4f1e-2a05-458a-ab9f-cf8b2bae548b,BUTTER-E|1024|4|1|4898.0|exponential,377354.1287139999,386771.9,390479.34585662646,385689.34
3fc49ebf-a5bc-4240-9260-f6f1c3885360,BUTTER-E|1048576|4|1|15000.0|exponential,663435.6738549998,658142.75,644144.5414227712,647915.7
3fc9bef1-f728-4c83-8a0c-8308653230c8,BUTTER-E|131072|18|1|4898.0|trapezoid,412143.4954709996,426892.03,415486.81514511275,435742.44
3fe0fdf8-800c-4bcd-8db3-d8e5a6701290,BUTTER-E|32768|6|1|4898.0|wide_first_4x,414646.8532849998,402011.97,401735.0279442941,371172.8
403a8f38-024f-408c-97d3-8ea0a94ddc40,BUTTER-E|32768|14|1|48842.0|wide_first_4x,1609586.1237179998,1.6934265e+06,1652811.4652237515,1.6646081e+06
40535a09-90d6-4546-b4cb-2ebdfa7c56e5,BUTTER-E|1048576|9|1|3188.0|wide_first_2x,378088.162182,374091.44,375895.650543537,385730.2
406ae930-f5eb-4efd-9c16-4ea560907452,BUTTER-E|32768|14|1|15000.0|trapezoid,717202.0113629998,721402.94,719966.5296598881,727714.44
407a5c28-c123-4400-b3a7-2a7d8c8c7abd,BUTTER-E|2048|2|1|3848.0|rectangle,363521.07743,383398.03,371422.0367052316,362655.5
40ac1125-66bd-40d3-b9c5-4c6920099a89,BUTTER-E|65536|16|1|67557.0|wide_first_16x,2317204.51262,2.1122762e+06,2304892.81410423,2.2761138e+06
40acb0f4-f790-4951-94df-a608c2a91842,BUTTER-E|64|5|1|3848.0|trapezoid,364104.7631359999,370960.12,375371.9735343159,376403.6
40c63d00-20de-45ce-9afa-48daafa36d6c,BUTTER-E|65536|16|1|70000.0|exponential,2470162.748293,2.4899075e+06,2479505.2032922073,2.551695e+06
40d59d0d-6b66-4ec1-9fac-10af3b547e6a,BUTTER-E|16777216|8|1|70000.0|trapezoid,6111088.514160001,6.165309e+06,6302618.977808485,6.4244885e+06
40d728c3-9963-4d02-aa02-ddfe982bbb7c,BUTTER-E|524288|4|1|48842.0|rectangle_residual,1418994.7384799998,1.42341e+06,1449905.4224599104,1.5000222e+06
40e2ba64-8c5a-42e0-8d96-865022ad62dd,BUTTER-E|65536|7|1|48842.0|rectangle_residual,1498300.696846,1.4844508e+06,1494585.315027455,1.4905948e+06
40e68346-345b-4b55-9d0e-28fedd24e505,BUTTER-E|65536|8|1|5300.0|exponential,426312.1153199999,413331.16,410657.03603417997,406231.72
40e748ab-f3a8-4a57-b747-db15765c02b8,BUTTER-E|4194304|5|1|3188.0|rectangle_residual,391879.956127,390439.75,391696.5662083889,368892.78
4114356d-bdff-4e02-b398-6b5001b0c894,BUTTER-E|4194304|4|1|12958.0|rectangle,764683.643619,754606.25,745450.1089993911,782286.6
41360411-99bf-4cad-8255-2d4d7d4a6fad,BUTTER-E|128|2|1|105908.0|rectangle,2731479.008972,2.7027045e+06,2724521.5528492206,2.8106872e+06
414f840d-3994-4451-9fc6-e71ff9e1fc5f,BUTTER-E|4096|6|1|20640.0|rectangle_residual,733185.7568519998,744893.56,755729.273714378,756061.4
416b8ccf-edbf-4b09-8a24-8ccacac9a55c,BUTTER-E|1048576|18|1|48842.0|trapezoid,1829393.222604,1.9100486e+06,1866784.6812412064,1.9830872e+06
4178c660-b52d-4a5f-a2c4-2b34af39b7ab,BUTTER-E|8192|4|1|4898.0|exponential,395907.6565359997,402608.97,392903.26407580666,385732.0
419d38fb-0ce6-4dbf-9c18-680f7ad7ad6b,BUTTER-E|4194304|6|1|3188.0|wide_first_16x,404373.905608,403985.12,401133.53900754877,376190.44
41b3975e-47ae-4a66-ac49-81f01a5cee6a,BUTTER-E|32768|9|1|105908.0|exponential,3170422.410041,3.1452248e+06,3155771.161545084,3.1671975e+06
41c72a30-03a9-4c87-abaf-20223a61035f,BUTTER-E|262144|8|1|20640.0|rectangle_residual,781082.1506799997,812801.94,792689.0777237731,768024.0
41eba886-3521-4430-9a79-7a2207071b5b,BUTTER-E|2048|18|1|3848.0|trapezoid,421221.8299159998,397134.44,390790.1368886394,395786.12
41ed4844-932d-4ed7-91df-6a5d7a900412,BUTTER-E|1048576|8|1|12958.0|trapezoid,649687.5739539998,630885.5,626152.5142856907,654950.75
41f98002-6375-4823-a9e1-3e4203c68ea8,BUTTER-E|256|3|1|20640.0|trapezoid,736614.6253169997,734116.9,746159.1877711116,757538.75
420f8640-659e-47e5-ac6b-2fbc3a02651a,BUTTER-E|32768|6|1|3188.0|rectangle_residual,358604.938035,359666.88,355747.75504155026,342145.84
42270bc6-fe37-4042-9eff-678d21b161c7,BUTTER-E|8388608|16|1|67557.0|rectangle,4285956.151479,4.1656335e+06,4155605.215905045,4.104839e+06
422f702e-dd5f-4377-a0c3-d87ad8a18a11,BUTTER-E|256|9|1|5300.0|wide_first_2x,417496.7473079997,422118.2,406627.74054948136,422150.0
424df6ac-ccd6-49d5-b163-a4c736989818,BUTTER-E|128|18|1|3848.0|exponential,392190.6531889998,390319.84,393288.69345658243,389200.28
42558173-07ce-41e8-a451-2006267deb60,BUTTER-E|64|7|1|20640.0|trapezoid,783422.2826209997,782016.6,765536.7149378713,794265.7
428adf79-a510-483b-94ea-deb42f50b109,BUTTER-E|131072|16|1|3848.0|exponential,382570.661502,401567.88,405416.551153233,387915.2
429795c8-8b97-452d-908c-d1f35701d0d6,BUTTER-E|2097152|2|1|67557.0|rectangle,2224647.44312,2.194726e+06,2151721.4574743323,2.2874008e+06
42999beb-3e69-4596-b962-541ce2df1ac2,BUTTER-E|16777216|5|1|5300.0|wide_first_2x,726357.8656000001,712362.2,698735.5491750954,818513.06
42a87788-0d22-4a37-b301-b2ad9b1b81a0,BUTTER-E|8388608|7|1|5300.0|exponential,564975.3413199999,567318.7,573015.3370947938,549544.3
42bab200-e9ab-4b47-86a4-f0da79af49c1,BUTTER-E|16777216|14|1|48842.0|trapezoid,4400975.795957,4.411849e+06,4319161.048645124,4.471622e+06
42bbff1b-839e-484c-bf4f-933e6720e9c6,BUTTER-E|2097152|5|1|70000.0|rectangle_residual,2410354.0444,2.316537e+06,2373482.61061566,2.41591e+06
42e0b012-fc60-44e4-9d10-bb465589c25c,BUTTER-E|2048|7|1|4898.0|rectangle,394347.8645869997,392219.16,394229.0332363492,398299.25
42e249e6-94e1-4931-a215-d191c64cf9ae,BUTTER-E|2048|7|1|3188.0|exponential,349895.8893679999,358476.22,367305.28866243316,343048.6
42e6e582-5c19-42ca-9028-25d8e6af2279,BUTTER-E|4096|8|1|12958.0|rectangle,623763.0286789997,599524.6,612281.2676681492,613045.3
42fa7152-098b-45a3-a587-676cad45ad35,BUTTER-E|4194304|8|1|3188.0|wide_first_4x,398111.77395,411544.25,404958.4492369439,374931.12
4300657b-b08d-4d8c-9143-2d660c93edd4,BUTTER-E|4194304|10|1|3188.0|trapezoid,411669.9384369999,409515.84,411220.743638543,418757.34
430cf907-2ec6-4306-89fd-6429ac2afad7,BUTTER-E|512|18|1|105908.0|trapezoid,3654432.502333,3.5341878e+06,3473831.822134443,3.7234562e+06
431f7c24-d9b1-42b2-a73e-e94f54c1957a,BUTTER-E|256|2|1|105908.0|rectangle,2817248.134377,2.7670612e+06,2724521.5528492206,2.810663e+06
4340367b-b72c-4927-b527-d0efd3350731,BUTTER-E|1048576|8|1|3188.0|exponential,369543.3700509997,370830.3,364894.50099439966,357080.34
434fbf39-e61b-498a-8697-5d55188da830,BUTTER-E|131072|10|1|15000.0|trapezoid,716695.4996659999,679691.44,679369.8464195634,692066.1
436b3953-005a-4599-a82a-881d71762249,BUTTER-E|4096|16|1|48842.0|rectangle,1732315.2321750002,1.6444321e+06,1709192.9154101147,1.7265101e+06
4382154e-dadb-40b1-8b5c-dd3d9564af50,BUTTER-E|32768|20|1|20640.0|exponential,901143.6606779998,905619.25,909336.1785665057,880627.1
43a64711-d300-45a7-9b71-79ed693cc350,BUTTER-E|8388608|2|1|4898.0|rectangle,776265.7475169997,804355.1,900929.0223900896,975317.8
43af7d1a-5707-4501-a004-2b16e9bade3a,BUTTER-E|256|12|1|48842.0|wide_first_8x,1499405.937643,1.5243578e+06,1523375.1969306902,1.6470595e+06
43b1ac17-032a-408c-9842-9ce88a86d194,BUTTER-E|4194304|14|1|3848.0|wide_first_4x,435161.39007999975,419946.3,447936.244277217,404919.72
43ddbbc9-9c8a-433c-9b62-221a9ecf9733,BUTTER-E|4096|10|1|105908.0|wide_first_4x,3185308.698171,3.172158e+06,3123989.355293882,3.1695878e+06
43ea57f6-175b-48f0-a2c6-9b64379501c1,BUTTER-E|8388608|8|1|48842.0|exponential,2758723.425243,2.7685842e+06,2808800.068067102,2.8600232e+06
4400a447-a618-4b61-abb7-bcb8abf1453a,BUTTER-E|32768|3|1|70000.0|wide_first_4x,2065321.439738,2.1318765e+06,2018868.0328318912,2.0232071e+06
44031091-d098-4b41-b7e9-0b4f82fb3fc2,BUTTER-E|524288|6|1|3848.0|trapezoid,366171.74921,381827.2,376649.2521564495,381417.38
44211a7b-78d4-4fb1-b284-75af60722ab2,BUTTER-E|16777216|4|1|70000.0|trapezoid,6112713.255924,6.033004e+06,6148756.805006027,6.2814015e+06
4432dc00-764b-40c3-819c-e5d6030f0ec2,BUTTER-E|16777216|16|1|6435.0|exponential,849506.9456679998,838411.1,843506.7970292356,817198.8
4437c3e5-5d54-4071-aad0-19b8ee8a7785,BUTTER-E|2048|18|1|70000.0|rectangle,2541300.048048,2.5352468e+06,2598586.6400707583,2.588625e+06
4454af15-ef02-4314-8638-592b87985f94,BUTTER-E|16777216|18|1|5300.0|exponential,752149.0920449998,745942.1,736533.4972243507,754578.2
445d2518-5cc0-47aa-82bf-5854977616c6,BUTTER-E|8192|6|1|4898.0|wide_first_8x,401951.91303,410465.2,396722.9552518829,395097.88
4498508c-e54e-4bf1-9609-27fc03df91f5,BUTTER-E|8192|3|1|48842.0|rectangle,1400754.599307,1.3865438e+06,1365667.321217043,1.4036065e+06
449a1ad3-52f5-4d01-8799-736c1b03ff73,BUTTER-E|1048576|4|1|12958.0|exponential,611201.8810999998,607237.6,614972.7503614957,608564.06
4500e9ca-e406-40f5-928e-d45942a12c33,BUTTER-E|128|2|1|67557.0|rectangle,1758312.5709670002,1.8166671e+06,1828759.9237336607,1.8947346e+06
451d29d9-3823-43eb-8fcb-d7cb32877485,BUTTER-E|131072|10|1|4898.0|trapezoid,420911.546598,406826.03,418130.161160851,419932.72
452104e3-31c0-479e-9332-07c22b5680aa,BUTTER-E|8388608|16|1|3188.0|exponential,486850.5971389997,458223.4,472073.2952036416,450045.44
45874260-042a-4383-b786-63f74d35ab5d,BUTTER-E|4096|6|1|48842.0|exponential,1548334.34043,1.4574655e+06,1467601.8499851334,1.4883602e+06
458b576b-5178-4b10-bcdb-4aff8c4f9c4a,BUTTER-E|8388608|9|1|5300.0|trapezoid,570134.1276829998,573760.9,561611.1085855404,579126.8
45a18cf3-cfa6-4c25-9c31-72c717b8600c,BUTTER-E|524288|12|1|4898.0|rectangle,408211.7851909999,410929.3,412489.27300164674,424828.47
45d600cf-8ec2-48bc-951b-de44889d4d29,BUTTER-E|2097152|12|1|105908.0|exponential,3609124.092948,3.6889492e+06,3634461.261054735,3.9330612e+06
45d634b0-6065-41fb-8b5b-45dde3dfd84c,BUTTER-E|2097152|3|1|20640.0|trapezoid,856659.2479799998,855648.8,886246.0715561593,838176.9
460c39db-06db-4bd2-84ff-b3ad4f8b178d,BUTTER-E|8192|10|1|4898.0|trapezoid,423410.0452259998,414688.22,414143.8783107379,416291.8
460c48fa-dea8-463b-a591-f7ef03412b5d,BUTTER-E|2048|7|1|5300.0|rectangle,407167.9603499999,406854.75,405827.3186353159,406454.9
4621d4fd-8f8f-45b5-b469-f6e88206c5bb,BUTTER-E|262144|5|1|105908.0|wide_first_2x,2956233.1503360006,2.9019302e+06,2913094.958115269,2.9727172e+06
462eb547-7e67-4617-99c3-b6f2de13c944,BUTTER-E|8388608|2|1|20640.0|rectangle,2403851.764239,2.1452942e+06,1323836.387737573,1.864632e+06
4636a7d3-4837-4900-a726-0f5df17e6752,BUTTER-E|8192|18|1|3188.0|trapezoid,371693.045808,395056.06,390519.92606240493,382749.94
463f3ec1-cb29-4bc1-96ae-d7de82ddf390,BUTTER-E|8192|2|1|12958.0|rectangle,566426.6262699998,586619.9,586432.5918191955,578976.06
4649562b-ec0b-4166-99e3-24ad02f0e0b8,BUTTER-E|32|6|1|5300.0|wide_first_16x,397067.6211459998,402770.66,407190.00892780203,390720.97
469074d4-cf5e-4f3c-bdf4-80638e173bf4,BUTTER-E|8388608|7|1|70000.0|trapezoid,4062229.601494,4.167211e+06,4024173.39844046,4.2131695e+06
469ac6db-b57e-4197-b76e-6a781291db17,BUTTER-E|65536|10|1|67557.0|exponential,2133006.850492,2.13743e+06,2147956.0191684687,2.149954e+06
46c6a5f3-8b27-4317-8360-0850d840ace9,BUTTER-E|4194304|8|1|3848.0|exponential,436569.5255469999,428984.4,432466.25311654713,424606.5
46d86fca-1c78-4ff4-868d-5ecaabdd05d3,BUTTER-E|16384|5|1|105908.0|rectangle,2832226.945137,2.870434e+06,2843095.9447752447,2.9591178e+06
46e096a5-6cea-427a-8fd0-78c2ae13990e,BUTTER-E|128|2|1|105908.0|rectangle,2726154.768269,2.7027045e+06,2724521.5528492206,2.8106872e+06
46e387ed-90f0-42a0-9248-56668f0fe67f,BUTTER-E|512|10|1|6435.0|trapezoid,472708.2515839999,457880.03,451946.7729608009,462715.3
46f4b46c-6185-4ab8-824a-d6fc03a200b3,BUTTER-E|262144|5|1|15000.0|wide_first_16x,644894.2589949998,654774.0,635355.2260883863,638841.06
46f72edc-f840-4b81-973a-8e2219d6e0ac,BUTTER-E|1048576|20|1|67557.0|wide_first_4x,2541594.7088490003,2.523651e+06,2507829.6151274447,2.587428e+06
47201799-05f9-4246-83cb-6caf3aa3d3e9,BUTTER-E|64|6|1|12958.0|trapezoid,614045.4974169999,594730.3,594777.4519368618,608578.56
4728bc30-a85d-4268-b0e1-227637dfa3df,BUTTER-E|4096|2|1|20640.0|rectangle,739681.9025459997,749867.94,737566.8905859858,743064.44
472a8538-e607-4d83-aaa0-a899d2426e93,BUTTER-E|4194304|10|1|15000.0|trapezoid,850940.0130649997,892565.75,883743.180666771,871188.0
472aaf7c-668a-4dae-ac8c-a411fda92fef,BUTTER-E|1024|12|1|3188.0|wide_first_4x,357219.046251,351012.0,365324.50273203885,349638.2
472ed7ed-a5b0-4014-9970-3ab510bbca9c,BUTTER-E|65536|14|1|67557.0|wide_first_8x,2223443.496853,2.2440828e+06,2198879.1145150256,2.213636e+06
4732b148-d209-4283-b082-1235f6711d1f,BUTTER-E|4096|8|1|70000.0|rectangle_residual,2260961.302234,2.218734e+06,2193893.764230734,2.2628442e+06
474ae29b-8dd9-4e48-b697-b4bf62dcd0b9,BUTTER-E|8192|10|1|12958.0|trapezoid,628591.2979279998,637088.9,626049.8198834728,642867.44
475d22c7-b912-4b84-a71e-5ac70772dc75,BUTTER-E|1048576|16|1|3848.0|wide_first_4x,402959.1423019998,404744.06,404746.0132652845,395086.6
4799822d-5077-44d6-8f81-f743d4244fc0,BUTTER-E|8192|16|1|12958.0|exponential,696495.4430339999,664054.0,667198.0982970028,646634.2
479e22e0-f954-4b68-945c-1962f61ea485,BUTTER-E|4194304|20|1|67557.0|wide_first_16x,3342366.252393,3.3499522e+06,3329397.990666318,3.6220275e+06
47b60725-9d55-44b8-88ca-119412db94b5,BUTTER-E|8192|10|1|3188.0|wide_first_4x,359193.0258219999,353524.56,362580.4730957685,343403.4
47e0dcb6-6712-4d37-a278-370c7d95e83d,BUTTER-E|262144|4|1|15000.0|wide_first_16x,651862.1210009999,640388.6,628100.7685562042,634247.5
47e4a1fd-0f53-4bef-885d-0e558eaaafbf,BUTTER-E|2097152|8|1|5300.0|rectangle,430815.2875379996,426809.78,431150.9232090751,434852.0
485209b2-e5cf-4bbc-82b9-9cb006220e75,BUTTER-E|65536|7|1|4898.0|rectangle,406302.0746609999,401014.88,391202.5642471191,400006.88
4877c845-f97c-482f-a523-5c34d71201e5,BUTTER-E|131072|7|1|12958.0|rectangle,585960.760696,597269.94,612752.4935398415,613283.9
487bf347-23b7-43c7-8d9f-51a51492518f,BUTTER-E|1048576|7|1|105908.0|trapezoid,3088607.963685,3.1824695e+06,3062732.3128314465,3.1984922e+06
48910bd9-8248-4af7-8d02-5fe44d34cc51,BUTTER-E|131072|6|1|12958.0|rectangle_residual,606229.1622860001,596306.4,599238.858271111,581675.2
48911542-0dc0-4dcd-8c35-2465e152a547,BUTTER-E|131072|20|1|15000.0|trapezoid,747208.2557139999,740140.7,725867.8595528112,787858.44
48964b5e-5ae6-4d04-963a-b710fc140ea8,BUTTER-E|262144|4|1|67557.0|wide_first_2x,1893274.776568,1.9430976e+06,1923768.932539128,1.936161e+06
48a6edfc-b24a-436f-9f39-ac0ecbf6dd3d,BUTTER-E|1048576|10|1|3848.0|rectangle,393284.2362219997,394235.97,396730.2476816878,400165.22
48ac6675-3804-4fd6-b1ea-727c4e4c5298,BUTTER-E|256|20|1|67557.0|trapezoid,2430464.9928920004,2.4207025e+06,2346260.8373618536,2.4857932e+06
48b54ded-a168-4308-90b6-b03bc2a3f105,BUTTER-E|8388608|20|1|3188.0|rectangle,480206.22027799976,489408.6,479575.52676935,462574.56
48c8bfb9-9859-47a8-9874-c79a3a92832d,BUTTER-E|32768|5|1|67557.0|wide_first_2x,1932689.992154,2.0022465e+06,1933747.8793349368,1.956831e+06
48d68e54-1428-4f3c-a182-89ce80b332d9,BUTTER-E|1024|8|1|20640.0|rectangle,789053.5177159996,770522.75,778373.3662721704,783703.94
48e34b1f-cf01-4b8b-8e0b-3a194eba9def,BUTTER-E|131072|9|1|48842.0|rectangle_residual,1554143.8234249996,1.5510201e+06,1515310.5300340308,1.5566705e+06
49574d8f-67bf-4855-8056-3c53010d2632,BUTTER-E|524288|2|1|105908.0|rectangle,2790503.430014,2.7501872e+06,2783107.125387824,2.8374118e+06
4980861a-383d-4fff-afdc-ebfa16e245e6,BUTTER-E|64|3|1|3848.0|exponential,368678.26354599977,368001.7,370933.2718646584,366373.0
4982e678-b677-43d1-be3b-660043799dc1,BUTTER-E|2048|18|1|15000.0|rectangle,716266.9961479999,741904.6,728792.2014170496,721628.0
49909ba3-02f8-4adc-99fb-997368c88b02,BUTTER-E|8388608|14|1|70000.0|trapezoid,4451829.706407001,4.599539e+06,4358364.246136284,4.459974e+06
49b21fc5-357d-4878-aea4-38c5c685f6fa,BUTTER-E|262144|20|1|12958.0|rectangle,677230.6341629998,669635.75,692126.5262554435,685238.6
49d18972-660c-4fca-98eb-9797cf2049f8,BUTTER-E|262144|10|1|12958.0|rectangle_residual,662655.4016839999,625536.7,640983.6168393461,605775.4
49d9df33-1a88-4e7d-b787-82ba2063ff3a,BUTTER-E|4096|3|1|67557.0|wide_first_2x,1927023.201054,1.8241375e+06,1869167.253313458,1.8322831e+06
49da145c-373b-404e-af4a-d8ac6e56eaba,BUTTER-E|1024|10|1|3188.0|wide_first_8x,360587.8721899998,341142.0,362065.78755461576,366636.2
49eb19d5-55fc-487a-8d57-2c5367f17aa0,BUTTER-E|4194304|14|1|5300.0|rectangle,492248.5437240001,483065.53,501654.2231153677,508811.28
4a167365-a555-4443-8cd0-235267dfe64f,BUTTER-E|2048|2|1|67557.0|rectangle,1771136.112383,1.8536941e+06,1835965.8964839664,1.8948828e+06
4a3a52a3-3694-457f-afec-26cc804feffa,BUTTER-E|4194304|5|1|12958.0|wide_first_4x,769978.7696959999,773174.2,759207.1513186542,674917.4
4a8eebd8-ad66-416d-ac7c-14c7cc0137c7,BUTTER-E|1048576|6|1|15000.0|wide_first_16x,639067.3495059999,681258.6,670238.4109788884,661501.06
4ad2784a-1273-43e6-a91b-169fffc2d3d4,BUTTER-E|524288|14|1|12958.0|exponential,675821.4052659998,661596.4,659713.8740255514,648733.7
4ad9c3c3-8053-4a7d-8753-f894cfd713d8,BUTTER-E|262144|18|1|3848.0|wide_first_4x,397135.1125429999,407430.56,397199.36303998064,388816.7
4b0d40ce-a92e-4a10-a4c1-8138f9ff83fa,BUTTER-E|64|4|1|4898.0|wide_first_2x,394379.397567,392711.34,390713.26602780976,409566.22
4b1c94ca-d30f-4e99-918d-dd4535401e44,BUTTER-E|4096|3|1|3848.0|trapezoid,367097.36422,380155.8,373152.83977806114,374915.75
4b319846-65b9-4853-9755-b744be0f70c5,BUTTER-E|262144|3|1|3188.0|exponential,350574.6492479999,351902.9,347385.51886499947,339511.72
4b4e888f-f5fc-4a6d-b710-48e64e3134c2,BUTTER-E|2048|10|1|4898.0|rectangle_residual,410194.6840119998,386167.8,405969.2126099792,393538.03
4b5315ff-0674-4f98-b0f1-9cace758bff6,BUTTER-E|4096|5|1|15000.0|wide_first_4x,645370.1508639999,656790.94,637535.3466323247,615255.7
4b5cbd8a-a852-43f1-8c52-a484db14ab62,BUTTER-E|256|10|1|6435.0|wide_first_16x,435505.6160609998,423811.12,441461.0256316152,433467.4
4b7a18a8-31ab-4561-9271-e781233d51b7,BUTTER-E|2097152|5|1|70000.0|wide_first_8x,2413553.4167519994,2.2551402e+06,2395639.632603814,2.333072e+06
4b8494c5-b69f-4456-89f8-db64db6764ff,BUTTER-E|65536|14|1|6435.0|trapezoid,483289.3999919999,477114.47,487457.34620529873,479454.88
4ba3cc13-cd14-4a14-b5f4-bc5950638425,BUTTER-E|64|6|1|6435.0|wide_first_16x,415599.7673309997,423164.12,432446.504327369,432454.97
4bc8ce2b-ef89-4a78-a6c4-d5871b1f311a,BUTTER-E|128|16|1|48842.0|exponential,1612971.068844,1.5249089e+06,1622981.3167062644,1.7420172e+06
4bd55e76-db6d-45f9-8cc0-828f3ba1b877,BUTTER-E|32768|2|1|3188.0|rectangle,350896.1072239998,344713.25,351458.14821808826,345837.1
4bdd3082-1f3b-4fcd-8cb8-0cc0813c2ff8,BUTTER-E|2097152|5|1|15000.0|rectangle,692687.0346850001,680673.5,698314.2164914652,747063.44
4bf31c59-9d2b-42ed-b237-f3e473bcb060,BUTTER-E|4096|8|1|15000.0|trapezoid,656281.405786,644942.4,664470.3133294174,670766.44
4c00fb5f-ca73-43ad-9355-c857fdfb069b,BUTTER-E|1024|3|1|3848.0|rectangle,372381.963471,372129.78,371867.30288223433,363363.47
4c02fce5-e7f2-4b98-bb8e-91cdd10c9f72,BUTTER-E|16384|18|1|15000.0|wide_first_8x,753971.6835509997,656434.6,744969.8745373861,732714.5
4c042b11-b842-411b-91f1-c3a3c7bcbfe7,BUTTER-E|131072|10|1|105908.0|trapezoid,3298764.0847189995,3.1845918e+06,3153321.962921882,3.319144e+06
4c179af8-56e3-447e-8952-dd8bc78c151d,BUTTER-E|1048576|6|1|15000.0|wide_first_4x,675168.6188249997,667553.3,669447.6449399866,640673.25
4c405eb3-93fa-45d6-a150-b8999ede4aef,BUTTER-E|65536|3|1|105908.0|rectangle_residual,2810588.1538850004,2.7697675e+06,2792801.17263449,2.816029e+06
4c466207-54df-450c-84e7-1ac24f02a58c,BUTTER-E|262144|5|1|5300.0|trapezoid,399039.36245599977,404241.4,408952.3804811023,414583.8
4c5d3aee-c3db-41dc-b4b6-eb21a231244f,BUTTER-E|8192|3|1|70000.0|trapezoid,2087007.486938,2.0594491e+06,2097919.2220172356,2.0760985e+06
4c90ccfe-0d21-4fb9-8bc5-e1f91f29770d,BUTTER-E|131072|9|1|3188.0|trapezoid,366887.15173999977,362924.66,360807.9180395541,364506.72
4c9a2e80-869f-4234-867e-abb215155211,BUTTER-E|8388608|9|1|15000.0|wide_first_4x,1061581.998796,1.0812446e+06,1165004.8976448926,1.0544726e+06
4cc7ab7c-0e2a-42bf-8290-fa1ed70b59f4,BUTTER-E|65536|9|1|3848.0|trapezoid,379929.4726079999,385140.22,372714.8005303803,386789.97
4cd166cf-8a0d-4871-aa36-8ed0e211baef,BUTTER-E|1024|7|1|105908.0|exponential,3040430.181434,3.0049575e+06,2972047.4849083647,3.039976e+06
4ce6d954-721e-45c4-96bf-29e79b9680fc,BUTTER-E|16777216|9|1|3188.0|rectangle,550739.7425259997,561958.1,553659.1584379724,531925.9
4cf29311-b682-425c-ae81-29de1a62afd3,BUTTER-E|2048|4|1|48842.0|trapezoid,1395658.5052839995,1.3865199e+06,1414578.4748809265,1.4396574e+06
4cf29fc2-2018-4316-bfa6-f16c990a1dbe,BUTTER-E|131072|20|1|3848.0|wide_first_16x,410845.14898499975,398176.56,398275.6538611425,403880.34
4d1987f2-43ab-42e7-baab-10785bfffc9a,BUTTER-E|65536|16|1|6435.0|rectangle,490978.973423,487991.75,472351.0749608334,471903.22
4d1d0132-592e-48b3-a1ad-e87ab8fb43a9,BUTTER-E|8192|2|1|4898.0|rectangle,391913.93174999976,391482.22,387760.5553355278,390677.75
4d4ff2af-0f5a-49c2-bf01-462b6bfb45c8,BUTTER-E|4096|10|1|12958.0|wide_first_16x,603171.3140439999,662345.06,620049.1666882326,611749.3
4d58da87-eaab-4108-aa84-1199dba9e85b,BUTTER-E|16777216|18|1|105908.0|trapezoid,9624550.309675002,9.934523e+06,9510787.772861408,1.0620726e+07
4d5c34e3-1894-42cf-9c14-3873b2047a07,BUTTER-E|128|2|1|5300.0|rectangle,406572.7234349999,388251.25,400211.4155331853,399822.28
4d5c8046-f120-45c8-8d43-4487503f38ce,BUTTER-E|32768|2|1|105908.0|rectangle,2665693.552872,2.7901202e+06,2747035.497602487,2.8054088e+06
4d5e62cb-8855-4a81-b896-0e924886348c,BUTTER-E|2048|6|1|5300.0|exponential,412735.8847979999,400811.1,395244.42796156777,395925.44
4d74105d-e4b9-4913-bdb7-00d2907b6c2c,BUTTER-E|262144|16|1|12958.0|trapezoid,664534.9165619998,661577.44,673959.6972762131,684445.75
4d85e187-a5f2-417a-baef-86cd02d88dc9,BUTTER-E|8388608|3|1|4898.0|wide_first_8x,533118.2470849998,530906.7,538949.19659178,551236.56
4d949221-5da0-4a8d-b491-892ac2da5b24,BUTTER-E|1024|8|1|48842.0|wide_first_8x,1495359.3690329995,1.4497344e+06,1501520.6264604528,1.5639932e+06
4db03f36-4a73-483f-a2a7-1a86a0238b3d,BUTTER-E|32768|4|1|70000.0|rectangle_residual,2002209.551519,2.114572e+06,2118819.765503573,2.101731e+06
4dc5a3ef-80bb-4768-976a-6027110642b4,BUTTER-E|1048576|6|1|3188.0|rectangle_residual,355148.40377099987,359628.8,356722.9892843311,346474.56
4e0f90aa-1045-4ff1-952d-026367788491,BUTTER-E|256|8|1|12958.0|trapezoid,624244.1791859999,610117.4,611797.0543389054,627785.0
4e12d184-afef-4a3b-b578-79aa147ed56e,BUTTER-E|32768|2|1|4898.0|rectangle,382018.3449980001,372819.62,385830.8836218059,391004.62
4e268105-918e-437d-9275-ae95217501ab,BUTTER-E|524288|10|1|20640.0|trapezoid,845165.0735979999,867812.25,826229.7417605827,855040.3
4e353635-165a-4d49-8e68-d8187b1f2880,BUTTER-E|512|2|1|3848.0|rectangle,383439.527748,371249.28,368322.5593517211,362611.9
4e3e1c35-bc22-422d-a67b-c382dc59925c,BUTTER-E|2097152|6|1|3848.0|rectangle_residual,389088.61915900005,384271.78,389833.1883758729,367852.9
4e46e632-b5fc-4f00-9e8f-1969421a65c3,BUTTER-E|64|10|1|15000.0|rectangle,666589.285848,638783.8,638715.4293277806,681740.25
4e598fdc-6a7a-44b6-bb9f-5a514e399697,BUTTER-E|262144|10|1|6435.0|trapezoid,457159.2624749999,453215.88,463158.8262096399,468547.53
4e80760e-5f7d-4607-a462-27f2ec25026e,BUTTER-E|16777216|9|1|70000.0|wide_first_4x,6290176.999414,6.0809245e+06,6264523.917440803,6.0710045e+06
4e854d6e-accd-4874-8f26-2e4591aa25f2,BUTTER-E|8192|16|1|20640.0|rectangle,894408.6633439998,821111.9,876235.1989358576,863380.1
4e8cad52-1eeb-45b4-bd16-04be999483cc,BUTTER-E|8192|2|1|4898.0|rectangle,374668.7871339999,391482.22,387760.5553355278,390677.75
4e91f5d2-30fe-4128-b431-430745fb6f33,BUTTER-E|131072|7|1|20640.0|wide_first_8x,789239.320475,801494.4,782918.1833740807,775567.6
4eb1800d-6dbf-4a35-b7b2-0feb2ce9144b,BUTTER-E|16384|7|1|70000.0|rectangle,2158968.440454,2.1352582e+06,2183318.4216766674,2.228408e+06
4eb3b32b-3647-4243-8947-b431ca236290,BUTTER-E|2048|16|1|4898.0|wide_first_16x,444824.250048,456071.0,401723.4237311209,398258.22
4ecb66d5-35d6-4d91-ad30-c3c6bbd34151,BUTTER-E|16384|12|1|3848.0|wide_first_8x,405773.7546079998,400871.88,380662.9539612604,380088.75
4ed8c3e6-61c8-44f2-acc4-9800e69e5a8b,BUTTER-E|16384|2|1|12958.0|rectangle,602221.9765249998,580891.94,576944.8867139539,579648.44
4eda716e-455c-4d7a-b899-3ea95e817a86,BUTTER-E|4194304|5|1|6435.0|trapezoid,533999.0454170001,528852.56,536338.2727341274,538871.94
4f0168dd-8899-4b02-9ed2-7d9d4e0c954b,BUTTER-E|1024|18|1|105908.0|wide_first_8x,3300422.7208640003,3.0476918e+06,3628544.2902550735,3.6062965e+06
4f07e4c6-3d64-41a7-b926-adecbcece85e,BUTTER-E|8388608|6|1|5300.0|rectangle,569579.624411,568788.94,563522.7346939143,575534.25
4f101bd8-b354-4542-bd58-849290403e70,BUTTER-E|2097152|4|1|105908.0|rectangle_residual,3204494.611404,3.2087365e+06,3205452.705230835,3.329419e+06
4f1dd0b9-8fe0-42cc-96b1-06dcee60885f,BUTTER-E|524288|2|1|105908.0|rectangle,2751613.1991400006,2.7501872e+06,2783107.125387824,2.8374118e+06
4f21b5ad-0471-4bf3-b81e-9160dc5d7aa7,BUTTER-E|131072|12|1|70000.0|exponential,2454765.001695,2.3462162e+06,2471547.2126929853,2.4074278e+06
4f2b4d70-389b-49c7-8d68-b6b4ef6f56e8,BUTTER-E|128|9|1|5300.0|exponential,411551.0751159997,419254.03,425860.33728066675,408764.72
4f42e370-2b74-4512-806d-f23713e62694,BUTTER-E|32768|3|1|4898.0|trapezoid,395338.6911979998,380564.25,393705.40405712306,396031.2
4f5130dd-cbf8-4248-a995-c2e35608622b,BUTTER-E|1048576|7|1|48842.0|rectangle,1498699.971424,1.5423955e+06,1543878.7073693015,1.6352039e+06
4f7aaf3b-e607-4494-8075-4c5cdb94a4d6,BUTTER-E|32768|2|1|105908.0|rectangle,2795993.626335,2.7901202e+06,2747035.497602487,2.8054088e+06
4f7bb94d-1511-4897-b56b-632354b6c13c,BUTTER-E|32768|16|1|12958.0|wide_first_4x,651225.1992779999,660492.5,651728.393609389,627048.44
4f946a9d-6a13-4afe-ac28-5d5174e8d8dd,BUTTER-E|262144|9|1|3188.0|wide_first_8x,364491.984366,371404.72,370137.1733434384,370030.84
4fa322c0-1237-41c3-bf2e-cd01c0587f96,BUTTER-E|2048|7|1|48842.0|trapezoid,1677473.7073729998,1.5266375e+06,1499313.6985941692,1.5482729e+06
4fb71152-2efb-435d-be75-493268106195,BUTTER-E|4096|2|1|67557.0|rectangle,1820287.6709730003,1.8376712e+06,1837538.7265574825,1.8950418e+06
4fc7bdbd-f7e1-4e42-8993-c6303d5e1456,BUTTER-E|2048|2|1|6435.0|rectangle,434277.742442,421677.6,427566.11729947984,426856.2
4fd0f147-f467-4691-8a88-ba09372f9aa9,BUTTER-E|512|18|1|4898.0|trapezoid,418263.5013099999,429266.38,425045.817583988,430385.44
4fe3019a-40f8-4a73-a371-7cf4f7a3ab48,BUTTER-E|16384|20|1|105908.0|rectangle,3705990.863422,3.4513968e+06,3645257.5176515505,3.8333368e+06
501a3866-1c3e-42c7-82c4-e8dac15e5703,BUTTER-E|32768|5|1|48842.0|rectangle_residual,1447897.804129,1.4698256e+06,1434579.5586696214,1.4347026e+06
502c48b0-65a8-4681-8cd9-a44e809ef037,BUTTER-E|4194304|8|1|70000.0|trapezoid,3013600.477511,3.058984e+06,3098871.509288531,3.2223428e+06
503aec9b-774a-4b3b-ae9e-ba97ace58c34,BUTTER-E|64|3|1|4898.0|wide_first_8x,384808.721397,390085.78,390918.61870280904,388094.28
50e49519-3887-414b-b754-2c8145894b31,BUTTER-E|16777216|10|1|48842.0|rectangle_residual,4436319.167766,4.228744e+06,4366260.168951707,4.5421395e+06
5111a078-fd5d-41b3-9b03-0d9b002de58c,BUTTER-E|32768|4|1|5300.0|rectangle,400808.7965169997,398115.06,395674.8824671711,404264.16
51279473-f828-4c82-8a6f-a2c819d07d40,BUTTER-E|4096|14|1|3848.0|trapezoid,394254.4533169997,380519.97,401811.03786834585,393992.03
51391ec0-11b6-435e-917a-84a8580cc90d,BUTTER-E|65536|8|1|6435.0|rectangle_residual,437956.7441589999,447970.34,441524.04209866916,429293.0
51782583-b5d4-4c23-9a87-345c8810c85b,BUTTER-E|524288|4|1|5300.0|wide_first_2x,389441.211999,407728.3,407811.90881229664,415562.34
517a9104-112d-4bd4-9b6c-3ee9a1849758,BUTTER-E|32768|10|1|12958.0|rectangle,615557.047996,614992.94,620722.3418621205,621883.94
518898c8-f99e-47ed-bbc2-1e57d560ece2,BUTTER-E|2048|3|1|6435.0|rectangle,443052.2888299998,427817.6,430713.31637194846,432629.88
519ab427-417c-430d-9206-85f0efba7b1c,BUTTER-E|4194304|3|1|20640.0|exponential,1061782.697767,1.0644926e+06,1077487.5524765209,992254.06
51b740d1-9cf6-4120-ac7a-c24ff9c06a60,BUTTER-E|2048|3|1|20640.0|rectangle,759335.7112939998,747275.75,744324.3456918383,743238.8
51c499cc-9dda-487f-8632-1c22649d5d50,BUTTER-E|262144|6|1|5300.0|wide_first_4x,406392.3326119997,402709.2,416825.1483267933,385546.28
51ccfc16-e9a4-4ccc-b6b5-c160bcb3522c,BUTTER-E|16777216|2|1|20640.0|rectangle,4248116.579214,3.3373378e+06,1874859.4516804838,2.567072e+06
51fa0772-8eeb-425a-97ec-4c317fb2f14a,BUTTER-E|8192|2|1|4898.0|rectangle,454231.0650489999,391482.22,387760.5553355278,390677.75
5244063a-5605-4b9d-80e4-b4345ac247d5,BUTTER-E|128|3|1|67557.0|rectangle_residual,1867295.849826,1.8110349e+06,1825720.5610668205,1.8700831e+06
5247d125-9111-458f-8d26-35aaf0c77786,BUTTER-E|4096|9|1|20640.0|rectangle_residual,774830.180187,765276.4,804525.1509377508,771533.06
526a0919-3b6c-46da-bccd-63e0a2cae401,BUTTER-E|262144|20|1|5300.0|wide_first_8x,434466.7918769999,463805.22,448210.838198672,443316.22
52733633-f1ee-49b6-b493-894f4053872e,BUTTER-E|16384|4|1|70000.0|wide_first_2x,2054129.128548,2.0900441e+06,2088649.9686168241,2.0592194e+06
52ab40bb-219f-457c-9498-30f20eb0c18f,BUTTER-E|1024|9|1|12958.0|exponential,635376.569783,619539.2,630312.7784230398,615120.2
52ad9663-3c87-4042-9adf-5472f2cc85b6,BUTTER-E|64|14|1|12958.0|wide_first_8x,642351.6513439999,620507.2,618149.2407410219,637488.75
52bc7f2c-3195-4a66-8568-675457f4b744,BUTTER-E|1024|7|1|48842.0|rectangle,1521078.910298,1.485527e+06,1460489.418998743,1.518887e+06
52d3f69d-3ab4-48ce-9010-c14af57a8b3e,BUTTER-E|512|16|1|5300.0|wide_first_16x,437126.054553,421194.5,435209.7624936179,421135.06
52d71d8d-8b2d-415d-85e7-dd09114e8adb,BUTTER-E|4096|2|1|20640.0|rectangle,700186.372052,749867.94,737566.8905859858,743064.44
53093ee0-af19-4e72-8c4a-5a5df886601d,BUTTER-E|2097152|9|1|3188.0|wide_first_2x,365566.00635999977,384003.62,379970.3434684585,382672.56
533e27fb-0421-4ae3-b20c-2802d23b2a48,BUTTER-E|8192|6|1|15000.0|rectangle,637061.863968,669006.4,652085.0971728469,656589.25
533e6d9f-cee4-43b5-81a8-9802a6079dd3,BUTTER-E|512|9|1|105908.0|wide_first_2x,3193636.288301,3.1338052e+06,2999698.807453678,3.1484508e+06
5356d0d5-96d5-429d-8fdf-306663cbc03e,BUTTER-E|65536|16|1|67557.0|rectangle,2375733.526003,2.3671788e+06,2330744.5270080157,2.3801908e+06
537c9f50-94aa-464a-995b-47423abdf463,BUTTER-E|65536|10|1|5300.0|rectangle_residual,424294.2124759998,429948.56,418615.5933482418,397067.4
537cd1cb-3eb1-48a0-9029-f124c144241e,BUTTER-E|32768|5|1|67557.0|rectangle,1959628.8979500004,1.9859414e+06,1943117.6087972487,2.0036334e+06
53aec0fb-9bce-4d98-909e-7eb9fc81bfe6,BUTTER-E|8192|10|1|67557.0|wide_first_2x,2131671.623338,1.9613299e+06,2124751.2761789374,2.1687038e+06
53c878d7-124d-46cb-a1b7-1c9016237931,BUTTER-E|2048|7|1|15000.0|trapezoid,657106.656408,647821.75,650654.1872382822,662070.4
53cc570a-ffbd-456f-8a2a-7ff6c087d28f,BUTTER-E|512|10|1|48842.0|exponential,1490778.391064,1.6121185e+06,1561977.6029644795,1.6095222e+06
53d65158-c81d-4d06-99f6-afef125bfede,BUTTER-E|8192|4|1|67557.0|exponential,1871476.811823,1.8929681e+06,1888614.7171892787,1.9172264e+06
53da8ee3-1748-41a1-b52c-d16dddc608aa,BUTTER-E|16384|4|1|6435.0|exponential,434238.4945729999,431435.44,431327.2905285425,422895.03
53e7c3d4-043d-4cf9-bf26-21ee4ba58a81,BUTTER-E|4096|7|1|4898.0|wide_first_4x,393572.4747799997,391906.22,388988.5388490826,373505.38
540b3a65-bf58-4373-a1e6-087249b4f497,BUTTER-E|2097152|12|1|3848.0|rectangle,409758.7034879997,401401.3,407919.59726230305,406506.1
54248170-069f-4140-b8b8-248b63dc15ab,BUTTER-E|8192|10|1|48842.0|rectangle_residual,1500074.735306,1.4978451e+06,1542397.3577215981,1.5589525e+06
5459e590-c2ae-4462-9c12-3108b7aebe78,BUTTER-E|16777216|4|1|3848.0|trapezoid,570125.624642,603315.3,612629.7916779884,608488.6
546f1dc5-666b-4fdf-b16f-34155c90dc37,BUTTER-E|2097152|5|1|48842.0|wide_first_4x,1627214.20647,1.5670628e+06,1621611.243559352,1.6280709e+06
54773e5f-42c9-4e04-85f7-08b02627535b,BUTTER-E|262144|18|1|3188.0|trapezoid,382286.48792799993,384838.4,389450.501413394,383422.16
547fb525-cdfc-4c8d-a69a-d213e4678143,BUTTER-E|4194304|10|1|20640.0|rectangle_residual,1097635.2329619995,1.0596076e+06,1108967.7018235999,1.01386356e+06
549f514f-cc12-4742-9eec-c16e32dc2139,BUTTER-E|131072|10|1|70000.0|rectangle,2258767.192869,2.2581575e+06,2308924.808429356,2.3158478e+06
54cd2f8c-48a8-47d7-b5e2-b98985933ba1,BUTTER-E|8388608|10|1|20640.0|rectangle_residual,1396559.0447889997,1.3653299e+06,1391394.4160930987,1.3031138e+06
54de2bd6-eef7-4aec-8a50-a9e194c3bff1,BUTTER-E|8192|9|1|5300.0|wide_first_8x,391504.59823099966,420248.8,418745.7063907904,417067.1
54f2ab48-eace-4fb4-8d6b-1deb679b81be,BUTTER-E|2048|8|1|48842.0|exponential,1488971.539708,1.5075269e+06,1537603.3379814164,1.5646541e+06
5520fba6-3de9-490b-a287-0214b043094e,BUTTER-E|4096|8|1|5300.0|wide_first_16x,414379.89936,420596.8,405716.5119670487,397213.22
5549b1c2-0aef-44fe-96d1-8404589238dd,BUTTER-E|4096|4|1|12958.0|trapezoid,572843.2649049998,584996.94,575268.1867609479,593211.1
55516ce2-6b08-4396-bac6-2050b1130ba6,BUTTER-E|256|5|1|4898.0|wide_first_8x,397697.436648,403757.88,378439.44858320587,393038.8
557e9d28-5f50-4184-96c3-7d4eff2fef50,BUTTER-E|1024|7|1|20640.0|wide_first_2x,772468.0949269998,737063.25,772286.1209374104,776503.9
55806710-3d28-4e2f-813f-e5d974ea7415,BUTTER-E|1024|5|1|5300.0|wide_first_2x,411637.5426859997,401970.2,403857.8933216458,420131.0
55a8822e-30a6-4fac-8724-e4684d805b71,BUTTER-E|65536|4|1|6435.0|trapezoid,426880.68448,429677.2,432455.8886571328,442509.03
55ac06c9-6d21-48a2-bf4f-36b0e4a9a314,BUTTER-E|1048576|12|1|15000.0|exponential,747478.074272,703211.4,703717.6803445766,708079.5
55eb719b-e756-487b-bfb5-7a6c381e554b,BUTTER-E|131072|5|1|12958.0|exponential,584782.1853539998,592844.06,586725.6360239617,580713.56
55f59a47-d192-4dc0-95b3-cd662ea0f1be,BUTTER-E|16384|2|1|20640.0|rectangle,740388.4912199999,715710.44,739965.6544565689,743901.1
5620b3a3-d0d8-49c1-9625-73a790fed222,BUTTER-E|65536|5|1|105908.0|trapezoid,2895950.543772,2.873666e+06,2820495.1292752163,2.9283578e+06
5636f068-c679-4a11-9f27-3fcb7e332900,BUTTER-E|1048576|4|1|70000.0|trapezoid,2236654.076688,2.1987272e+06,2195023.889021018,2.1775198e+06
56469db4-5439-4060-ada2-2afe7c15a83a,BUTTER-E|2097152|3|1|105908.0|wide_first_16x,3187254.7311430005,3.195288e+06,3210456.7019440453,3.1452518e+06
5650b85e-db1e-4837-bce1-c8c028bc62b7,BUTTER-E|2097152|2|1|70000.0|rectangle,2417428.00699,2.1919795e+06,2330064.885406651,2.4515318e+06
56b1acb5-f580-464c-8d6b-4570ecd946aa,BUTTER-E|512|6|1|105908.0|rectangle,2882523.5055730008,2.8704778e+06,2883258.693036842,3.0132165e+06
56b89694-7563-4775-95df-d3f1974fb986,BUTTER-E|65536|9|1|3188.0|wide_first_2x,372532.0193339997,370322.1,374336.44659722276,376078.53
56b8c0f4-0388-4a19-aca1-9072900c5115,BUTTER-E|4194304|5|1|105908.0|wide_first_2x,4109597.758581,4.131439e+06,4223521.904652155,4.200151e+06
56bae69d-3008-41df-96c9-7fdcd28ea808,BUTTER-E|8388608|8|1|15000.0|trapezoid,1093284.419368,1.0740321e+06,1084923.5033820649,1.1032024e+06
56c97bfd-c53d-4312-90ea-a393fa6303ab,BUTTER-E|65536|14|1|5300.0|wide_first_8x,417467.6774679999,462485.03,440805.43314428907,436100.38
56ec031a-893e-42a3-bd2d-4473f2575c17,BUTTER-E|4096|8|1|70000.0|trapezoid,2289765.693631,2.2641675e+06,2190106.070999431,2.26515e+06
56f79f5f-c37f-4db9-8309-e3ca55a0a22c,BUTTER-E|4194304|9|1|6435.0|wide_first_4x,531014.072512,547159.6,530788.5282660353,514400.2
57038412-0b55-441b-865c-3da6d9052105,BUTTER-E|1048576|3|1|70000.0|wide_first_2x,2200891.114919,2.126885e+06,2163456.418674277,2.1881135e+06
5718f02b-14d9-4227-ab14-1c63f5ed0c20,BUTTER-E|1024|9|1|12958.0|wide_first_8x,626795.8313099998,606757.75,628869.7000749754,599633.3
5731e983-e189-455c-90c1-367178c916eb,BUTTER-E|262144|4|1|70000.0|wide_first_2x,2162961.3614099994,2.1878902e+06,2121635.7697522203,2.1113158e+06
5739f4c2-7760-4c0f-8632-fb2d6c55e5f3,BUTTER-E|524288|16|1|12958.0|rectangle,684348.5492939997,667597.25,678328.9438253749,674329.4
574873b4-4261-41fe-8502-cbb61d5efdc4,BUTTER-E|8192|10|1|5300.0|wide_first_8x,412981.4712839997,418549.34,416549.9664969208,423863.7
57548ed5-9373-4648-9970-bfd7a9e562ac,BUTTER-E|256|14|1|15000.0|rectangle,703400.0489579999,710123.1,683119.0408693422,694255.5
5754e686-f4fd-4939-879a-f568eca4c291,BUTTER-E|1048576|14|1|70000.0|wide_first_4x,2535817.620353,2.5061165e+06,2487879.522137745,2.4179408e+06
57a23c5a-5093-489d-a024-83a335554aba,BUTTER-E|8192|3|1|5300.0|trapezoid,405039.1294199999,389932.9,402666.5212992669,409700.22
57ad411e-de9e-4194-97d5-56354e130779,BUTTER-E|8192|16|1|15000.0|trapezoid,732904.4650499998,721175.94,714287.8192731269,745967.06
57b963bd-dcfc-41d0-84bb-ea967daf4e79,BUTTER-E|512|7|1|12958.0|rectangle,597927.4570059999,590880.94,602829.2108621591,611596.5
57d93c94-834c-4eb0-b140-636d6ffbec1f,BUTTER-E|65536|9|1|3848.0|exponential,369951.043774,376855.8,374288.2211676291,377253.16
57db8161-eb97-4658-9d41-f349cbdf37eb,BUTTER-E|16384|7|1|3848.0|rectangle,378331.1309639999,375567.4,373131.56064272777,372145.75
57ee1671-25fb-4526-81b3-12e8341a9514,BUTTER-E|131072|8|1|12958.0|wide_first_16x,609035.443938,640809.56,612004.0333304345,606336.6
57f05217-1f03-432b-b6b7-a407c1cce684,BUTTER-E|65536|10|1|12958.0|exponential,671913.4864659999,618175.25,626361.7864065478,623665.1
57f6ad28-63cf-4927-8fdd-50cb85cd1e80,BUTTER-E|8192|9|1|3848.0|rectangle,368282.69992399967,389725.1,376536.5578419655,382118.22
57fb78ee-edc5-4597-a531-f385401d05a5,BUTTER-E|131072|18|1|48842.0|exponential,1745084.1711509998,1.6402268e+06,1760715.8631118743,1.7780789e+06
57fe1da5-7532-4312-874c-540a0840348e,BUTTER-E|512|8|1|67557.0|rectangle,2074327.98698,1.9991155e+06,2004315.6354179236,2.0864872e+06
5819b1f2-4704-47cf-b2b3-97872f7beaea,BUTTER-E|262144|2|1|15000.0|rectangle,608062.0029999999,623624.06,616543.1753653589,635299.6
5866d0ab-6e32-4840-8784-80a326748b7d,BUTTER-E|262144|14|1|67557.0|exponential,2178968.520014,2.2649232e+06,2232757.429867078,2.2718415e+06
58728524-fcc5-49bc-88c0-8658558ecbc4,BUTTER-E|32768|8|1|20640.0|wide_first_16x,794808.7549599999,789084.1,780437.611079337,759047.3
587e44b5-19f8-44e9-81e4-c78b67d862ba,BUTTER-E|16384|20|1|70000.0|trapezoid,2689076.95884,2.5997482e+06,2591491.0827552318,2.8108212e+06
5883b101-6d5e-4071-9d9b-23c0a43a01a0,BUTTER-E|8192|4|1|3848.0|wide_first_2x,367233.63100099977,396805.44,385359.77495075105,379922.4
588790fe-f5a5-49d6-93d4-3546a232c819,BUTTER-E|65536|2|1|70000.0|rectangle,1996092.063261,2.0868654e+06,2049668.7390491876,2.0546761e+06
5887bf05-ad98-4356-a235-b34a04557149,BUTTER-E|1024|7|1|15000.0|rectangle,686015.6736579998,648297.06,638234.7788670814,663671.0
5893440d-e453-44fe-a23c-a3bac26f3985,BUTTER-E|8192|2|1|12958.0|rectangle,554370.3519919999,586619.9,586432.5918191955,578976.06
58a520d5-c1d9-4101-b25b-a065edfa69ca,BUTTER-E|4096|3|1|15000.0|wide_first_8x,595579.0804719998,624286.4,622340.9937625619,616506.75
58c3988a-287d-462a-bcd2-1b4df9e5b901,BUTTER-E|32768|4|1|20640.0|trapezoid,736408.6038779997,751548.94,842968.3036740186,765151.6
5931d04d-f092-4295-8b5a-dc1ce9df8684,BUTTER-E|4096|7|1|67557.0|rectangle_residual,2032359.486092,1.9390289e+06,1976640.344386453,2.0178002e+06
594a5342-2cb5-49b7-90b6-ba8528eae850,BUTTER-E|8192|10|1|5300.0|trapezoid,429077.202837,423016.47,425459.7900448967,416444.7
596d9421-ddc7-466e-b591-1c215a9d57eb,BUTTER-E|2097152|3|1|20640.0|wide_first_16x,833703.1807150001,837700.6,876491.8076810305,859657.44
599329ea-06e8-4414-b142-25755e501343,BUTTER-E|65536|7|1|6435.0|wide_first_2x,445077.5253419999,441440.53,451675.63387007837,447765.75
59f196b5-63df-4403-a23b-f0324666e30f,BUTTER-E|8388608|9|1|3848.0|rectangle,489500.9323949999,501409.4,485134.09760707244,470884.97
59fe029f-dd00-44d1-8a4f-844ef38f74ea,BUTTER-E|2097152|12|1|15000.0|exponential,750279.030656,764641.7,771635.9316408717,755682.2
5a0777ae-8a2e-44a7-a965-ff1eb118949b,BUTTER-E|8388608|12|1|3848.0|exponential,500296.3894499997,512792.16,507294.7291560811,497639.8
5a171ae4-8623-45da-a762-d975795d2f7a,BUTTER-E|4194304|7|1|3848.0|wide_first_2x,474935.862226,419048.97,420030.30763347895,423996.28
5a203cfd-7f53-411c-a480-847d234782bd,BUTTER-E|262144|18|1|105908.0|trapezoid,3544010.1462570005,3.7369425e+06,3622999.306837591,3.7273005e+06
5a25a955-cded-4821-bd58-a60aa52e490d,BUTTER-E|262144|16|1|20640.0|rectangle,874851.0672009999,903539.4,880899.631679577,880390.3
5a3d68b3-05b2-46a6-bba1-0d980028ae81,BUTTER-E|256|10|1|48842.0|exponential,1516852.463112,1.5600769e+06,1518454.0557558641,1.6095254e+06
5a48b4c3-b73c-499e-83a8-cd5e12f865cf,BUTTER-E|128|9|1|15000.0|wide_first_8x,639373.427794,648360.1,659212.3356758237,668438.1
5a4d280a-e8f6-48fd-aa74-42e1db9a260b,BUTTER-E|64|5|1|5300.0|wide_first_2x,406898.3639689999,417229.4,414301.9239488947,420106.94
5a4da185-8f92-4b22-907d-9d677841fc5f,BUTTER-E|1024|20|1|20640.0|rectangle,924330.429125,936218.44,913906.7307919903,893126.06
5a5344e4-ff83-49a9-804e-c9e7bc3aa6a7,BUTTER-E|1024|6|1|5300.0|trapezoid,420874.574796,395158.56,405885.87767253653,408715.22
5a5e702f-45dd-4ade-b7ca-32a643bb72f3,BUTTER-E|8388608|14|1|3848.0|exponential,521844.7215449999,519640.47,514666.60415589635,496043.5
5a605e2c-a8b1-4976-b73a-94b06b86cba3,BUTTER-E|1024|7|1|70000.0|trapezoid,2182687.32558,2.2527992e+06,2193270.181496463,2.2353468e+06
5a9352f5-bb4d-4427-985f-0a172b7fab0f,BUTTER-E|4096|2|1|67557.0|rectangle,1863717.559556,1.8376712e+06,1837538.7265574825,1.8950418e+06
5ada6586-17a8-40cd-9cdf-c7b865016397,BUTTER-E|4096|8|1|105908.0|wide_first_4x,3011485.689087,3.0148492e+06,2997323.420803166,3.097582e+06
5adf46e3-50af-495d-887e-300830d075e0,BUTTER-E|524288|5|1|70000.0|trapezoid,2121382.396896,2.1799092e+06,2182987.6563874325,2.1448178e+06
5afa4ac8-2495-4c30-be14-af8781779051,BUTTER-E|2048|20|1|105908.0|wide_first_16x,3426778.649573,3.5112522e+06,3467690.238362106,3.740037e+06
5b0e3f8a-46a3-4066-beea-feeae102a55b,BUTTER-E|8388608|18|1|3848.0|rectangle,524687.6586029996,513491.94,531725.996403246,513941.22
5b0ecef4-bd8a-4103-9017-d02f0d3ba2d7,BUTTER-E|16384|10|1|70000.0|trapezoid,2284917.530309,2.2619488e+06,2364879.2286053295,2.361294e+06
5b1e1607-46ed-41f1-a929-48076b573b6f,BUTTER-E|16777216|3|1|3848.0|exponential,603594.5053599997,631927.25,593334.6844933907,585508.75
5b392fcd-f80b-48bd-abf1-9952b6bbb22f,BUTTER-E|1048576|4|1|4898.0|wide_first_4x,400780.15542499966,389892.03,378595.67459459114,390451.66
5b413f1d-d255-4e3b-a807-0d5f6c0c2d57,BUTTER-E|4194304|14|1|12958.0|exponential,813601.4889069997,811195.9,830762.1583285175,775842.8
5b553469-c429-4a51-8d1f-280924cf5c2b,BUTTER-E|8388608|7|1|5300.0|rectangle_residual,536254.6214869999,568270.6,567822.9717508331,553805.8
5b6e415a-dfbc-4390-bf18-ff2a19c48192,BUTTER-E|256|3|1|3188.0|rectangle_residual,342968.2527949999,350523.94,349827.98886401416,332128.34
5ba5d0e6-3e4e-4901-a0f7-a6a5901ff5fe,BUTTER-E|8388608|9|1|3188.0|rectangle,447470.0501149998,458533.78,450234.2499691314,429134.2
5bdc6847-d966-4865-8403-afb584dfba5c,BUTTER-E|2097152|3|1|15000.0|rectangle_residual,685365.2055959998,676102.75,705382.7379226708,685645.2
5be27bb2-392c-4f34-b7d4-2f294cfd8d5c,BUTTER-E|131072|12|1|15000.0|wide_first_16x,681570.542475,713237.06,694313.0573898887,668425.4
5bf7123a-699f-4bf7-b2b0-b5db8caa96e0,BUTTER-E|2097152|6|1|48842.0|wide_first_16x,1640807.1070129997,1.6782639e+06,1739088.3838710166,1.7741491e+06
5c019eee-4fc3-4eb9-b2c7-bc8eb9c8d3da,BUTTER-E|262144|12|1|67557.0|wide_first_8x,2198254.199374,2.2354362e+06,2157285.7194601498,2.1710855e+06
5c01db32-b7fe-4562-8987-ef4e7831e5c5,BUTTER-E|64|7|1|15000.0|rectangle,626882.7975469999,636085.94,631265.6848245725,663607.06
5c05733f-7271-4b09-9996-60111d0e3f8f,BUTTER-E|8388608|7|1|6435.0|wide_first_16x,647529.6227179996,637603.7,628703.3940722711,616118.25
5c3cd125-61a0-4a62-be4b-43d8b05fcd98,BUTTER-E|2097152|9|1|3188.0|wide_first_4x,440622.9158039999,383290.16,383778.8890978467,336748.5
5c5493d5-57f0-42ff-a84d-7ecae287c4cd,BUTTER-E|2048|10|1|15000.0|exponential,662642.2414539998,667345.1,677353.3133836995,682264.5
5c6103e2-63e4-47ff-bfa4-91333ecdf7d4,BUTTER-E|1048576|12|1|67557.0|rectangle,2260051.20032,2.2846168e+06,2240535.915710531,2.282178e+06
5c624734-2711-4bc8-9e6e-609eaf8438e6,BUTTER-E|32768|12|1|15000.0|wide_first_16x,667145.7068599998,621343.9,695481.3595086782,664181.94
5c65d8c6-ce37-4660-9d29-6092d4fd29e6,BUTTER-E|64|14|1|5300.0|trapezoid,432028.7622159998,417325.3,423640.0710613715,426782.5
5c7977e9-78a6-4865-9061-617340012bba,BUTTER-E|32768|14|1|4898.0|exponential,414154.2857199998,420980.47,409984.8838150593,411387.7
5c7babd2-b0fa-402c-bf9a-903e479599ba,BUTTER-E|65536|5|1|105908.0|rectangle_residual,2888907.415606,2.8777002e+06,2885110.800717095,2.9064865e+06
5c94c6af-54b7-4334-83ac-e7e18c8c4bf5,BUTTER-E|256|6|1|67557.0|trapezoid,2008189.8510390003,1.9673095e+06,1932519.6825635657,2.0451829e+06
5c990e5a-10c3-4c1e-9668-58162033df26,BUTTER-E|131072|18|1|3848.0|trapezoid,401024.4284219998,386772.25,420977.5837279486,399689.62
5caf03d2-fd8e-4663-82e4-732e63337bd7,BUTTER-E|1024|12|1|5300.0|rectangle,397173.2592519999,451113.25,437502.68431088084,416715.22
5cc40499-f85d-4702-aec8-2fa3c51ea206,BUTTER-E|262144|7|1|15000.0|trapezoid,676082.9960480002,666403.9,655588.1394080587,670109.1
5cca372e-a320-47c7-a45e-65cf17bc5a1c,BUTTER-E|128|6|1|3848.0|trapezoid,382311.328806,370301.62,382962.5568341332,379817.7
5cd49066-aa91-43a0-abdb-60882a508bc8,BUTTER-E|2097152|5|1|6435.0|rectangle,484141.99808999983,473164.12,467184.4491142235,467867.94
5cea1ac8-0187-423d-bd0c-789c126f332d,BUTTER-E|65536|16|1|20640.0|exponential,897161.2128799999,872812.94,899722.5105864417,864273.2
5cee7026-7116-428d-8b0f-4cbdd5d58dda,BUTTER-E|4096|2|1|67557.0|rectangle,1825529.999918,1.8376712e+06,1837538.7265574825,1.8950418e+06
5cf773cb-2e0a-4f15-a701-ffca164d081f,BUTTER-E|262144|8|1|67557.0|wide_first_16x,2063372.850202,2.1213568e+06,2018896.6539430786,2.0076769e+06
5cfcd398-24ab-41e4-a7d7-0f78a9c39778,BUTTER-E|2097152|14|1|70000.0|exponential,2713345.8328630007,2.806201e+06,2774333.749448848,2.8005865e+06
5d087886-4397-4d4b-bd65-b8b5d8563e37,BUTTER-E|1024|16|1|6435.0|rectangle,464862.019112,490481.38,498248.89714014786,470293.03
5d191357-2e17-4a70-b5b6-c0f4c0c27dcb,BUTTER-E|256|16|1|3848.0|rectangle,407571.669032,397677.53,392372.3737885439,394582.4
5d2371e3-99d2-4080-bb4b-7716742dc9fa,BUTTER-E|1024|4|1|12958.0|exponential,596393.3677769997,578935.25,590434.138812197,574629.4
5d24f2a8-8187-430b-b64d-26c2f081f8ba,BUTTER-E|4096|9|1|67557.0|rectangle,2009072.451856,2.0503502e+06,2029915.0036567668,2.1153548e+06
5d25cad5-8f25-4d73-9e3c-5b86ec983424,BUTTER-E|65536|2|1|105908.0|rectangle,2703568.207938,2.754224e+06,2786867.538304979,2.8059225e+06
5d31bc2e-10f7-473f-b5a6-5ca9faca8c21,BUTTER-E|4096|2|1|20640.0|rectangle,727312.5008629999,749867.94,737566.8905859858,743064.44
5d347790-6473-46ce-8aa6-b2767e8dc9c7,BUTTER-E|2048|8|1|6435.0|wide_first_2x,447088.3458609999,433294.25,445848.9571620532,446221.75
5d3bccf8-5b22-433b-88d9-5f943e54b293,BUTTER-E|2097152|20|1|15000.0|wide_first_16x,829479.0214069999,866885.0,815798.4150711654,861786.75
5d462738-c780-4eba-afec-0ad09e0a63a4,BUTTER-E|2097152|8|1|12958.0|rectangle_residual,676258.4555349998,674026.5,683653.632276112,642298.75
5d80fff4-d1cc-4dae-850d-832f2e2163ef,BUTTER-E|8192|4|1|67557.0|wide_first_4x,1931781.001443,1.8027429e+06,1846235.4599434882,1.8533971e+06
5daae12c-5323-4498-ad74-547d7f1461fc,BUTTER-E|131072|9|1|3848.0|rectangle,371335.6257019999,379381.47,378568.8566837192,383897.44
5dafbf12-45cd-4bca-94de-40bced1d67c0,BUTTER-E|32768|7|1|6435.0|trapezoid,449260.3655399997,439870.9,447302.571171739,449311.7
5dbe9a15-cb69-41ba-8f67-112ca2cc5c9a,BUTTER-E|65536|6|1|4898.0|exponential,404590.915452,400340.8,430972.9208265535,392752.16
5dcc6688-393b-482b-aad9-3042404f744f,BUTTER-E|128|5|1|5300.0|rectangle_residual,420786.3667749998,408778.38,403642.45545583725,380094.53
5dd1c413-ce73-49d2-b250-7037fa23cd81,BUTTER-E|8388608|8|1|3848.0|rectangle,483844.9224719999,493049.53,488128.28095836856,466853.06
5ddbc05f-3b01-4509-a4c0-21eed3c5e2a3,BUTTER-E|16384|7|1|67557.0|rectangle,2000585.090242,1.9975832e+06,1982195.7580490485,2.0597104e+06
5e04343a-ca02-4455-b810-28a088bfb7de,BUTTER-E|524288|14|1|67557.0|trapezoid,2346626.237049,2.330728e+06,2303582.4610278136,2.3491158e+06
5e14c2b3-e690-4290-bba2-6116b42ba725,BUTTER-E|2097152|5|1|12958.0|exponential,645898.2551290002,659792.44,640482.6502730489,636494.3
5e23c8a4-53a3-46d2-af3c-8683d6d52349,BUTTER-E|524288|6|1|3188.0|rectangle_residual,359224.688277,359549.94,353750.62735619314,345153.72
5e2dc65d-c4eb-442d-b47a-3b9b63f9ce6d,BUTTER-E|16384|18|1|12958.0|wide_first_8x,661445.948461,577165.6,669321.12594778,651776.06
5e563246-c9ea-4ac6-b59a-b06632fb2771,BUTTER-E|16384|4|1|4898.0|trapezoid,401622.98244,389227.0,386731.0341010516,396202.3
5e56cb6c-b21c-4ccd-9bc1-4eb8493422d5,BUTTER-E|524288|12|1|6435.0|trapezoid,472023.3320969999,468417.53,473416.6000655961,483114.84
5e5c8b61-8156-44c0-a8b6-cb56a9e52029,BUTTER-E|65536|3|1|4898.0|trapezoid,385992.1331719999,379081.28,393120.8438793689,396713.12
5e758ba5-c92e-41bb-a927-a04780993dac,BUTTER-E|512|6|1|3848.0|exponential,370616.710558,372104.94,389301.5360580803,366161.3
5e7a88f9-c808-4ddb-b8a1-a25f942d2728,BUTTER-E|65536|5|1|15000.0|exponential,622475.4798649998,648162.3,637034.1057737945,637331.94
5e88774e-a3bc-4ccd-9e41-f264160f9549,BUTTER-E|128|7|1|15000.0|rectangle_residual,627125.0602869997,650636.44,649232.1812753294,637861.56
5ec16d5a-bb6d-4fbc-88e8-c4031081457e,BUTTER-E|1024|8|1|20640.0|rectangle_residual,771473.4395919999,766418.7,777132.0758882439,768750.94
5eda1986-c8c7-44c6-a404-c6453d974c1b,BUTTER-E|1048576|9|1|4898.0|rectangle,437402.8456099999,409958.56,413969.62762915925,422181.0
5eee79cd-6a6d-4695-b69c-6be2f0865e7e,BUTTER-E|2048|16|1|12958.0|exponential,645591.6560939997,670528.5,662634.4494160078,646485.6
5efb2883-6cad-4ed5-884a-c0d081d5292a,BUTTER-E|256|8|1|20640.0|wide_first_8x,789381.3671079999,797860.44,774810.4134253172,784410.5
5f0e083b-606d-46cd-ad1d-6ea476f07b25,BUTTER-E|2097152|6|1|6435.0|trapezoid,484622.7225379999,473717.7,477558.6876069547,485883.0
5f0f6f8b-244f-4323-b6e4-e43183a4bd81,BUTTER-E|4096|4|1|12958.0|rectangle_residual,592633.9832789999,594424.1,579988.0004390636,569912.9
5f18a163-7031-4696-a3e0-33ff4fdb3aba,BUTTER-E|32768|8|1|3848.0|exponential,375033.7096399998,374887.88,367622.0099004481,373489.34
5f3aeb5b-9d0b-479b-a3f8-bdea4c04710a,BUTTER-E|1048576|12|1|4898.0|trapezoid,419473.9451799999,413543.7,426786.13283193624,424264.47
5f46fd6a-cc19-4396-826f-a7516e85b3d9,BUTTER-E|512|9|1|3848.0|wide_first_16x,397554.9680869999,397794.34,376719.50472974544,367219.2
5f5542cd-84ee-41e5-8890-154c220f51f5,BUTTER-E|524288|20|1|12958.0|trapezoid,723277.3766339999,685793.0,694524.6528363617,720733.9
5f561c17-f519-4e00-9372-f55f189f0abd,BUTTER-E|8388608|9|1|15000.0|rectangle_residual,1125510.598811,1.0810662e+06,1089696.8161766103,1.0779294e+06
5f5f79fb-8d56-47c3-ab79-750635b37e08,BUTTER-E|131072|5|1|5300.0|rectangle_residual,394460.30017199984,402739.16,413247.2551614157,384150.5
5f7a54e8-86a7-4537-af6b-a44d4f624fc6,BUTTER-E|2097152|6|1|105908.0|trapezoid,3256326.5389539995,3.3714258e+06,3366131.1654772423,3.485772e+06
5f8095bc-06c4-4fbf-a864-55748de8e917,BUTTER-E|16777216|20|1|20640.0|trapezoid,2106090.7831240003,2.0710835e+06,2069077.7804243257,2.0807426e+06
5f80b4a8-98cd-4756-adb4-835930c59ac4,BUTTER-E|4096|5|1|3188.0|exponential,355891.5192399998,356415.9,347610.5578908495,339007.97
5f929ed0-5684-4f90-9d54-b382eff11ab7,BUTTER-E|1048576|5|1|20640.0|trapezoid,853603.9173689998,784701.56,805359.9125577852,786243.94
5fa02d50-10d2-418e-a6da-bde41f106968,BUTTER-E|131072|3|1|70000.0|rectangle,2014255.462746,2.1280738e+06,2084332.770187098,2.1184718e+06
5fba3def-14cf-4934-bc34-23da34b2c69b,BUTTER-E|131072|14|1|3188.0|exponential,372728.640001,366737.97,357188.06085715245,365409.22
5fc08396-e1b2-4dd2-b479-8d35c29c9b41,BUTTER-E|65536|14|1|105908.0|exponential,3379215.503322,3.3722555e+06,3379371.0750949807,3.5037628e+06
5fefaeb4-3022-4779-bd5f-0878813a87df,BUTTER-E|4194304|8|1|6435.0|rectangle_residual,524575.6125319997,542453.94,542122.1108538007,515917.28
6028326b-2e89-469e-b61d-3925fc5373f9,BUTTER-E|65536|12|1|70000.0|rectangle,2379363.927317,2.363822e+06,2320378.531722487,2.3756325e+06
60359db1-f180-47db-8a64-defbb9f7045c,BUTTER-E|16384|5|1|6435.0|wide_first_8x,422508.0627,440803.2,442093.5464769893,436313.78
60511c11-e019-445f-a8b9-d578c191663e,BUTTER-E|4096|7|1|6435.0|rectangle,455000.8158119998,448290.88,435701.2691375354,442929.97
6058ddf4-595f-4907-aeed-faabc0054cf5,BUTTER-E|1048576|16|1|67557.0|exponential,2357578.840322,2.3821708e+06,2492597.511738702,2.4286962e+06
607b7092-f078-4019-941c-18bfcc9d5cb1,BUTTER-E|4194304|8|1|15000.0|wide_first_2x,819552.8785750001,864878.4,853091.6985875348,889214.9
60939c07-80ee-4d63-b471-8b606d9f7c4e,BUTTER-E|2048|5|1|20640.0|rectangle_residual,790936.1070659999,760221.6,754868.1295784293,747213.06
60b79e4f-3997-4913-9e5d-99fd35566751,BUTTER-E|524288|14|1|12958.0|trapezoid,676965.3899309998,659269.75,653771.0830374436,690599.2
60ea8feb-baa2-4b5e-a331-fc999f58b53d,BUTTER-E|2097152|12|1|5300.0|rectangle,428332.407998,442658.88,457666.4426213094,451845.22
6129e8ff-7f43-47ad-8c7b-d30237b3fbae,BUTTER-E|65536|5|1|6435.0|exponential,453409.2261699999,450181.94,468470.2243086248,426096.44
6136144b-57c0-4e14-ae03-0da68ed6c60b,BUTTER-E|65536|9|1|5300.0|rectangle,438157.418355,415352.34,422972.7539654899,415893.78
614490e2-6f4d-45e9-8cf3-c3f8e6ce2831,BUTTER-E|16384|6|1|48842.0|trapezoid,1470942.576652,1.4485941e+06,1470669.1577868913,1.5173856e+06
61605e87-5252-47dc-84d4-2fa5bd6d684e,BUTTER-E|262144|3|1|3848.0|rectangle,352975.1994929999,364875.03,377178.73421624623,367672.97
616b3181-c250-4415-9537-3188dde1b70c,BUTTER-E|4096|5|1|3848.0|rectangle_residual,384656.97739699984,378717.06,378238.49215698347,347404.62
618543e6-441a-41d1-8698-d140a7367d77,BUTTER-E|16384|14|1|20640.0|rectangle,844408.733484,887767.6,863150.2216829357,848637.94
61860eff-faf4-4124-94fb-3bd30c0671c8,BUTTER-E|8388608|2|1|70000.0|rectangle,3997545.538096,3.8213208e+06,3025526.2784993807,3.6967322e+06
618aebdf-95af-4fd3-8977-9deeb63ca5ae,BUTTER-E|32768|2|1|105908.0|rectangle,2736288.243035,2.7901202e+06,2747035.497602487,2.8054088e+06
61b16df2-bde0-459c-85d6-469bb034e408,BUTTER-E|4096|8|1|6435.0|rectangle_residual,449862.825514,433028.62,447783.6360721076,427387.34
61ba732d-46e2-4635-a0b3-47c1e295faba,BUTTER-E|2048|10|1|70000.0|trapezoid,2267209.408468,2.3765208e+06,2396130.7696685866,2.3599298e+06
61eea333-7e9b-4c69-a03c-b3207d810a62,BUTTER-E|16384|18|1|3188.0|wide_first_8x,373877.829958,341709.53,382768.45402066637,376667.2
6211202d-c22a-47ce-a769-b5073d0c5fb1,BUTTER-E|131072|3|1|20640.0|exponential,773638.3392839996,758566.06,749794.2631616597,735898.75
6213e4e8-ff52-43fd-833f-856e88e501a2,BUTTER-E|524288|6|1|5300.0|wide_first_4x,410773.0507699997,410125.53,417551.5458987346,389153.53
62214c09-76c1-4061-af11-bac752a72184,BUTTER-E|4096|14|1|5300.0|exponential,412847.3821879998,416764.5,406282.2047094391,410704.44
623c5eb8-c357-4c1a-ba5d-df1a642174ac,BUTTER-E|2097152|16|1|4898.0|rectangle,459139.583092,432995.16,442595.81190116814,434915.84
628014fd-d3d8-4136-b52c-476cd3d14011,BUTTER-E|4096|6|1|15000.0|exponential,636007.5989999998,640561.5,637620.1943304872,644326.4
62b2f07a-28d1-4de6-a55f-84a8570277f0,BUTTER-E|131072|6|1|4898.0|wide_first_2x,396800.78243,397516.75,401750.1867780249,413646.62
62bd0ef7-6798-4e7c-91c6-227af1f69134,BUTTER-E|16384|7|1|70000.0|exponential,2206501.825864,2.150448e+06,2184317.295019157,2.2165555e+06
62c3c88e-d677-419a-a597-75e8fc906fc0,BUTTER-E|16777216|10|1|3188.0|wide_first_2x,573750.8825199999,554763.7,560569.8643892751,577038.5
6319237f-04cc-454f-b378-783fa5ad3f06,BUTTER-E|16384|12|1|20640.0|wide_first_16x,830784.015315,816675.25,838756.0880042156,810802.2
631937d2-20a0-42e3-9b17-e0782134ea3f,BUTTER-E|32|8|1|3848.0|trapezoid,376265.1107489998,379845.22,377523.34120329417,382561.25
632aae80-ee30-4012-ad63-74dc88d108e4,BUTTER-E|32768|5|1|20640.0|exponential,796740.6601919999,763617.9,769045.1105839303,744424.9
635579cd-c432-404e-b62a-cb01177b6322,BUTTER-E|16384|12|1|3848.0|trapezoid,390517.7063069999,418794.5,387130.96670764283,393914.66
63856020-6f9c-4d66-a42b-bc33cf2ce76d,BUTTER-E|16384|12|1|12958.0|trapezoid,644801.7495629999,662004.06,655187.7567902947,657084.1
6399a478-4430-4e23-a461-bfac6c091bfa,BUTTER-E|8192|2|1|48842.0|rectangle,1418700.141282,1.3428221e+06,1342916.745885945,1.3821461e+06
63a68912-fedb-4927-9226-85a8cf3143d6,BUTTER-E|16384|14|1|70000.0|trapezoid,2510011.385385,2.4009208e+06,2466489.9254356753,2.5369738e+06
63dd8f0d-231e-4fd2-ac5a-4dc660b1f17f,BUTTER-E|4096|9|1|12958.0|wide_first_16x,598104.8053839997,651381.5,625295.1583918897,605643.1
63eb5aaf-e693-4fe0-8545-8f57368ba32b,BUTTER-E|32768|2|1|20640.0|rectangle,762420.8632569999,711208.2,744808.2853674812,745019.3
63f540de-d1ea-479e-bcc5-6384df344740,BUTTER-E|2048|7|1|3848.0|wide_first_2x,366342.53420999966,351681.12,371194.6979753252,381160.28
6418d97e-04c9-4bd0-bf63-3a340bb5bcb6,BUTTER-E|8192|8|1|15000.0|exponential,666416.8883899997,684676.8,701500.3701661965,664372.6
6463dbe7-9a97-4f6a-b752-1970b1e2528b,BUTTER-E|1024|18|1|70000.0|rectangle,2381648.692725,2.3424738e+06,2492284.495656303,2.5885312e+06
6467ced7-6750-4d39-82de-d67b6607843c,BUTTER-E|64|10|1|6435.0|wide_first_2x,403749.815679,436472.38,438471.47992357897,450456.8
64804c77-20d3-4d15-b090-cdc2b29a576d,BUTTER-E|524288|5|1|12958.0|trapezoid,599037.5563160001,592153.0,601033.2652283752,610562.06
648c840d-6be5-4e00-9754-a2a652e8bb12,BUTTER-E|8192|20|1|48842.0|rectangle,1815981.993047,1.6705464e+06,1789126.0721572856,1.7971589e+06
64b9c020-18df-4324-a481-9545c771ead1,BUTTER-E|128|2|1|5300.0|rectangle,401984.7999179998,388251.25,400211.4155331853,399822.28
64c28bd0-a839-4758-85d5-e56d00c3fe9b,BUTTER-E|8388608|3|1|67557.0|rectangle,3733862.918431999,3.8478225e+06,3811265.5484800856,3.981769e+06
64d5054a-4058-418d-a58b-2591e4cadc95,BUTTER-E|8388608|8|1|5300.0|rectangle_residual,598568.3882389999,574651.8,562847.802750126,552134.1
64ebcf0a-2822-4e65-8769-95ec3b1ff14b,BUTTER-E|4096|16|1|5300.0|wide_first_4x,408218.994014,410231.56,443181.12849088496,407146.25
64f0a2cf-7b3d-487b-86d3-47b1c0d3bf34,BUTTER-E|16777216|4|1|67557.0|trapezoid,5599174.897944001,5.771239e+06,5680404.274593171,5.8007215e+06
64f5edf5-c80e-44ff-8406-e7fb92ae9089,BUTTER-E|524288|10|1|67557.0|wide_first_8x,2172860.224234,2.1958e+06,2136771.392224024,2.1334588e+06
6501ca07-cb78-4fd3-ba41-232355a424a2,BUTTER-E|1024|9|1|3188.0|rectangle_residual,378409.963302,367072.12,364241.6417320416,345982.56
65037eab-5b82-4420-9dfb-c9fca757b408,BUTTER-E|16384|4|1|5300.0|wide_first_2x,401363.3892269999,405005.47,401811.41478528496,419583.22
6526d129-0d98-4ad9-af6c-3b700752af07,BUTTER-E|65536|18|1|12958.0|wide_first_16x,654689.2064919998,669424.44,667356.8775781587,646919.2
65270f93-2d4d-4945-a3cd-9524dfae0664,BUTTER-E|32768|8|1|67557.0|trapezoid,1991519.7764220005,2.0783826e+06,2090491.3208987596,2.1508235e+06
65370a62-2e82-462a-9e41-7a6d6c872239,BUTTER-E|16384|2|1|105908.0|rectangle,2763832.72838,2.772471e+06,2719907.3287151097,2.8074e+06
65408c64-6aa6-45af-813d-161f5a271efb,BUTTER-E|32768|6|1|3848.0|wide_first_16x,377546.28272599966,378851.44,374282.5260766949,364163.44
6549e42a-7f96-4974-9dd7-1b38fe2981db,BUTTER-E|32768|18|1|3848.0|exponential,397945.40823,394175.8,400063.22836050304,389658.22
654b7dff-199c-41d2-9b97-50e432b2d412,BUTTER-E|8388608|7|1|20640.0|rectangle,1375713.363539,1.293143e+06,1343403.6576596624,1.2987318e+06
654d2490-2dd4-4a0c-b890-274283c40b20,BUTTER-E|2097152|2|1|3848.0|rectangle,448783.6611089999,436769.25,408520.1426717336,449638.75
65509cfd-868b-4a2b-b5c3-0e6390eb4910,BUTTER-E|16384|8|1|70000.0|wide_first_16x,2038784.544954,2.1675375e+06,2176842.1570516275,2.1275748e+06
6592217c-9221-424c-aff0-2c926dbd9a0b,BUTTER-E|131072|7|1|3848.0|rectangle,369435.17309199984,375917.53,368465.08754921047,374093.6
6595c06a-dcc0-4612-8d00-58bc915ad3d7,BUTTER-E|2048|6|1|15000.0|rectangle_residual,623325.1538419999,620110.8,660079.2067102139,629871.94
6597b486-0bba-4118-89be-b57c5aee9f7a,BUTTER-E|65536|8|1|12958.0|exponential,620789.481188,604308.06,622534.753555341,607855.8
65bfad4f-d6d1-409a-a4e8-ec74ab1bc20a,BUTTER-E|16384|3|1|12958.0|wide_first_4x,587063.9882429998,571633.56,573037.400376272,550982.2
65cdb423-a8ff-4df6-8397-8568ba25ad98,BUTTER-E|8388608|14|1|67557.0|rectangle,4098551.66151,4.208764e+06,4090935.0258168606,4.00458e+06
65dc7507-7ced-479a-86c4-b6369d64576b,BUTTER-E|65536|9|1|67557.0|wide_first_8x,2124558.788352,2.0575016e+06,2070621.1515263184,2.1067962e+06
65dfe981-0172-4d0f-81c1-48f3bc882152,BUTTER-E|524288|9|1|3848.0|trapezoid,446074.466405,397420.1,379964.6365215714,390690.4
65f2757a-df18-4bba-8077-5f155751ff2c,BUTTER-E|65536|7|1|5300.0|wide_first_4x,451624.963144,413199.53,401211.14667708974,380910.28
65f4473e-7513-44d0-bc1b-de6c32027155,BUTTER-E|16384|7|1|48842.0|rectangle,1491554.5645789998,1.4930816e+06,1462991.082483186,1.5209496e+06
66073957-abed-4dc1-b34d-841db1f4fc2f,BUTTER-E|2097152|7|1|20640.0|wide_first_2x,855178.060846,853679.6,864254.7271802932,904299.7
6613875f-c649-4f6a-a6cc-4432d603ae5b,BUTTER-E|65536|8|1|3848.0|wide_first_2x,385639.6814379997,383819.84,373940.28311003983,382376.7
6637216a-7f01-4345-bee6-62e5308b4d97,BUTTER-E|16777216|18|1|3848.0|wide_first_16x,637318.7797649998,638736.94,625883.0484206362,588995.6
66377340-5636-49e8-8156-c327aa904ac1,BUTTER-E|16384|4|1|70000.0|rectangle,2053637.209797,2.077905e+06,2104429.580605718,2.140398e+06
663b243e-cb2b-4b3b-842c-a225095d977f,BUTTER-E|65536|5|1|105908.0|rectangle,2852569.5620980007,2.8398455e+06,2854513.3105145935,2.9591855e+06
663e9dda-dd83-415b-ac74-da992e791b18,BUTTER-E|131072|2|1|3848.0|rectangle,374082.90496699966,390828.28,375555.1723566659,367613.72
6651efce-7d56-44d0-9dca-868504713f28,BUTTER-E|8388608|5|1|5300.0|wide_first_4x,554448.8421549997,562793.2,557077.9152471503,509957.25
6653cf74-358d-4fd6-a665-85a05438a307,BUTTER-E|4194304|5|1|3188.0|wide_first_16x,402212.2959359999,400959.8,397349.8375692591,374287.0
6682158e-007e-49f6-bc1a-e046a141e393,BUTTER-E|32768|5|1|70000.0|wide_first_2x,2167392.52032,2.0776275e+06,2097947.110862437,2.1140578e+06
66856eb1-3a85-48f2-8147-8d54daad0723,BUTTER-E|8192|4|1|48842.0|wide_first_4x,1421193.3665819997,1.3487735e+06,1386365.8111071608,1.341074e+06
668668a6-627e-4624-929c-4158fb8f3552,BUTTER-E|8388608|5|1|105908.0|trapezoid,5769651.957412,5.702207e+06,5673909.430255582,5.852956e+06
669ca4c8-c9f8-4db8-93e4-e341c95c6f8b,BUTTER-E|65536|18|1|20640.0|exponential,893701.0195199996,871882.8,899347.3891525865,875610.06
66c2e7ec-ac3d-4545-8216-a5af04851938,BUTTER-E|16777216|8|1|6435.0|rectangle,822848.956362,834678.25,832084.2664935391,832119.8
66d090ef-3643-4827-b21c-3f01ea4fa15b,BUTTER-E|8192|3|1|15000.0|exponential,601809.8203400001,630235.44,619632.6023870694,608305.9
66e90862-425b-4f05-a855-2437aca43372,BUTTER-E|8192|8|1|3188.0|wide_first_2x,375206.2895339996,355563.1,359125.2769416486,370265.6
6709e06b-7e5b-41e9-99aa-a1617f18b119,BUTTER-E|2048|6|1|48842.0|wide_first_2x,1432069.7889579998,1.4467414e+06,1435754.4855884647,1.4881445e+06
673d70ac-0b45-4adc-8b57-de83c31a87e1,BUTTER-E|32768|14|1|70000.0|trapezoid,2482639.423148,2.3345388e+06,2442881.4698272394,2.53761e+06
6751731b-7749-4b62-9f91-2f6d83e9fa14,BUTTER-E|32768|8|1|15000.0|rectangle_residual,672061.5611499996,658592.94,662803.6634572789,646880.3
67533d75-b15a-4b13-832e-5cf75262ee63,BUTTER-E|32768|2|1|3188.0|rectangle,354010.1245859999,344713.25,351458.14821808826,345837.1
67755d7f-bbe7-4f9d-bcbb-103490983638,BUTTER-E|131072|18|1|67557.0|wide_first_4x,2369747.384928,2.341942e+06,2294491.999939001,2.313808e+06
679d9447-2107-41ac-a620-c97d233368a4,BUTTER-E|16384|8|1|70000.0|rectangle_residual,2249848.7152440003,2.1842565e+06,2213708.376228862,2.264921e+06
67a4eeb9-47ce-4f05-8d24-f6c5a9f3af35,BUTTER-E|32|5|1|20640.0|exponential,755787.4558509998,779513.25,763151.7537380022,742113.4
67be2273-6284-4fc0-9f97-2558943d2b01,BUTTER-E|2097152|6|1|48842.0|exponential,1631813.337187,1.6321626e+06,1649266.0537304035,1.7215334e+06
67c35710-e93d-4cc7-84b3-ca1f3d8fd178,BUTTER-E|1048576|10|1|67557.0|rectangle,2335794.027238,2.2152452e+06,2149498.4361540717,2.2282272e+06
67c4e7ef-a46b-4945-8142-2eec404cd6f3,BUTTER-E|512|3|1|20640.0|wide_first_2x,774706.3738089999,735511.44,737123.500704281,750990.06
67ceeb69-0882-463d-a8c3-3296fde421c4,BUTTER-E|128|20|1|12958.0|wide_first_16x,663266.2254229998,626549.9,656059.0011618512,654779.6
67d5121b-5c82-4b67-a79c-be6b6441ae75,BUTTER-E|16384|2|1|105908.0|rectangle,2742255.553494,2.772471e+06,2719907.3287151097,2.8074e+06
67e64faf-6ebe-4cdd-aa85-a5337a466d00,BUTTER-E|32768|18|1|4898.0|exponential,418706.3465989999,432685.16,424464.6321926187,415992.16
67f1b1fe-0185-4d0f-b113-eac5a98d57f0,BUTTER-E|8192|2|1|4898.0|rectangle,391985.4853199999,391482.22,387760.5553355278,390677.75
68147534-0aeb-459e-a4b8-cf846e5f33de,BUTTER-E|2097152|12|1|67557.0|exponential,2423524.897178,2.5179942e+06,2463336.2788623865,2.530399e+06
683b07f7-1675-45b6-a90a-92c2b119f021,BUTTER-E|128|12|1|12958.0|trapezoid,646752.470503,632386.06,647617.6978081453,655780.75
683bb20d-78f0-4ede-a5fa-1e02d795bb1e,BUTTER-E|8192|6|1|48842.0|rectangle_residual,1487796.4841769997,1.4609668e+06,1439162.7615227986,1.4560331e+06
683f1f50-da25-44a4-be61-60a984017469,BUTTER-E|4096|9|1|15000.0|trapezoid,681756.849154,654698.44,680132.120586938,679388.8
68b38e8e-149b-4933-8447-d2f6300348ed,BUTTER-E|16777216|6|1|20640.0|exponential,1920645.015861,1.9531655e+06,1951307.2927334441,1.8064879e+06
68c102bb-0016-4369-a332-f147b89e44a7,BUTTER-E|32768|2|1|67557.0|rectangle,1821876.684969,1.9054656e+06,1854771.4763429114,1.897266e+06
68c3ac30-9473-485e-91a7-eae48a74012e,BUTTER-E|1048576|4|1|3188.0|wide_first_16x,356977.83303,357748.44,348519.0013556184,352575.4
68c808c7-1aa9-48ce-a29f-07ac30972151,BUTTER-E|1048576|3|1|48842.0|wide_first_16x,1451069.871458,1.404852e+06,1416396.6085057773,1.5028989e+06
68d1c010-35c0-4c5b-8c34-d1905db00848,BUTTER-E|2048|4|1|3848.0|rectangle_residual,370475.8954919996,369898.2,363972.0009863804,347124.78
68d35042-670d-4347-a674-9cc281ac86e9,BUTTER-E|262144|9|1|6435.0|wide_first_2x,449201.311137,453354.66,451343.51439825265,456850.66
68fb21b7-3500-4533-97e9-acf16000dc89,BUTTER-E|524288|7|1|4898.0|rectangle,403863.4604919999,413075.8,404557.3943490044,409406.9
691b7eb9-2ecb-4894-87a6-53b60a58fde2,BUTTER-E|1048576|14|1|3188.0|rectangle,376391.13108,372029.0,383949.3688671636,379134.78
69227a4a-0181-4b0e-9009-43ff1964e5f5,BUTTER-E|524288|18|1|20640.0|wide_first_4x,954877.609158,958747.5,947882.0885019263,849098.56
69345750-74a7-43ec-8cb3-fbaea8e86032,BUTTER-E|8388608|2|1|20640.0|rectangle,2382487.144768,2.1452942e+06,1323836.387737573,1.864632e+06
694fdc46-ce69-4291-8282-d729fec946ad,BUTTER-E|1024|4|1|4898.0|wide_first_2x,412195.1489839998,388949.8,399352.66430020495,409577.16
6957895d-9a44-4829-85ad-a95e59eaf5f6,BUTTER-E|2097152|3|1|70000.0|wide_first_2x,2261090.408951,2.2321832e+06,2306949.317824982,2.3643652e+06
695c6cb0-17e1-4e11-a989-93ec4969126e,BUTTER-E|65536|2|1|6435.0|rectangle,447206.56289799983,426816.3,441625.4978027175,427444.03
69698916-fe8f-40c3-9427-ecdf13b813d3,BUTTER-E|131072|3|1|3848.0|trapezoid,360419.6433179999,366853.75,374634.82695417124,376829.6
697c9093-f6ba-40d4-9493-a6b0ae44dc72,BUTTER-E|512|2|1|3848.0|rectangle,360239.5967059998,371249.28,368322.5593517211,362611.9
698fa749-5e69-4a47-b315-60ec5f1341d0,BUTTER-E|128|3|1|67557.0|wide_first_16x,1854515.013842,1.9576746e+06,1817035.9272405168,1.8619434e+06
6990fd94-da4c-4117-8e91-9335779ef246,BUTTER-E|2097152|6|1|3188.0|wide_first_4x,373411.7878899999,375207.62,371601.2168613442,345545.66
699aa5e8-d8be-4649-951f-c53dd0cd5ebb,BUTTER-E|2097152|18|1|3848.0|rectangle,414537.6398829998,404456.22,405796.4139915005,413053.75
699b9c73-cc20-49f1-b09a-c14a165eab75,BUTTER-E|32768|6|1|12958.0|exponential,589785.8944519998,597628.9,593074.5245767654,586211.6
69a76b1f-ea81-4551-b1d0-e1a71b07bbf8,BUTTER-E|32768|16|1|3848.0|trapezoid,420401.4466239997,408161.34,402784.8315157932,396400.34
69afdd8c-a127-4f5a-87c7-de0a13c69116,BUTTER-E|512|7|1|67557.0|wide_first_16x,1894552.995711,1.902613e+06,1963991.2773927804,1.9674802e+06
69ca0d13-52b1-4f4b-82d1-fdacc1482c42,BUTTER-E|16384|14|1|5300.0|trapezoid,451446.11657600006,462683.53,439591.08882083406,427309.5
69cdad9e-9fde-48e1-bb65-afeae11e0b80,BUTTER-E|512|8|1|12958.0|exponential,603753.1798769996,623012.4,607802.9076076938,606933.7
6a014b19-2a6f-46d1-9b91-a565c133ac74,BUTTER-E|512|7|1|15000.0|trapezoid,620348.916276,660975.1,647808.437704768,662024.9
6a1d808c-d46a-4154-aa04-42582108ba94,BUTTER-E|128|3|1|67557.0|rectangle,1816805.0103120003,1.8432616e+06,1834770.3672447437,1.9271088e+06
6a25837c-1d4f-4c66-8f8b-266383eec66b,BUTTER-E|262144|5|1|6435.0|exponential,464517.241754,449456.1,455330.0752022522,430369.84
6a496b4d-a04c-4753-8a4e-208889d9f4a1,BUTTER-E|8388608|14|1|67557.0|exponential,3918947.002302,4.1669885e+06,4110802.210757397,3.9917418e+06
6a578745-d26b-4fc3-9361-469f0083ec2f,BUTTER-E|16777216|8|1|105908.0|rectangle_residual,9067495.300663,8.917588e+06,8982235.532698732,9.17702e+06
6a6412fd-8d84-4024-b83a-329fae667aad,BUTTER-E|64|10|1|3848.0|wide_first_2x,379994.093261,393394.7,376763.11969772546,379955.72
6a6d6ca0-d881-44ba-9026-b0d749944443,BUTTER-E|2097152|2|1|3848.0|rectangle,455368.7789919997,436769.25,408520.1426717336,449638.75
6a769738-41d2-4df4-838e-4418d250cdb6,BUTTER-E|8388608|6|1|4898.0|trapezoid,545626.8523060001,544848.75,539411.5350514621,557929.06
6a7a8f25-8545-4104-b226-19f8ede94695,BUTTER-E|2097152|7|1|4898.0|wide_first_4x,410742.6452919997,413039.97,416502.70605859376,400467.6
6aa6cf01-c276-47dc-a50c-c1d2a75224b9,BUTTER-E|65536|9|1|67557.0|trapezoid,2104414.752196,2.0961604e+06,2141798.8554709987,2.1812568e+06
6ab73397-fad0-4422-9a30-ea3a475b3fbe,BUTTER-E|4096|2|1|15000.0|rectangle,592037.8611759997,630788.7,622450.0857813603,623606.8
6ac23664-0d1d-4004-af16-d5ddf122d138,BUTTER-E|524288|7|1|48842.0|exponential,1549246.297639,1.516817e+06,1546078.2403510737,1.6041008e+06
6acad947-b5a8-4d62-a442-1097204e3ea7,BUTTER-E|262144|5|1|3188.0|trapezoid,333386.3342349997,355976.0,363346.06795537553,353616.28
6acc6e24-edf7-4343-8d19-44938f6098c1,BUTTER-E|128|10|1|12958.0|trapezoid,606368.3350009996,620337.4,619794.5339872667,642467.8
6acf7e7c-2962-494a-aee7-69adfbd3e0ba,BUTTER-E|8192|16|1|3848.0|rectangle,390790.69764499983,384102.53,402868.9179042619,394844.38
6ad04733-54ca-4873-b1d3-3d028612d92d,BUTTER-E|2097152|6|1|20640.0|trapezoid,869867.999204,857382.94,875489.2404752262,885994.0
6ad26634-ba07-4e79-92fa-dc1f979a60e4,BUTTER-E|4194304|5|1|20640.0|wide_first_2x,1020430.560425,1.0179113e+06,1043106.4491056638,1.0278731e+06
6ad69c82-b7bd-416f-b48f-aed8de48f095,BUTTER-E|16384|4|1|3188.0|wide_first_16x,334823.0997459998,362451.16,354165.0108941229,343747.78
6ade4676-fc42-47b4-9243-50d01655673a,BUTTER-E|65536|8|1|70000.0|trapezoid,2232815.349504,2.2604868e+06,2216666.192290161,2.258304e+06
6ae39c0e-2a1a-490e-bf53-ea2348d870cd,BUTTER-E|32768|2|1|67557.0|rectangle,1911685.921404,1.9054656e+06,1854771.4763429114,1.897266e+06
6ae76dd6-1030-4a43-b020-c9c4e4e38a8e,BUTTER-E|16384|6|1|5300.0|rectangle,407038.5219599996,404706.22,412905.8923030198,402812.53
6b27cacc-425e-4d09-9118-41c5331ada77,BUTTER-E|4194304|16|1|3848.0|trapezoid,432306.191767,447393.12,436195.4918710481,444415.97
6b47cfa0-df45-4a1a-a583-452ebd4ceef1,BUTTER-E|2097152|5|1|67557.0|wide_first_2x,2221689.602957,2.16568e+06,2156514.0471386374,2.3476958e+06
6b4ee3b4-09fa-48a9-a43c-1fb740f7706e,BUTTER-E|131072|18|1|3188.0|exponential,374762.8414869998,378455.28,376798.0995682654,372319.7
6b60221a-9a44-4854-a943-424d3737bdba,BUTTER-E|131072|4|1|70000.0|rectangle_residual,2027327.638075,2.1536848e+06,2112987.1842798274,2.1022202e+06
6b768a3c-9a0e-47c7-8ad7-c72728b14dbc,BUTTER-E|4096|6|1|3848.0|trapezoid,363818.6959249998,372956.88,376483.9333636752,379901.75
6b995154-0f51-47d9-878c-f516a15a22ef,BUTTER-E|8388608|2|1|4898.0|rectangle,789576.005475,804355.1,900929.0223900896,975317.8
6b9ad187-3377-4d69-835b-b631b9cb3e39,BUTTER-E|16777216|4|1|4898.0|exponential,681543.791198,688463.3,693817.8672556654,714269.7
6ba25647-4d91-46ed-9ca7-ae780d29d3bb,BUTTER-E|4096|8|1|15000.0|rectangle_residual,674424.3941139999,614557.3,666935.5125878634,646279.7
6ba9bb4f-0e64-4500-845f-cfeea1903941,BUTTER-E|16777216|12|1|3848.0|trapezoid,624105.7978569999,613164.0,625994.5223908346,637921.2
6bc16664-b575-420a-baa7-c49f4ba62f70,BUTTER-E|128|5|1|20640.0|exponential,765925.95035,761630.1,771965.3416171358,742120.44
6bca01df-a6f8-412f-801b-fa8a2c750f78,BUTTER-E|2097152|16|1|5300.0|rectangle,469759.4561629999,463587.22,473048.28188253473,454099.34
6bcb6984-d4aa-4e4e-b180-5175a726b657,BUTTER-E|262144|9|1|20640.0|rectangle_residual,809698.5361979998,832035.75,789713.0710714498,773196.3
6bcc5f07-1bcd-4d37-bc35-eeae2e8533ff,BUTTER-E|64|8|1|15000.0|rectangle,614520.6689399998,634677.1,632556.120924707,670236.3
6bd141a7-8a05-40f7-9393-8378eb1f282b,BUTTER-E|512|6|1|4898.0|trapezoid,407591.8536199997,401599.28,403561.5539572218,403722.06
6bf444eb-be49-44eb-9602-9463ef7fc098,BUTTER-E|16777216|9|1|5300.0|wide_first_2x,719670.0370109997,711960.1,725125.4162068682,786267.94
6c022a0b-f528-478f-b7df-a601f8a87ec7,BUTTER-E|1024|3|1|4898.0|rectangle,386335.5593779998,384456.53,393603.5070634479,392444.4
6c1c0c0b-f4a9-4703-b9fc-2d87f39f6922,BUTTER-E|8388608|16|1|48842.0|exponential,2905982.929675,3.0209968e+06,2926517.046622144,2.9991085e+06
6c1d56c8-b0da-456c-b786-5bf5f1f36467,BUTTER-E|524288|3|1|20640.0|rectangle,763675.1585499999,749624.1,768537.4311604587,775981.94
6c26f7da-5a16-401d-9c2f-0672fd4d7777,BUTTER-E|2097152|7|1|5300.0|rectangle_residual,446719.1264419999,431049.66,426948.1043734658,414195.72
6c388bea-ad8e-4122-890b-88dfca6ebea7,BUTTER-E|8388608|16|1|12958.0|trapezoid,1035154.614256,1.0379859e+06,1031109.776226431,1.04855506e+06
6c4cbe28-abd8-4706-beff-bc4a0e7a8089,BUTTER-E|64|2|1|5300.0|rectangle,400173.3987759997,380777.0,402034.7796857848,399820.78
6c629b11-0dca-48f3-9617-744e47ef081f,BUTTER-E|32768|10|1|6435.0|rectangle_residual,447621.854374,455883.6,455809.8129725927,432002.78
6c6bd9b2-81b0-4ac4-82c4-67dfe8366970,BUTTER-E|2097152|7|1|70000.0|exponential,2545832.434781,2.4212982e+06,2458163.851754836,2.4527805e+06
6cf125d9-4552-4b72-b6df-30c15eeadd94,BUTTER-E|524288|7|1|48842.0|trapezoid,1597444.960116,1.5045122e+06,1632420.5756128025,1.6344898e+06
6cfa9c97-d82f-4f14-b2ac-3549b54a1ff9,BUTTER-E|32768|2|1|3188.0|rectangle,318007.32925299986,344713.25,351458.14821808826,345837.1
6d098a01-9090-407e-908a-d66fb335cc97,BUTTER-E|8192|6|1|70000.0|rectangle,2176218.751567,2.1924688e+06,2175189.2886188533,2.2095022e+06
6d282a43-9d3a-46ba-bc64-da7b1ae19402,BUTTER-E|16777216|5|1|20640.0|trapezoid,1896445.111444,1.9794274e+06,1934341.1740632583,1.9410104e+06
6d2d7f18-93e5-4eea-bbc8-9fba1284f999,BUTTER-E|1024|5|1|4898.0|wide_first_16x,408541.1894999996,413735.4,396336.2316593797,387246.53
6d2f4d13-4540-44be-b4d5-c7c3365c3680,BUTTER-E|524288|5|1|15000.0|rectangle,650706.7217099998,638654.06,631561.4286349686,665431.6
6d32d2e5-b740-4d55-aa86-5812564f9689,BUTTER-E|64|9|1|20640.0|trapezoid,748937.1805869999,807993.2,788843.2777252437,819639.44
6d3dfde7-b5ba-44ad-bee7-1f099122032a,BUTTER-E|8192|12|1|70000.0|exponential,2511190.620246,2.4806732e+06,2426455.9866389195,2.402153e+06
6d425db1-f5f6-421e-a442-949f4136256e,BUTTER-E|256|9|1|48842.0|wide_first_4x,1438543.62597,1.4516006e+06,1518670.9112844863,1.5575036e+06
6d569f27-d8c2-4499-a031-07d6fb4749df,BUTTER-E|2048|14|1|3188.0|wide_first_8x,366213.2943859999,354235.66,363692.6406994163,375124.97
6d6e88c6-fa8b-45f4-8f95-8082912c1dc2,BUTTER-E|512|14|1|6435.0|trapezoid,465428.8279919999,484568.8,478426.72079709964,477586.1
6d7109ad-5ebb-49cb-84b3-491c70a7d892,BUTTER-E|4194304|16|1|6435.0|rectangle,575917.3829059999,578743.7,574815.1110616858,540421.06
6d74167c-1c4a-43db-aca3-8e919451b4b4,BUTTER-E|8192|16|1|48842.0|trapezoid,1735710.7419239995,1.7130384e+06,1698872.4524242159,1.7695682e+06
6d75f0de-5506-46d2-902b-6865098c084d,BUTTER-E|32768|5|1|5300.0|exponential,371139.7326649999,406439.4,403567.7396792619,392197.47
6d8c74db-0fbe-4171-a23e-8fdbc1dc55ef,BUTTER-E|8388608|4|1|48842.0|rectangle_residual,2800894.461328,2.7870832e+06,2702543.500888766,2.6952222e+06
6de4af65-173a-46d3-a359-d13b8cd26e00,BUTTER-E|65536|9|1|70000.0|trapezoid,2323290.16703,2.2871542e+06,2296088.008527157,2.3087315e+06
6dfabb42-eaf5-4dbe-b375-a9e04ae5b0f8,BUTTER-E|262144|6|1|6435.0|rectangle_residual,425713.7862699998,443360.2,446284.8836706826,435633.16
6dfeb63a-97d7-4c47-9fe4-89b02c9801b8,BUTTER-E|2097152|18|1|48842.0|wide_first_8x,2020830.74694,2.140006e+06,2005583.5167512812,2.1737082e+06
6e01d7a5-c52b-4bc2-8ab5-26792c58dce8,BUTTER-E|256|4|1|4898.0|rectangle,399762.95031,391858.38,391346.6657601874,394070.94
6e4f864f-d1dc-42b4-8e17-307b78eff162,BUTTER-E|2097152|7|1|20640.0|rectangle_residual,826189.8066069998,847883.2,853719.2624281953,842391.25
6e6fceab-3e83-4b3f-a428-328a84b72fd7,BUTTER-E|131072|12|1|15000.0|exponential,673924.0325809999,685590.25,695442.801543065,707190.06
6e823d78-957c-4dd6-a53f-87e325a19478,BUTTER-E|8388608|6|1|6435.0|wide_first_8x,620165.6160860001,641528.6,624241.8007431863,637981.4
6e87ee59-df11-43e5-b62c-b081c79c2232,BUTTER-E|2097152|10|1|15000.0|rectangle_residual,731343.1164779998,758267.3,735319.0690266773,704277.1
6ebc7420-034a-4078-bd14-b2bc30a43024,BUTTER-E|32768|2|1|4898.0|rectangle,372409.0604739997,372819.62,385830.8836218059,391004.62
6ebe7b53-1a04-4234-b2b5-a2b0387aaf0d,BUTTER-E|8192|10|1|5300.0|wide_first_2x,420625.5571689999,413500.3,417577.01811770245,421941.1
6ef229c7-9437-4311-a405-e4714096284a,BUTTER-E|8388608|16|1|105908.0|exponential,6132472.495584,6.2520455e+06,6450732.262437032,6.3984345e+06
6f1944de-fdb1-4781-965a-1490cea70144,BUTTER-E|8192|2|1|12958.0|rectangle,562285.2130799998,586619.9,586432.5918191955,578976.06
6f1b0ede-3d50-4426-a248-a4a75bd37f01,BUTTER-E|1048576|10|1|67557.0|rectangle_residual,2133027.926081,2.2882888e+06,2176750.97828594,2.1899738e+06
6f298cc3-bec6-46d3-b5a5-72f6746147cb,BUTTER-E|524288|10|1|6435.0|wide_first_2x,466394.5113419999,466324.44,456304.6224759485,459366.25
6f360b83-aba7-4abf-85a9-3caee38c0ea7,BUTTER-E|4096|8|1|67557.0|wide_first_2x,2041609.619144,1.9629224e+06,2061138.1887174936,2.1053862e+06
6f41c8f7-bbd1-4224-a048-2bb0e9245128,BUTTER-E|131072|7|1|20640.0|rectangle,810275.0825119999,773604.94,783226.4951354035,779543.75
6f4b04b7-8ae8-4024-b3ac-a3031b333ec6,BUTTER-E|1024|10|1|12958.0|rectangle,632083.6832769997,624968.44,627995.7095282741,621231.3
6f643171-72f6-472d-9765-841896e2d3fd,BUTTER-E|524288|12|1|105908.0|wide_first_16x,3233951.990166001,3.2708812e+06,3317084.7200459717,3.278861e+06
6f6a62cc-86b8-4503-9146-ea3bbe3a93f3,BUTTER-E|524288|9|1|20640.0|rectangle,795417.2989169997,806081.4,812220.236803315,816128.7
6f83a660-b4d6-4437-8c35-71ea4744727c,BUTTER-E|8388608|7|1|3848.0|wide_first_2x,488789.4102520001,484213.56,484428.7614702131,490926.44
6fadf393-286f-49cc-ba6b-7e9e744a2deb,BUTTER-E|8192|3|1|3188.0|trapezoid,354841.2972879999,348392.7,355329.86393884,355867.03
6fd4c9af-b8f3-4ff2-81d0-37cb181cb8a0,BUTTER-E|128|3|1|6435.0|trapezoid,428163.781882,440588.4,437212.0777111601,437978.03
6ff5b4bc-4f30-4c79-9a3a-ca0fd18d6f64,BUTTER-E|1048576|10|1|6435.0|exponential,478682.556849,463266.8,471269.78958152473,463818.06
70136fe6-f1b8-4fed-8bf6-c12615b764fc,BUTTER-E|8192|10|1|4898.0|exponential,382656.5400849999,412944.25,412593.0120087468,407640.44
70347efd-802d-4864-a2b4-907fe439f7f3,BUTTER-E|65536|10|1|48842.0|trapezoid,1620194.9362549998,1.600696e+06,1554948.6710802545,1.6416289e+06
70408986-4fcb-460d-80cf-da05dc549685,BUTTER-E|16777216|16|1|70000.0|trapezoid,6642945.240305,6.434213e+06,6528898.823964688,6.8104555e+06
706cfabd-52d5-48f6-b41f-7eb56bee5ee5,BUTTER-E|2048|9|1|6435.0|trapezoid,438173.2877499997,451860.75,458732.42057963385,457170.56
7072a63a-48b9-45ef-8c0e-e154a198955d,BUTTER-E|32768|10|1|15000.0|wide_first_2x,666573.570168,682956.5,673955.3272085417,679672.0
707b604e-f201-4420-b61d-0adb90d9118a,BUTTER-E|4194304|3|1|3188.0|exponential,379098.677444,394005.2,383756.5999176489,368691.25
707e9a38-8d01-4628-af4d-7d16c0a556f6,BUTTER-E|262144|6|1|105908.0|exponential,2935129.6587570007,2.937294e+06,2907390.8636850705,3.0698762e+06
70c123cf-4329-4951-bbf7-b21ffb3a66c9,BUTTER-E|128|5|1|4898.0|wide_first_16x,393617.925288,390462.8,392243.4773588467,387202.6
70e1d329-5d47-4c42-8d78-d534b80fcaed,BUTTER-E|16384|3|1|3188.0|trapezoid,357634.0426769997,350427.0,357489.33016537526,355799.84
70f51ae5-8388-4662-81df-062024d489d9,BUTTER-E|32768|4|1|12958.0|wide_first_4x,577686.6920919999,594651.5,574707.2273875561,555872.1
7104ea91-e3ed-4be1-82a3-ad5f33256871,BUTTER-E|2097152|16|1|6435.0|trapezoid,497248.2550629997,512572.12,515875.30953453394,502065.9
7114b930-aeda-4782-97db-9f0822c9340a,BUTTER-E|256|9|1|12958.0|exponential,600008.129416,615018.1,606988.4702754779,615104.94
713cc047-1bce-4e97-a530-4841e7457e58,BUTTER-E|2097152|5|1|6435.0|wide_first_2x,475384.34948999976,478701.0,473216.8132279658,473673.84
713ee32e-d80a-4bcf-a6ed-53573f2ac1e0,BUTTER-E|1048576|7|1|48842.0|rectangle_residual,1587633.4813539998,1.5654332e+06,1563539.5055434639,1.6118848e+06
717f3a99-7f05-448e-9f19-63a01539e2b8,BUTTER-E|16777216|4|1|5300.0|wide_first_2x,702161.4004949998,704757.5,705924.2777944651,815045.94
71914777-6c17-44a8-a4eb-351d6c4194ac,BUTTER-E|16384|6|1|5300.0|wide_first_8x,398737.3754819999,424840.62,411142.1860084993,406947.12
719d57a4-8466-4bd8-a168-b3a574c82ca7,BUTTER-E|8388608|6|1|3188.0|wide_first_8x,430303.4620789997,446871.2,442796.30930288584,450363.16
71cccba3-c995-436e-91f2-aa073168e5b9,BUTTER-E|8388608|8|1|20640.0|wide_first_2x,1329074.566987,1.3663185e+06,1350916.8896759823,1.3362712e+06
71f9a334-0af7-4f38-8e4e-e18082d7a987,BUTTER-E|4096|5|1|5300.0|rectangle_residual,417986.8507259996,406894.72,407228.9970651032,380209.8
72050e2c-4a71-45df-80b5-8b1b012edf97,BUTTER-E|131072|8|1|20640.0|exponential,745575.2890489998,802995.44,804981.2576869373,781719.8
722b5f88-5f48-48f3-99a3-6d3c5cdfea0f,BUTTER-E|16384|4|1|15000.0|rectangle_residual,636410.7504829996,650953.0,630294.7679801033,619288.1
72472869-aae4-42bc-97e4-bbef77de3eef,BUTTER-E|1024|16|1|48842.0|trapezoid,1741021.3148040003,1.7270965e+06,1704862.341695521,1.7679185e+06
724922d6-9a88-44c6-a971-a058ec48b658,BUTTER-E|32|10|1|20640.0|wide_first_2x,777987.8734819996,812498.1,778817.3378179166,793613.0
725debde-5727-4619-b0f7-9e5ce16e154d,BUTTER-E|524288|16|1|48842.0|rectangle,1738444.169226,1.7497245e+06,1747017.1347171569,1.7886456e+06
72697375-3ba0-4acb-8fb3-292afbc81e67,BUTTER-E|1048576|9|1|105908.0|trapezoid,3203292.679635,3.3007442e+06,3251204.629861744,3.3670978e+06
7295303d-7407-4824-b6ea-d4dc908cb98a,BUTTER-E|131072|10|1|15000.0|rectangle,666599.6932849998,668283.25,679881.1199840512,684525.4
72b44f9d-57ad-4703-bef9-3607441e6de5,BUTTER-E|1024|3|1|48842.0|trapezoid,1387154.9923039998,1.3910111e+06,1375499.0532249513,1.4055864e+06
72ca29c6-6cd0-4c92-8d35-b46dc7516535,BUTTER-E|16777216|14|1|48842.0|rectangle,4409255.674344001,4.315102e+06,4388037.6968493555,4.515448e+06
72ce7bae-92ba-43f5-95c9-fde52e7ffb5a,BUTTER-E|8192|5|1|67557.0|wide_first_4x,1922033.6770770005,1.8411042e+06,1919972.8307616373,1.90091e+06
72e268af-df25-4414-9455-83db2d1acee9,BUTTER-E|256|14|1|48842.0|rectangle,1635597.6077639998,1.605374e+06,1536157.471572808,1.6856988e+06
72f8704c-0b1b-4a55-b7e6-fefe661499f7,BUTTER-E|1024|12|1|20640.0|wide_first_4x,861615.31959,869403.56,853233.3654701124,801255.1
73149689-0306-4e37-bb4f-438cea7d3f9e,BUTTER-E|128|4|1|12958.0|trapezoid,586688.2543319997,588041.5,575043.8241359274,593055.0
734011a8-11ea-4ccc-8a68-e086af4b0620,BUTTER-E|131072|3|1|3188.0|trapezoid,348881.36707399966,349480.5,347729.3139121631,354863.88
73401b97-563a-4e06-a4eb-1e05431792a2,BUTTER-E|2097152|5|1|6435.0|exponential,478389.5387119998,477898.66,471017.4223974604,456498.3
735e0f03-0866-49e1-b792-4cb6e079482f,BUTTER-E|524288|20|1|3848.0|rectangle,410915.28661599976,403784.84,408572.30331865716,405178.16
7360f1b2-b86f-40d6-80ae-4f62f6544ea6,BUTTER-E|2097152|20|1|12958.0|trapezoid,765855.544644,783859.4,754400.1695779403,800945.0
73692c06-e518-4633-97c9-7f272f6c99b7,BUTTER-E|524288|12|1|12958.0|exponential,608147.3019829999,640833.4,652721.2932136649,634089.6
737e508b-21e8-42e3-8a14-9a6ee57a8125,BUTTER-E|256|5|1|20640.0|wide_first_4x,771552.1906239999,791137.44,769362.2673908395,724702.5
73b8a5f2-752e-4ec1-849b-a409b12731b1,BUTTER-E|8388608|18|1|12958.0|wide_first_8x,1028716.873975,1.01592225e+06,1040296.1320502668,1.0760375e+06
73beb78c-1ece-4796-8b79-7fbf9f76cd94,BUTTER-E|16384|2|1|12958.0|rectangle,593865.5940739997,580891.94,576944.8867139539,579648.44
73bed366-4a2d-487e-a4f0-98bc2ade183e,BUTTER-E|262144|5|1|5300.0|exponential,419179.4461649999,406315.0,413696.37371223595,394251.75
73bfe9fc-9b82-4f2f-b5b9-61f547bbaf44,BUTTER-E|65536|9|1|48842.0|trapezoid,1581284.0186109997,1.5575882e+06,1545598.4182905892,1.613332e+06
740c4b9b-e12a-4c52-82d4-7f82781036ec,BUTTER-E|16777216|12|1|67557.0|exponential,6050594.791136,5.9616595e+06,5884103.150005177,6.212183e+06
740fcad0-d3bd-4983-a0f9-fb64024ed718,BUTTER-E|262144|5|1|48842.0|rectangle,1449517.647553,1.4219109e+06,1447307.4327277632,1.492505e+06
7426b817-6035-497e-809a-ab285adae3d3,BUTTER-E|65536|12|1|4898.0|rectangle,390592.281008,413429.72,398313.36419412756,413010.44
7430bc09-3aed-4713-adee-91b8929d2179,BUTTER-E|1024|12|1|5300.0|trapezoid,438619.89128999977,445414.34,439522.5582893301,421788.62
7463401f-75f9-43d1-8f8b-101f31e6ff02,BUTTER-E|2097152|16|1|48842.0|exponential,1987629.825156,1.9089396e+06,1989705.3487593622,1.9859602e+06
746b7290-01b4-41ed-a45b-a40b808de028,BUTTER-E|32768|4|1|6435.0|wide_first_2x,448489.73747999984,438563.2,449325.4392205169,444007.16
747f0bf8-3722-4212-a4df-8595d5045dde,BUTTER-E|1048576|16|1|15000.0|exponential,723349.3580239996,727908.8,750780.5605828224,747089.8
74a1b581-618c-43b2-99e1-32f25328433e,BUTTER-E|262144|9|1|6435.0|wide_first_4x,449144.373105,455997.94,452969.43259215134,437056.75
74a87a5c-85a4-4faa-9fb2-2951c55186d4,BUTTER-E|524288|2|1|105908.0|rectangle,2749738.2854250004,2.7501872e+06,2783107.125387824,2.8374118e+06
74ab71db-cd28-4f01-b1b1-1dc45082a965,BUTTER-E|256|2|1|67557.0|rectangle,1854951.70849,1.8589112e+06,1840385.3690266365,1.8947436e+06
74b8d8a1-fcf5-4104-b49e-17a74b9ef9cf,BUTTER-E|16384|9|1|5300.0|rectangle,429461.208586,423795.38,415929.0663099627,414054.34
74cbc515-0721-4627-a78b-0e4a39f43841,BUTTER-E|8192|20|1|4898.0|wide_first_4x,431446.5374499997,406662.34,427957.5001060635,399329.97
74cc0de2-1f5f-4388-8d46-e3ffe1446cb3,BUTTER-E|524288|8|1|3188.0|exponential,359589.95750999986,373299.9,366580.24590052833,353886.16
74e24cde-3082-4d37-920b-fd1d34769950,BUTTER-E|524288|9|1|6435.0|wide_first_2x,454136.5300479998,463642.94,449972.8623159758,461685.62
750eb2ec-f256-4386-9444-aa3d6911fdd6,BUTTER-E|1048576|12|1|67557.0|exponential,2266432.44578,2.2670865e+06,2306878.0119801345,2.3107912e+06
75615b24-5566-43e1-a35a-0dae84f02504,BUTTER-E|65536|5|1|4898.0|trapezoid,390689.1010229997,393383.06,395735.0927786984,402059.12
756e92db-4148-435f-b44e-bec49dd6ebdd,BUTTER-E|1048576|6|1|4898.0|rectangle_residual,408707.3947239999,401291.1,417480.8351155052,388360.84
75ac32b2-2457-4557-abca-f5f62e0f502a,BUTTER-E|1024|2|1|105908.0|rectangle,2738674.14719,2.7453262e+06,2734552.6893851506,2.8105075e+06
75b16ae3-4c06-4efc-8961-1319efb97697,BUTTER-E|16777216|18|1|12958.0|exponential,1454855.6055999997,1.4255728e+06,1412622.1388868364,1.5084746e+06
75b77f69-66c8-40a9-a33b-cd8ff0598de7,BUTTER-E|2048|4|1|70000.0|wide_first_8x,2029844.776453,2.0400051e+06,2049338.3604687373,2.0693006e+06
762e5759-1e9d-4898-ab37-9040717ee301,BUTTER-E|4096|7|1|4898.0|exponential,394104.7706149998,400813.38,396693.6311902649,397622.53
764237a8-bc95-4024-8e4c-f95b43d692f6,BUTTER-E|256|10|1|48842.0|rectangle_residual,1561016.4887269998,1.6277899e+06,1518019.6225515008,1.5588246e+06
764bb9a4-60df-4dc8-8c93-ae6ecda723b0,BUTTER-E|64|8|1|20640.0|trapezoid,787776.1313119998,797941.06,784483.9065636476,804764.9
764d7d6c-5c6d-47e0-9af1-7b5f91ea70b0,BUTTER-E|32768|5|1|12958.0|rectangle,565026.7749419998,579321.8,593307.2950845269,598631.7
76b280e5-511b-4f00-bb8d-0339cd3923e2,BUTTER-E|8388608|12|1|3188.0|trapezoid,463922.7235959996,465212.16,468783.26624801045,459672.12
76cd467e-489d-4a10-80ae-c4e4f995e523,BUTTER-E|524288|12|1|48842.0|rectangle,1631469.7532820003,1.6198889e+06,1657235.6795306173,1.6946542e+06
77056630-07ee-4a07-97fb-4e61bcb2392c,BUTTER-E|1024|9|1|105908.0|rectangle,3029481.040066,3.0636962e+06,3048237.2396297227,3.185023e+06
7748347c-2ecc-4e25-867d-432fb6c10bd9,BUTTER-E|524288|2|1|20640.0|rectangle,788548.3878799998,922818.94,783825.6070949133,779975.06
77486817-bb88-40a8-aa38-e5e18343eea5,BUTTER-E|65536|4|1|67557.0|trapezoid,1818156.195573,1.9020198e+06,1889780.274669016,1.9293945e+06
775e3832-e05d-4fc5-b9ad-0d46c04bebbd,BUTTER-E|2048|2|1|67557.0|rectangle,1825618.002369,1.8536941e+06,1835965.8964839664,1.8948828e+06
7770bf6e-5855-4b57-924c-e627195c0087,BUTTER-E|4096|6|1|15000.0|trapezoid,650247.3647049996,619750.2,648260.1804127194,653385.44
77722447-d4bd-4414-9220-51d53e53304a,BUTTER-E|2097152|10|1|48842.0|exponential,1759245.69784,1.6943101e+06,1695639.5440702706,1.8008716e+06
7787a87f-0886-4981-b896-b99ca0452794,BUTTER-E|64|16|1|20640.0|exponential,857640.1249309997,851628.8,843904.6308821219,857638.1
77af42e0-9ef8-43d1-ab0d-78d8ad409870,BUTTER-E|32768|3|1|12958.0|exponential,578962.3948479997,575505.2,581092.5632963546,574077.75
77ba5d4d-153c-4499-894d-091285faae09,BUTTER-E|8388608|9|1|20640.0|exponential,1349368.5776900002,1.3569068e+06,1376659.608817157,1.3312151e+06
77bed7e4-2c95-406b-8c5a-e51f7f6b9227,BUTTER-E|128|7|1|15000.0|wide_first_2x,645911.2026079999,660175.7,650941.0826416758,657232.6
77dae5d5-bac0-4c02-a441-0e321885b397,BUTTER-E|8388608|8|1|3848.0|rectangle_residual,489961.4820089997,488263.62,497321.8407540174,465811.06
77ded190-6ebf-46fd-923f-c433aaad0033,BUTTER-E|4194304|4|1|5300.0|rectangle,477489.5089819999,467179.97,456486.8148289537,493278.6
77dfc367-cb61-4d53-9528-30cf33164669,BUTTER-E|65536|4|1|15000.0|rectangle,604538.386151,622458.9,627948.9406875346,641586.1
77e2e859-ee10-492f-beec-8d1d326d8afa,BUTTER-E|131072|3|1|6435.0|exponential,440408.19940799975,436708.44,438139.6152909258,423988.6
77e74a1e-7c17-46e1-97af-575766831a5e,BUTTER-E|8192|16|1|5300.0|trapezoid,444021.09344599966,437160.56,441571.9855791883,428476.6
77ea7af0-a24c-42b9-9f25-efb48f80856c,BUTTER-E|8192|12|1|12958.0|wide_first_4x,632438.185248,600746.0,626173.2782040276,604757.75
77fc0a6a-e04a-4cf4-aa58-aeb8be734124,BUTTER-E|256|10|1|20640.0|rectangle_residual,806779.1340539997,804863.9,819453.1134509511,772936.06
78054bcb-aec1-497a-a5e4-dd8e02ea69ac,BUTTER-E|1024|12|1|5300.0|exponential,434345.6494239998,444001.66,437073.8748212622,409642.4
7840aaaa-426b-4a0d-95be-a6e290fbae68,BUTTER-E|8388608|14|1|4898.0|wide_first_16x,562683.4569589996,579332.9,553503.266193811,573813.94
7843bd51-385d-40ee-8cfe-79f3a4a0b327,BUTTER-E|4096|16|1|6435.0|wide_first_8x,494882.8110739999,494860.34,480345.36418183317,472012.6
7898fd9f-b6ac-4570-be27-eb8472d7c15d,BUTTER-E|1024|4|1|3848.0|rectangle,381530.17452999984,373531.03,371273.43827629223,364015.2
78a779ae-7a6e-425c-98fb-668ce5d9a867,BUTTER-E|2097152|7|1|4898.0|exponential,424703.063696,422024.8,419905.28818732686,427322.97
78a8b8e4-bce2-4ded-9019-705e9c28a0bc,BUTTER-E|16777216|3|1|70000.0|rectangle,5878690.671316,6.063511e+06,5829363.9882579325,6.196054e+06
78cb9263-604c-4f87-97d6-f94c92e8ece0,BUTTER-E|2048|2|1|67557.0|rectangle,1863940.8308300003,1.8536941e+06,1835965.8964839664,1.8948828e+06
78ce0264-9120-4754-b2bf-0d59642e6303,BUTTER-E|128|4|1|4898.0|rectangle,399922.6688199997,394761.56,381034.5772208463,394071.3
78d4c577-2bc1-42bf-a727-6db11950611b,BUTTER-E|2048|2|1|6435.0|rectangle,436894.3931599998,421677.6,427566.11729947984,426856.2
78f7839e-f0cd-45fe-b46a-1fbcb690f61c,BUTTER-E|262144|8|1|48842.0|trapezoid,1537183.966414,1.5181108e+06,1579222.2024864228,1.6367688e+06
79019de2-59be-4320-9452-6bc6d6576044,BUTTER-E|8388608|12|1|20640.0|exponential,1372253.683257,1.4151981e+06,1405186.5401794012,1.3823874e+06
7908f085-cd02-4e5f-9d81-07b00647cb8c,BUTTER-E|4194304|3|1|12958.0|rectangle,751066.131042,754916.5,762185.5619666665,800454.0
792e217d-254e-45f7-9aff-3d2992fba3db,BUTTER-E|128|9|1|67557.0|wide_first_16x,1918459.022157,1.9728069e+06,1963355.916124567,2.0321565e+06
793e52c5-7139-4abb-95d2-4007d10eb8f4,BUTTER-E|2048|2|1|3848.0|rectangle,358649.4426569996,383398.03,371422.0367052316,362655.5
7949f338-5578-4bbe-9038-88f010e2da36,BUTTER-E|2097152|9|1|70000.0|wide_first_8x,2508031.34452,2.5107215e+06,2538490.070670292,2.5095438e+06
794c6c9b-3cf5-4601-bf70-c50defa7b702,BUTTER-E|4194304|12|1|48842.0|trapezoid,2227221.405143,2.318254e+06,2256115.0271731718,2.3787655e+06
7953ae6b-4ca2-442b-918b-01090d97bdd2,BUTTER-E|524288|4|1|4898.0|exponential,405992.4418639998,403332.62,400439.8403266019,394263.03
7969c9d2-5099-4659-b0ef-d053bebafa8c,BUTTER-E|1048576|4|1|105908.0|exponential,2927655.59727,2.9398862e+06,2927517.818347977,3.0644472e+06
798f4eb3-658b-437b-a0be-4fffa4979b06,BUTTER-E|2097152|16|1|70000.0|trapezoid,2863439.467312,2.9117828e+06,2786877.0407387046,2.988405e+06
799e8658-0291-4fc0-ab8e-2150ddd355f1,BUTTER-E|524288|16|1|105908.0|wide_first_16x,3526790.17363,3.3758208e+06,3512833.480683204,3.5920658e+06
79cd702d-f10f-45c9-b4eb-41135505a179,BUTTER-E|4096|4|1|67557.0|wide_first_16x,1955845.819977,1.8810639e+06,1871104.543801811,1.8943949e+06
79de51cf-7289-4a43-989b-5fb44dbe543a,BUTTER-E|1048576|10|1|15000.0|rectangle,691722.805846,695590.94,691980.3160449938,699898.9
79e99b96-b4b0-4c53-86d4-16f9c5883ed9,BUTTER-E|1048576|18|1|4898.0|trapezoid,458951.241996,428667.88,442441.56352875335,438884.12
79f0438b-5324-4754-9abe-a4eb24b14236,BUTTER-E|64|6|1|3848.0|rectangle_residual,378707.70297799975,374364.8,375921.46100696357,350016.84
79f604c8-0daa-49ef-840c-9b28b18346b6,BUTTER-E|16384|18|1|67557.0|trapezoid,2450006.270474,2.473716e+06,2331962.9720490454,2.4158502e+06
7a25238e-74ca-4a27-b72e-056f6dc8cf24,BUTTER-E|524288|14|1|15000.0|wide_first_4x,697035.6383580001,693097.2,703869.7906784667,680269.9
7a4fecb6-739c-4d3f-9870-6627035ce57b,BUTTER-E|1024|8|1|5300.0|wide_first_2x,413828.2272269999,408062.47,413495.00241683377,422889.0
7a61fb94-8a44-4bc3-86bb-fafd9920d3dc,BUTTER-E|65536|3|1|105908.0|exponential,2816659.899093,2.7318238e+06,2744895.2817130345,2.7757012e+06
7a695c02-c736-45fb-9649-3753205011de,BUTTER-E|1024|10|1|105908.0|exponential,3236060.056782,3.1658538e+06,3182718.8832661547,3.2363248e+06
7a6b760b-6b3a-4bd4-a820-6affbedc0499,BUTTER-E|524288|3|1|3188.0|wide_first_2x,356637.3565519998,351525.56,350228.765802314,364904.62
7a6d1a1f-6c7b-42ad-a12d-705ca7ce1c3d,BUTTER-E|1048576|10|1|12958.0|wide_first_16x,661485.5231579996,658034.8,645102.317531339,643739.8
7a786354-e474-4106-bb48-2b5ec6105400,BUTTER-E|262144|4|1|70000.0|trapezoid,2177438.6693220004,2.1427835e+06,2127520.15082512,2.1092368e+06
7a78afc9-f32a-4a17-a38a-6bc2976a674e,BUTTER-E|16384|14|1|12958.0|rectangle,636914.2339209999,667503.6,638644.6723063333,641581.9
7a843f90-704a-4c3b-9286-4dbfae818739,BUTTER-E|2048|5|1|15000.0|wide_first_8x,635847.2054399999,657961.4,621318.13748918,640696.5
7a9e0987-4c0b-4d58-bb6b-c511aa76699c,BUTTER-E|512|14|1|67557.0|rectangle,2163824.311676,2.2164225e+06,2139262.6806424516,2.3025375e+06
7ac00812-f90f-4a7f-abc1-a0d7388462fe,BUTTER-E|64|6|1|3848.0|trapezoid,380568.7269839999,367290.97,377896.88148455066,379816.25
7acb41f0-023e-4bb5-98df-71d0834226cf,BUTTER-E|524288|12|1|3848.0|exponential,388639.833511,401261.62,402146.8182212388,393999.2
7adb0110-bc19-46f6-ae69-53ffbff529b1,BUTTER-E|16384|6|1|70000.0|rectangle_residual,2094134.037854,2.1000942e+06,2162110.5112416814,2.1693905e+06
7ae4ffbb-fec6-43c8-ac0c-08345fb1ae2e,BUTTER-E|4096|6|1|15000.0|wide_first_2x,633960.6175540001,633249.06,647693.2107646987,650069.56
7b048fe8-0f91-49df-a36c-d48efade2490,BUTTER-E|32768|10|1|15000.0|trapezoid,693594.9566249998,691130.9,678551.115231071,689616.56
7b4dba40-5cec-4d93-98c0-00b4509284bc,BUTTER-E|32768|5|1|70000.0|exponential,2090730.163389,2.1293142e+06,2091012.69514302,2.0747802e+06
7b50de92-c059-48d8-8af2-2ea649bdab06,BUTTER-E|4096|4|1|6435.0|rectangle,435119.7860099996,439374.5,440235.4366160492,433458.3
7b52c991-9dc2-4278-8f69-7a8c0a97c6ff,BUTTER-E|2048|16|1|3848.0|wide_first_16x,394601.41964499984,404147.75,404526.74101694016,388672.47
7bac0ca4-f126-430f-802c-9dd04e432b33,BUTTER-E|524288|5|1|70000.0|exponential,2202325.93197,2.1932342e+06,2115623.3485347414,2.137848e+06
7bb1f18f-da22-4370-8cfe-751c83113822,BUTTER-E|32768|6|1|105908.0|rectangle,2888833.499271,2.9975015e+06,2923981.7480898257,3.0135355e+06
7bd3b74f-cbb5-4c4b-b16d-822ee2502755,BUTTER-E|2097152|3|1|5300.0|rectangle,421920.1612109999,428360.56,437047.2861851992,443490.44
7c05efb2-1cf3-4031-893a-5fa861fda475,BUTTER-E|512|3|1|5300.0|exponential,402972.7438759997,389689.4,394042.426650424,393051.56
7c07ac2e-d0c0-473c-b9b9-c4ee68842510,BUTTER-E|524288|4|1|70000.0|exponential,2184465.834768,2.1482978e+06,2140465.765286205,2.0588404e+06
7c091c55-691a-4d35-88f8-fb9cb490b3a2,BUTTER-E|4096|8|1|5300.0|exponential,476309.667385,420612.88,415545.97478601336,405256.22
7c3c14f6-e239-4143-b712-7cdcc53faa83,BUTTER-E|2048|2|1|6435.0|rectangle,418181.87392799975,421677.6,427566.11729947984,426856.2
7c441d88-bc7c-429b-a8f8-37139f57a84c,BUTTER-E|32768|7|1|15000.0|wide_first_16x,677857.0768099999,596783.1,671060.7363096065,640847.44
7c70ac18-3ab7-4ce6-8ea5-44bc099e0e49,BUTTER-E|32768|2|1|20640.0|rectangle,722053.7719539999,711208.2,744808.2853674812,745019.3
7c84f7fd-a6e2-42a4-a397-755d863dd690,BUTTER-E|512|5|1|12958.0|trapezoid,572129.561664,581160.6,587846.1650933791,600376.0
7c8c07eb-c866-46e5-9fe2-ef0029f1d377,BUTTER-E|1048576|10|1|4898.0|wide_first_4x,411988.5735830001,404573.1,420089.86891202786,396433.62
7c943c10-44ec-4c94-8e78-4ec070863916,BUTTER-E|524288|2|1|20640.0|rectangle,808116.289239,922818.94,783825.6070949133,779975.06
7cf5d8af-6c4f-4c54-87fa-626534ee620d,BUTTER-E|512|9|1|67557.0|exponential,2069781.018181,2.0653201e+06,2049451.0653625424,2.1252345e+06
7cf65c1d-5406-48f8-8f33-5375c7c12b82,BUTTER-E|4194304|14|1|4898.0|trapezoid,456073.2819589997,471799.72,491726.8395734703,496486.47
7d1eb094-d97e-4416-bffb-374dff1ecb68,BUTTER-E|1048576|8|1|67557.0|rectangle,2114510.499758,2.1476648e+06,2099115.970720801,2.1823285e+06
7d493c18-d79f-4d82-be93-a3d2c4d0c8a5,BUTTER-E|524288|6|1|6435.0|rectangle_residual,431945.2287289998,448231.47,448229.1023358845,439401.34
7d63de30-f4ff-4254-b408-4038eac897bf,BUTTER-E|512|10|1|3848.0|exponential,385726.1719659998,376761.3,377063.6046634519,376207.3
7d8c6efa-3eb3-4052-998d-0b708d21f930,BUTTER-E|4194304|9|1|15000.0|trapezoid,882197.2414419998,880866.5,870565.0981410486,857917.9
7d8c8281-634d-4572-80d9-fc60e29a3a9b,BUTTER-E|8192|7|1|20640.0|rectangle,744110.4712789998,787986.2,769614.3928462188,774183.56
7d9fcc52-e6df-4444-ba5b-5de772a5dd9f,BUTTER-E|1048576|10|1|67557.0|wide_first_2x,2151759.256514,2.2524082e+06,2157384.96030215,2.2038918e+06
7da928bd-f5ef-49e5-8666-b3a820256eeb,BUTTER-E|4194304|14|1|67557.0|rectangle,2998695.814998,3.094762e+06,3057553.7986822594,3.100703e+06
7db02907-f49f-4e08-9c1d-ce85c0477be1,BUTTER-E|65536|9|1|6435.0|rectangle_residual,444134.446233,448842.72,453479.4980292758,430040.0
7dc9d955-ccee-46b4-a5a4-f231cab48584,BUTTER-E|1048576|8|1|6435.0|wide_first_8x,454201.61495499976,462831.38,491409.07991486863,431301.72
7dd64415-f27a-4658-9e2e-d807a3601354,BUTTER-E|16384|4|1|105908.0|exponential,2768675.024279,2.8071672e+06,2890588.4597377595,2.8338098e+06
7dfa7b04-361b-4469-91d8-44f6c543d5aa,BUTTER-E|8192|9|1|67557.0|rectangle_residual,2043230.701568,1.9494734e+06,2070594.0279828894,2.0841744e+06
7e1ad95a-470b-4eab-b326-7df21391c864,BUTTER-E|4096|5|1|105908.0|rectangle_residual,2905728.575658,2.8330395e+06,2897666.3176526744,2.903187e+06
7e44c09d-80d9-4fcf-9f70-c775d2fc1c9e,BUTTER-E|32768|12|1|105908.0|wide_first_16x,3341531.663948,3.030843e+06,3301172.90265961,3.2570265e+06
7e51c15d-121a-411a-aab9-42abf4c5040c,BUTTER-E|64|8|1|20640.0|wide_first_2x,774135.4388849996,806234.4,789486.1447780391,784385.8
7e5f2baf-ac34-45dd-93cb-3690b40d2f79,BUTTER-E|2097152|20|1|48842.0|rectangle,2084477.4300440005,2.1305108e+06,2048374.2425704596,2.1535532e+06
7e67258b-f3a3-4188-951d-f2dfa593a2ab,BUTTER-E|131072|5|1|3188.0|wide_first_8x,369052.51428699977,354408.3,350598.9948589009,356489.66
7e8157e8-3b75-488f-b731-bade58c5c48b,BUTTER-E|2048|14|1|4898.0|exponential,424252.8440039999,410300.8,410284.6318374472,411184.12
7e93230d-3d11-40c7-af75-f1dd88798f01,BUTTER-E|4096|18|1|105908.0|trapezoid,3677239.432992,3.6191995e+06,3500642.2286341405,3.7235098e+06
7ed0f074-c5ac-4360-af5d-9c5ab3e96f25,BUTTER-E|1024|6|1|5300.0|wide_first_4x,407804.8099779997,404303.1,397487.01154445036,375812.12
7ef83c13-071b-4892-bc69-33eed443a015,BUTTER-E|262144|16|1|15000.0|exponential,704462.5938690001,715692.0,728129.2042026094,743784.8
7f22aff3-711b-4868-85d2-cc415f61f4cf,BUTTER-E|8192|6|1|20640.0|exponential,763529.514102,786731.5,756825.9646550725,752028.56
7f56736f-1da0-48f0-8836-db5a71d3efed,BUTTER-E|8388608|7|1|70000.0|exponential,4259720.354864,4.1450585e+06,4008532.4004734005,3.9812298e+06
7f5d9e7a-f748-482f-9103-ff54e8c60a6a,BUTTER-E|65536|16|1|67557.0|trapezoid,2374650.842448,2.3678788e+06,2351882.1450133594,2.3740402e+06
7f6a7d7b-b3af-4d25-a8bc-7151838d7a72,BUTTER-E|65536|6|1|20640.0|trapezoid,801226.8141279998,773841.06,757554.3508226975,783191.4
7fa90906-86aa-4000-bf75-92ea4d10a2eb,BUTTER-E|256|16|1|3848.0|exponential,382483.4440979999,388835.97,391533.77015749266,385281.66
7ff150b4-3c83-4089-87b3-534f0f4f5510,BUTTER-E|512|2|1|3848.0|rectangle,377349.2119789999,371249.28,368322.5593517211,362611.9
7ffa2a17-edba-4ad3-b0da-3cb6bcca6fdb,BUTTER-E|8192|8|1|6435.0|trapezoid,442859.245965,461019.06,447682.1726280505,452620.66
802aeeed-d866-4aa4-a0ed-df34531f3786,BUTTER-E|65536|7|1|67557.0|wide_first_8x,2005019.29431,2.0046349e+06,2001405.2774898652,2.0418854e+06
8031ead9-9a4c-4d34-a8e9-cf3c5d8dbff7,BUTTER-E|2097152|4|1|20640.0|rectangle,897548.1386819998,821436.1,869910.9332494455,867133.9
8038cae7-66c3-4e30-a308-4a806b045d4d,BUTTER-E|262144|14|1|15000.0|rectangle,662517.8092159998,687548.0,692469.0548614213,695443.7
80479f07-1695-4393-8118-472f17977858,BUTTER-E|256|7|1|67557.0|wide_first_8x,1916983.44249,1.9245851e+06,1987519.1635353928,2.0395246e+06
8073e2fd-8df7-4c6a-8006-768a10f0f683,BUTTER-E|8388608|14|1|20640.0|trapezoid,1435718.0314379998,1.4471042e+06,1429772.459447816,1.4627764e+06
80de2f5d-66b2-4eaf-8880-0bf45bdfe3e6,BUTTER-E|4194304|9|1|70000.0|rectangle_residual,3075975.47636,3.1040462e+06,3132640.943972103,3.1718405e+06
80e1a401-d2ac-422d-ae69-11d62f0df370,BUTTER-E|16384|18|1|4898.0|wide_first_4x,423715.9296529998,382479.2,421529.5472497085,398726.03
80ee3303-184a-424f-95b5-5746114ec9fc,BUTTER-E|262144|18|1|15000.0|rectangle,687535.0713889999,725196.8,715138.1539645991,720785.44
81039961-a9f5-4ab5-b80e-afda4c5cf6e5,BUTTER-E|1048576|4|1|6435.0|wide_first_4x,437091.462592,452157.75,447158.4174852938,444019.0
810b7a91-8532-4b43-b5bb-e5977b285d91,BUTTER-E|65536|2|1|3848.0|rectangle,361848.4530799997,351276.22,371531.3475450797,364676.06
812c73ca-f595-417d-b153-09a6d6d0c878,BUTTER-E|65536|20|1|67557.0|rectangle,2477990.732694,2.520207e+06,2423425.802202819,2.5218802e+06
813ad744-fa9a-462c-b89a-d3653f440d9b,BUTTER-E|4194304|6|1|3188.0|rectangle_residual,382125.1681699999,392624.1,394825.3965727194,375317.5
816c4a18-cec7-45f1-8965-0b67e24ad9af,BUTTER-E|8192|4|1|15000.0|rectangle,632126.7537239997,638626.7,630105.1801137323,638972.06
81c4b3fe-6cb3-4861-b91e-1d2ec1fad6bb,BUTTER-E|262144|4|1|20640.0|wide_first_2x,746290.0138079999,769986.56,780364.7834700115,768890.25
81cb73ee-4673-4d90-9892-c422e307e39a,BUTTER-E|16384|8|1|15000.0|exponential,668837.0435699999,675314.0,691856.7232011692,664904.44
8231ce7e-9e16-467e-b154-bd0812a36840,BUTTER-E|32768|12|1|15000.0|trapezoid,691837.1398359999,706148.1,698745.3513199668,706617.0
8239aca6-c042-4897-83b5-046461063fe2,BUTTER-E|4096|10|1|70000.0|rectangle_residual,2342104.032358,2.3447825e+06,2285902.057273287,2.3450172e+06
8243bc1c-bbe0-457a-bd51-4047468206bf,BUTTER-E|8388608|14|1|12958.0|rectangle,1017479.883955,1.0136393e+06,1015368.1129748852,1.0644246e+06
824d366d-7755-4439-b858-2285b00b555f,BUTTER-E|1048576|20|1|67557.0|rectangle,2576917.359652,2.5864018e+06,2568282.6881028805,2.7001412e+06
825dcc74-7898-4e59-a8ee-6ce8852a5122,BUTTER-E|8388608|3|1|3848.0|exponential,498829.9273839999,516471.12,486824.40911133203,463327.34
82712782-ab41-46ae-a2d7-8d3d66ccbae7,BUTTER-E|256|3|1|105908.0|wide_first_4x,2766706.579516,2.6376252e+06,2777868.900201248,2.7400008e+06
8290252f-711a-447c-9fc2-f5b1679d27d3,BUTTER-E|8192|4|1|6435.0|trapezoid,431286.743574,447150.84,444334.55700970016,441384.94
829c8fa5-db81-43f2-96f6-f1705d9ff039,BUTTER-E|32768|5|1|3848.0|trapezoid,369525.6183049999,373125.16,380379.3296283411,377478.44
82a3ded7-888b-4135-bae1-6b307e28a26c,BUTTER-E|4194304|9|1|20640.0|rectangle,1082781.383512,1.0545108e+06,1047321.9245472271,1.0730718e+06
82a3f51c-b8d5-4884-9532-a6fdbc16bdc2,BUTTER-E|4194304|7|1|4898.0|wide_first_16x,482561.3841829999,468045.12,463329.79130473884,447171.72
82aefb3d-52c7-48c7-9a73-b11e692f9350,BUTTER-E|1048576|3|1|6435.0|exponential,468976.21293200005,446342.62,451737.2444107728,445361.25
82bd6fce-ae2d-499b-a61b-8adfe337ac17,BUTTER-E|65536|14|1|70000.0|exponential,2454118.0971,2.418455e+06,2475609.666021239,2.4782282e+06
82df8f2f-fd78-4551-a5f3-388e3f2cffce,BUTTER-E|262144|3|1|48842.0|wide_first_16x,1345515.4707369998,1.3991521e+06,1374917.3387436068,1.381694e+06
82e76f98-ce7c-4483-a75f-8925cc4d943a,BUTTER-E|4194304|7|1|67557.0|rectangle_residual,2791663.56353,2.7709828e+06,2750441.3944336437,2.8274065e+06
83160f5a-09b3-4bdb-952a-78440a5a1b91,BUTTER-E|131072|9|1|67557.0|rectangle,2096622.9979920003,2.0605945e+06,2067731.480155064,2.1308968e+06
8369215d-fb11-4357-b5a9-114e54ecc39e,BUTTER-E|524288|10|1|105908.0|wide_first_2x,3270261.8455440006,3.1906565e+06,3200355.2270046324,3.2312518e+06
839287e3-9635-47f6-82c8-46d74c97c43a,BUTTER-E|1024|14|1|105908.0|exponential,3221318.029322,3.4331378e+06,3343546.535759139,3.4950358e+06
83b30fbe-5016-4312-9d1a-3c0111b7f08b,BUTTER-E|512|5|1|105908.0|trapezoid,2906953.4790370003,2.854018e+06,2799811.0008885264,2.9414342e+06
83d0e518-468e-4641-9cac-e343b296aad2,BUTTER-E|2048|10|1|12958.0|rectangle,648977.4012479997,621379.44,633991.3534866371,621252.06
83ea2e77-934f-44bf-a523-4d2d9b3fbb9f,BUTTER-E|16777216|4|1|20640.0|exponential,1924990.905297,1.9738231e+06,1897438.2351065434,1.8109105e+06
83f90409-d5de-4068-a303-a4dc0a1b945e,BUTTER-E|2097152|14|1|4898.0|rectangle,433395.0172909997,424801.3,433063.1735550245,428112.25
84175383-fc48-4b2f-ad0e-b5268b8afb4f,BUTTER-E|4096|6|1|105908.0|wide_first_4x,2847364.412676,2.9155088e+06,2918478.359548676,2.9925488e+06
84189055-0cf3-417a-b87a-a1dfd0b99074,BUTTER-E|131072|16|1|4898.0|rectangle,405087.9873579999,427568.78,419159.05862120097,416209.62
842a90f5-cb46-4848-b933-c93b0667c3d1,BUTTER-E|16777216|5|1|6435.0|wide_first_2x,815519.31876,824095.3,815651.5023396668,852230.06
84a1b94c-248a-40c4-95a4-815dc3042adc,BUTTER-E|8192|6|1|105908.0|exponential,2975203.720902,2.957205e+06,2889886.2141021374,2.9800718e+06
84a8bf3e-447e-492d-9735-99229876e415,BUTTER-E|16384|8|1|67557.0|rectangle,1975782.972481,2.0304382e+06,2074704.37236632,2.0886652e+06
84d69137-ba12-46b0-9a37-aa13f449fb7e,BUTTER-E|32768|6|1|12958.0|wide_first_16x,587568.655323,541603.6,592657.6176158295,583391.9
84d8b1ef-63f7-46b5-8b90-627a1f6d2621,BUTTER-E|16384|6|1|15000.0|rectangle_residual,650289.9174709996,659181.06,638670.9342843444,630149.5
84d96232-f2df-46f6-beb8-87b2d2d88d54,BUTTER-E|32768|9|1|20640.0|exponential,848307.12418,792381.06,827900.956383984,789062.3
85001072-61a8-4276-931c-6edbda1b7aa3,BUTTER-E|16777216|3|1|67557.0|trapezoid,5668675.716336,5.799792e+06,5681216.430760211,5.8018775e+06
85033fbf-dbfe-42f2-bbf6-f621025a3048,BUTTER-E|512|8|1|67557.0|wide_first_4x,1890569.451158,1.872312e+06,1966784.5092931096,2.0290349e+06
850c7e9e-87e0-4e5d-9bd7-90a88c8c5735,BUTTER-E|16777216|9|1|12958.0|trapezoid,1411629.333067,1.385921e+06,1381045.5501771625,1.4331641e+06
85295d57-5761-472b-95d0-5ee094e463aa,BUTTER-E|2048|10|1|48842.0|rectangle_residual,1622489.620374,1.5933215e+06,1559175.8009061238,1.5588529e+06
853a9bde-4d72-46a8-8f7d-eb40f7cf7e51,BUTTER-E|4194304|10|1|20640.0|trapezoid,1065783.375653,1.0772574e+06,1110652.4152814483,1.0645576e+06
8566ef20-e8bc-46c8-88d3-a74ae55ec293,BUTTER-E|2097152|10|1|3188.0|rectangle_residual,383110.159707,377176.9,377477.87166316586,334530.28
857e249a-1682-4597-8a60-9808662372cb,BUTTER-E|4096|4|1|3848.0|trapezoid,374432.3578199999,378624.6,376919.85707974114,374265.6
858c94c8-dabd-4f16-ab10-e96042cdf3fb,BUTTER-E|16777216|8|1|70000.0|rectangle,6356912.751537,6.2899555e+06,6221891.407326629,6.4428275e+06
85945d8a-2e85-48f7-8a6c-ae12000f407b,BUTTER-E|16777216|16|1|5300.0|exponential,758383.7750759999,738380.3,711691.5668871374,733105.94
85afcb0d-e1e1-4bc7-9428-d54a74b2bced,BUTTER-E|2048|8|1|4898.0|exponential,404977.5048899999,396068.94,409254.9128981706,401834.5
85b3c547-2bef-4d38-9792-da111e0e6158,BUTTER-E|131072|7|1|6435.0|wide_first_4x,412694.1296649997,445868.25,454401.48463926226,426903.4
85cdc122-40d3-40a2-bfab-982c8202a0b9,BUTTER-E|4096|5|1|70000.0|rectangle,2152446.497058,2.1404878e+06,2128101.9378598407,2.1749338e+06
85d42668-6d50-4834-bd32-7dea5663bff8,BUTTER-E|8388608|5|1|20640.0|wide_first_2x,1290607.180371,1.3126768e+06,1288782.7723013721,1.3369379e+06
85e01921-6e56-43a9-b109-8a19aa2fa278,BUTTER-E|64|2|1|5300.0|rectangle,391811.7940949999,380777.0,402034.7796857848,399820.78
85f8040a-3311-4c00-8c1f-34fcb0f918f2,BUTTER-E|2097152|9|1|20640.0|wide_first_16x,901919.259895,925201.75,881431.1768784282,920373.9
85f9e17a-82e9-49be-b4cc-766f954a9193,BUTTER-E|16777216|10|1|15000.0|exponential,1505403.452709,1.528199e+06,1516264.2527134079,1.4540446e+06
86095019-0d30-4d9b-8ddc-ea8e4076da0e,BUTTER-E|65536|2|1|67557.0|rectangle,1882079.30172,1.8664859e+06,1875836.2913851237,1.9004531e+06
860be61f-1e2c-42d7-bea2-2e763e1b460c,BUTTER-E|2097152|20|1|20640.0|rectangle,1009322.0315069996,993769.25,1004551.0030224416,1.0438627e+06
860d2989-9da4-4e3f-badc-85c7eaf46749,BUTTER-E|512|7|1|20640.0|exponential,788894.8500060001,762696.44,777534.8751177468,761184.3
86470467-3ba2-49c0-be43-20154e18dccb,BUTTER-E|8388608|20|1|67557.0|trapezoid,4159531.788684,4.3778665e+06,4397418.2814881755,4.2941325e+06
865d0e56-1842-4f2a-b360-b679c04a1c1d,BUTTER-E|65536|10|1|15000.0|rectangle_residual,668720.1932049999,687854.94,726369.0959432088,665443.7
8680e0a7-32cc-4f8d-9ebc-f497e745c05e,BUTTER-E|524288|10|1|70000.0|rectangle_residual,2286781.243878,2.3990028e+06,2346475.8206450026,2.3685405e+06
868bb8b5-9995-4931-a4c2-b615049f795d,BUTTER-E|262144|4|1|20640.0|trapezoid,779928.3047819999,770749.1,791962.1654178755,764735.06
86934603-8c0d-4da7-aa11-493d5310939a,BUTTER-E|131072|9|1|105908.0|rectangle_residual,3126003.344349,3.0935315e+06,3095550.9500492294,3.1858768e+06
86b041e7-e69c-4617-aa28-91bbf8feb5a3,BUTTER-E|65536|8|1|5300.0|rectangle_residual,408371.2159039999,416747.03,404515.3877738619,394242.75
86c86608-c0f6-48b0-9d12-1e63ac05cd45,BUTTER-E|16384|3|1|105908.0|wide_first_2x,2752955.854411,2.7490388e+06,2704434.4756098604,2.8060538e+06
870290dd-35fc-4ad3-9fcd-4eb8fa3c7135,BUTTER-E|2097152|2|1|67557.0|rectangle,2219702.358626,2.194726e+06,2151721.4574743323,2.2874008e+06
870c0137-c1f3-4867-b573-272259a925ac,BUTTER-E|8388608|20|1|4898.0|wide_first_8x,589093.4579389999,587265.3,595458.4358333492,610301.9
8720d99e-d014-47ce-aa65-72954ef0f5e7,BUTTER-E|256|12|1|4898.0|trapezoid,424020.33297099976,418065.03,416810.4528111479,420460.47
8763f9db-821b-4b91-a8a7-f290b7036627,BUTTER-E|4096|4|1|67557.0|trapezoid,1895547.934543,1.8643546e+06,1891973.0440251112,1.9293742e+06
8790d2a7-48ba-4dc2-a09a-3229d09ed24b,BUTTER-E|512|7|1|6435.0|rectangle,438740.8483489999,448655.7,437655.37070551066,442864.5
879449d2-7b3f-497e-a527-4b0bc9cbef88,BUTTER-E|1048576|3|1|105908.0|rectangle_residual,2861156.087503,2.856771e+06,2937183.7191734184,2.9566635e+06
87a89b67-2077-44df-8a02-a9af390a89d7,BUTTER-E|16384|5|1|48842.0|wide_first_4x,1386435.4542200002,1.4197956e+06,1438356.7658161481,1.3888054e+06
87ba7080-3db1-44d2-9c34-9e1adcd61b00,BUTTER-E|524288|18|1|4898.0|rectangle,434865.4863249998,423606.66,429977.2644658786,434030.8
87bb1666-7944-4648-95f6-a10c527f7410,BUTTER-E|262144|5|1|3188.0|wide_first_8x,347196.6971399999,363415.78,364892.8868562745,358200.44
87cf3238-af9b-4fb7-864c-4cd0d63f27d9,BUTTER-E|1024|3|1|105908.0|exponential,2805810.715478,2.7501032e+06,2803015.6771461256,2.775328e+06
87f9d5a0-842f-4171-9d6e-8e0f790c293e,BUTTER-E|4096|6|1|20640.0|rectangle,759049.0039969999,769764.8,766129.4508281357,762634.6
87faab01-6e26-4a5b-95d0-f0c76ab3bd84,BUTTER-E|524288|2|1|20640.0|rectangle,789333.4359939999,922818.94,783825.6070949133,779975.06
87fde41d-33a6-4553-9553-06f5eb811d69,BUTTER-E|16777216|20|1|67557.0|wide_first_16x,6238579.929618001,6.281635e+06,6241057.575233316,6.6662125e+06
881a6e1e-ea9e-4ba8-ab8b-dc6db33cdce7,BUTTER-E|8388608|3|1|3848.0|trapezoid,484321.0025959999,497256.0,495468.42793431686,474728.9
881cfe3c-524d-4275-b18c-0c0a6b9bcea9,BUTTER-E|2097152|3|1|12958.0|exponential,636745.1242279998,675672.8,633957.5197231612,627456.4
882c5c6b-39ae-4aa4-a1e0-39cb1577ad3d,BUTTER-E|262144|10|1|4898.0|exponential,415591.90911,415228.0,422780.2350722306,409956.22
883c8871-522f-413c-8654-8e06d4ccebca,BUTTER-E|512|3|1|5300.0|wide_first_16x,398854.7266739997,402082.16,398558.96511668264,389796.84
884c7be0-a683-4bf8-9a47-655586693f4a,BUTTER-E|131072|9|1|5300.0|trapezoid,420799.3054949999,413704.62,419084.33152452915,417968.94
8880fa5a-d5d0-4e87-be2b-b4539953737d,BUTTER-E|8192|2|1|48842.0|rectangle,1398503.6645379998,1.3428221e+06,1342916.745885945,1.3821461e+06
8885743f-7186-46b1-9797-f3c29e825180,BUTTER-E|524288|3|1|70000.0|exponential,2119014.1552440003,2.0613216e+06,2023292.595676617,1.9988105e+06
88a45102-a9ba-4ad2-82ae-1116a22ab0b6,BUTTER-E|128|2|1|5300.0|rectangle,403217.7564999998,388251.25,400211.4155331853,399822.28
88b93e3a-8420-490d-9b7d-cd230517a616,BUTTER-E|65536|12|1|6435.0|wide_first_4x,469277.1456059999,477299.72,454486.01133743965,442406.5
88bf647e-d6fd-49da-8eda-80b2c0cc538e,BUTTER-E|1048576|8|1|70000.0|trapezoid,2386464.92714,2.4068218e+06,2311255.2636998063,2.365985e+06
8920ffcb-b838-4ac6-becf-04ca66ea6d33,BUTTER-E|524288|9|1|3188.0|trapezoid,370475.2902259998,370949.5,370102.5422760559,364428.88
8924412a-bfc4-4751-9189-ab7c52f3411e,BUTTER-E|131072|9|1|48842.0|trapezoid,1618397.0030369998,1.5418572e+06,1542432.0516016947,1.6309691e+06
892a4ba3-0407-4d93-b167-e1fc55294d89,BUTTER-E|64|6|1|4898.0|rectangle,399958.891475,401691.22,400758.64249229664,395916.0
89454a40-d91c-4bfd-b5cf-a4b816dc8d0c,BUTTER-E|8192|3|1|12958.0|rectangle,556098.7758379998,584771.6,579568.0517064573,581057.56
8967f751-dd9a-4478-8a61-8a1888d7f547,BUTTER-E|16777216|7|1|20640.0|wide_first_8x,1972757.218518,1.9786838e+06,1950458.488280433,1.823967e+06
899e16a6-2ea6-4f60-8a8b-ffadecd50b94,BUTTER-E|32768|5|1|67557.0|exponential,1931362.641362,2.007049e+06,1940685.0542331766,1.9905641e+06
89a05e39-59e8-4857-9a9a-d64a4c837d08,BUTTER-E|16384|20|1|20640.0|exponential,910391.1282919998,964052.5,905895.9096462099,879244.2
89ad7621-b89c-4f77-8141-999f53e00075,BUTTER-E|131072|12|1|3188.0|trapezoid,368772.81749399984,372009.12,358172.46158497717,372453.22
89c545e9-ec83-483d-b711-03fc6bb672e7,BUTTER-E|512|18|1|3848.0|rectangle,398124.8321859999,391010.22,391408.68052658223,394646.75
89d81e19-1ac2-4acb-be10-a1a650851112,BUTTER-E|65536|2|1|6435.0|rectangle,438716.194357,426816.3,441625.4978027175,427444.03
89deb2bc-6fb9-4abe-84fe-c679d97a9752,BUTTER-E|8192|6|1|67557.0|wide_first_2x,1895473.28373,1.9446438e+06,2003397.7920686977,2.0100448e+06
8a010db8-54e1-41da-bf50-b7a14043fb21,BUTTER-E|1048576|3|1|4898.0|wide_first_2x,405183.42477099976,385653.3,392470.4574645005,407920.84
8a0b4e44-b962-4c15-b6f0-c66254785088,BUTTER-E|4194304|20|1|3848.0|rectangle,459418.0884589997,441538.62,444978.4742757352,463500.56
8a152e20-1ec9-4589-957b-4f4834fd0fcc,BUTTER-E|8192|10|1|15000.0|trapezoid,665193.5296359998,684813.94,672639.8998141581,688870.5
8a2c14cf-ebd8-4760-b5b2-0bb99ff27e5e,BUTTER-E|8192|12|1|3188.0|exponential,383684.6713979999,373261.47,380968.8276799128,359679.22
8a809ac9-d4e1-4f18-b769-e6e0b0ff83db,BUTTER-E|16384|14|1|12958.0|exponential,647135.6700879997,666528.44,659638.8123438213,634693.44
8a9d664a-7ff6-48e6-b147-4e4623dc3e21,BUTTER-E|32768|10|1|4898.0|rectangle,406831.76118,411541.9,409617.61724089563,409834.25
8ab643f8-52ad-4fc8-af95-ee6dffe06cf6,BUTTER-E|32768|9|1|6435.0|exponential,462556.2817440001,450703.88,452886.593612763,448933.9
8ac0d19f-d5d1-4008-b6f7-aa9d3c3f47e7,BUTTER-E|4096|2|1|70000.0|rectangle,1989237.6764040005,2.0798181e+06,2046127.6007589006,2.0467535e+06
8ad24dd8-fb0c-4434-9c17-50b580d832d4,BUTTER-E|131072|7|1|15000.0|trapezoid,655065.424251,659454.6,658573.1905822793,666061.44
8add9a21-2400-4932-b9f2-11b5c422b104,BUTTER-E|8192|8|1|70000.0|trapezoid,2295469.880051,2.2859812e+06,2205999.678807163,2.264664e+06
8ae0b466-0187-4f08-8b93-92ee00af63b9,BUTTER-E|1048576|5|1|15000.0|trapezoid,668147.5249290001,646420.9,665539.981367787,681242.44
8af9ebea-cde3-41e7-8e90-3848a8da3f72,BUTTER-E|16777216|7|1|5300.0|exponential,722220.6729480001,701599.0,720663.7054850226,709945.06
8b118663-94dc-4820-83eb-fc7b6bd29c7a,BUTTER-E|32768|7|1|3848.0|rectangle_residual,373773.4948189997,373477.6,373983.3970590065,354294.44
8b5f9164-a5f0-4bcf-a70d-6ede42902598,BUTTER-E|65536|14|1|48842.0|wide_first_4x,1669625.639887,1.693659e+06,1647882.6674924826,1.6688935e+06
8b60c28c-4241-4b29-98aa-ecd3cee11376,BUTTER-E|8388608|10|1|20640.0|trapezoid,1394542.200753,1.3719722e+06,1386148.918723721,1.3866416e+06
8b619da6-104b-4b92-a539-39e3631e77e8,BUTTER-E|2097152|9|1|105908.0|rectangle_residual,3585000.218559001,3.5417422e+06,3533627.8119799187,3.6103538e+06
8baf89c8-fc2a-4ca8-bc56-d5fce43483e7,BUTTER-E|2048|5|1|67557.0|exponential,1951923.752431,1.9225434e+06,1926362.04736281,1.986286e+06
8bc8927c-f325-4e42-b2a8-ca7e5f87e341,BUTTER-E|4096|9|1|3188.0|exponential,441860.4596039997,362051.1,365375.7676367283,352196.66
8bf7daf8-0150-4ae5-8607-3be67494edbb,BUTTER-E|4194304|8|1|67557.0|wide_first_16x,2758678.445324,2.8816328e+06,2848603.3452568464,2.8408668e+06
8c111014-bf5c-41b1-b099-b9d4f26b22ba,BUTTER-E|16384|7|1|20640.0|rectangle,797064.4543389998,768738.5,773654.6664261068,774549.06
8c45df3f-752f-4318-82ad-cb0f3f0f91cc,BUTTER-E|1048576|12|1|4898.0|wide_first_4x,415742.41723,403787.16,423382.48260145675,403528.84
8c5fa9a8-9df5-405d-ba21-60cce75febc1,BUTTER-E|65536|5|1|15000.0|rectangle_residual,626355.2865759997,639007.44,636634.8898701398,626330.6
8c65a95f-1eb5-492c-a6b3-59dceb95a0ca,BUTTER-E|16777216|6|1|4898.0|trapezoid,766826.2045279997,700151.2,695657.4962288804,724878.75
8cdaedf8-200e-456f-a5ef-3801ace73019,BUTTER-E|2048|12|1|15000.0|wide_first_16x,670665.7464889998,754047.3,692668.9791823969,662963.1
8d097737-009f-4819-bb37-76f279773249,BUTTER-E|1024|10|1|105908.0|wide_first_2x,3133119.3076499994,3.2072342e+06,3126072.339032644,3.1651172e+06
8d1b8967-8429-4368-80a8-0b195884c15b,BUTTER-E|262144|6|1|67557.0|rectangle,1963370.76155,1.9407716e+06,1916957.822385731,2.0611192e+06
8d2375ec-aab1-454c-9fc2-55af0180c849,BUTTER-E|16777216|4|1|6435.0|trapezoid,823274.4545289996,804949.06,807307.6323596908,805726.3
8d614118-b764-4a4f-af5f-16408813e639,BUTTER-E|65536|2|1|3848.0|rectangle,387308.1562119997,351276.22,371531.3475450797,364676.06
8d85ae7f-7616-403b-bf2c-14447cdb1807,BUTTER-E|32768|18|1|15000.0|exponential,733212.1449559998,743168.6,743956.3438592547,744716.0
8d94b5af-a56e-46ba-a03f-26ea4b5cbb0d,BUTTER-E|32768|10|1|70000.0|wide_first_16x,2257002.316504,2.2319512e+06,2256317.2932024943,2.1710855e+06
8d953ba5-bf79-455e-94d8-a2e48cdc30a2,BUTTER-E|4194304|4|1|5300.0|exponential,476877.8494059999,470751.16,482753.0296821579,457697.56
8d9ea01d-6644-4d95-ac78-8eee933014fc,BUTTER-E|16384|20|1|20640.0|wide_first_16x,900457.148414,831149.9,899935.0074453522,860959.5
8daa4c0f-b83e-45ce-a4df-1e0f889efc32,BUTTER-E|8192|18|1|48842.0|trapezoid,1802521.874216,1.7065455e+06,1797201.990840836,1.7981841e+06
8dcefd75-bb15-4679-94b7-e752f6b0bf6c,BUTTER-E|1024|2|1|48842.0|rectangle,1318538.220475,1.3362572e+06,1333350.8792832433,1.3811921e+06
8dda0410-0391-4f13-a100-3efafaa6617a,BUTTER-E|1048576|5|1|105908.0|rectangle_residual,3068215.9050670005,2.9935708e+06,3027006.0503324703,3.0281965e+06
8de625c9-52bb-4626-82e2-9a8ab068721a,BUTTER-E|524288|12|1|4898.0|wide_first_4x,414476.83008799993,400653.62,419895.76377990626,402944.3
8de64db8-27dc-456c-accd-226e89692517,BUTTER-E|65536|6|1|70000.0|rectangle,2101271.982156,2.1550778e+06,2192619.8514378513,2.216674e+06
8dea183e-46fc-4ae6-a281-32358cd8e010,BUTTER-E|16777216|8|1|70000.0|wide_first_8x,6012441.58536,6.064934e+06,6121375.751787257,6.184625e+06
8dee0fc9-2b17-4e61-8b5d-657e2dcc35fc,BUTTER-E|512|2|1|3848.0|rectangle,357721.908057,371249.28,368322.5593517211,362611.9
8dfda82e-1586-4bcf-8be2-72450c5eb7b1,BUTTER-E|1048576|6|1|4898.0|wide_first_2x,397507.5708069999,399418.7,410453.5002648205,422257.1
8e1a80ea-1760-4164-9573-d7c3d5f3fb5d,BUTTER-E|65536|14|1|20640.0|rectangle,818665.7153309999,877795.56,873254.905388444,852751.2
8e20d047-8011-4601-937e-13432d183376,BUTTER-E|1024|4|1|6435.0|rectangle_residual,437956.4176229999,430123.66,434908.8949793936,428950.06
8e549860-2b59-4c70-9d42-cff7172304da,BUTTER-E|1048576|18|1|6435.0|exponential,491590.55336,496079.9,500160.597549366,493824.12
8e5d8d30-8f90-4b24-86a8-0bebde9a5e51,BUTTER-E|8192|7|1|5300.0|exponential,427931.1094659998,420720.38,410173.5108312232,400533.66
8e66bb14-f953-44f6-a51b-bbf6770275ed,BUTTER-E|8388608|2|1|20640.0|rectangle,2432216.234988,2.1452942e+06,1323836.387737573,1.864632e+06
8e8828b9-6c48-4857-a2b8-51f188f02349,BUTTER-E|8192|9|1|15000.0|wide_first_2x,657594.400346,644810.8,663894.6805599425,671874.6
8e8e34ad-bb09-456c-81cf-cfe7e9f7a90b,BUTTER-E|131072|18|1|105908.0|rectangle,3428018.903892,3.661289e+06,3445615.061799932,3.7059488e+06
8ea3f282-e28d-46e0-9760-b503d556ab6b,BUTTER-E|2097152|10|1|5300.0|rectangle_residual,436086.6655879998,448355.0,453051.6114915942,423151.62
8ecf672c-fac1-418e-8ade-1d6f3eeecafa,BUTTER-E|524288|3|1|6435.0|rectangle_residual,443881.9123439998,437482.1,442387.54307381116,433827.22
8ed6ff76-7973-4f8a-a863-32c3f2f2024b,BUTTER-E|32768|14|1|70000.0|rectangle,2482005.120306,2.2705808e+06,2381959.0589049472,2.4394488e+06
8ef2cfd6-60e6-4d2b-afee-915bbc538b8c,BUTTER-E|128|14|1|15000.0|wide_first_4x,663941.9306979998,670876.44,684699.7558254463,670016.5
8f188e89-5074-43e0-9191-2e186bda0149,BUTTER-E|8388608|4|1|67557.0|rectangle,3684287.416628,3.8455775e+06,3746473.7321562963,3.9283192e+06
8f1e35a5-fa34-4452-879b-bc48d988a486,BUTTER-E|4194304|4|1|3848.0|wide_first_2x,423458.139079,412749.38,422379.2700740697,416077.06
8f2c5948-56cd-43e2-9ac7-caf5a4a88b10,BUTTER-E|2048|5|1|105908.0|trapezoid,2943904.98855,2.8501585e+06,2860243.7151349285,2.941123e+06
8f2f0488-d922-4d8d-9637-fed31f24c74d,BUTTER-E|8192|3|1|3188.0|rectangle_residual,360912.2449079999,349041.5,356165.57146038034,332275.97
8f41706d-d4ca-458c-9155-fa370d188c0b,BUTTER-E|8388608|4|1|105908.0|wide_first_2x,5632929.320312001,5.6906415e+06,5709444.371634054,5.5314935e+06
8f4eda84-1de0-4e79-8931-4877aeef4cf0,BUTTER-E|4096|20|1|3188.0|rectangle,376613.7465039999,408504.8,377168.80732197384,372094.66
8f826e77-980e-4c46-8c67-ab1e9af43e2c,BUTTER-E|32768|20|1|48842.0|trapezoid,1779524.643423,1.8838842e+06,1799596.9660936913,1.8437275e+06
8f952545-fca8-4583-a7b4-33e2ce7d4a08,BUTTER-E|131072|6|1|15000.0|trapezoid,627304.5262079999,646377.7,650317.8873499678,657237.7
8f978af6-d137-470e-a064-6dcdc642a359,BUTTER-E|16777216|2|1|6435.0|rectangle,1058127.445953,1.0881154e+06,1037209.1011211857,1.0648999e+06
8fae513a-5ff9-4460-8f1e-83b2dc281fe3,BUTTER-E|1024|6|1|3848.0|trapezoid,363258.59642799984,363096.03,376118.35316741606,379836.9
8fbaa778-7df3-4d45-8a37-7d95440da3e2,BUTTER-E|4194304|12|1|70000.0|wide_first_4x,3256981.126848,3.2393075e+06,3232611.386223915,3.1710722e+06
8fc16cf5-e17f-4da5-858d-83554d5679e9,BUTTER-E|65536|18|1|3188.0|rectangle,371224.470546,379815.53,376591.15274693526,373663.56
8fc6624d-f176-4778-9be3-e3b1cd3aef7f,BUTTER-E|32|3|1|5300.0|rectangle_residual,398198.1334079998,402240.53,394829.0494582055,380366.12
8fe2532a-1427-4b3c-b6c3-936466fb2c67,BUTTER-E|32768|16|1|15000.0|wide_first_8x,717473.7698949999,742567.2,705645.6038599602,711175.0
8fe9f998-8c6c-46a9-89ed-9f5ff14f2d57,BUTTER-E|16384|2|1|105908.0|rectangle,2747126.5310909995,2.772471e+06,2719907.3287151097,2.8074e+06
901a58f0-bbea-40d2-aea1-347964fce1e2,BUTTER-E|262144|9|1|3848.0|wide_first_8x,376399.79348,386910.25,380687.5664828367,373333.03
902b0fad-b4d7-4299-9037-a8efbfe4892d,BUTTER-E|65536|5|1|70000.0|trapezoid,2182292.214488,2.1451205e+06,2143032.7806433504,2.1665372e+06
90373750-60a9-4b1c-af51-dc63c7c5558f,BUTTER-E|131072|18|1|105908.0|wide_first_8x,3600798.161919,3.629299e+06,3727270.3414025903,3.6467958e+06
90477a3b-0f0a-49c2-bc89-ee5d2814434c,BUTTER-E|512|4|1|48842.0|wide_first_4x,1384148.6016360002,1.3601366e+06,1384019.392532335,1.3396245e+06
904e77b4-a643-40cc-a547-0854789b9906,BUTTER-E|4096|2|1|67557.0|rectangle,1859237.489037,1.8376712e+06,1837538.7265574825,1.8950418e+06
9065f7e4-ebc3-49b1-8e3e-11c2ca1c7f7c,BUTTER-E|2048|5|1|4898.0|wide_first_2x,388285.876012,388081.3,404386.5631697579,409582.25
907978cc-d463-4d09-be5d-b8eaf2cfdbb2,BUTTER-E|128|12|1|48842.0|wide_first_8x,1529050.879492,1.514061e+06,1493478.59681626,1.6470531e+06
908e204b-2e13-4ac9-8a52-a06769c49f45,BUTTER-E|16777216|18|1|20640.0|rectangle,2097282.064739,2.028733e+06,2046669.2287776174,1.9851631e+06
90ab952a-12d6-4b7c-882d-d468e247f116,BUTTER-E|128|12|1|5300.0|wide_first_8x,436361.63937999983,438522.22,424078.09832914337,434005.16
90b7e290-3a3f-491e-a9ec-c1361fa7295a,BUTTER-E|262144|7|1|5300.0|rectangle_residual,406063.7283669998,408190.53,400877.9569622522,397045.44
90d4f021-835f-471b-8626-2347cb94336f,BUTTER-E|32768|2|1|3188.0|rectangle,356004.40213700006,344713.25,351458.14821808826,345837.1
90e2a471-c000-489e-95f3-6d666b9b2305,BUTTER-E|512|7|1|5300.0|wide_first_2x,402155.5250479998,411572.53,406621.4443255181,422464.53
90eca285-8a71-4ba9-b341-937d7b34f39a,BUTTER-E|131072|8|1|3848.0|wide_first_16x,383002.34610299976,386187.7,365280.40958851017,367499.1
90f28575-f792-4976-bcbe-eb5b2359da6d,BUTTER-E|32768|2|1|20640.0|rectangle,753837.339369,711208.2,744808.2853674812,745019.3
91029bb1-d6d3-45e9-9915-bd8ae737d935,BUTTER-E|8192|4|1|48842.0|exponential,1531694.387712,1.4056494e+06,1426807.141988925,1.4211882e+06
9116e0ef-2991-4c86-a668-101a0f5a06b4,BUTTER-E|16777216|18|1|6435.0|exponential,862084.9150720002,849083.2,850291.6981666953,832823.25
91284644-48e4-4fdd-a426-636bc1bb6d54,BUTTER-E|128|5|1|5300.0|wide_first_4x,392907.150378,400199.2,398959.7625783426,375906.4
914dbe74-ce45-4371-885a-aca94428c6e3,BUTTER-E|8388608|14|1|3188.0|trapezoid,481042.593995,465298.25,474629.2503770164,464741.25
91755bd5-16fd-4d15-8108-3bc0237f487e,BUTTER-E|1024|16|1|3848.0|rectangle,448955.3899739999,399722.4,406894.34202070767,394607.6
91a32156-be28-4ed3-8106-04e4ad25f5a1,BUTTER-E|32|5|1|4898.0|rectangle,350211.34209199966,396317.56,397049.9876806161,394887.3
91a7d73c-fc72-4e5f-87ca-0b1f852ef8e4,BUTTER-E|1024|7|1|12958.0|rectangle,607134.6745279997,591256.94,603231.2482187966,611603.5
91b14aee-6428-48cd-bdc5-9c346a807af7,BUTTER-E|131072|8|1|5300.0|wide_first_8x,394182.898947,439376.6,409009.724943952,414454.53
91b72ac6-bc07-4916-8014-85b00a74ce42,BUTTER-E|32768|4|1|5300.0|rectangle_residual,398782.92867699993,402385.97,402984.03811221273,380189.53
91c0c57e-15b9-48be-959d-d29e98d42766,BUTTER-E|2097152|7|1|3188.0|exponential,364166.2568149999,376603.6,370173.93799756013,364740.4
91c576eb-5d24-4073-a4e9-80639496b99a,BUTTER-E|524288|2|1|15000.0|rectangle,633040.769115,647417.25,624065.2306681157,656482.8
91d5eb92-ac32-4ab7-b8d2-a2a422eaed71,BUTTER-E|2048|3|1|6435.0|exponential,439977.2510259997,425760.1,431383.0013131314,420028.84
91eaaed4-237e-4186-b9a9-896251f3c4e8,BUTTER-E|8388608|7|1|3848.0|exponential,510548.7037639997,488989.62,484680.7909407455,472704.06
91f382e3-2544-4c70-a558-75a371fefaaa,BUTTER-E|131072|3|1|12958.0|wide_first_8x,562732.4597999998,557455.2,564963.6448711106,568182.8
91fb342c-8ac6-4109-ae02-5f375173a6f3,BUTTER-E|65536|2|1|6435.0|rectangle,405444.5690579998,426816.3,441625.4978027175,427444.03
91fcae36-ecfa-498f-9331-65664c2c4882,BUTTER-E|2048|6|1|67557.0|rectangle_residual,1981982.866395,1.934987e+06,1949450.7622840416,1.9624356e+06
920aa437-88bf-47db-9605-0f7b28eab55f,BUTTER-E|524288|18|1|70000.0|rectangle,2556024.510523,2.5951085e+06,2619640.9513792065,2.6204555e+06
921d29d6-cca2-4bb5-a94e-571c28936229,BUTTER-E|524288|14|1|15000.0|trapezoid,723835.9942709997,695542.5,721604.4175237695,743201.25
923ed25d-d142-480b-b6fb-03f5bc534e18,BUTTER-E|64|16|1|3848.0|exponential,389559.5890339997,381122.5,394331.6980657028,385277.6
925f7e11-eddc-4c1b-be1d-f7c9d442befe,BUTTER-E|1048576|9|1|48842.0|exponential,1634426.383631,1.5613018e+06,1593788.6872877495,1.6535106e+06
926d7eb1-61f3-4d46-bb03-3cc043c79c1c,BUTTER-E|16777216|8|1|3848.0|rectangle_residual,613674.1597929999,615613.1,622293.0356897375,563564.44
927fd714-6f6a-453e-afce-c68184adeb5a,BUTTER-E|1024|9|1|15000.0|trapezoid,664858.1916469998,687647.7,690185.3129909495,679283.2
9282e518-d923-4bd9-96d9-fd3c1bea95ee,BUTTER-E|2048|2|1|6435.0|rectangle,446808.48953999975,421677.6,427566.11729947984,426856.2
9297a8e7-a35a-4331-bf4d-dcdf31f93584,BUTTER-E|32768|18|1|4898.0|wide_first_4x,438067.5394579999,428931.66,422386.6094766949,399229.8
929dbf0d-abb6-4489-8368-a5d83ea4a3ef,BUTTER-E|32768|4|1|15000.0|exponential,621777.2353799997,641430.1,632844.5518595394,623277.44
92a5a141-ba57-401f-b59f-01295cbb92c2,BUTTER-E|256|8|1|5300.0|trapezoid,388968.9112909998,415201.06,410671.8672300052,411524.66
92de2734-374e-4a4b-b139-26d3045c95ea,BUTTER-E|8192|12|1|3848.0|exponential,379953.1103969999,390621.84,390346.3932966629,380548.28
92e780b3-f736-418c-948d-49dc0e1b87e8,BUTTER-E|512|20|1|5300.0|rectangle,440720.226994,429403.16,438441.263350827,426938.84
93004afe-4edc-48cf-9404-60d51d2e2c36,BUTTER-E|262144|18|1|6435.0|wide_first_16x,464419.559201,482182.75,483627.2475781776,474423.4
9309353f-c508-45e1-91b6-340e6306ae7b,BUTTER-E|524288|2|1|15000.0|rectangle,655831.2579800001,647417.25,624065.2306681157,656482.8
931b2546-a206-4e5f-826e-cb392f1b37f0,BUTTER-E|262144|5|1|20640.0|trapezoid,810340.834561,771115.25,777200.92174644,772692.8
932523de-8606-413d-bb87-11c6cd9ad509,BUTTER-E|256|4|1|67557.0|wide_first_2x,1868777.5852479995,1.8410146e+06,1919389.5459665325,1.8958534e+06
932771c2-1ae1-4ec6-920d-dfc371b3eb95,BUTTER-E|262144|7|1|12958.0|exponential,612544.2887489997,611842.1,620474.3754256967,601388.0
9329da14-34c9-45ec-8e85-a59c4403767a,BUTTER-E|131072|6|1|105908.0|rectangle,2983659.0656079995,2.9288242e+06,2991111.038675151,3.0168712e+06
932dbf34-b530-419f-ac51-4104c5508596,BUTTER-E|8192|14|1|4898.0|rectangle,409814.32536399976,399568.8,416503.0531353812,411029.25
933545c5-8335-4209-a42a-f2b8c59b3c95,BUTTER-E|2048|8|1|6435.0|trapezoid,441576.6684319998,446271.12,450146.0800833272,452420.44
9348219c-ac56-4b4a-a743-e356ab72c5fe,BUTTER-E|1048576|18|1|20640.0|trapezoid,926021.734269,971370.0,917219.4362952427,997341.0
934a73a0-8229-48d0-af16-c84e30a42899,BUTTER-E|4194304|14|1|3188.0|trapezoid,421425.8987839998,406366.53,414923.31304298807,436600.16
936e654f-290b-480c-b57c-c6fb5455d424,BUTTER-E|131072|8|1|3188.0|exponential,371253.32836,363981.16,361078.3002524143,350775.4
9376eeb1-7cf0-4ea8-acc0-f2e3cd0b080e,BUTTER-E|2097152|14|1|5300.0|rectangle,459696.7983519998,448984.84,454562.06312618626,454649.66
938df85e-9484-40a9-a6fc-649fbe2a7e1b,BUTTER-E|65536|14|1|20640.0|exponential,901983.435632,877204.75,874364.5065378385,844689.56
93aa9fcf-010b-48b1-9d25-ef876f13dfb8,BUTTER-E|16384|8|1|4898.0|wide_first_16x,402297.940102,382895.6,399309.7500199799,391073.62
93ad1b53-bae4-4e2a-96c5-0c75276f8133,BUTTER-E|128|2|1|6435.0|rectangle,422185.73873899993,426768.7,433122.7543039652,426868.4
93ccf3d0-3d10-4327-95ea-99cc452e246c,BUTTER-E|2097152|3|1|67557.0|exponential,2236437.659749,2.1454252e+06,2117536.4265837073,2.2560372e+06
9421479f-363c-4eab-8e23-a1ff4d1763df,BUTTER-E|16384|4|1|3848.0|wide_first_8x,366750.6615279999,387537.28,365699.1761747709,361362.22
94305bc6-3aa8-4de7-a6ef-166e75a1ca9e,BUTTER-E|1048576|18|1|6435.0|rectangle,495024.372108,493170.88,495196.2548164517,494931.12
945f2603-e28f-420e-9df5-6996360d2e8c,BUTTER-E|16384|7|1|48842.0|wide_first_16x,1536134.3484229995,1.4985752e+06,1497011.877226273,1.4759512e+06
94a9cc8e-e825-45ca-ab7a-28ede1bb2601,BUTTER-E|16384|18|1|70000.0|wide_first_8x,2662640.013435,2.462397e+06,2456191.304842767,2.518321e+06
94abbca1-7367-44e4-b864-7b26650682f6,BUTTER-E|2048|2|1|6435.0|rectangle,420098.9255659998,421677.6,427566.11729947984,426856.2
94c88635-d242-42f3-810b-c444487e30ea,BUTTER-E|1024|5|1|20640.0|rectangle,768051.364348,741601.9,754764.8656694094,753958.1
94ee79ae-ff9f-42ef-b237-1eed8525e9e4,BUTTER-E|8192|12|1|15000.0|trapezoid,695346.08013,691701.25,686482.8610392108,705934.0
951876e0-69ea-44eb-b7e0-c88270a4ceb5,BUTTER-E|524288|4|1|70000.0|wide_first_8x,2081173.121347,2.0919246e+06,2104376.5783609017,2.0403515e+06
953106c4-7051-4e6a-94bb-34fc00cfd578,BUTTER-E|2048|8|1|105908.0|trapezoid,3072927.1409289995,3.0989588e+06,3184932.5222300966,3.183447e+06
955c9344-11ff-447e-bf13-db13551bfa67,BUTTER-E|524288|2|1|105908.0|rectangle,2874309.557096,2.7501872e+06,2783107.125387824,2.8374118e+06
95650325-4d4d-41dc-ab01-e0f938f7f1aa,BUTTER-E|8192|5|1|3848.0|rectangle,372530.9176909999,389418.6,382954.6005744103,365716.38
956c8acb-34c1-4091-9537-92b5097c2d50,BUTTER-E|256|5|1|48842.0|rectangle_residual,1429125.325613,1.4518484e+06,1407302.5954177477,1.4277729e+06
959affd7-e0f7-4f9b-9b9d-ea771a4dce92,BUTTER-E|4096|2|1|15000.0|rectangle,601764.1479979999,630788.7,622450.0857813603,623606.8
959e3642-2cc2-450e-94d0-e39f818953e7,BUTTER-E|512|8|1|48842.0|exponential,1529918.750932,1.5465035e+06,1507921.6906085769,1.564305e+06
95a1796e-36f4-4bc6-8b72-77b8b718f169,BUTTER-E|16777216|10|1|12958.0|trapezoid,1484626.943678,1.4029026e+06,1403021.8820851785,1.445179e+06
95b071e3-d9de-42f8-bf01-46cf4342ee97,BUTTER-E|32768|8|1|48842.0|rectangle,1554977.5302439998,1.484421e+06,1467037.5904622502,1.5489906e+06
95c38655-488a-4748-80b0-a4bf4646f286,BUTTER-E|1024|4|1|67557.0|exponential,1861092.439415,1.8955551e+06,1904941.766897462,1.9167912e+06
95dd17ae-82ed-4279-9a38-69e382c8b57f,BUTTER-E|2048|14|1|15000.0|wide_first_4x,684601.1525439997,718752.94,698843.2752342023,670046.5
95f7f42f-23a0-407a-af83-ca5d6c926c7c,BUTTER-E|32768|3|1|5300.0|trapezoid,405645.9103599998,387826.4,394600.04757695994,410716.97
96034472-8d96-43ba-b914-8755624ced9b,BUTTER-E|8388608|10|1|3188.0|wide_first_8x,466356.8529889996,461744.2,473702.74699015764,454681.75
9609208f-055e-4727-8057-12e230a4b9c5,BUTTER-E|256|9|1|67557.0|rectangle_residual,2088580.862466,2.0595512e+06,2063135.8619510604,2.083765e+06
9618083c-c49f-4e20-9789-981d836c691e,BUTTER-E|32768|12|1|70000.0|wide_first_4x,2348652.25226,2.2975648e+06,2348678.8515823917,2.2914598e+06
963dd66d-baf1-42f9-b7a4-25836b80b7c1,BUTTER-E|2048|14|1|5300.0|trapezoid,437264.3772419997,422254.28,429829.07386124076,426833.0
96437b2e-5dad-4781-a5fb-1f7ffd700991,BUTTER-E|8388608|5|1|3188.0|rectangle,441657.0639249999,448080.16,446745.8175386263,439361.94
9643e942-ad44-4bca-92bd-f6a6b6ea2605,BUTTER-E|16384|2|1|20640.0|rectangle,737499.502387,715710.44,739965.6544565689,743901.1
964c80fa-90b2-4cb7-bf3c-e94592738de4,BUTTER-E|131072|14|1|5300.0|trapezoid,448405.761408,429984.22,436404.0258141416,431785.3
9655e6a0-9c62-48ff-934f-43fef54b66e4,BUTTER-E|32768|6|1|105908.0|wide_first_2x,2831402.7608219995,2.993665e+06,2893552.1661945796,2.9809445e+06
9660a4e7-9df9-4533-8068-440eecf5ce13,BUTTER-E|2097152|20|1|4898.0|rectangle,453951.87547400006,441577.38,450139.6860013417,451942.2
9665c131-65d5-430e-8be5-a0081c6c6a20,BUTTER-E|524288|5|1|3188.0|wide_first_4x,348421.38553999976,367324.25,360119.04286186164,339690.8
96941097-c2ed-48a3-949b-df9eab8b976c,BUTTER-E|64|3|1|3848.0|rectangle_residual,362879.5530359999,369231.38,375217.9060976009,346891.16
96d14f51-fdb4-4a91-ba54-18117614870d,BUTTER-E|512|10|1|20640.0|rectangle,771784.5000859997,808671.6,796796.1163829773,805880.8
96de9fa9-e1f3-46f5-bf1d-7f597466df65,BUTTER-E|65536|5|1|6435.0|trapezoid,439769.629777,440026.16,449224.4881421755,444680.5
97056cd7-9036-40ba-8566-01aff62a26ed,BUTTER-E|8388608|20|1|105908.0|trapezoid,6640117.499908999,6.5572945e+06,6887167.371614188,6.8684605e+06
972276df-26ea-4ffb-9482-6948e4b232dd,BUTTER-E|32768|8|1|3848.0|wide_first_8x,376628.9374919999,401358.06,378487.9541194852,367989.03
97432c7d-acb1-420e-84c2-bf3b814582d8,BUTTER-E|131072|12|1|70000.0|trapezoid,2362279.732338,2.3658742e+06,2418843.645517572,2.4586682e+06
974eae72-1694-414d-863b-f327d271ee9f,BUTTER-E|2048|9|1|5300.0|trapezoid,438333.282909,414407.12,418397.7220790365,414133.3
975a1f0a-674c-450f-91a6-964494324ece,BUTTER-E|1048576|5|1|20640.0|exponential,823029.76146,794497.5,809966.414686928,794130.9
97616243-8e19-428d-96cb-21c00409f2fb,BUTTER-E|4194304|20|1|70000.0|wide_first_4x,3512555.8530919994,3.5001025e+06,3464059.2375599667,3.639687e+06
976993e1-d234-4299-9b38-f0deb7951d25,BUTTER-E|1024|5|1|5300.0|trapezoid,409633.3229319997,393850.78,405321.04938674805,407981.16
977b893c-8905-4377-a4bb-0f554356c825,BUTTER-E|8192|6|1|105908.0|rectangle,2882841.266197,2.961238e+06,2933211.691348135,3.0132195e+06
97bedc8e-145a-486f-ad06-decfd9aa5236,BUTTER-E|8388608|18|1|20640.0|rectangle,1438106.717175,1.4307908e+06,1447225.4967001267,1.452649e+06
97c3630c-1d27-4ae3-b420-e4560884befa,BUTTER-E|262144|7|1|4898.0|exponential,395199.9236099999,405201.34,399051.4195254011,398071.78
97cee3c6-9289-4e90-a478-1be151ef8518,BUTTER-E|512|14|1|67557.0|trapezoid,2265570.206854,2.2224822e+06,2153538.534230322,2.31817e+06
97f3c1a3-c8b7-4b26-8d10-caa5e3411b59,BUTTER-E|2097152|7|1|6435.0|wide_first_16x,456441.1860989999,482774.47,470386.1628003462,480733.2
980a380a-6e40-4e79-898d-cf671dad514f,BUTTER-E|2048|14|1|15000.0|wide_first_8x,714423.763188,788522.2,703448.8547577192,692453.0
981b0239-aef1-45d1-b855-ed95cd781894,BUTTER-E|8388608|6|1|3188.0|rectangle_residual,456580.2904799998,430600.16,439171.6821847832,420604.03
982edd7a-11a1-4270-a94c-0a068f0951be,BUTTER-E|8192|6|1|3188.0|rectangle,424952.8698459999,367687.0,355710.6180005219,352761.75
983f242f-0d43-4ab7-99bf-92ee17013092,BUTTER-E|256|2|1|105908.0|rectangle,2756418.7931,2.7670612e+06,2724521.5528492206,2.810663e+06
984760c0-6cb0-4459-a750-9b916c2c8979,BUTTER-E|2048|7|1|67557.0|exponential,2064680.781329,2.0379575e+06,2048453.096933929,2.0818879e+06
9847621e-3ffe-46c5-b123-c2afd035bede,BUTTER-E|256|6|1|15000.0|trapezoid,637371.9137299998,630426.0,641167.4641454131,653269.56
98593db1-1c8c-40ae-908b-80cf56a6924d,BUTTER-E|16777216|9|1|105908.0|rectangle,8937103.353779,9.214818e+06,8915547.962313568,9.833851e+06
9866ef7c-e901-4df8-86fd-4b2e3f0a4df2,BUTTER-E|2048|9|1|20640.0|wide_first_16x,814188.7607839998,831252.1,798572.7065488725,768896.1
98cab15d-2796-4c6d-bd86-6e7cdb5d63c0,BUTTER-E|16777216|7|1|105908.0|rectangle,9290045.004742,9.303846e+06,8923685.755767362,9.697858e+06
98e14873-0409-4616-a7df-8bd002355893,BUTTER-E|131072|3|1|48842.0|wide_first_8x,1375823.7069119995,1.3497374e+06,1394477.0129329287,1.3741735e+06
99197b07-e0dc-4955-8cf6-01b747104385,BUTTER-E|262144|10|1|15000.0|wide_first_16x,682793.8191009996,706923.0,679286.6830751905,663564.7
991b9413-8647-426f-a64b-ef7cbdef2d75,BUTTER-E|1048576|5|1|5300.0|wide_first_2x,411017.2450119997,408786.56,411448.79236090084,426145.62
9946af47-fad1-4dd1-9873-975e14ec783a,BUTTER-E|16384|18|1|70000.0|rectangle,2526119.283228,2.3262668e+06,2567269.4154891386,2.5899262e+06
994faa82-96ef-41f8-859e-e27a5a37e871,BUTTER-E|262144|18|1|6435.0|wide_first_8x,496266.8984979998,491168.06,486657.4843724206,481926.7
9954fb70-6585-481b-81b9-708980fe5944,BUTTER-E|4096|5|1|4898.0|trapezoid,393376.252573,393945.8,396099.85264135007,399091.25
99697090-ae96-4cd7-8155-22f23b55d98d,BUTTER-E|8192|9|1|20640.0|rectangle_residual,818912.5540929998,792895.06,801855.1707466496,771480.9
9974e923-a0e4-454e-8283-c3ee13fdee68,BUTTER-E|64|10|1|6435.0|wide_first_8x,448455.1348339999,430902.1,436897.1802594411,443860.25
99b0f39e-dcde-4500-9e5f-16097d60cc93,BUTTER-E|32|6|1|20640.0|exponential,783108.594863,775538.06,759296.0525818939,751571.1
99b256e5-682f-4604-87de-807c194f06bc,BUTTER-E|131072|12|1|20640.0|wide_first_16x,881100.3924739998,883083.7,867436.9905193096,815850.06
99b4f855-89d0-462f-901d-bef28b87fd7a,BUTTER-E|524288|6|1|105908.0|rectangle,2966321.9770639995,2.9758318e+06,3006463.1520728422,3.0573305e+06
99cb81b9-6e85-4c2d-a427-193da5470836,BUTTER-E|65536|16|1|4898.0|wide_first_4x,428630.346855,430106.03,413035.82657101034,395570.7
99ebb882-67ec-407f-ba36-f591a7a612ce,BUTTER-E|8388608|20|1|5300.0|rectangle,589055.9734239999,597539.4,595344.445392289,597130.94
99f0b845-516c-47ab-8c1e-9d6cb5cc20b6,BUTTER-E|4194304|6|1|67557.0|wide_first_2x,2809004.027706,2.7307922e+06,2769712.859005367,2.8223822e+06
99f2a983-f415-4cb5-b126-1dedd39bc70d,BUTTER-E|4096|3|1|5300.0|rectangle_residual,376334.3477529997,404198.62,396028.37904436,380471.72
9a04d5f3-1a2a-42e4-a71d-6a0b85a072e9,BUTTER-E|4194304|20|1|105908.0|trapezoid,5168035.405153,4.800659e+06,4936572.410626208,5.2954865e+06
9a2b062a-1ab4-4ae3-b7b8-903504696a88,BUTTER-E|2097152|18|1|5300.0|exponential,457632.3387969997,463961.84,465470.67130117485,448768.7
9a307426-f7e1-434e-b387-47335a606222,BUTTER-E|8388608|14|1|105908.0|trapezoid,6382386.453963,6.369036e+06,6393760.017078554,6.513274e+06
9a339674-dbd7-443b-abc0-a6583f2eaf90,BUTTER-E|2048|18|1|4898.0|trapezoid,410792.3413939998,449109.06,431213.16688961984,430449.5
9a3ef969-d245-41cb-81dd-caa60f3091e0,BUTTER-E|131072|14|1|70000.0|wide_first_4x,2440245.166157,2.4396348e+06,2407215.1979964767,2.365484e+06
9a518f59-fa53-4280-8f96-16a56206739f,BUTTER-E|32768|5|1|4898.0|wide_first_2x,386237.7082319997,399050.53,397946.22445373953,410028.56
9a53b2d6-399e-4936-8817-946176f36928,BUTTER-E|4096|16|1|3848.0|trapezoid,398339.742186,377896.28,396166.2598259638,395535.22
9a5d22d4-d0e8-43e0-b180-c7b1107b2a1b,BUTTER-E|32768|14|1|5300.0|trapezoid,442353.8746499997,445984.34,438384.23119293945,427979.2
9a6858af-0ce3-47a8-8280-5027ad246d99,BUTTER-E|4096|9|1|3848.0|trapezoid,390179.1139429997,382746.66,379101.5459901181,385416.88
9a70b327-3cef-4ed6-bddf-b99654d8374f,BUTTER-E|2097152|6|1|70000.0|wide_first_4x,2402640.445365,2.3165788e+06,2444830.012503811,2.4148572e+06
9a7fc79b-e8b1-46ee-8627-0dd7f43dc986,BUTTER-E|256|2|1|67557.0|rectangle,1862765.885037,1.8589112e+06,1840385.3690266365,1.8947436e+06
9a945932-d700-4207-b479-fdde750578cf,BUTTER-E|16777216|7|1|105908.0|rectangle_residual,9249073.677104,8.834936e+06,9056347.795097437,9.098399e+06
9ae0dc52-4c97-4f3b-be5c-23d5c580dd7d,BUTTER-E|2048|4|1|20640.0|wide_first_2x,770650.2474459998,761003.56,782255.342838302,757770.7
9af0caf3-5463-4e37-a6fa-e5bcae6168f4,BUTTER-E|4194304|6|1|70000.0|exponential,2974990.315716,2.905993e+06,2947189.2924673357,3.041397e+06
9af6dbad-ff9e-4ea9-9e59-d2f54e4e8364,BUTTER-E|256|8|1|5300.0|rectangle,415240.5660729999,414198.1,412340.21091457445,410426.03
9af869b9-c507-423b-9150-8d73c3ef6e93,BUTTER-E|131072|2|1|3848.0|rectangle,376479.4162149997,390828.28,375555.1723566659,367613.72
9afb6afd-6564-43ba-b37a-c98bee00d8a5,BUTTER-E|4096|2|1|15000.0|rectangle,635753.0101379997,630788.7,622450.0857813603,623606.8
9b08bd4b-8518-4fd5-b665-13dee70496d4,BUTTER-E|1024|7|1|6435.0|wide_first_16x,437686.5511259999,448825.6,441063.38099388283,431040.62
9b1d2738-e33d-405a-a563-3976039ad4d4,BUTTER-E|16384|5|1|48842.0|rectangle,1433366.3072930002,1.4429342e+06,1437735.820205672,1.4689049e+06
9b22092a-c9e4-4aef-aa9a-88a291925fc5,BUTTER-E|65536|18|1|15000.0|wide_first_8x,738388.6525049998,716081.2,742142.9762103609,733687.1
9b4d67bd-1113-45c6-a06c-1071d16b6a00,BUTTER-E|16384|7|1|6435.0|rectangle,447704.2782339999,444251.97,443446.0245418556,443154.3
9b58c7e8-2f8d-470e-a1e4-725152a41ced,BUTTER-E|524288|14|1|67557.0|rectangle,2283624.965392,2.2863582e+06,2238121.962907901,2.329166e+06
9b8b1f8a-9b00-4f10-b99d-6cf460928ed3,BUTTER-E|8192|8|1|15000.0|rectangle,659205.3031979997,669005.75,666348.4278897024,670733.2
9b956aa9-23d0-41f5-b5f9-31ff212fb508,BUTTER-E|2097152|5|1|70000.0|wide_first_2x,2417281.450068,2.3006565e+06,2375061.070585492,2.4275085e+06
9b9e51b2-4c26-453c-afe1-3ae9ee024806,BUTTER-E|512|16|1|67557.0|exponential,2338455.0857959995,2.3088702e+06,2261775.2742531877,2.3466572e+06
9ba0d5fe-3afe-49a0-897e-3b7efaaf29fb,BUTTER-E|2048|10|1|3848.0|wide_first_16x,361107.4178079998,371874.34,376811.51837452204,370692.75
9ba86474-325e-4652-978d-1c65250ac636,BUTTER-E|65536|12|1|105908.0|rectangle,3140079.0898730005,3.4032355e+06,3255751.553233734,3.3374332e+06
9ba9c1a1-2d93-41f2-9cd3-0d233111de75,BUTTER-E|8388608|20|1|48842.0|wide_first_8x,3057762.304246,3.1225198e+06,3102982.0717918193,3.235581e+06
9baf7a7d-af45-4ca3-9fb2-ae095d8e1b6b,BUTTER-E|131072|12|1|6435.0|wide_first_4x,469405.5245929998,467063.7,455651.1049487663,443745.97
9bba0a2d-a247-46c8-937a-c53416e3e367,BUTTER-E|16384|4|1|6435.0|wide_first_8x,420976.2695099998,422517.3,432244.5037551434,435718.75
9be6f01b-f7a7-4c53-921d-31d997d58541,BUTTER-E|64|2|1|5300.0|rectangle,397440.5975039999,380777.0,402034.7796857848,399820.78
9c18cbc0-225a-4f7e-962e-f41d5eb099f9,BUTTER-E|262144|16|1|4898.0|wide_first_4x,428297.50408199977,416403.38,417250.24712059536,403442.25
9c21e65e-90b6-482a-980d-ca1877c08580,BUTTER-E|16777216|9|1|6435.0|exponential,841177.2539469999,819828.6,823409.3404462303,796244.4
9c2697e7-0291-4991-8017-424a892bfc0e,BUTTER-E|524288|7|1|105908.0|rectangle_residual,3020691.358541,3.0324968e+06,2976068.5070190877,3.0523835e+06
9c46fdb0-9abd-43bc-aedc-e80ca5243103,BUTTER-E|524288|8|1|5300.0|exponential,433698.081435,424436.88,422585.796719592,406862.5
9c8abe9c-d603-4c6e-b909-cd09d867d246,BUTTER-E|4096|2|1|3848.0|rectangle,385139.70568499976,385551.44,376395.49833317497,362713.25
9ca126ce-6af4-49aa-b034-ddb7eecad724,BUTTER-E|16384|18|1|6435.0|trapezoid,503537.4511619998,499806.72,492875.27868724434,489112.28
9cb68569-91df-48ba-9111-42af6877101c,BUTTER-E|4096|6|1|70000.0|wide_first_2x,2230117.368731,2.1890152e+06,2169156.0942018917,2.1636898e+06
9ce9c254-bac2-4843-bf84-f1bb06713727,BUTTER-E|16777216|10|1|3848.0|wide_first_2x,619974.4470799996,609063.94,630030.3066328708,627265.5
9cfa5b0b-9170-4018-9ed8-c7673350ea96,BUTTER-E|2048|7|1|20640.0|rectangle_residual,772076.839603,736766.0,770045.6168735123,762561.9
9d036def-c623-4698-9d48-e0b349d8fe0a,BUTTER-E|131072|18|1|15000.0|trapezoid,734570.0989439997,723618.25,744298.7913491131,770128.25
9d0423d8-2975-4a16-bdae-588fecc2362a,BUTTER-E|65536|5|1|15000.0|wide_first_2x,626560.9560569999,636687.4,633208.2610613961,647319.06
9d1fe5a9-b2b6-43fa-8a64-8bb49b46eed3,BUTTER-E|16777216|18|1|67557.0|exponential,6226307.245957,6.0636155e+06,6095791.089985402,6.570628e+06
9d70c15e-bab7-4785-8abc-12f61cb78e8d,BUTTER-E|32|3|1|3848.0|trapezoid,361868.3547459996,366532.0,372736.3887911022,374840.3
9d93df05-8618-484d-b809-cbdd128f9e24,BUTTER-E|256|3|1|12958.0|rectangle_residual,605348.8795859998,581860.5,579185.212483401,565202.3
9da32f62-8781-4c11-ace4-709a5a89e51a,BUTTER-E|524288|6|1|5300.0|rectangle,394480.99054599984,407449.62,412241.3124132502,420604.03
9de83033-7be0-4cad-8f2b-378e35b367d1,BUTTER-E|8192|6|1|4898.0|wide_first_2x,380040.0598409998,412544.72,394032.441667056,410228.44
9ded8e82-8b3c-4a78-b162-327b0d68e52d,BUTTER-E|262144|10|1|70000.0|rectangle,2275393.435024,2.2841812e+06,2310085.512268391,2.3256635e+06
9e183f1b-faf9-473e-be13-3f120487a0ff,BUTTER-E|4194304|10|1|15000.0|exponential,873546.1322029999,874135.75,876184.8496808021,884732.56
9e32862e-f8a6-4e64-9003-003fe1f4f9d9,BUTTER-E|65536|4|1|3188.0|rectangle,336422.693233,353784.94,353112.56741418655,346445.8
9e3410fd-f18e-4f0f-a241-a512f0b8f593,BUTTER-E|32768|14|1|48842.0|wide_first_8x,1687206.30239,1.5801384e+06,1650182.0806527617,1.6800222e+06
9e40ddf1-9020-41f9-9928-483e52a85348,BUTTER-E|131072|7|1|67557.0|rectangle_residual,1998762.248256,1.9933909e+06,1984045.858894756,2.0236046e+06
9e47ba50-412a-43c7-8119-ec01d7253761,BUTTER-E|8388608|8|1|70000.0|rectangle,4126416.278196,4.3039765e+06,4087660.6240924182,3.9667222e+06
9e74569e-e297-472a-a8b9-b15c6fc7ad11,BUTTER-E|1024|3|1|3188.0|wide_first_8x,343201.6750129999,353304.12,345356.69519976195,348680.84
9e790bf9-6bba-44c7-99e3-265788ffb31c,BUTTER-E|8388608|8|1|20640.0|rectangle,1307594.1132549995,1.33988e+06,1354481.3011203099,1.3412556e+06
9e7c3e8f-da8a-4737-a21c-7a1fce3977be,BUTTER-E|262144|7|1|67557.0|rectangle_residual,1977062.982331,2.0428631e+06,1996854.6040892913,2.0351549e+06
9e7ebe83-6032-4faa-bb69-5945fef08128,BUTTER-E|16777216|2|1|20640.0|rectangle,4396958.151792,3.3373378e+06,1874859.4516804838,2.567072e+06
9e837179-7e79-4690-b330-0b39e8cf76e2,BUTTER-E|32768|20|1|3188.0|rectangle,383909.675048,401639.88,388596.3567802579,371895.97
9e891afb-329c-4dfa-a34f-617925ca6f39,BUTTER-E|524288|14|1|3188.0|wide_first_8x,350395.4891999999,361830.53,371748.28354819614,384595.53
9e9190c3-9c7d-4d4a-91ce-b80271a530c2,BUTTER-E|524288|5|1|70000.0|rectangle_residual,2182351.495796,2.2037215e+06,2143004.9468048327,2.1861655e+06
9e941fea-3e78-47c8-a714-7efef4defac3,BUTTER-E|65536|10|1|105908.0|rectangle,3065962.668268,3.1838508e+06,3152419.0065361643,3.232241e+06
9eabc857-7173-4806-91c6-d365df76ffe6,BUTTER-E|2048|5|1|70000.0|wide_first_16x,2093483.955216,2.0613649e+06,2084840.8584544198,2.0787038e+06
9eb08916-b451-41e8-b3df-91f93a77b2a9,BUTTER-E|4194304|3|1|48842.0|exponential,2029539.2910490003,2.0251781e+06,1944558.5272783898,2.0417062e+06
9ec4be61-0c1d-4607-ab7b-e84b293acd0e,BUTTER-E|128|7|1|67557.0|wide_first_2x,1931152.332545,1.8737982e+06,1920959.2346004532,2.0578019e+06
9f068998-e82e-471d-a4af-f47595025a0f,BUTTER-E|262144|14|1|6435.0|wide_first_16x,474590.805722,468729.88,473699.1415228921,459004.97
9f06b44d-fb61-498e-80fb-2f436b4fb847,BUTTER-E|32768|5|1|48842.0|wide_first_8x,1453974.043981,1.51552e+06,1451481.9666140955,1.4594698e+06
9f124e89-399f-434e-bb4c-f5da3f6127eb,BUTTER-E|524288|7|1|48842.0|rectangle_residual,1499379.1858250003,1.4962989e+06,1522285.5128891794,1.5723876e+06
9f4264c6-5856-418e-a30d-46a40adee254,BUTTER-E|16384|6|1|3188.0|rectangle,345032.04860699974,361920.25,357663.8065061857,352979.47
9f463888-7eb5-4e90-a29b-09acc8d2e26b,BUTTER-E|131072|7|1|15000.0|exponential,677419.8096929998,669273.75,671416.8598848907,662688.2
9f6f2b2a-8381-425b-8674-f33a678518aa,BUTTER-E|524288|20|1|3848.0|wide_first_4x,391237.92854,401448.03,404975.22039195197,394799.6
9f7bf0f8-ec17-4c82-98b6-11726b6e77d2,BUTTER-E|2048|5|1|3188.0|wide_first_4x,371905.8656999997,355905.06,350771.0565496393,330083.44
9f85904c-d372-419e-9294-c903d68c169a,BUTTER-E|2048|20|1|15000.0|wide_first_16x,736856.3773949997,833418.3,742979.4437524559,730240.9
9f9ffa8f-3906-4e83-8081-d4fc7a460da3,BUTTER-E|1024|8|1|20640.0|wide_first_4x,797904.9386259998,787153.25,773690.4181107923,753174.8
9fad742d-4b0a-4d61-9fd0-7e2ea772cfad,BUTTER-E|4194304|20|1|4898.0|rectangle,499287.6933419998,493253.66,498299.2587287631,527937.44
9fb60cee-24b6-4416-9d15-80e0315e9469,BUTTER-E|4194304|7|1|20640.0|rectangle_residual,1013828.977074,1.0148029e+06,1037701.6308684383,1.0126827e+06
9fec3af3-1542-4678-8da4-f5b46dd2d0fd,BUTTER-E|1048576|4|1|6435.0|trapezoid,436659.6620749997,445721.16,441228.8599299532,458903.44
a02d21ee-f1da-4490-be38-d971ffa87810,BUTTER-E|2097152|2|1|70000.0|rectangle,2379656.5656170007,2.1919795e+06,2330064.885406651,2.4515318e+06
a031489a-aee0-4727-8a3f-e1b1f672af4b,BUTTER-E|8388608|3|1|67557.0|wide_first_16x,3562221.0033,3.779817e+06,3868479.290187751,3.535108e+06
a05849f2-fa16-4e7c-8cb9-3fe4dee663c7,BUTTER-E|65536|10|1|70000.0|wide_first_16x,2226997.851741,2.1280392e+06,2259108.9329111455,2.180452e+06
a07b5ca3-0070-4054-ac81-aa05fe4db725,BUTTER-E|131072|3|1|67557.0|exponential,1819210.952277,1.8852394e+06,1875106.7998420773,1.87535e+06
a07d42f1-6cfe-463a-9456-5079ab532e33,BUTTER-E|1048576|18|1|105908.0|exponential,3629651.202912001,3.7413712e+06,3733762.562151484,4.003068e+06
a097f9ff-4fe3-48a4-af8e-bf6328d48950,BUTTER-E|8388608|8|1|3188.0|exponential,453911.4276339999,442867.47,454997.3062331814,441388.75
a0f73036-f2f8-455c-8cf9-61c44859b8f0,BUTTER-E|32768|2|1|4898.0|rectangle,394066.8892549998,372819.62,385830.8836218059,391004.62
a110173f-2deb-46ec-9f7e-bc311f4f7596,BUTTER-E|8192|12|1|105908.0|exponential,3309709.2763360003,3.3093932e+06,3348508.4068576004,3.3636315e+06
a119d2ea-a4e3-43d6-9a93-6c71167b07e7,BUTTER-E|2097152|4|1|70000.0|rectangle,2342635.312372,2.2361058e+06,2376553.46909951,2.5034245e+06
a13ddab3-4ac0-43ea-b09b-572141ea1cc0,BUTTER-E|8388608|6|1|67557.0|wide_first_2x,3726720.649501,3.7936158e+06,3851448.9495898564,3.836621e+06
a150f73d-3e4a-4cb1-b13e-c04ec348414f,BUTTER-E|1048576|9|1|15000.0|wide_first_8x,680029.2926299998,696320.4,688356.9183960535,711247.56
a15df878-43f3-4d1e-8739-67718b138d62,BUTTER-E|65536|2|1|70000.0|rectangle,2051048.179653,2.0868654e+06,2049668.7390491876,2.0546761e+06
a17dbac7-f219-4211-aa6e-8886132c821a,BUTTER-E|524288|16|1|12958.0|exponential,658393.8891939997,670507.4,684234.2900757523,663078.8
a1aaa2a0-d07c-4018-9127-c1ddc609dfd5,BUTTER-E|32768|18|1|3188.0|trapezoid,371390.91942,391839.7,387518.4413579832,382200.6
a1aad14d-8959-4746-9ab7-7072b21ad15f,BUTTER-E|128|7|1|5300.0|exponential,396462.3892159996,413889.72,416520.744941438,400381.7
a1ac5e3c-5c8f-4b32-8205-17ba504466e9,BUTTER-E|32|5|1|5300.0|rectangle,414033.8265529999,403844.53,407453.4874036811,401814.97
a1b2b803-1fa8-4e13-811f-f496c088c545,BUTTER-E|64|14|1|5300.0|wide_first_8x,422254.0345259999,427539.4,414782.8680803565,433480.22
a1d84bfa-7bc1-4915-8fd3-813ef335055a,BUTTER-E|262144|3|1|105908.0|wide_first_8x,2865441.526765,2.718481e+06,2768781.548085238,2.9457152e+06
a1ea689b-b46f-4500-ba98-0f9e0a91e51a,BUTTER-E|2097152|9|1|4898.0|rectangle,433571.181372,421284.5,425830.68863101373,427749.84
a227eda5-8076-49eb-91fe-9ae713869198,BUTTER-E|4096|16|1|48842.0|wide_first_8x,1716029.3702299998,1.7273336e+06,1723519.9137215856,1.7104314e+06
a22e51cd-93cb-4fc8-beb1-afcdc29da3e4,BUTTER-E|4194304|5|1|105908.0|exponential,4098831.308391,4.1739925e+06,4016275.662712067,4.390736e+06
a23a9066-f891-483e-8f02-37fda9b000a8,BUTTER-E|8388608|7|1|48842.0|trapezoid,2887395.463254,2.8512785e+06,2788057.9588521207,2.9200445e+06
a2477885-81b9-49f8-b4fa-884ee2704323,BUTTER-E|32768|16|1|67557.0|wide_first_8x,2293347.117207,1.9202181e+06,2301338.880056084,2.2585172e+06
a258a40e-546f-4ee8-a151-3c3a818db0b3,BUTTER-E|4096|9|1|4898.0|wide_first_2x,406599.1884829998,380888.12,404648.14730938757,418337.8
a2599afd-31ec-4293-9499-81393c553b67,BUTTER-E|2048|9|1|6435.0|rectangle_residual,455833.4307769998,442707.0,443370.44216578663,427279.34
a2a0d542-7bd9-4d3f-ad1f-cbf22b1d91c8,BUTTER-E|2048|5|1|5300.0|rectangle,422124.5487269999,403438.4,401419.0791207131,401908.1
a2cc8e2a-c88d-4b7a-9cff-2945a0350da0,BUTTER-E|16777216|4|1|3188.0|trapezoid,534357.8237999999,530262.56,526338.1330248971,545931.6
a2daf1ba-dfbf-4196-979d-d422762e59dd,BUTTER-E|1048576|4|1|12958.0|trapezoid,597760.4226439997,600224.9,610108.766902108,630280.56
a2e9c283-1607-4c03-a048-42cbabd94c9f,BUTTER-E|524288|14|1|5300.0|wide_first_16x,435083.3800679999,425827.9,433208.2804286474,437297.3
a2f49f80-4cf5-4140-a743-f963352990f6,BUTTER-E|8192|16|1|4898.0|wide_first_4x,429085.0430719999,389413.03,416659.0069716233,393583.8
a2f6e043-86c7-47d9-9fad-5e4c16616ec1,BUTTER-E|256|2|1|105908.0|rectangle,2643543.205129,2.7670612e+06,2724521.5528492206,2.810663e+06
a311a644-ad34-4f72-bf12-527ae1dbf738,BUTTER-E|1048576|16|1|6435.0|trapezoid,480360.5674499999,484008.56,492932.2363820055,509371.06
a328a921-5772-4dbf-89a8-5e2de6335f9d,BUTTER-E|16777216|16|1|6435.0|wide_first_8x,840244.320163,837021.8,844300.6482079527,839996.56
a34b0e91-4fbc-4226-822f-ca86ca7ec097,BUTTER-E|2097152|2|1|3848.0|rectangle,459185.9819339998,436769.25,408520.1426717336,449638.75
a35140c1-7632-439a-80a1-8a8c3f405fa0,BUTTER-E|2097152|3|1|15000.0|exponential,678884.6710509997,694093.3,681932.0875922634,689704.06
a3908b5b-c2cb-4463-bf66-1b7385c1bc05,BUTTER-E|131072|9|1|3188.0|rectangle,348206.40305999963,367674.72,364822.0476475429,363133.1
a3aa1cc2-b6ea-4ba7-9237-380ae7b790d0,BUTTER-E|16384|4|1|20640.0|wide_first_16x,736148.012405,734963.1,734196.6549469515,724223.7
a3cfd216-4fb2-4a1d-8821-2c7cc334099a,BUTTER-E|16777216|8|1|105908.0|trapezoid,9049676.395691,8.933199e+06,9030616.82739236,9.520176e+06
a3e856d7-687d-415a-85da-4b910da7b33c,BUTTER-E|524288|7|1|70000.0|exponential,2380170.5622,2.2968748e+06,2230404.68634909,2.2580198e+06
a3eb30ce-2231-4a30-abc3-21f3f122dc76,BUTTER-E|8388608|5|1|4898.0|rectangle_residual,531832.5866549999,541025.94,567191.1150197727,537031.2
a40244ce-3ade-4b82-9869-6955ce9b7d6c,BUTTER-E|256|9|1|3848.0|wide_first_4x,394356.0102569997,371212.8,378973.7046664416,360178.3
a41394db-6adc-4ef6-b36a-515af82d811c,BUTTER-E|1048576|5|1|12958.0|trapezoid,604402.7078219998,608075.0,613739.6065674303,635066.44
a418b8bf-7982-4ae3-8873-e4bf1630e5e5,BUTTER-E|2097152|8|1|15000.0|rectangle,725968.9901849998,741641.44,719828.0151954283,749340.3
a4212e15-f375-417b-9b9b-6f27f23b6d3d,BUTTER-E|4194304|12|1|3848.0|exponential,449913.289392,429390.03,443668.48679506,434252.3
a4400b51-1233-444a-919a-da82dc695bfc,BUTTER-E|2097152|8|1|105908.0|rectangle,3393158.333081,3.5705385e+06,3424019.7859984385,3.6599972e+06
a44cfbb7-8c4d-4b46-8a9d-9dc1bb1806cf,BUTTER-E|1024|14|1|20640.0|wide_first_4x,843223.221422,900099.2,877149.6419040919,812501.2
a45add10-38b4-47d9-832a-f9cafdc1b760,BUTTER-E|1024|20|1|6435.0|exponential,482523.98548,469985.0,478582.58369581116,484506.4
a463f422-83ef-47a6-a45d-e86342f76f7c,BUTTER-E|524288|2|1|105908.0|rectangle,2782125.6006,2.7501872e+06,2783107.125387824,2.8374118e+06
a4828751-75b4-43d8-8ef8-31d0ce44955d,BUTTER-E|1024|16|1|6435.0|trapezoid,461996.07297400007,492815.44,469566.6558192652,481928.53
a4a0909d-6285-467c-9feb-78dd08105a82,BUTTER-E|1024|20|1|6435.0|trapezoid,480922.358832,491119.8,476970.1115301676,492457.9
a4c84801-9db4-4555-a5cd-d039be501d93,BUTTER-E|524288|10|1|6435.0|rectangle_residual,455069.347448,464853.38,464975.0095320834,450406.53
a4ebf2a3-7f02-4acf-b252-1d827301f493,BUTTER-E|1024|20|1|5300.0|wide_first_8x,452461.7031339996,418426.8,444973.28997881495,430415.8
a537c069-8585-43dd-890d-a2d4d6597136,BUTTER-E|2097152|3|1|5300.0|exponential,409907.3151779999,458588.88,433583.48762125004,409932.75
a56b469c-402f-4914-a553-289273f61693,BUTTER-E|2048|6|1|15000.0|wide_first_2x,634385.4786389999,615046.9,651300.2378399083,650002.0
a578026b-a6c3-4334-ad86-b4f1e53b0895,BUTTER-E|262144|20|1|70000.0|rectangle,2550133.109422,2.7292692e+06,2641911.883353366,2.6970272e+06
a5848cbb-7cf6-4f08-a179-6e663a8acaba,BUTTER-E|2097152|12|1|3188.0|wide_first_8x,386451.4681989997,381767.47,373517.25411225937,369229.25
a586803f-a0d7-4881-abe9-29d6432d6267,BUTTER-E|262144|6|1|4898.0|wide_first_2x,414845.73259999993,395849.56,396734.3810228674,419699.28
a5a8d64d-dee9-4b36-84b5-4321e52415f8,BUTTER-E|65536|3|1|48842.0|rectangle_residual,1413064.0116399997,1.3600432e+06,1364351.5264358853,1.3625775e+06
a5b36706-238c-4e6b-9ec2-3a209e97b2ae,BUTTER-E|8192|20|1|5300.0|trapezoid,458250.6780449997,449463.4,439801.8511718689,437586.44
a5da6d7a-d7fc-4065-b49b-ab043f3fb164,BUTTER-E|32768|7|1|3188.0|wide_first_4x,351091.1563439997,333471.2,348823.0498885858,333322.38
a6236d27-7af9-4033-a0e1-dcaaa5a85f13,BUTTER-E|32768|3|1|6435.0|wide_first_8x,414378.8209919999,426681.2,427083.7263716914,434880.6
a63438ca-da88-452f-b2a1-86ac8d83535c,BUTTER-E|256|7|1|3188.0|rectangle,359714.8676699998,364204.78,356244.5480270031,358585.62
a636bcd2-fddc-4141-998a-e139893689da,BUTTER-E|256|12|1|12958.0|wide_first_16x,600016.59394,568499.9,631654.7849090968,621398.4
a6404d18-2b6f-46bd-9ec8-7fb712f70e42,BUTTER-E|2097152|6|1|5300.0|trapezoid,433896.4569579999,436830.9,438650.5100010012,441602.62
a649966a-6129-45b4-915f-fcb20f1efc1f,BUTTER-E|65536|20|1|105908.0|wide_first_4x,3606691.3110810006,3.7968588e+06,3651496.6391489124,3.763609e+06
a696ace2-3ffb-4de8-97b3-35cd55acb416,BUTTER-E|8192|9|1|70000.0|wide_first_4x,2242439.581844,2.3607852e+06,2262658.418462084,2.1967822e+06
a6ce3d4c-cd92-430c-9ae7-2299a6012daa,BUTTER-E|32768|14|1|3188.0|wide_first_8x,377841.3351169997,341436.88,370434.994623488,375792.4
a6d0ac94-3a19-447a-9646-31dc5e94163f,BUTTER-E|8388608|18|1|15000.0|rectangle,1120594.7415299998,1.1323429e+06,1147469.2294535262,1.1751662e+06
a71fe06c-75be-4d51-ac08-cc67204192c6,BUTTER-E|8192|7|1|5300.0|rectangle,407164.060827,419786.97,409133.40720026335,406612.3
a7421bff-2a3c-4d7c-9bea-1c7e9caf382a,BUTTER-E|131072|20|1|67557.0|trapezoid,2359801.616778,2.475519e+06,2439918.9453981044,2.4975962e+06
a76c6ef8-751b-4ad8-9a6b-854ddd3f8015,BUTTER-E|65536|6|1|3188.0|trapezoid,350241.3252389997,357753.9,360583.97342545097,356058.84
a76d757d-d625-4478-a36c-416f5671f6d8,BUTTER-E|2097152|3|1|70000.0|rectangle,2309106.246947,2.192431e+06,2330064.885406651,2.484177e+06
a7b0555d-7b94-4c90-b5db-5985ec3e21bc,BUTTER-E|4096|12|1|3848.0|trapezoid,402883.8675999998,378144.66,394984.59522504464,393595.84
a7f61bea-0350-47c9-9b39-799196014e85,BUTTER-E|16384|3|1|15000.0|trapezoid,639871.6336839998,626413.7,617268.5400653944,638357.5
a82be26c-c0d9-4bee-90c5-9087b934461e,BUTTER-E|1048576|18|1|48842.0|wide_first_16x,1743020.7901439995,1.9489492e+06,1835099.5607208107,1.9120134e+06
a832d980-f03d-4503-84bc-ec19d9bf028e,BUTTER-E|16384|6|1|3848.0|exponential,368934.5810359998,371357.62,370264.6538128929,366540.4
a84869ca-16d5-47ba-abf6-4d46f49c9ae5,BUTTER-E|262144|14|1|20640.0|trapezoid,870513.3888139997,903786.7,919771.629514115,902358.75
a85cdc41-1fc1-49ca-9da6-f43dbd692f3e,BUTTER-E|64|14|1|3848.0|exponential,372221.4018189997,385336.4,386876.36281202594,382081.44
a85f9cf5-7dee-4b77-9ecf-d11bd6867987,BUTTER-E|16384|3|1|70000.0|wide_first_4x,1980440.757952,2.106288e+06,2013500.33687587,2.0243015e+06
a890b560-3048-44e1-928c-0e773115d0ab,BUTTER-E|65536|6|1|6435.0|rectangle,415936.46038,440375.44,443098.2836992068,440735.1
a8a6036f-489b-4843-842c-700fe61ee9ce,BUTTER-E|64|3|1|3848.0|wide_first_2x,369100.947851,376403.97,372911.5479213522,379217.97
a8bd615a-c338-42f7-8a10-4233041c47cc,BUTTER-E|512|10|1|3848.0|wide_first_2x,368904.4923219998,380036.2,381497.4038684995,379964.44
a8f56dff-52e7-4ca5-a25d-5c7edda56205,BUTTER-E|2097152|5|1|12958.0|rectangle_residual,661444.0381840001,652679.25,639551.380649546,635093.7
a90cb84b-1612-4355-9823-2d06e3c39f30,BUTTER-E|2048|20|1|12958.0|rectangle,675424.0236599996,693091.9,687098.2974253994,671634.44
a9174b8a-09aa-4052-9757-0ccc1137b362,BUTTER-E|65536|3|1|15000.0|trapezoid,679139.1842349999,616926.1,630534.9795791047,639284.2
a98eb136-d593-4e37-b389-4cb5db07fe6d,BUTTER-E|512|7|1|20640.0|rectangle,769565.565845,763458.4,760866.570796573,773841.75
a9de1276-e02b-42b9-98eb-a65ed9521b97,BUTTER-E|262144|9|1|70000.0|rectangle,2262438.8842,2.267242e+06,2268400.7909381827,2.2948255e+06
a9ebf609-4da1-4633-b7bf-34a7a96c62da,BUTTER-E|1024|9|1|6435.0|wide_first_2x,444785.5403119998,463086.12,453471.9974092679,446383.9
a9f0ee45-68e6-4f24-96b0-7c422055e2c7,BUTTER-E|4096|10|1|15000.0|rectangle_residual,668854.8075219999,628800.0,673009.2300838844,663986.9
aa3b873a-6304-49a9-a00f-82ea20bba7aa,BUTTER-E|1048576|9|1|67557.0|exponential,2173101.160306,2.1636425e+06,2179425.1970518953,2.2263518e+06
aa4db094-57d2-4f54-a89d-24fea7a91bd6,BUTTER-E|4096|16|1|20640.0|wide_first_16x,910515.72588,937564.94,895970.6160174635,839701.06
aa8964f2-75c0-45d5-ab1f-066fc18b0256,BUTTER-E|8192|4|1|3848.0|wide_first_8x,359715.23753099976,373707.75,364477.6552043583,361394.62
aa9b19d9-77d2-4d03-beec-28ed25210874,BUTTER-E|8192|7|1|105908.0|wide_first_2x,2980756.567591,2.8888805e+06,2995523.399506635,3.042836e+06
aab9db74-ee0e-4adb-837f-4916bccd9cc0,BUTTER-E|16384|7|1|12958.0|rectangle,608033.942667,601909.56,618293.8350798299,611817.56
aac113f0-a1b8-49c1-88ef-4c9c998e8fcc,BUTTER-E|524288|5|1|70000.0|wide_first_2x,2133845.644383,2.1873438e+06,2156344.5451057134,2.1933302e+06
ab089270-5892-4f2b-ba0b-aee2c0568c9f,BUTTER-E|1048576|5|1|6435.0|wide_first_2x,460126.4067899999,452160.75,457353.93690668314,462481.5
ab2350b0-82a1-4541-ba78-f17133661249,BUTTER-E|2048|20|1|20640.0|wide_first_4x,920241.9860209996,931147.44,904264.0178822348,841789.7
ab6be72e-afc1-4853-9a8d-813b0c6e31c9,BUTTER-E|8192|9|1|3188.0|wide_first_2x,368101.315062,351774.38,364419.5351023933,375109.25
ab732dcf-a559-47cf-adce-c0b8a4c10a34,BUTTER-E|1048576|18|1|105908.0|trapezoid,3647845.875451,3.7491612e+06,3804839.3716424145,3.9500668e+06
abc69a88-3c29-424b-8ebd-7c6254c3456d,BUTTER-E|16384|16|1|105908.0|trapezoid,3494070.638269,3.5559162e+06,3486855.5430181497,3.606761e+06
abe0c205-957f-451b-9313-7930d7a1f9d6,BUTTER-E|4096|5|1|12958.0|rectangle,603666.5889389998,597289.9,591690.364742231,597850.06
abf646ce-764a-4e30-9ae4-c9f79be59685,BUTTER-E|32768|8|1|6435.0|wide_first_16x,430164.0896639997,412135.75,442714.49634806695,431607.03
ac02a0ba-6ebe-42dc-9e1a-acf1ddccdd2c,BUTTER-E|4096|10|1|3188.0|wide_first_2x,374128.3149599999,367464.06,362158.11067958653,377640.84
ac05fe2f-6da4-4fdc-98c6-c48c6f6394cc,BUTTER-E|131072|12|1|12958.0|wide_first_4x,645764.245372,629131.1,616871.9872531998,611164.44
ac0b0f8b-a847-4711-b2a2-e88f7cb57d07,BUTTER-E|2048|4|1|5300.0|rectangle,408117.1744249998,401744.1,439280.13768564776,402797.16
ac1ae0b5-2ccf-4266-bd2e-62637fe43b6a,BUTTER-E|32768|12|1|105908.0|trapezoid,3487897.120999,3.4801288e+06,3506321.0783076202,3.4204772e+06
ac283be5-6a31-4ba6-bcdd-91e3188c1a40,BUTTER-E|512|12|1|5300.0|wide_first_8x,445823.2079689997,430454.4,442856.2281599018,434013.0
ac32d3cb-6718-4393-b2e7-ab04582164fa,BUTTER-E|2048|3|1|105908.0|wide_first_2x,2824743.220164,2.7317222e+06,2713857.1591942934,2.802462e+06
ac44fe78-1a68-487a-9378-00a551165391,BUTTER-E|262144|10|1|3848.0|wide_first_16x,396522.4380249999,377426.62,379759.9375601588,373274.62
ac4eba8e-2ce7-43f7-88c6-be4eecbdbeac,BUTTER-E|32768|14|1|48842.0|rectangle,1665361.6841669998,1.6884709e+06,1641189.7215285192,1.688801e+06
ac5c5518-e695-457c-ae67-83b495c41d5b,BUTTER-E|524288|5|1|3188.0|wide_first_2x,367059.1413159997,358505.62,364625.4967416915,371686.06
ac77c574-571c-495b-ad0a-e1bd8dfb2159,BUTTER-E|256|6|1|4898.0|trapezoid,404465.06025199976,402198.72,407432.6359698663,403711.28
acdb49d9-b2d8-494f-8b02-61f87389dfd4,BUTTER-E|4194304|5|1|12958.0|trapezoid,738454.7249110001,763978.44,771562.6172874932,789408.56
acddb930-c343-41dc-ba12-21123570b9ab,BUTTER-E|4194304|10|1|105908.0|wide_first_4x,4561646.318422,4.527345e+06,4431079.854894948,4.382942e+06
ace542a2-9111-46de-9836-6b6e599efac3,BUTTER-E|128|3|1|20640.0|wide_first_8x,765811.6158959996,754788.4,736645.8463831968,743119.06
acf5c260-d5e1-44e3-8dda-61e857a7737b,BUTTER-E|32768|2|1|20640.0|rectangle,739536.663168,711208.2,744808.2853674812,745019.3
ad04f29f-bd00-4059-b158-5b5b7323e65c,BUTTER-E|131072|4|1|105908.0|exponential,2744887.985868,2.821513e+06,2813868.8832033034,2.8496638e+06
ad1a63fe-42ef-4bb1-a153-40c12aaabb68,BUTTER-E|262144|9|1|105908.0|exponential,3178537.644268,3.0910838e+06,3145086.6525466926,3.2410535e+06
ad1e4742-6b30-4370-a877-abb88954c8dc,BUTTER-E|512|14|1|3848.0|exponential,394821.641574,390820.47,389713.049785895,382096.0
ad2d056e-6012-46eb-bd1a-1fa56a1b787a,BUTTER-E|512|16|1|48842.0|exponential,1727738.6895229998,1.8112024e+06,1635096.4087912454,1.7420024e+06
ad6eedcb-7cf3-42cb-9015-93be05026a4f,BUTTER-E|2048|5|1|105908.0|rectangle_residual,2774423.238644,2.809567e+06,2881311.554452765,2.9035885e+06
ad79e118-6d68-411e-b7ad-404c16d5b968,BUTTER-E|4194304|20|1|6435.0|rectangle,543566.8322119998,577830.94,570833.482297858,540815.44
ad8ed9b6-c433-49ff-bd32-bda9d5b7f6c0,BUTTER-E|262144|6|1|67557.0|wide_first_4x,1945225.6858200005,2.0050364e+06,1931350.6624334846,1.9674821e+06
ad912f81-0b17-4f66-ac94-4720c510fdd7,BUTTER-E|262144|2|1|15000.0|rectangle,665452.964993,623624.06,616543.1753653589,635299.6
ad93dbe1-1819-40b5-8d35-fcb820895389,BUTTER-E|128|5|1|15000.0|rectangle_residual,652998.1164899998,633282.9,635785.946465332,624618.7
ad9e58d7-d39c-4e16-b971-888c7e926153,BUTTER-E|131072|3|1|6435.0|rectangle_residual,439656.24857199984,431401.28,435372.0397397711,432236.03
adb79f6b-a534-4fe2-9a2a-71f88e69a2b2,BUTTER-E|1048576|16|1|48842.0|trapezoid,1801847.674551,1.8313555e+06,1795711.0140669446,1.9264582e+06
adea1046-8f18-47b3-a89a-d8fb9acf6814,BUTTER-E|131072|6|1|4898.0|wide_first_8x,403436.10154,406623.2,400267.4960618337,396374.28
adf064a6-7d16-4218-aa06-75c4662fba44,BUTTER-E|8192|16|1|20640.0|wide_first_8x,868091.2763810001,841961.5,883062.3241302213,864269.06
adf87779-b13d-4454-a181-e9472f4bcc38,BUTTER-E|8388608|7|1|4898.0|rectangle_residual,544805.943242,549571.0,588595.5547043906,544005.56
ae0f0e3b-8bea-468e-99e5-69a99fa17ca3,BUTTER-E|65536|14|1|3848.0|exponential,384699.144608,397268.9,398954.35535379086,383884.25
ae4683d9-b78c-4dc7-a4f5-f112ecaeb95b,BUTTER-E|4096|8|1|6435.0|trapezoid,413346.5348389999,447483.6,455194.4489560001,452487.3
ae61f7d2-602f-4421-ad8f-a96ff6c83f55,BUTTER-E|16384|3|1|3848.0|exponential,364644.37058099976,362016.22,370795.8812308289,366875.44
ae7fbf4f-20a4-4d2d-9e0d-86cd93ebcb2d,BUTTER-E|1048576|10|1|4898.0|trapezoid,404143.1195559998,411393.6,413567.1212127167,419824.2
ae8a118a-eaed-44ef-bc19-0306b4cd693f,BUTTER-E|16384|5|1|12958.0|exponential,578889.0511799998,597046.7,591810.3575649422,578937.44
aec8e137-f9eb-484c-af38-8f02f71835a1,BUTTER-E|65536|10|1|70000.0|wide_first_8x,2287583.4903,2.0823228e+06,2287879.1776970113,2.266987e+06
aeccd3d4-f539-4dbc-bc68-37e12503c9b7,BUTTER-E|1024|18|1|4898.0|rectangle,424232.98495499993,428134.3,421938.5385294877,418469.9
aee08aa0-d388-4f64-9a32-463ae641a84e,BUTTER-E|8192|9|1|67557.0|exponential,2085552.702747,2.0923995e+06,2122438.6464990736,2.1253965e+06
aef04948-85bd-432a-82b8-666de6f1f50a,BUTTER-E|2048|8|1|15000.0|rectangle_residual,643909.82075,644615.25,654460.8398086259,646237.2
af041985-62c2-443a-9d08-79aa8456034c,BUTTER-E|131072|7|1|5300.0|trapezoid,410491.7687079997,409514.66,409320.0958553299,412993.5
af1ba0c1-91e9-414f-b6ed-30ef19a341aa,BUTTER-E|8192|4|1|105908.0|exponential,2853150.848586,2.802088e+06,2988868.307823001,2.8337935e+06
af1bbf6d-2289-4462-aa8b-e102cc7a070f,BUTTER-E|131072|6|1|20640.0|rectangle_residual,775016.4288899999,782194.9,767832.8521663472,757691.2
af21852c-ce9e-481d-af43-2bd3829c294b,BUTTER-E|32768|2|1|4898.0|rectangle,406082.3695769999,372819.62,385830.8836218059,391004.62
af22b982-04c1-4ca3-8672-243c98222da2,BUTTER-E|2097152|6|1|70000.0|rectangle_residual,2499934.745584,2.3471428e+06,2450237.2197271874,2.4566808e+06
af2fc3ed-0519-4f9a-b7f5-d415b147e5c7,BUTTER-E|262144|4|1|6435.0|rectangle,457690.30316699983,432642.66,424098.1501794372,438030.25
af353882-d0ed-480d-b498-8802015129d9,BUTTER-E|8388608|10|1|15000.0|wide_first_2x,1115926.817862,1.0797289e+06,1087614.5955136002,1.1178718e+06
af41afd0-8646-4adc-b0de-1bd777fe168e,BUTTER-E|32768|10|1|3848.0|exponential,393750.1939279997,379494.72,383343.8877704164,377358.6
af5d3f99-885f-4d25-9a08-52acdce4aeae,BUTTER-E|4096|10|1|4898.0|rectangle_residual,401926.3773219997,374622.3,404890.7987637421,393601.1
af7bf4fc-0df1-4093-b177-e1906f3de3af,BUTTER-E|131072|5|1|4898.0|rectangle_residual,394187.79312,400153.78,394626.6721799903,380886.66
af958708-c495-4d1f-b3c9-63acb0625ca1,BUTTER-E|1024|9|1|4898.0|exponential,405584.4659209997,404832.47,407809.8585270677,404818.16
afa5c974-3ca8-4673-a1be-1a60ca4ec2da,BUTTER-E|128|2|1|105908.0|rectangle,2774113.781928,2.7027045e+06,2724521.5528492206,2.8106872e+06
afb292f5-889a-4bd7-82e7-e828626297de,BUTTER-E|2097152|5|1|6435.0|wide_first_16x,486486.0508219998,479886.72,469593.74809342093,475708.28
afeaed9e-49de-4963-b345-196e511d23c6,BUTTER-E|262144|3|1|67557.0|rectangle_residual,1904249.22063,1.872621e+06,1861592.0428484445,1.9098939e+06
b04d90dc-b98c-4d36-8d96-f4c30d38d348,BUTTER-E|4096|9|1|12958.0|trapezoid,604528.100027,620758.7,620977.335596409,634185.2
b051725f-d1ad-441a-8c6a-cfd32015b43f,BUTTER-E|4096|6|1|4898.0|exponential,398008.3408319999,398238.47,391249.86740198836,392761.9
b07849d6-5e72-4e11-820d-1547440a583e,BUTTER-E|8192|10|1|20640.0|rectangle_residual,822473.0143120001,785974.06,799022.1516997654,772839.5
b0b0010e-213d-4bb0-9811-e462c38da8cf,BUTTER-E|128|2|1|5300.0|rectangle,402257.945907,388251.25,400211.4155331853,399822.28
b0b53124-63b9-4c64-b215-562a0f1f7b29,BUTTER-E|16384|10|1|48842.0|rectangle,1593624.395135,1.5807805e+06,1548033.8156423934,1.605668e+06
b0d3aea8-9788-44a8-b0e1-195813dc5928,BUTTER-E|16384|3|1|3188.0|rectangle,353360.0913689999,352772.16,352975.0600101107,345621.12
b0eeb844-6df5-4c9a-8129-9b88cb4168fd,BUTTER-E|131072|8|1|48842.0|wide_first_16x,1520896.639085,1.5817712e+06,1521608.3184499987,1.5254586e+06
b0fc94f3-cc2d-4c0d-9ab8-afb84539a0ad,BUTTER-E|8192|6|1|12958.0|trapezoid,600952.9724929999,610771.1,607700.5744390859,608817.75
b119862a-5024-4a78-8e34-2a0324ddb6dd,BUTTER-E|4096|18|1|5300.0|wide_first_16x,437632.6887479999,458355.8,439214.32358221564,426326.5
b11eeafd-e010-4c5d-806d-b250f2d008b9,BUTTER-E|128|2|1|6435.0|rectangle,438396.358158,426768.7,433122.7543039652,426868.4
b11f67d7-27fe-48f4-bad9-bda40e72d734,BUTTER-E|8192|18|1|105908.0|wide_first_8x,3626283.01993,3.4201575e+06,3707444.814338701,3.6087082e+06
b122881d-a25b-47ab-8d01-9a7841e84ec5,BUTTER-E|1048576|16|1|20640.0|wide_first_8x,928938.826479,959063.0,934868.9294417427,945861.44
b16a5887-0106-422f-ae34-9847c31e1f21,BUTTER-E|64|14|1|3848.0|trapezoid,383234.85347099975,395841.25,392645.94543667295,393885.72
b175075e-97a9-4ca5-a526-c3a9fade8fd5,BUTTER-E|524288|9|1|6435.0|rectangle_residual,458990.304084,461223.53,464956.84189238126,448321.22
b18951b0-5f21-4e9e-9469-6ca965d9ef70,BUTTER-E|4194304|18|1|67557.0|trapezoid,3213666.518405,3.243159e+06,3251209.825038496,3.3516588e+06
b194f529-9794-458c-a251-a454e198a3c7,BUTTER-E|4096|2|1|20640.0|rectangle,722273.908912,749867.94,737566.8905859858,743064.44
b1b17a6f-b45d-48c6-bc15-afb67e86b4ee,BUTTER-E|32768|8|1|12958.0|exponential,685391.4908619999,605730.3,620677.0815087811,607391.1
b1ca7edd-1a4c-4bac-a971-96610743ad2e,BUTTER-E|8388608|5|1|3848.0|rectangle,465592.5525269999,498072.34,493918.2242332601,453747.8
b1ee5518-707d-494b-9d89-6eb3f21e1c83,BUTTER-E|131072|6|1|12958.0|wide_first_4x,605011.9964939997,600269.56,596993.1567082282,566427.2
b1f250de-ea13-4b41-806a-e1962af65a66,BUTTER-E|524288|7|1|67557.0|wide_first_2x,2089090.622691,2.0580394e+06,2066439.465217846,2.0967481e+06
b1fdd5ac-22ae-424d-9de0-d1280dbc93b2,BUTTER-E|4096|6|1|6435.0|rectangle_residual,447591.88600899983,432542.0,441440.33565469715,428704.25
b25d77ce-46f5-425e-854d-0e28a9ddf8a9,BUTTER-E|16384|8|1|4898.0|rectangle,415550.8314839999,404036.0,399997.4581508147,404086.1
b2679d16-aac3-4c8a-ad86-9d15602862e4,BUTTER-E|2097152|20|1|12958.0|rectangle,779093.507863,776374.25,758838.6469091193,802766.5
b272437f-94ea-4443-9174-b9b69669ae4d,BUTTER-E|2097152|5|1|3188.0|rectangle_residual,383001.7066879997,367457.4,366873.5245866874,339989.62
b277adbc-9919-4de2-9234-a977ec5e158f,BUTTER-E|256|2|1|67557.0|rectangle,1768649.006216,1.8589112e+06,1840385.3690266365,1.8947436e+06
b291d63d-d25a-4600-86a6-cc8977fc4278,BUTTER-E|512|4|1|105908.0|rectangle,2907793.070049,2.752016e+06,2747794.398657912,2.9034805e+06
b2b5c15a-deb2-4e23-8735-eeb40638f229,BUTTER-E|16384|6|1|3188.0|wide_first_2x,369707.522976,354818.2,358694.54403457016,367959.9
b32162bd-ada8-4953-adef-46531d7ef595,BUTTER-E|262144|8|1|5300.0|rectangle_residual,412839.02938199975,411477.16,389396.4865620254,398663.28
b32abe31-aaaf-4ee0-b628-0afd55744fff,BUTTER-E|1048576|12|1|20640.0|trapezoid,885713.1382099997,902886.44,895090.795304656,927473.0
b3391284-dff9-44d9-b3a5-9c8225d0b1fe,BUTTER-E|1048576|6|1|20640.0|wide_first_2x,772138.4806759999,801391.94,787000.7345556103,820515.4
b367197d-bcef-4ff2-80dc-a1b92d05c64f,BUTTER-E|8388608|8|1|4898.0|wide_first_4x,551571.647297,547300.0,542139.548513792,528218.44
b3685d01-699a-4b1a-a983-1065316220f3,BUTTER-E|8192|4|1|3848.0|rectangle,362221.73407499975,380666.6,377194.002862453,364227.0
b368c52f-4bb7-4bfa-a137-b64597dcbba0,BUTTER-E|1048576|8|1|5300.0|rectangle,412409.9433659997,404862.2,416160.2162855606,433481.88
b379a5ad-7bff-4313-a4f7-e86f32c0601f,BUTTER-E|256|7|1|15000.0|wide_first_8x,630024.683972,642267.5,641619.4253714244,657247.7
b3b7074f-7415-4b05-b771-dd9d862337ae,BUTTER-E|32768|9|1|5300.0|exponential,408099.51,415669.38,420742.4319003847,409071.66
b3b7e9dd-b3c8-402c-82e2-525696bb010d,BUTTER-E|16384|5|1|6435.0|rectangle_residual,437940.5194759997,450504.06,456294.1248236677,428264.56
b3e798a5-3a62-4339-ac9e-dda134dbc794,BUTTER-E|256|4|1|12958.0|exponential,584596.0830749999,580822.1,583917.8269431373,574623.3
b3ed74bc-bbb8-422c-9001-e63273690b3a,BUTTER-E|8192|6|1|12958.0|rectangle,591350.4466849999,621060.1,590581.8237309589,605315.1
b4031b6a-895b-4472-b77b-753f695e6a5d,BUTTER-E|1024|4|1|20640.0|rectangle_residual,790835.625244,752699.44,750103.8514094398,736252.5
b40d364f-b5bd-445e-98c7-1767fe1b4a8a,BUTTER-E|128|2|1|67557.0|rectangle,1886220.7897860005,1.8166671e+06,1828759.9237336607,1.8947346e+06
b41f5675-2025-4344-ac7f-43ba558c2330,BUTTER-E|2048|4|1|6435.0|exponential,458502.4934699998,430785.0,432321.45329932275,422473.4
b43d0e5c-acde-4efc-a1fa-692ea6f5a614,BUTTER-E|2048|3|1|105908.0|rectangle,2809180.6741360007,2.8270265e+06,2773027.722012284,2.8553602e+06
b44ca412-2e5a-458c-a633-a9ac2cd4e08b,BUTTER-E|8192|16|1|3848.0|wide_first_16x,417759.59390999976,381831.2,396563.86826978234,388727.3
b44f8c99-57d2-4742-859e-94db464db901,BUTTER-E|8388608|10|1|105908.0|trapezoid,5879901.156182,6.049424e+06,5955106.040619408,6.2063915e+06
b47dec19-0f73-476b-a540-454ca546e073,BUTTER-E|32768|20|1|5300.0|trapezoid,440829.9717429999,452029.7,440245.7872224813,438577.0
b485b071-9210-4073-b348-dbd5e96a63d4,BUTTER-E|32768|16|1|70000.0|rectangle,2407212.715438,2.34753e+06,2433372.512808479,2.5097448e+06
b49f9767-aa78-4b4a-a8a8-c0ebb0a72e5c,BUTTER-E|1024|10|1|12958.0|rectangle_residual,631321.370442,643070.4,634562.2672305385,592397.0
b4bdc8d7-0eea-4ccd-b3ed-916156523227,BUTTER-E|16777216|9|1|12958.0|exponential,1333598.580984,1.368773e+06,1354163.762405818,1.3301454e+06
b4c44844-2473-4341-9649-5a643f477b21,BUTTER-E|128|14|1|4898.0|wide_first_16x,409424.9313819999,391896.12,396469.1544851253,394243.88
b4fbfa88-7d25-458b-9bf5-865a8d11f364,BUTTER-E|128|2|1|105908.0|rectangle,2682827.142508,2.7027045e+06,2724521.5528492206,2.8106872e+06
b5028ae0-3948-4472-ab14-d24a67439e97,BUTTER-E|16777216|3|1|12958.0|rectangle,1327935.839861,1.3418851e+06,1329072.1366399408,1.5533739e+06
b52c17ed-6c8c-4856-8d20-4e1b5975da7e,BUTTER-E|8388608|14|1|6435.0|rectangle,708821.3979819999,662576.3,654045.0405004661,623193.6
b52c78bc-079a-4c69-9e01-789bb509eaec,BUTTER-E|256|7|1|4898.0|wide_first_4x,402492.9997679997,399076.78,397564.7946338172,373318.78
b55367cd-af88-4baa-8573-a55cfdf178fd,BUTTER-E|8388608|8|1|12958.0|trapezoid,983270.4895939996,975385.75,957293.3970273188,966817.4
b558a791-2dc1-4833-bedb-a127f9959977,BUTTER-E|65536|5|1|67557.0|trapezoid,2056018.466867,1.9490681e+06,2055640.8187838579,1.9860076e+06
b560c797-0bd8-42a9-aa2d-1577086eba76,BUTTER-E|8192|12|1|105908.0|wide_first_8x,3279556.0806150003,3.1788298e+06,3261562.8963228385,3.304218e+06
b598bb40-55f4-4b98-ab5a-172f4550d2cc,BUTTER-E|65536|14|1|105908.0|wide_first_8x,3404986.705208999,3.410871e+06,3314655.297236513,3.4062682e+06
b5a3e51e-8d60-49df-8624-9ba12a5d46ca,BUTTER-E|2097152|7|1|3848.0|exponential,383054.47667,393264.16,413840.49012862047,394609.12
b5bd78c6-3582-43b7-9883-026548b69d4f,BUTTER-E|64|5|1|3848.0|wide_first_2x,369395.8581199997,382345.34,381895.5232121632,380481.5
b5c29402-12cd-4b37-864d-0e57df31dc37,BUTTER-E|2097152|6|1|15000.0|trapezoid,708400.0970019997,707161.75,705550.6785486491,724218.9
b5c43fdf-1bfc-47de-bfd4-382617e81e4d,BUTTER-E|8192|18|1|3848.0|exponential,393218.10958299984,403185.72,400536.04030980734,389341.34
b5e87a63-6cd8-4981-acbe-b69db778bfaa,BUTTER-E|65536|18|1|70000.0|rectangle,2481140.930515,2.489473e+06,2573799.9061073298,2.5943982e+06
b5fe085b-4acf-497f-8d65-9525e41e439a,BUTTER-E|4194304|8|1|105908.0|wide_first_4x,4431741.948272,4.400919e+06,4357995.543961199,4.2543205e+06
b60ba5e3-6af1-4898-9d5f-624e84463a77,BUTTER-E|8388608|5|1|5300.0|rectangle_residual,541783.557728,564159.2,560984.9947830057,546171.7
b6325991-aeac-4a99-be33-74d7391dee7e,BUTTER-E|2048|4|1|70000.0|rectangle_residual,2074905.163855,2.1077388e+06,2083220.1307356707,2.1023045e+06
b64685e9-eaf7-4a78-bc18-3d7e455ec29a,BUTTER-E|8192|6|1|3188.0|wide_first_16x,368611.1487779997,347116.84,356356.6021054311,342326.0
b6560751-d8a7-40ce-aece-1803c532553a,BUTTER-E|8388608|7|1|4898.0|wide_first_8x,549373.4534539998,554094.8,548674.6896664806,562232.06
b6ae9ff3-065b-48da-ac83-50b603522707,BUTTER-E|131072|7|1|4898.0|exponential,410748.9063259997,401040.5,397110.6323992892,397546.72
b6bccc9e-f4cb-4116-aa2e-bd83d0e55450,BUTTER-E|1024|8|1|12958.0|rectangle,603802.8001439997,598056.5,611446.6411866277,612952.3
b6caa142-eb3e-4ecd-a857-1c60f91ab201,BUTTER-E|1024|10|1|48842.0|wide_first_16x,1465095.271179,1.4693729e+06,1538932.9333828737,1.5537665e+06
b6daf8c6-328b-47c5-b18a-53746a85e013,BUTTER-E|8192|8|1|6435.0|wide_first_16x,438342.3059539997,448739.16,447655.116701447,430594.44
b6dd0c67-fa7f-4990-b12e-f4741d111e93,BUTTER-E|8388608|7|1|4898.0|exponential,534873.6020679998,543437.75,552450.9076146695,559214.44
b6fa2641-6f31-4175-a891-ac4a72098a24,BUTTER-E|128|20|1|5300.0|wide_first_16x,439844.52238499984,429496.94,429708.9369727614,427008.06
b6fca841-03fa-4d44-aff2-cffd546424ef,BUTTER-E|4194304|7|1|70000.0|rectangle_residual,2956160.295053,2.9638625e+06,3019024.802422155,3.1034482e+06
b705d51d-4768-4de0-a6c1-107354747345,BUTTER-E|8192|12|1|20640.0|exponential,833442.1955759999,847882.4,845281.6777322392,820372.2
b70697bc-ceaf-48ca-bf9e-a824c77a3b7a,BUTTER-E|256|7|1|48842.0|exponential,1421659.9259060002,1.4978865e+06,1478232.4152375946,1.5244668e+06
b70d7fea-e0aa-4310-ba9a-07f99c8025f1,BUTTER-E|8388608|8|1|70000.0|wide_first_2x,4082594.52944,4.1803742e+06,4088457.1045802,4.17141e+06
b715dd67-8cd5-43bf-b4dc-a86e2af5b128,BUTTER-E|16777216|6|1|3848.0|rectangle,617355.742152,619737.75,601838.711332631,607194.2
b72f8d11-7831-4c6d-8c63-f88526949559,BUTTER-E|131072|14|1|20640.0|rectangle,875470.1745739997,888127.56,869603.9992161384,858267.3
b77b26aa-ab67-4de4-a7f0-f7149d876293,BUTTER-E|131072|3|1|4898.0|wide_first_8x,402908.682924,378752.8,387336.70937195804,389153.88
b789c883-3f18-4a0d-87bd-7f72bd62baf9,BUTTER-E|2097152|6|1|3188.0|rectangle,359422.965,380709.8,372215.6537341184,368496.84
b78f8970-6988-4268-b2cf-f79e4214a0b2,BUTTER-E|1024|9|1|4898.0|wide_first_8x,425374.7168549999,412828.1,412797.46075844043,408955.0
b7a39bb3-0a52-4a88-b862-604eebdc34b5,BUTTER-E|65536|20|1|3848.0|exponential,402387.1856819997,409756.5,403946.4473155986,393679.53
b7b6c653-1029-4d8d-8075-a1b2f45c7bea,BUTTER-E|2097152|7|1|6435.0|exponential,484461.0529409998,479961.78,469079.21986286365,460757.97
b7bf4fcd-f034-4667-9ffc-9204bb9ca221,BUTTER-E|32|10|1|3848.0|wide_first_2x,371696.1651139997,387950.34,375461.45985639194,379955.0
b7c8810e-f9ac-489a-932e-3e8dc04db9b3,BUTTER-E|64|5|1|3848.0|rectangle_residual,388947.6898439998,371362.6,374005.6564343982,347324.12
b807500b-c2cf-4ca2-bb16-24651aa1367d,BUTTER-E|131072|10|1|15000.0|rectangle_residual,677856.6173919999,669314.6,720084.3864143024,666656.9
b825b7a9-5990-4efb-96ee-332298c945ae,BUTTER-E|131072|10|1|105908.0|rectangle_residual,3294248.783289,3.1760962e+06,3160838.1166981393,3.278198e+06
b8354e6b-7a2e-4894-95c7-96417475f7d1,BUTTER-E|524288|3|1|5300.0|trapezoid,378642.48741599976,401378.34,398921.80240047944,425269.9
b8955c31-18be-4a5b-abb0-dcba43ff885d,BUTTER-E|4194304|7|1|12958.0|rectangle,765007.1690159999,770888.8,773689.2953662503,777723.0
b89ce825-82d6-49b9-8f27-32e7dedbd2ad,BUTTER-E|4194304|3|1|20640.0|trapezoid,1000423.397811,1.0147787e+06,1072005.8847618105,1.0075819e+06
b8c7ba4b-b2ac-44bf-b4fb-12651d5a0132,BUTTER-E|32768|6|1|12958.0|rectangle_residual,567898.6925049999,591185.9,594360.6138042368,577810.0
b8d3bc09-dd34-42e7-87f6-a8ed707735f9,BUTTER-E|65536|9|1|48842.0|rectangle,1489103.932672,1.5100349e+06,1513028.6348717632,1.5841866e+06
b8d4bb76-bc96-42f0-8441-852166d69ee9,BUTTER-E|4194304|20|1|67557.0|rectangle,3302271.175137,3.251837e+06,3310197.1808359176,3.4401285e+06
b8d558a9-e3b2-452a-8649-3c640fc5406b,BUTTER-E|4096|2|1|3848.0|rectangle,368141.256477,385551.44,376395.49833317497,362713.25
b8f61bde-dbbd-498d-a4e4-6269947332b4,BUTTER-E|256|16|1|12958.0|trapezoid,674609.8885209997,672305.4,650880.2222801691,666669.6
b8f97021-8eff-4166-9873-8bf38d6c4d8b,BUTTER-E|32768|2|1|3188.0|rectangle,344861.7323929999,344713.25,351458.14821808826,345837.1
b8f99a28-c02d-44fa-8cb4-f072422c4a26,BUTTER-E|262144|5|1|70000.0|wide_first_16x,2117662.732904,2.0780398e+06,2152659.9448834686,2.1200988e+06
b900eccb-8b5a-40e7-8bfc-80b361a15cb2,BUTTER-E|1048576|6|1|4898.0|rectangle,412892.105917,401721.84,404538.6946603279,405321.9
b9207239-e7d6-4985-bd62-255248f56a1d,BUTTER-E|2048|9|1|3848.0|exponential,375624.9982809997,369890.1,382982.97386741394,375095.66
b936411e-5bea-4378-9b22-a06b07ccd68f,BUTTER-E|131072|20|1|6435.0|exponential,489200.1318179998,495091.66,484482.77162074845,491753.0
b977b799-6587-49f0-bedd-71f3e2d97133,BUTTER-E|512|7|1|12958.0|wide_first_8x,609814.7428919998,587036.8,599929.4534019616,588325.9
b9a1c435-004f-43a5-a425-245c03f4e038,BUTTER-E|262144|7|1|20640.0|exponential,799309.208605,800173.1,806240.9452307605,776836.44
b9a206ad-a722-48d1-96f7-dd288ff34aeb,BUTTER-E|1048576|4|1|3188.0|trapezoid,354659.0541399998,362599.12,350881.25447705947,364242.97
b9b4584e-fa67-47ef-8c43-a38e08bb3bd6,BUTTER-E|4194304|7|1|6435.0|trapezoid,522585.97902499966,530957.4,533864.023372547,539607.3
b9b6d838-2ed7-4eb4-932f-a73ef1bdfd46,BUTTER-E|2048|10|1|48842.0|exponential,1565596.3672380005,1.5931042e+06,1562858.5887313203,1.6094961e+06
b9d3c8dc-f364-4e1c-8e49-d73eea62ce62,BUTTER-E|2048|5|1|3188.0|rectangle_residual,348909.83150199987,353929.38,356891.7789072951,338212.28
b9d6fe74-d546-4fab-a7c5-d39ab084cd50,BUTTER-E|524288|8|1|48842.0|rectangle,1574667.4247639996,1.4735982e+06,1536762.7986468503,1.6108798e+06
b9e76a58-e3b3-467c-b6dd-d3b9cb273f63,BUTTER-E|1024|3|1|6435.0|trapezoid,438344.9254289999,427715.2,433803.06682387984,437998.94
b9f9c361-06aa-4090-9e7d-4815e163d8a8,BUTTER-E|65536|8|1|67557.0|wide_first_2x,2052414.798666,2.0533676e+06,2036225.3930685488,2.112766e+06
ba085b27-1647-4dbf-8e52-18dc9dc5d534,BUTTER-E|8192|2|1|48842.0|rectangle,1344787.316003,1.3428221e+06,1342916.745885945,1.3821461e+06
ba25d203-7da0-48f7-996e-10fec42a7e22,BUTTER-E|8192|9|1|70000.0|exponential,2273363.520449,2.3429362e+06,2275300.2531636264,2.2948822e+06
ba2ba52e-1815-4e78-9fd9-e86be6df6d45,BUTTER-E|1048576|10|1|6435.0|trapezoid,449715.960634,460866.06,464423.88218209264,481533.88
ba2f8806-823d-439e-8951-22a767801c5d,BUTTER-E|4096|20|1|20640.0|wide_first_8x,931342.3083159998,927937.5,891514.4974669805,876274.2
ba7434db-06d2-431c-8034-656ecd3daf25,BUTTER-E|65536|5|1|3188.0|rectangle_residual,363118.276421,358693.72,351346.72224440967,339260.22
ba7aaa3b-073e-48c7-8a75-40d5140632c3,BUTTER-E|128|4|1|15000.0|rectangle,611433.0917139999,633529.3,635157.7537486077,638605.4
ba7f7375-dec8-4194-987b-6ba5a92c4b85,BUTTER-E|64|4|1|12958.0|wide_first_8x,579693.1564109998,582331.25,574814.2527883924,571139.9
ba814e21-b7d5-4b3c-96c4-2eb1271c285a,BUTTER-E|32768|9|1|5300.0|wide_first_2x,398181.4086539999,430174.94,415552.28342805384,423557.38
ba88b033-a40c-4bce-a433-f178da39fba0,BUTTER-E|256|9|1|15000.0|rectangle,676538.5751729996,665745.2,660369.7504101493,675452.5
ba9582a3-5c4f-4094-81d3-f3763faf770c,BUTTER-E|8388608|3|1|67557.0|trapezoid,3645831.726315,3.8440815e+06,3780995.1944581294,3.7646608e+06
bad5114f-aa33-4580-9db3-46e23cd34258,BUTTER-E|262144|6|1|15000.0|wide_first_2x,612531.8842389998,662046.4,649853.710581298,659273.5
bae3e2b7-8e11-4ae2-98fa-4248f6ffcd8e,BUTTER-E|65536|10|1|48842.0|wide_first_16x,1588372.55991,1.5526185e+06,1570508.385699972,1.5564196e+06
bb067f52-7262-4bfb-b922-ee2cfe37b523,BUTTER-E|256|18|1|67557.0|wide_first_16x,2195301.887758,2.0774096e+06,2197100.0486107124,2.3412832e+06
bb0d63f4-a35d-406f-a4be-00c0f32c28a7,BUTTER-E|1024|6|1|5300.0|wide_first_2x,388169.7630939997,403837.22,401500.9518665506,420752.88
bb0e16a9-05b2-4858-b740-1172d28012c7,BUTTER-E|2048|18|1|20640.0|rectangle,888593.0338819998,859322.2,876043.042726776,877433.2
bb1ce8d9-9b56-487f-9c8d-19f98dc3b61f,BUTTER-E|16777216|14|1|105908.0|wide_first_8x,9531377.751828,9.12875e+06,9207624.532529213,1.0054887e+07
bb313afd-2e53-4764-81e5-9515eedf4af5,BUTTER-E|4096|20|1|48842.0|trapezoid,1776088.03273,1.7820258e+06,1801860.0792994893,1.83648e+06
bb32cc17-d8c7-4ba9-b848-3c36f9395ebd,BUTTER-E|4194304|9|1|48842.0|rectangle_residual,2135218.872664,2.0866186e+06,2137089.52226733,2.1745108e+06
bb3ca484-1db0-41bf-b675-9fe93ecf973f,BUTTER-E|32768|10|1|67557.0|rectangle,2118384.177767,2.1657192e+06,2097144.0434608916,2.1498268e+06
bb46ae82-91ad-4cc9-a834-ea2c7aa5fac0,BUTTER-E|64|8|1|5300.0|wide_first_8x,418319.8952789998,410482.8,411137.1590537517,413898.78
bb5468dd-9f63-48bb-bef9-93a963a57376,BUTTER-E|131072|18|1|12958.0|exponential,667954.149327,657469.6,672540.4860195027,664200.3
bb7506af-1b6c-4945-9421-dfd93e0a9368,BUTTER-E|262144|2|1|15000.0|rectangle,636332.30563,623624.06,616543.1753653589,635299.6
bb81c8e9-3a62-4244-afd8-677c8309a9cb,BUTTER-E|1024|6|1|6435.0|wide_first_2x,435048.2569899999,439377.88,440193.1964880118,446954.28
bc3d2fde-28dd-4275-abd6-d902155764ff,BUTTER-E|16777216|16|1|6435.0|wide_first_16x,878420.7074799997,838629.44,844168.654430349,826804.06
bc8981b5-1fa3-4655-a7a4-d4bd41c527a9,BUTTER-E|128|18|1|48842.0|rectangle,1681149.293133,1.5994142e+06,1634411.4472595996,1.761587e+06
bc983b4f-6bf6-4b1b-868a-a7c9ef3e28da,BUTTER-E|1048576|4|1|20640.0|trapezoid,788623.541115,790650.94,796222.3036222133,778473.2
bcaf5512-4e07-4c5b-83b6-104a71343164,BUTTER-E|256|2|1|67557.0|rectangle,1873020.309948,1.8589112e+06,1840385.3690266365,1.8947436e+06
bcd14a5c-2153-453f-8d83-7b38286753f0,BUTTER-E|16777216|4|1|67557.0|wide_first_4x,5809153.285432,5.767019e+06,5682296.529915369,5.3784425e+06
bcd245a9-6e3b-4e8c-9b55-931a29bae53c,BUTTER-E|2097152|5|1|70000.0|exponential,2360197.035286,2.2899918e+06,2409185.865749351,2.3622085e+06
bce4c9ba-3c8f-43be-8ced-6775590e688a,BUTTER-E|64|4|1|6435.0|wide_first_4x,432909.0925659997,422054.6,444848.38491430896,414573.53
bcfa4834-5136-438e-860a-d5cc2a18ceb2,BUTTER-E|512|20|1|12958.0|wide_first_4x,723503.6778799999,671639.56,683493.3305849322,633034.06
bd018b84-d829-4ce0-9905-d8fb29baa1f5,BUTTER-E|8192|10|1|20640.0|rectangle,776321.572036,806861.3,795903.0779775073,806295.94
bd02dace-0b84-44bc-8194-2fd8b034cf4a,BUTTER-E|128|7|1|4898.0|trapezoid,396595.169887,408675.1,410023.40912150795,406328.56
bd35178d-b327-4b50-9da3-a58670e78a07,BUTTER-E|1024|3|1|67557.0|wide_first_2x,1856401.880984,1.8619771e+06,1869732.3606141943,1.831752e+06
bd4a7d4f-5620-4bb0-90c9-b9a1c76fe2e1,BUTTER-E|8192|10|1|6435.0|wide_first_2x,446435.299872,439772.34,441589.26942523045,450816.94
bd4f0664-7ebc-47f5-b646-572e81ddf046,BUTTER-E|2048|7|1|15000.0|rectangle_residual,672124.0554109998,637948.56,661851.9297063076,637905.94
bd4fe8a3-7169-4888-8cb8-f54de8565ab0,BUTTER-E|8192|9|1|3848.0|rectangle_residual,375840.7194179996,388236.8,379648.4117880528,366782.72
bd838379-87db-4a24-ad2e-a3f1be434d80,BUTTER-E|65536|16|1|6435.0|exponential,473209.5146899997,479520.25,483807.5126247302,477495.94
bd92b3e0-de56-4070-8126-a05e22d02c91,BUTTER-E|1024|10|1|48842.0|rectangle_residual,1509562.4227700003,1.5799485e+06,1557938.742320119,1.5588365e+06
bd9731bb-06f5-48e9-ac08-c060d834bc35,BUTTER-E|2097152|14|1|48842.0|rectangle,1878908.338184,1.976824e+06,1807962.9029187188,1.9152655e+06
bdb21127-4412-47ce-90d4-22a45c7b884e,BUTTER-E|65536|4|1|12958.0|rectangle,586863.6011939999,579692.1,585558.975596861,591825.56
bdd460ae-97b4-4dff-bdf1-7e4c49cb8f7b,BUTTER-E|512|2|1|3848.0|rectangle,354080.636019,371249.28,368322.5593517211,362611.9
bdea68b8-9dd5-4e0e-9cd2-ab9808dc399e,BUTTER-E|1024|8|1|4898.0|exponential,401910.455502,397509.94,411289.2496138478,401838.72
bdf4bd61-bc63-485e-844c-c4cceae86f73,BUTTER-E|4096|7|1|6435.0|wide_first_2x,443473.5120759997,432327.97,448859.551310223,446366.88
be369f16-8295-4fac-a022-6d4dcb30271c,BUTTER-E|2048|5|1|12958.0|trapezoid,605746.3156469997,581737.9,586018.6223436511,600423.56
be499009-4cac-4ec6-a56a-1e2d5e0d8d0d,BUTTER-E|1048576|6|1|15000.0|trapezoid,657573.6065219999,660246.25,672893.8390288084,686607.06
be4f9753-90bb-419b-87aa-72c5a1bc088e,BUTTER-E|32768|7|1|105908.0|wide_first_8x,2883949.3419300006,2.8881422e+06,2986010.0409631864,3.0886618e+06
bef98d63-c2d2-4acf-a956-b18ceeca7d32,BUTTER-E|8388608|20|1|6435.0|exponential,676520.9964839999,649760.25,667223.8493346166,660409.94
befd1d44-226b-48a5-9a9e-5d836cbac1bd,BUTTER-E|8192|10|1|3848.0|trapezoid,386103.4781859997,389264.5,384681.4462273219,389220.3
bf10ba58-d9e3-4323-bd2c-c4d0ded8f6dd,BUTTER-E|256|5|1|5300.0|rectangle_residual,423166.2699599997,405621.22,412289.3440495104,380098.16
bf21b4b9-dafc-4c7b-a5c4-0382bb90b215,BUTTER-E|16384|5|1|67557.0|exponential,1911003.44825,1.9710298e+06,1958073.0189791853,1.9882818e+06
bf41bae7-51fb-4fc5-a230-e450998277c9,BUTTER-E|2048|16|1|6435.0|wide_first_4x,476215.94047,484589.6,477326.6181822705,453257.8
bf47961f-b26b-4c00-b742-efc8db25a196,BUTTER-E|1024|6|1|5300.0|rectangle,400788.64170299977,406196.44,412366.28223788505,402090.2
bf685de3-c73a-4a0c-892f-faf415b5f615,BUTTER-E|32768|2|1|20640.0|rectangle,779501.446368,711208.2,744808.2853674812,745019.3
bf6bb455-a591-42fa-b622-d67834559b90,BUTTER-E|262144|9|1|3188.0|trapezoid,359639.532319,367227.6,365963.165637722,365300.5
bf6c3f81-0bab-40e1-8625-8c8b14a5d0bb,BUTTER-E|32768|2|1|20640.0|rectangle,710115.8481839999,711208.2,744808.2853674812,745019.3
bf7d36d4-8d9f-47c8-8fbe-08e8017a2942,BUTTER-E|4194304|9|1|5300.0|wide_first_2x,487698.9523839997,470682.5,477062.9413100729,486568.34
bf8d7fe8-d04c-4c13-9e8a-68a6813ed73d,BUTTER-E|524288|7|1|12958.0|rectangle,642615.161455,609333.56,623035.360289622,621681.1
bfd4968b-0376-420c-a00c-fd337434d450,BUTTER-E|1024|16|1|105908.0|wide_first_4x,3604434.446979,3.634193e+06,3474164.9729613108,3.5403982e+06
c00da557-73eb-49fb-abde-f08b452af785,BUTTER-E|4096|2|1|3848.0|rectangle,372619.7465709997,385551.44,376395.49833317497,362713.25
c014dcd6-107e-423a-a034-4ce385f19170,BUTTER-E|8192|9|1|15000.0|wide_first_4x,656184.8087119998,642823.3,668260.5723006359,640795.5
c0291fe9-1038-4c7b-92bd-9e04b7296368,BUTTER-E|1048576|3|1|3848.0|exponential,388540.551375,389283.06,378711.2944630747,381177.38
c036d59e-a96d-49f3-84b6-cb0161d8cd46,BUTTER-E|2048|4|1|20640.0|rectangle,751409.4725069999,756204.1,753497.8524377802,748955.94
c04d89e4-d9b7-4069-a3a0-cda098423918,BUTTER-E|524288|2|1|20640.0|rectangle,771240.8194799997,922818.94,783825.6070949133,779975.06
c056e960-1c04-4fd0-ad79-17f231758572,BUTTER-E|131072|3|1|20640.0|rectangle,716734.6875979997,758595.0,750121.1805495205,748339.1
c066608b-3b3a-4703-ae28-060677bf0316,BUTTER-E|16384|8|1|3848.0|wide_first_2x,379901.4717199999,386673.4,376630.2060797878,381245.72
c0725aff-b464-4473-b127-b6243c444c58,BUTTER-E|16777216|5|1|3848.0|wide_first_2x,598526.7776079999,616514.44,614562.5181346268,639640.94
c07eaba5-d410-4544-8ee2-c6ccb72b0834,BUTTER-E|8192|7|1|15000.0|rectangle,640022.5663979998,671509.5,649290.3442110008,664150.3
c08fbb78-7166-4aec-b35c-1cf7cf02beb4,BUTTER-E|8192|12|1|105908.0|rectangle,3147247.173698,3.162833e+06,3290390.0714813117,3.335419e+06
c0a2a249-ed09-4254-9cc5-ce2d86ac6b02,BUTTER-E|2097152|2|1|70000.0|rectangle,2376080.301992,2.1919795e+06,2330064.885406651,2.4515318e+06
c0a997e1-52f1-4a10-b94a-5372f09cec29,BUTTER-E|16777216|6|1|70000.0|trapezoid,6025113.13629,6.2291085e+06,6221368.539754805,6.350337e+06
c0b62501-87fb-4e28-9404-a45187751ed6,BUTTER-E|512|4|1|67557.0|exponential,1885344.768324,1.8830239e+06,1908129.6230198205,1.9167858e+06
c0b90321-ef52-4d99-8f12-07b1d9f8ac34,BUTTER-E|32|5|1|4898.0|wide_first_2x,406112.2568849999,391446.0,395121.2987916547,409552.94
c0e3c26c-a797-493e-87d9-8c58476a3258,BUTTER-E|4194304|7|1|6435.0|rectangle_residual,531413.6409149999,535797.8,536642.7487032952,515616.75
c0fe9c12-fdee-4419-84bf-12d03f4165b6,BUTTER-E|64|16|1|5300.0|exponential,401507.2516899997,437023.0,430983.79924580327,415846.2
c1869a95-c993-4833-aaa3-eea2792971e4,BUTTER-E|32|6|1|5300.0|wide_first_8x,394369.288215,405698.6,413167.4176317609,406548.34
c18ff014-70cd-4c8f-b0e1-4234e4f7174d,BUTTER-E|4194304|3|1|4898.0|trapezoid,461287.300248,450836.28,452186.31125264685,468435.4
c1d9c502-1a86-4125-83d2-b7bd22c7b82a,BUTTER-E|131072|2|1|3848.0|rectangle,375343.4492609997,390828.28,375555.1723566659,367613.72
c1eb7b3e-96c0-48ff-be01-b5e00737a9f5,BUTTER-E|16384|2|1|5300.0|rectangle,393381.210384,398387.38,398299.9942525328,400214.1
c21adbaf-972d-43bf-a34a-09f8af8a6ac6,BUTTER-E|16384|14|1|67557.0|trapezoid,2300425.288975,2.3375908e+06,2287945.44127505,2.3160928e+06
c249177d-defe-4d28-91c9-c1b48b1494af,BUTTER-E|8388608|2|1|20640.0|rectangle,2404898.950048,2.1452942e+06,1323836.387737573,1.864632e+06
c276d6bd-c805-4703-811c-ea6bf4b22ab8,BUTTER-E|512|7|1|3188.0|wide_first_2x,369816.490917,347140.66,353451.36041485134,368761.22
c279671e-02ae-47b0-8493-cc2749563a96,BUTTER-E|16777216|8|1|15000.0|wide_first_8x,1491738.5518910002,1.5563128e+06,1531208.7731124943,1.6116819e+06
c28c9843-a048-4904-8ccd-b945844e3122,BUTTER-E|16777216|16|1|70000.0|wide_first_4x,6542886.924713998,6.339373e+06,6494285.517336546,6.2327865e+06
c2970e79-9ea0-45e6-85cf-2f22d21dd350,BUTTER-E|1024|20|1|5300.0|wide_first_16x,444571.094236,460524.25,453956.16948984633,427057.75
c2c6190d-9c26-4a6b-ba77-b08611d661fc,BUTTER-E|1024|8|1|4898.0|rectangle_residual,387868.53012499976,397600.53,401201.9895250416,388719.9
c2d92a15-fa3a-4a35-b815-0b99ac9083c0,BUTTER-E|131072|14|1|6435.0|exponential,484827.89050099975,481166.2,479500.7417577829,471990.53
c2e93681-0fe3-4753-b33f-4a1fd5503da9,BUTTER-E|32768|8|1|3848.0|wide_first_2x,431912.6046029999,380430.0,380654.5081262949,381622.22
c2f16ca7-4fd6-43db-8682-a81cd8c2e99a,BUTTER-E|4194304|7|1|20640.0|trapezoid,1066336.783286,1.0266681e+06,1029477.5804699173,1.04686744e+06
c3050624-8647-4883-8740-30ce19b595f6,BUTTER-E|32768|3|1|70000.0|trapezoid,2072497.462104,2.0444028e+06,2070628.92503012,2.0743865e+06
c314460e-a4f2-4154-90b5-7acf838c8d02,BUTTER-E|524288|5|1|20640.0|trapezoid,781878.8794420001,780456.5,776862.6952607566,775851.0
c31b3ab7-69fa-48fd-adc6-305e9c64590a,BUTTER-E|512|3|1|3848.0|rectangle_residual,370304.58015,374458.72,370609.66841403604,346899.1
c32386f2-4a30-49ad-956e-5eb21f066175,BUTTER-E|64|5|1|3848.0|wide_first_16x,363083.6701059998,362118.44,373222.430332357,364494.9
c32644bc-8f96-4084-9973-ff21ee2a8c40,BUTTER-E|16777216|5|1|4898.0|rectangle,708678.2885919998,690713.75,685882.0200475088,693495.9
c32baf60-91c2-4cee-8a5a-7b8399b17658,BUTTER-E|256|8|1|12958.0|wide_first_16x,605623.791104,559697.9,605424.0336990238,596833.2
c340a99d-add0-4193-bd71-15821e4b3635,BUTTER-E|16384|2|1|5300.0|rectangle,403707.41419,398387.38,398299.9942525328,400214.1
c348679c-db7c-466c-8ba9-e838751f638e,BUTTER-E|131072|20|1|5300.0|trapezoid,466446.31207799976,445678.66,448959.0825352955,442562.2
c34d1b07-39ef-4cfd-9139-f4abbde47e94,BUTTER-E|8388608|6|1|3188.0|rectangle,441701.975252,451236.3,440500.8705886316,433972.44
c3924603-c208-423f-8c0a-409ee33eb332,BUTTER-E|1048576|12|1|6435.0|trapezoid,483116.45541299984,470730.97,484147.76146629924,494450.4
c3ca9faf-03d8-4c5e-9c15-0b71208e3c1b,BUTTER-E|4194304|7|1|3848.0|wide_first_4x,427926.568208,407747.38,421170.4868595949,398255.2
c3df48f7-63dd-497b-ab9f-e332a74965bd,BUTTER-E|16777216|10|1|70000.0|rectangle,6163643.525296,6.298155e+06,6242764.680975154,6.537856e+06
c3e3e293-f202-4035-a82a-5de5dc3ab656,BUTTER-E|256|9|1|12958.0|rectangle,630550.214558,604530.56,603095.7746094614,615908.56
c40038d9-c2fc-4ef0-836f-025d8538e5db,BUTTER-E|131072|3|1|15000.0|wide_first_16x,618507.6244179998,630039.56,629197.3827226312,630415.8
c4167a58-bc1b-4ace-90ba-0c9bb2cfc5a1,BUTTER-E|2048|14|1|105908.0|wide_first_4x,3394528.944271,3.6163395e+06,3338100.282076326,3.423989e+06
c416b5bf-ea20-4d99-a7db-50860fc5888a,BUTTER-E|1048576|9|1|5300.0|wide_first_2x,418795.0160999997,417741.4,426068.2225542963,442749.62
c430349b-56c1-4571-87d2-123ef561b76f,BUTTER-E|1048576|4|1|105908.0|wide_first_2x,2955736.19519,2.950073e+06,2920599.4838140025,3.0166785e+06
c44034fc-c034-4b3b-b447-c66bdbae02a4,BUTTER-E|131072|18|1|5300.0|trapezoid,442775.355403,439675.88,434140.58091364097,437069.7
c442bae6-25c3-4d88-afd2-0c71bc299acb,BUTTER-E|16384|9|1|5300.0|trapezoid,406426.09858799976,432356.4,421216.7139686824,414570.38
c4610eb0-7131-42af-a42c-3738050bb655,BUTTER-E|4096|8|1|67557.0|exponential,2080225.290442,2.0541021e+06,2082088.9369092963,2.1037945e+06
c4676038-4a6c-42b2-9f70-87e8585d7728,BUTTER-E|4194304|8|1|20640.0|wide_first_2x,1072409.0135730002,1.0759512e+06,1058955.0534965354,1.03074244e+06
c4a68329-63e9-4518-97d9-3c717300c324,BUTTER-E|65536|4|1|67557.0|exponential,1919207.0551440003,1.9406958e+06,1914304.8047734408,1.925874e+06
c4ad339a-a8d9-4e30-823b-19759ef2b42b,BUTTER-E|4194304|4|1|4898.0|rectangle_residual,456653.666969,451931.4,450641.8831585359,430361.25
c4c07964-f883-4b5f-87f8-0f164f186783,BUTTER-E|262144|10|1|70000.0|trapezoid,2395267.176822,2.3305858e+06,2295563.222678432,2.3916085e+06
c4d3a455-c55f-420e-b44f-8918a2f160a8,BUTTER-E|4194304|4|1|20640.0|wide_first_2x,1050232.7162779998,1.0034603e+06,1031360.7907906993,1.0309204e+06
c4eb42af-bcc3-431b-8810-6cd9a69bcaf4,BUTTER-E|4096|6|1|20640.0|wide_first_4x,750556.9898499999,773863.2,764442.7799413732,733931.4
c4fcc020-f23f-47ba-8dac-2dc7fa9535b5,BUTTER-E|16384|16|1|6435.0|trapezoid,487807.569544,495257.88,486232.1739004623,482303.72
c5335d50-5c2f-4559-a973-22728590edc0,BUTTER-E|131072|6|1|6435.0|wide_first_2x,439914.8218,438007.7,436698.9071054369,451041.84
c534dd2d-2beb-4f72-b2d3-4524035907d3,BUTTER-E|8192|10|1|70000.0|rectangle,2376348.992855,2.3971528e+06,2322145.2114949757,2.3065352e+06
c56c3a8d-f15d-44ee-9b4f-34d1176c5784,BUTTER-E|2097152|8|1|20640.0|trapezoid,915115.541832,899117.7,894913.4835165178,908691.3
c5821f2f-e4ff-4eb5-89dd-af04d22c3b40,BUTTER-E|8388608|3|1|6435.0|exponential,609172.166674,625912.06,620474.2730910573,594310.2
c58289c4-f59b-4b7b-b3d4-28e92d1314be,BUTTER-E|16777216|2|1|20640.0|rectangle,4292505.69732,3.3373378e+06,1874859.4516804838,2.567072e+06
c587c94a-8503-4d37-837c-3efcd8d1228a,BUTTER-E|8388608|3|1|12958.0|rectangle,962455.076983,935007.6,949237.9387353058,978195.25
c5a67fa7-fc15-4cd2-b9aa-04bc9c9cc498,BUTTER-E|131072|3|1|3848.0|wide_first_4x,359987.11356299976,372736.06,362645.0246054611,354984.03
c5ab5ac9-3ed1-4640-8fd1-a0ccadd8f970,BUTTER-E|128|8|1|3848.0|rectangle_residual,375200.5436419998,380097.44,373788.9391214703,361125.53
c5ae8511-3fe9-400b-ac91-765963120183,BUTTER-E|8388608|7|1|3188.0|rectangle_residual,473311.396419,433928.16,453027.2188327983,425263.8
c5b1c79f-8368-4748-be00-31a974a1cb85,BUTTER-E|1048576|3|1|67557.0|rectangle,1957731.61382,1.9595911e+06,1993614.9100271307,2.0587166e+06
c5b8a019-ee4e-4cd2-bdd6-946a21c6f0c8,BUTTER-E|65536|9|1|70000.0|wide_first_4x,2218991.795985,2.0712059e+06,2292624.141885657,2.2033895e+06
c5e1e0f4-bc61-478c-bd1c-6dd46e24b3b6,BUTTER-E|1024|4|1|6435.0|wide_first_8x,423283.1334509999,424646.2,433053.71866639965,435265.22
c610b7ba-e668-4312-a82f-5d3293c1ecee,BUTTER-E|8388608|2|1|70000.0|rectangle,3908698.450243,3.8213208e+06,3025526.2784993807,3.6967322e+06
c6428d81-0a39-4fd4-8c95-9ff9d33c5520,BUTTER-E|256|8|1|5300.0|exponential,408578.889616,411483.03,413026.95562233723,405202.5
c66c5146-37df-4942-8d02-3730481930fc,BUTTER-E|4194304|5|1|5300.0|wide_first_2x,474925.4760969997,471983.34,458207.12912045413,474819.03
c66fff41-8129-4f78-b518-b3fec700562e,BUTTER-E|512|7|1|20640.0|rectangle_residual,758041.0160639997,768259.1,773934.6922688785,762551.7
c687c18b-6aa6-443f-9762-5b7d778e215e,BUTTER-E|131072|9|1|5300.0|wide_first_2x,398320.4217179999,413555.53,419110.8871400612,427055.3
c68c8dae-bfb0-4c51-aaa3-37c674a8f821,BUTTER-E|512|10|1|3848.0|rectangle,389061.3609379997,385045.47,382342.18021217204,385294.5
c69271fc-53d1-401f-9cf0-4074d7b97355,BUTTER-E|8388608|10|1|48842.0|rectangle_residual,2862974.218596,2.8396938e+06,2809463.959124903,2.9528342e+06
c6b4ef57-47f6-47bb-83d9-d3d090582177,BUTTER-E|16777216|6|1|3848.0|wide_first_4x,624640.422084,602020.94,609640.421405981,588412.9
c6bc2a87-6b35-48a9-a65c-6638e9008e7b,BUTTER-E|8192|14|1|67557.0|trapezoid,2325747.830456,2.2290945e+06,2279350.229482685,2.31697e+06
c6e0babe-91a8-4eee-96a8-42eb7d7d42dd,BUTTER-E|262144|6|1|5300.0|wide_first_2x,404557.74678399984,403861.1,411103.9603446309,425281.25
c6e4a7ec-79de-4daf-9573-8aa05bb688d2,BUTTER-E|16777216|4|1|105908.0|trapezoid,8772637.02618,8.813132e+06,8885994.69463719,9.350634e+06
c6f6adcc-f3d3-41e8-a36f-cab170a08833,BUTTER-E|16384|2|1|12958.0|rectangle,580449.7461449997,580891.94,576944.8867139539,579648.44
c7086410-111b-4ae1-82b2-21c56e2af196,BUTTER-E|256|2|1|105908.0|rectangle,2816548.812008,2.7670612e+06,2724521.5528492206,2.810663e+06
c713d528-b4b2-4651-b504-a09a8ac2263b,BUTTER-E|64|20|1|20640.0|wide_first_16x,961421.672673,879018.6,848949.159689729,860420.25
c73b5b1e-36f0-4853-baab-2438af370e13,BUTTER-E|1024|12|1|105908.0|exponential,3305083.4491619994,3.3932052e+06,3309205.4630060685,3.3644912e+06
c73bd733-9635-4281-b992-4ad9c51a7290,BUTTER-E|16384|6|1|67557.0|wide_first_2x,1982490.412952,1.9647521e+06,2002947.9101884875,2.0109056e+06
c73e8700-e861-46ee-87ae-35d7e8329009,BUTTER-E|2048|3|1|20640.0|exponential,740892.1282799997,738650.75,751458.9508487445,728787.5
c7616b31-f326-4bf8-926a-a5cac827f0fb,BUTTER-E|1048576|9|1|3188.0|rectangle_residual,362243.9743939998,369075.75,370354.4256955549,351416.94
c76901b2-276d-4952-9d56-c7be523f312e,BUTTER-E|8388608|2|1|70000.0|rectangle,3832801.341393,3.8213208e+06,3025526.2784993807,3.6967322e+06
c7c30965-0e34-4428-8c47-ff02a7c3c474,BUTTER-E|16777216|10|1|5300.0|rectangle,731420.94771,733253.44,731004.5054589885,717217.75
c7fe6d09-caef-4d79-8a2b-0f34f2f53abc,BUTTER-E|131072|7|1|6435.0|rectangle,449187.2611359999,439706.5,444680.173387923,445300.53
c809c80f-28b2-4cb6-871f-54bc0fbc8a9d,BUTTER-E|65536|9|1|70000.0|wide_first_8x,2226145.1480560005,2.0743311e+06,2275350.5033692326,2.2418218e+06
c824268c-08e0-45db-ba5a-e82ace2a9f51,BUTTER-E|128|14|1|12958.0|wide_first_8x,638536.4710259999,628983.56,631091.6587499937,637493.6
c8823782-9edb-4b1a-8679-81ee0c536fc4,BUTTER-E|524288|6|1|70000.0|rectangle,2232635.713404,2.1601788e+06,2208307.315143563,2.2494545e+06
c893fb43-5fbf-4826-964c-d1a9cc8131b1,BUTTER-E|4096|14|1|12958.0|exponential,681045.103668,657625.1,645529.1800521947,634266.9
c8bac212-f42a-4a05-9dc4-a1eab1c53f58,BUTTER-E|256|2|1|67557.0|rectangle,1827889.173088,1.8589112e+06,1840385.3690266365,1.8947436e+06
c8bf0535-0949-45d8-a65b-92352ba3c5e4,BUTTER-E|8192|7|1|20640.0|wide_first_8x,793054.1311679996,785536.44,770679.3257919459,773178.6
c8c03127-3b7a-4a4b-93ea-0232c90b888e,BUTTER-E|16384|6|1|5300.0|exponential,390941.569152,402002.0,393875.0513654105,396186.44
c8d87c1e-90a5-49d7-80a2-98df3670af2a,BUTTER-E|2048|12|1|4898.0|rectangle,391724.0556139997,403193.4,405144.67935954186,411228.06
c8fa45c4-d3df-432c-97e6-de09fad76213,BUTTER-E|8388608|4|1|20640.0|wide_first_8x,1290918.491586,1.2831494e+06,1303715.8986643492,1.2644879e+06
c9089f74-436b-45a8-b801-d2378939e11b,BUTTER-E|2048|5|1|5300.0|rectangle_residual,414987.4151649997,397922.22,404480.16190051107,380150.38
c92c0d5c-af2d-428c-b828-219b1c0bf655,BUTTER-E|1048576|8|1|4898.0|rectangle,404587.4935699998,409757.28,407472.52704545925,417736.62
c92d7728-20f9-48c6-88b4-3c673672e9ea,BUTTER-E|131072|8|1|70000.0|wide_first_4x,2276084.290095,2.324772e+06,2213963.5995588293,2.1851065e+06
c93be98f-c318-4680-8822-82421d2ab51e,BUTTER-E|16777216|18|1|70000.0|rectangle,6509567.236748,6.3837885e+06,6517857.912597505,6.9842055e+06
c963fe52-810e-485b-95f5-a18c5e3310c4,BUTTER-E|1024|14|1|12958.0|wide_first_16x,635191.9733589998,657620.75,641794.0733979191,629457.6
c9646730-6526-4593-8696-3f99d5e825ef,BUTTER-E|16777216|6|1|12958.0|exponential,1361711.4588959997,1.3588104e+06,1344017.3437883705,1.3157738e+06
c98639ef-d2d4-4883-96ac-45aab45f4d07,BUTTER-E|512|3|1|6435.0|wide_first_2x,423027.99091199983,432747.47,435393.679033221,439631.03
c98cdbee-4ebf-4efb-8a2a-8efa4cdf6b00,BUTTER-E|4096|7|1|3848.0|wide_first_8x,362705.4328879998,378920.44,369734.82062787603,366258.75
c99f85c7-7c1a-4f57-be62-dbac47b8343f,BUTTER-E|2048|4|1|4898.0|rectangle_residual,377724.9829109998,379967.7,388581.5971855004,375590.0
c9a852e7-f0a4-40ad-8210-42a0606b37ec,BUTTER-E|32768|4|1|4898.0|rectangle,395678.79592599993,387034.25,390223.3106654855,394433.4
c9c74b3c-59de-4f9c-8fe7-3c945af6147e,BUTTER-E|524288|8|1|6435.0|exponential,468892.1878459999,460312.62,457544.980394642,441876.03
c9e2b86e-624e-4e64-9daf-3bbac4b29cf6,BUTTER-E|16384|16|1|67557.0|wide_first_8x,2258974.021363,2.1171408e+06,2293076.0611730204,2.258263e+06
c9e2caa4-7e1f-41ce-9e59-7fc3921334af,BUTTER-E|131072|8|1|6435.0|exponential,446085.105754,448316.97,454339.65886247036,437624.0
c9ec6d31-67cc-4ad8-aeaa-e17c09e03f99,BUTTER-E|131072|5|1|20640.0|trapezoid,749509.1959559998,777143.94,763721.8435370892,772387.8
c9f98cc5-8694-45bd-a9b7-e33a061056b6,BUTTER-E|64|5|1|4898.0|rectangle,369643.2509639999,400869.97,395670.1001627895,394888.06
ca131066-f1b1-465d-8222-82a6c8d06c41,BUTTER-E|2097152|12|1|105908.0|trapezoid,3864434.58324,3.6917718e+06,3646831.5012237187,3.9381732e+06
ca1c0395-eb98-45ce-b888-a1560f4cf0bc,BUTTER-E|2048|9|1|20640.0|trapezoid,806983.9151459998,791809.25,810018.2675085365,819721.5
ca26942e-9380-4e04-9a53-820f8b908a93,BUTTER-E|32768|4|1|67557.0|wide_first_4x,1921190.386995,1.9708211e+06,1819379.5087776538,1.8556079e+06
ca31618c-ee53-4764-a108-8a07e840c5de,BUTTER-E|4194304|16|1|70000.0|rectangle,3436010.709444,3.3490962e+06,3364341.2378137624,3.429934e+06
ca326924-6788-4c50-a381-87e570e5b298,BUTTER-E|524288|7|1|15000.0|exponential,665265.662901,680084.4,676834.628989272,673020.6
ca4cf88a-ffe2-46e9-9094-8b773735eefb,BUTTER-E|1048576|16|1|3188.0|rectangle,357640.12946799974,379833.28,377538.58319557516,380652.8
ca912615-7573-4085-85b9-d52ea03738a3,BUTTER-E|32|10|1|20640.0|wide_first_16x,788531.8381319998,772676.6,774592.00675201,781555.8
ca965acf-e65e-45fa-94fc-0f3ff1977f60,BUTTER-E|16777216|7|1|12958.0|wide_first_16x,1390719.6911719998,1.3849698e+06,1352559.1446027642,1.3099094e+06
ca9a61bb-38c3-41c8-b42b-cc7961f68923,BUTTER-E|128|3|1|12958.0|exponential,541773.033588,587175.1,570153.7527138817,572517.94
caa19792-b815-4b2d-aa98-f0fbb556d3ef,BUTTER-E|128|14|1|48842.0|wide_first_4x,1626813.884435,1.4787902e+06,1511969.9742271958,1.6603511e+06
cabd618a-4a8f-4b8f-9640-528ce8da7880,BUTTER-E|131072|9|1|70000.0|wide_first_2x,2284474.934772,2.2707088e+06,2289422.2843547473,2.3110182e+06
cac5be0c-dee3-4f7a-85b1-710577649420,BUTTER-E|4194304|14|1|20640.0|exponential,1161847.850316,1.1313012e+06,1151576.3344214796,1.1230542e+06
cae18de9-3e80-4916-ae28-66aa8e473d14,BUTTER-E|4096|16|1|5300.0|trapezoid,458733.2617829999,423526.28,442816.14266706083,428305.8
cae6d514-42ae-4464-a217-805a5c441462,BUTTER-E|8388608|5|1|3848.0|rectangle_residual,477898.6360979999,496724.7,498919.8005600225,456544.47
caf8c872-5d23-41a5-b4ec-1fe53cd21ceb,BUTTER-E|32768|3|1|15000.0|exponential,630568.6781919998,623960.8,630879.8990286201,609685.2
cb4c02dd-c9a9-4aa6-8c88-fd478b39dcd4,BUTTER-E|128|3|1|5300.0|rectangle,405114.417108,395533.3,405204.3555350239,402616.66
cb5f9f6d-2f3f-4d33-8ec8-f538383a1728,BUTTER-E|32768|10|1|3188.0|exponential,362180.137488,363124.44,367620.2453750581,356222.22
cb85f540-0517-425d-b9f0-2b187f0bf298,BUTTER-E|16777216|7|1|20640.0|exponential,1960192.075941,1.9566108e+06,1975411.6161531871,1.8173585e+06
cbbdf1e7-7d35-4a69-b724-5dcb58ccc08d,BUTTER-E|2097152|5|1|15000.0|exponential,711725.9552759998,700850.0,685105.7309895252,705185.8
cbca72c3-1eb4-4c8e-b6a0-79baea65dfc0,BUTTER-E|262144|3|1|3848.0|rectangle_residual,383333.05197099975,359854.56,367687.5128773671,351726.4
cbd7d4c9-d5fb-4088-abf8-9241323fea98,BUTTER-E|65536|18|1|3848.0|exponential,398899.146167,396777.8,402109.67240555125,390080.94
cbf60a86-fc01-4a71-861b-8bb2b26a0654,BUTTER-E|524288|6|1|67557.0|rectangle,1962767.356314,1.9579118e+06,2001403.2694540734,2.0914399e+06
cc02e29f-1e50-411f-8a6d-d36d27748caf,BUTTER-E|524288|9|1|105908.0|wide_first_8x,3152595.989401999,3.1919258e+06,3142535.676830333,3.23701e+06
cc22c064-afff-4fd5-bdca-fb79a554c4e0,BUTTER-E|4194304|10|1|105908.0|trapezoid,4470770.758930999,4.5570215e+06,4446649.868596937,4.604819e+06
cc40e360-31e8-4740-8148-263fba814719,BUTTER-E|8192|8|1|48842.0|trapezoid,1544177.023846,1.5445948e+06,1504869.6602833394,1.5762146e+06
cc4770af-e3bb-4d23-b650-f4d016f7c8a8,BUTTER-E|512|4|1|4898.0|wide_first_4x,387652.79230399977,395293.5,397852.84756587347,371699.53
cc57d0dc-a41b-4640-b0b3-6a8e9696b0da,BUTTER-E|16777216|2|1|6435.0|rectangle,1058562.439746,1.0881154e+06,1037209.1011211857,1.0648999e+06
cc65e0b6-82d7-4c73-8590-9fe7b44b3ec9,BUTTER-E|2097152|7|1|15000.0|wide_first_4x,712191.2809159998,714647.1,724623.402987822,691088.06
ccc5de76-4ab8-4588-bb04-654bfd8721fd,BUTTER-E|1024|2|1|48842.0|rectangle,1469767.8009299997,1.3362572e+06,1333350.8792832433,1.3811921e+06
ccd3af16-9a43-4d36-9028-dbdd22baec7a,BUTTER-E|16777216|20|1|3188.0|rectangle,589251.954222,591405.25,560039.3905079621,558871.6
cd20144e-6c1b-4bb0-9811-459dcc30a63f,BUTTER-E|16777216|8|1|105908.0|rectangle,8944064.938088,9.32561e+06,8896352.200462949,9.76086e+06
cd325ce2-b867-46c6-b12e-addca2f0b331,BUTTER-E|65536|4|1|70000.0|wide_first_2x,2086873.0385400003,2.163339e+06,2081965.0907060804,2.0693421e+06
cd3806fe-3ce8-4406-9517-9f4b574eef21,BUTTER-E|256|6|1|3188.0|wide_first_8x,354805.6260199997,347674.4,352763.65649838705,358276.97
cd4efd44-9594-47d3-a1a2-4b107aefff03,BUTTER-E|131072|9|1|15000.0|exponential,680794.22062,675646.4,683486.1192106103,680925.44
cd6a6efe-fd50-486e-be95-87521c574497,BUTTER-E|131072|5|1|15000.0|wide_first_2x,625705.6350179999,635917.94,639386.7150688441,649404.7
cdaa45e6-a5cb-453b-a9a9-92319f7742ba,BUTTER-E|8192|6|1|20640.0|wide_first_2x,751508.1188690001,811202.06,762815.8379587294,768991.44
cdba864c-3d94-4db3-a13d-d0371c6201eb,BUTTER-E|524288|18|1|67557.0|trapezoid,2491188.633566,2.4687125e+06,2400078.8753725663,2.4668228e+06
cdc8d7ba-7481-4d14-b49c-d26f1ce2d00d,BUTTER-E|32768|4|1|4898.0|wide_first_2x,397999.21105699975,392853.3,397357.23150076857,410139.25
cdd0b0c6-d104-49ff-86bb-7830bdc588dd,BUTTER-E|32768|9|1|15000.0|rectangle,653559.366992,662137.3,673504.1941992068,676559.44
cde7c221-cb8f-4e57-81ce-2527d1592901,BUTTER-E|2097152|6|1|6435.0|rectangle,462093.7498729999,475364.1,470045.58561065834,467837.16
cdec8f3c-b62c-4ef9-a398-9ae601be0ef9,BUTTER-E|32768|16|1|105908.0|wide_first_4x,3541973.871621,3.4786388e+06,3486889.645281545,3.540915e+06
ce1aa0bf-64b8-4edd-ace8-2f47087661ad,BUTTER-E|131072|9|1|105908.0|rectangle,3224976.198162,3.1068212e+06,3088692.2715456905,3.1957758e+06
ce1bfaeb-3b10-4431-a8e0-f17f57208dc3,BUTTER-E|1048576|7|1|48842.0|trapezoid,1603352.815795,1.5641751e+06,1626143.6180322021,1.6663204e+06
ce5bb2b4-8a9e-4ee6-bf2d-5cdd0aea2009,BUTTER-E|524288|9|1|6435.0|exponential,452782.7417279999,460855.53,468644.6325657839,450083.22
ce5f7d19-3654-4699-ab06-591d77b8a1b7,BUTTER-E|65536|6|1|3848.0|rectangle_residual,391584.4538149998,372679.2,367621.1963485672,350731.25
ce63dbdf-95d1-4e25-99f6-ce3c2f565508,BUTTER-E|2097152|5|1|15000.0|wide_first_2x,729253.9979019997,685917.25,704514.9521463539,740413.2
ce774df0-117e-4236-9300-dcfb9b24c189,BUTTER-E|2097152|8|1|20640.0|wide_first_2x,861882.5993779998,892011.8,879917.6810877034,904743.94
cec56d76-2985-4446-84fc-341b43a9a974,BUTTER-E|131072|9|1|70000.0|rectangle,2281917.492608,2.2365985e+06,2291917.687015205,2.285142e+06
cec95109-9601-48a4-90ab-a60e1dc3baa2,BUTTER-E|262144|10|1|4898.0|wide_first_8x,404144.3113349998,416693.38,409036.98188244266,411490.5
cf07a97e-1afd-4242-bfc6-67fd4ac6fcf5,BUTTER-E|524288|6|1|5300.0|exponential,402760.1324719998,417117.2,417942.9113337584,398220.22
cf0f9f69-fdd1-4210-a0e5-ae0a83c587c9,BUTTER-E|2048|12|1|4898.0|wide_first_16x,408893.03315499966,443287.06,399028.5176005192,392489.7
cf2db7cf-371a-4526-b705-1b8fa4e9e0ae,BUTTER-E|16777216|7|1|3188.0|rectangle,524593.5650789997,552807.5,552187.7732972205,530065.9
cf43ed33-f1fb-4d20-bc55-00fa5ca82fcd,BUTTER-E|1048576|16|1|12958.0|exponential,700862.0896539998,679289.0,686688.4751168105,669982.0
cf540519-05e3-4e73-8597-6ea3d7fb27d9,BUTTER-E|1024|8|1|15000.0|rectangle_residual,629487.1338739999,680854.0,665765.6533803522,646216.25
cf6d7fe9-4e70-4b22-a823-cb91a20a393a,BUTTER-E|262144|14|1|4898.0|rectangle,383460.9268349999,412147.56,420239.5531198283,417512.8
cf7cfdf3-c9be-4e9d-bb88-3e880e7ecce8,BUTTER-E|32768|14|1|105908.0|rectangle,3342768.850708,3.5456728e+06,3292456.5436983523,3.4415888e+06
cf7e344b-5108-4254-8c4b-3e066ac3d5aa,BUTTER-E|2097152|8|1|48842.0|rectangle_residual,1728212.834048,1.6941921e+06,1765270.194847379,1.7760808e+06
cf8a3803-33af-4730-adca-5ecc49cabd6e,BUTTER-E|8388608|18|1|3188.0|exponential,470172.8427209996,464463.44,475562.2827707575,461044.12
cface399-2b62-467b-81df-8cf189b1f6da,BUTTER-E|131072|3|1|4898.0|rectangle,386370.5740249997,383058.12,389928.01563448133,393830.5
cfc9ab8a-f467-4845-aa40-cdc58b85038f,BUTTER-E|262144|7|1|15000.0|wide_first_16x,665953.0912849996,694466.1,659511.3217365855,646863.0
cfd1cf8d-e288-48be-b647-52bcf87d8428,BUTTER-E|1024|20|1|67557.0|rectangle,2380706.6765,2.467305e+06,2405847.5397368595,2.5138025e+06
cfecb815-d8ac-42c9-a7e3-fee7d0618658,BUTTER-E|16384|6|1|20640.0|wide_first_2x,727621.9132069998,767180.7,767264.1289018847,769316.4
cfed7464-ec11-45a8-96d5-af40c611d6e4,BUTTER-E|256|8|1|3848.0|rectangle,376828.0141959997,377440.28,377979.2619025671,376924.1
cffb8a84-0a27-4d84-9ac9-9c2d66163c7c,BUTTER-E|16777216|12|1|12958.0|wide_first_4x,1416922.66287,1.3910641e+06,1404891.8375958924,1.3202524e+06
cffbc3ce-a170-4948-a5a8-69b2eb6b1281,BUTTER-E|1024|12|1|48842.0|trapezoid,1637151.6328989998,1.6483982e+06,1649331.3630577896,1.6853852e+06
d02b09c8-ea85-4e9b-8ac4-b6cd7b742bb1,BUTTER-E|16384|2|1|20640.0|rectangle,749400.521352,715710.44,739965.6544565689,743901.1
d03c2ff8-1b74-4939-8de3-0f20215121c9,BUTTER-E|8388608|6|1|12958.0|wide_first_4x,943502.43106,980816.44,952655.2981604692,809711.06
d062d68a-c16a-400e-a252-3c99fe8a3745,BUTTER-E|131072|10|1|67557.0|exponential,2197882.902147,2.1120368e+06,2173626.71594554,2.1522105e+06
d06aec12-7985-4481-b419-1b103ba030cd,BUTTER-E|2097152|3|1|3848.0|wide_first_2x,385008.0268559998,384501.28,394492.89747081784,387475.56
d06e05b4-c0ec-4f87-80f5-0a42e119f883,BUTTER-E|8388608|7|1|67557.0|trapezoid,3874238.381684,3.9231005e+06,3884679.6348172966,3.9502402e+06
d07b7a6a-ea91-49e8-9410-36993e7b7e4a,BUTTER-E|4096|9|1|3848.0|exponential,385344.492974,380472.8,380400.3166732083,375165.06
d07e3b57-cb50-4818-a81a-7075e3d4ef03,BUTTER-E|1048576|3|1|15000.0|wide_first_4x,636576.0977850002,627085.5,641012.4051168965,633882.9
d0ac1b1f-6bec-49df-8cb4-98a914e5c43c,BUTTER-E|4096|9|1|70000.0|wide_first_2x,2241488.8341,2.376088e+06,2237387.3170469794,2.30364e+06
d0c0fd6d-28b2-4f49-870a-2f379d1e47de,BUTTER-E|262144|5|1|70000.0|rectangle,2119446.23848,2.134735e+06,2144881.419871433,2.2043058e+06
d0c24e1b-f23c-4318-ac5d-bfd6553dad17,BUTTER-E|256|3|1|15000.0|trapezoid,624898.1918089997,624228.0,613732.7719821171,638053.8
d0dfe4a9-c9ad-4202-b640-81e76313c1b3,BUTTER-E|131072|9|1|67557.0|wide_first_16x,2008862.211627,2.1604835e+06,2039422.47963206,2.027586e+06
d0f8f78a-b937-4bb9-856a-703a32707d65,BUTTER-E|16384|10|1|70000.0|wide_first_2x,2304764.7801470007,2.2625355e+06,2264896.8640544442,2.331406e+06
d0fc9a9b-1174-4d6b-80f9-9b31ad6cd4e8,BUTTER-E|131072|7|1|6435.0|trapezoid,437714.866388,439809.66,456304.02632262476,451185.12
d11a83e7-4c80-4cd8-9267-e7428138c300,BUTTER-E|4096|6|1|5300.0|rectangle_residual,410012.7491189999,408503.62,404395.5695473811,385496.28
d11fc9df-90c9-4fc8-ae83-fce9154fd670,BUTTER-E|256|4|1|6435.0|trapezoid,438066.775516,437678.25,437269.4666301776,441229.66
d1348b28-31bd-4427-8e1b-5697be11efbe,BUTTER-E|1048576|14|1|70000.0|trapezoid,2589435.0159579995,2.5647328e+06,2534265.530925757,2.6225582e+06
d169b819-3fa7-429b-8916-d3b4615d8838,BUTTER-E|8388608|20|1|3188.0|trapezoid,483497.207401,483693.4,477151.34020071063,476179.9
d1758b5a-d3ee-4ed2-af0b-3df79c271fce,BUTTER-E|1048576|5|1|12958.0|rectangle,592171.496091,603555.9,616977.1650135055,628762.25
d17cdde8-8443-4f52-b2d7-ed39ef8b9536,BUTTER-E|16777216|7|1|4898.0|rectangle,683257.156844,709444.2,690815.9512313001,684550.8
d1bce08c-362c-4d43-8864-77539d9a508b,BUTTER-E|128|3|1|6435.0|wide_first_2x,407028.0646679997,447311.62,431420.2412529951,439622.66
d1be0026-bffd-4353-92a4-6c1d2d8d0d0e,BUTTER-E|256|10|1|20640.0|rectangle,812570.8583319999,809359.06,812888.4990919573,805863.9
d1c58972-d8cb-4725-b46c-9ea722b596eb,BUTTER-E|16384|5|1|6435.0|exponential,425249.9708589997,445797.66,453160.9076496867,424634.44
d1d95a23-68b9-45de-b56f-0f04a5c29c1b,BUTTER-E|32|5|1|5300.0|exponential,409906.0129889999,412210.06,401310.6430075801,391981.34
d1f54ca4-c380-4212-b9ed-5933a2763df2,BUTTER-E|8192|12|1|4898.0|trapezoid,425867.652361,419578.03,422442.79687512986,420707.56
d201a565-5e93-4ec0-8d32-a7ca7c832dd6,BUTTER-E|16777216|20|1|48842.0|trapezoid,4567665.253146,4.5786765e+06,4537194.447523345,4.6550355e+06
d212fe05-fda0-42ec-8714-d1e53215a86d,BUTTER-E|32768|5|1|3188.0|rectangle,362080.0783339997,359216.1,353096.7754479527,348456.8
d219d695-37df-412d-9cba-cab17702f779,BUTTER-E|128|14|1|3848.0|wide_first_16x,372928.2616489997,387974.38,402520.32557169994,382577.3
d24defac-97b1-49ca-bd1b-5841212fa3e8,BUTTER-E|16384|8|1|105908.0|rectangle_residual,3081701.09766,3.0732125e+06,3064338.6360109234,3.092337e+06
d25afa6e-fc80-451a-aaa1-5340f4921732,BUTTER-E|16384|2|1|12958.0|rectangle,579819.1347689998,580891.94,576944.8867139539,579648.44
d26367fa-30bd-4d9f-a036-15cd3294be6e,BUTTER-E|262144|20|1|67557.0|trapezoid,2481342.49068,2.4461628e+06,2471455.2834456274,2.5093618e+06
d2683ff6-5367-4c1e-b832-19348ed7aa58,BUTTER-E|128|20|1|3848.0|rectangle,393502.6601739997,373965.88,399028.76353569527,392665.28
d27e798a-a09e-461a-b7e0-a857aa2f9a72,BUTTER-E|524288|2|1|20640.0|rectangle,857179.8100369999,922818.94,783825.6070949133,779975.06
d2ad14f4-0529-4080-91d2-80cdbd106324,BUTTER-E|16777216|7|1|15000.0|exponential,1470007.1197009997,1.5262604e+06,1478935.7985377521,1.4860286e+06
d2ae6eb8-bb34-461b-8040-2292a89486a1,BUTTER-E|131072|6|1|4898.0|rectangle,395605.1551339998,395855.22,401281.4024425275,399439.28
d2af003e-7d7e-4fdf-84ef-780c529e2894,BUTTER-E|2048|3|1|105908.0|wide_first_16x,2775435.2146670003,2.5704625e+06,2753395.326160128,2.7995078e+06
d2b6458f-42d3-44c0-8d5e-3bcee5354b31,BUTTER-E|16384|7|1|6435.0|exponential,442203.84032599983,443062.62,443408.6619242355,433472.78
d2b9d8e3-2758-44ee-aeed-9144e68c061d,BUTTER-E|16384|2|1|12958.0|rectangle,572535.6296339998,580891.94,576944.8867139539,579648.44
d2c6faac-971d-4c17-a099-4cfc0a7d9b35,BUTTER-E|2097152|10|1|4898.0|trapezoid,449088.1777639998,426795.12,424561.1899604746,427950.6
d3021eeb-f2b6-4d63-980c-1631a8159e84,BUTTER-E|16384|10|1|3848.0|exponential,382604.2465079999,382249.8,380522.3784582253,376776.03
d3047d87-389f-40ce-9771-2e18e6eb4b61,BUTTER-E|4096|6|1|6435.0|trapezoid,435310.6064989997,435067.7,448576.6961142753,445144.28
d30f9d83-1b03-4da5-af92-ed169aa2915c,BUTTER-E|1024|6|1|4898.0|trapezoid,399885.904119,396566.72,396980.9522196281,403744.03
d3882ec9-6483-4f70-9e8a-4571db8b9288,BUTTER-E|2097152|9|1|4898.0|trapezoid,433249.527483,425248.4,429647.2570875175,424618.25
d39fca2f-170c-4042-8834-58b210ca9287,BUTTER-E|4096|3|1|67557.0|trapezoid,1884803.969984,1.8388932e+06,1882376.8791617784,1.8735374e+06
d3a337e9-e98b-4f50-ba91-1aaec436321f,BUTTER-E|2048|2|1|3848.0|rectangle,366581.8452469997,383398.03,371422.0367052316,362655.5
d3c5411b-2d31-4689-90ae-c24f75d0f6d3,BUTTER-E|4096|18|1|15000.0|rectangle,718168.914635,685013.8,727335.6291954232,721627.3
d3c9a435-2b02-4039-9c6c-b183df623e11,BUTTER-E|8388608|8|1|5300.0|exponential,566672.0706239998,567884.3,568066.0841821156,556437.0
d3cf7029-7e9f-46f9-ada5-d5fd20a3617d,BUTTER-E|16384|4|1|5300.0|wide_first_8x,400336.058574,412066.6,402684.4335801018,400197.28
d3e01577-24e7-4a16-a86f-9c91bbc69a4e,BUTTER-E|8192|8|1|105908.0|trapezoid,3132090.831683,3.0636992e+06,3270735.7675751117,3.1821935e+06
d3fcf5ec-215e-44eb-b43d-55b88a6c25b0,BUTTER-E|2097152|3|1|6435.0|rectangle,458501.3582599998,469911.5,474507.5379046082,479200.25
d3feacec-6762-4829-8f8c-729be3f9e47f,BUTTER-E|512|6|1|5300.0|wide_first_2x,399782.4288979997,410343.84,397205.6905618465,420742.06
d41de6a0-a9cd-43cc-a563-76d1676aa8b4,BUTTER-E|16384|20|1|5300.0|trapezoid,459557.3233459998,466953.7,441797.85097152455,437916.22
d44877e9-849c-4485-ba7c-6c6b8415b779,BUTTER-E|128|8|1|15000.0|rectangle,654745.3864899998,664937.44,661990.2680186837,670240.2
d4556c5a-c4f3-4531-9af5-7900f9c50d37,BUTTER-E|32768|5|1|48842.0|wide_first_4x,1410904.8199229997,1.4602898e+06,1438642.721146297,1.3916719e+06
d4834aec-6de0-47bc-a529-88bd3bfb3567,BUTTER-E|16777216|2|1|6435.0|rectangle,1020723.276703,1.0881154e+06,1037209.1011211857,1.0648999e+06
d4b8abfb-eb41-4bc7-929e-4bce68466433,BUTTER-E|8388608|6|1|6435.0|trapezoid,604588.3618169999,627817.94,633528.7105813536,627915.5
d4c0f39d-eff7-4bbb-8484-90f931de6c00,BUTTER-E|16777216|6|1|105908.0|rectangle_residual,8794697.48822,8.821953e+06,9038988.873693133,8.996809e+06
d4dc9648-2709-4cf1-93ec-92090c7f191b,BUTTER-E|128|4|1|3848.0|trapezoid,368519.9599789999,371833.9,367828.4292251997,374192.06
d4e02fd1-a274-4fa9-bdb0-2f873c2e5cc3,BUTTER-E|2097152|6|1|15000.0|wide_first_8x,710023.1038829997,720727.7,703587.5648805371,760690.8
d4e09557-9280-4da1-80c4-2c2ac0a1091e,BUTTER-E|8192|2|1|12958.0|rectangle,618930.0294059999,586619.9,586432.5918191955,578976.06
d55567c8-a2f1-4d03-903b-e28367c44cd9,BUTTER-E|8388608|9|1|5300.0|wide_first_2x,564632.8115889999,569676.0,554052.9407775052,570338.06
d557d4cb-9a38-4f81-b558-f7032eeeb8d8,BUTTER-E|16384|5|1|48842.0|exponential,1382761.019709,1.4575614e+06,1447279.3899377002,1.4548921e+06
d5754d00-a214-4ca0-8bad-9c549af38971,BUTTER-E|4194304|6|1|70000.0|rectangle,2948693.2112119994,2.931381e+06,3029776.753116473,3.076931e+06
d5af471e-38ed-470b-a434-a3b06d5aca18,BUTTER-E|4194304|4|1|6435.0|rectangle_residual,549573.4048349998,533450.44,532894.7188611786,509662.6
d5b2f52c-b813-41da-86c1-dda2d3e6478f,BUTTER-E|16384|6|1|105908.0|exponential,2969519.7105870005,2.9824175e+06,2877690.438636725,2.9823462e+06
d5b33cc2-f5cb-4317-a8f1-2b7e53a26906,BUTTER-E|65536|5|1|67557.0|wide_first_2x,1954260.239897,1.9594659e+06,1927583.1900688035,1.9620202e+06
d5cd0c06-bca2-4e5b-87d6-75208b2b264e,BUTTER-E|128|5|1|12958.0|rectangle,589106.6148669999,589818.56,593285.287649531,597714.94
d5ddbb63-a5ff-4565-ac6f-f6c17faa0b43,BUTTER-E|262144|7|1|70000.0|trapezoid,2271461.914527,2.2344025e+06,2220601.727281576,2.219043e+06
d5dfea8b-2e98-4def-afcf-6767e9a6443a,BUTTER-E|8388608|10|1|12958.0|exponential,960988.233118,988266.8,996912.943424705,929805.75
d5e13c94-afc8-4015-922d-58d2691c9b6a,BUTTER-E|16384|18|1|4898.0|rectangle,423947.1518639999,404615.16,424224.853870025,418767.72
d602641b-8b81-469b-90ad-cf7ba4814a7c,BUTTER-E|262144|5|1|4898.0|wide_first_4x,404218.26422799967,393867.3,397861.1841817478,372948.34
d60907a1-111d-464f-91ef-bcf0a03b08b7,BUTTER-E|2097152|2|1|67557.0|rectangle,2294350.609923,2.194726e+06,2151721.4574743323,2.2874008e+06
d6094737-32c6-46bf-8c18-e375c924199c,BUTTER-E|65536|4|1|4898.0|wide_first_2x,400058.553168,390664.34,393865.1733959926,410758.88
d616e4b6-5607-4794-94d4-16a3feff056f,BUTTER-E|16384|5|1|3188.0|trapezoid,353071.0472729998,348768.0,356006.1563612655,355828.34
d6442bd2-2316-4067-9f90-3e27d8543e5b,BUTTER-E|524288|12|1|15000.0|rectangle,685694.210272,678250.06,687737.9785854474,692235.1
d66992e9-9938-4675-9fe1-2b25ab91dfc0,BUTTER-E|262144|14|1|48842.0|wide_first_4x,1685607.9173349997,1.7177826e+06,1647880.3509969928,1.6825861e+06
d66fc93a-64f0-4efc-97ab-505cdc54294f,BUTTER-E|4194304|4|1|6435.0|rectangle,546343.9096849998,529363.7,519678.72478310467,532084.2
d689be4c-6e70-4a4b-b1f7-a708b0a58135,BUTTER-E|262144|18|1|67557.0|exponential,2369955.7250090004,2.400344e+06,2384959.584227441,2.3827842e+06
d6a8e2aa-4bb6-4646-b8e4-634136c094d5,BUTTER-E|4194304|16|1|4898.0|wide_first_4x,497579.7366239997,465053.8,496705.8855183271,474774.2
d6bd7117-6139-4100-94aa-44a814ee49de,BUTTER-E|4096|7|1|48842.0|trapezoid,1508344.704151,1.5096072e+06,1492340.0204252603,1.548385e+06
d6de2258-64c9-458c-ae78-39d5a10ea1d1,BUTTER-E|1024|9|1|20640.0|rectangle,759913.7143619999,790531.06,798677.0260526836,793846.94
d6f8444f-9ef9-43f5-8372-0fe76c0585b3,BUTTER-E|2048|7|1|3188.0|rectangle_residual,357778.25828399986,354171.47,358686.9640782618,344460.53
d70c5635-d803-4aa5-95b3-d3bce5ac6402,BUTTER-E|1048576|8|1|4898.0|wide_first_2x,447396.3615039999,405396.53,413733.47702120704,432824.66
d73cf72d-1a54-44c9-b8c2-225059d5736c,BUTTER-E|1048576|8|1|5300.0|wide_first_2x,429255.07316,413745.28,432413.0897867935,442354.16
d73e66a8-497c-469a-9011-a71864fe8a84,BUTTER-E|2048|4|1|3188.0|wide_first_4x,358953.9882689999,355325.12,351510.22109897574,330598.8
d746db78-eeb3-44f0-b59b-493dc7e51ecf,BUTTER-E|262144|5|1|67557.0|rectangle,1881512.463415,1.9579006e+06,1946852.2704586738,2.0343302e+06
d7591044-4190-47b3-a6b6-200f7dea91e8,BUTTER-E|2048|6|1|6435.0|wide_first_16x,434628.157639,461141.3,440962.2956811785,432529.22
d759eeeb-2ba0-47de-ac6e-9a33167a78e9,BUTTER-E|4096|10|1|3188.0|wide_first_8x,379445.65600699984,376359.1,359570.11058992636,366633.4
d764b63d-2901-49f1-a395-291709c619d0,BUTTER-E|4194304|3|1|6435.0|wide_first_4x,544736.1781099997,533827.0,514102.408564463,531668.75
d7a326e8-8155-425a-9d6a-277e9954dfe5,BUTTER-E|8192|8|1|105908.0|exponential,3094847.900552,3.0653035e+06,3037107.7439848143,3.0970858e+06
d7a51f74-ec1b-4d78-9eab-c6bb64d9d503,BUTTER-E|16384|14|1|20640.0|wide_first_8x,870736.1086859999,828258.56,881642.3560872299,846624.3
d7af5259-eabf-4771-8919-852eb97d0a27,BUTTER-E|2048|10|1|15000.0|wide_first_2x,678724.1198039998,644167.9,682054.2976129848,678631.1
d7b0993f-abbe-48cd-b1b5-17ccbe0d9ca3,BUTTER-E|2097152|4|1|70000.0|wide_first_16x,2339058.275503,2.2040305e+06,2352667.8483340982,2.3244262e+06
d7c97117-ee51-479d-92cc-b1a0ed328b3f,BUTTER-E|32|3|1|20640.0|rectangle_residual,737116.0167389998,755152.7,735079.8258689236,723238.06
d7e1ada4-43ad-4273-a2f6-d1e18c8df8ef,BUTTER-E|2097152|9|1|70000.0|exponential,2566014.494396,2.53769e+06,2476634.9073820873,2.535005e+06
d7edbfbd-05f5-4949-98ab-6071092a0062,BUTTER-E|1024|8|1|20640.0|trapezoid,764455.3997599998,780851.8,800961.7732934417,804788.6
d809f14b-f285-4328-bb9d-5e651d822fe8,BUTTER-E|2048|10|1|6435.0|wide_first_2x,464326.6062229999,438243.34,437056.17940601986,450544.88
d8148107-c1b5-4d3d-9594-8fff17dc204d,BUTTER-E|4194304|7|1|70000.0|wide_first_16x,2995864.500683,2.900627e+06,2995516.9307706673,2.9358462e+06
d81da71f-fcb9-46f2-9f64-b4f442becf80,BUTTER-E|4096|7|1|67557.0|exponential,2139206.401966,2.0362499e+06,2035907.0688253192,2.0819674e+06
d822fa62-8401-435c-84f3-0e4471adcdfe,BUTTER-E|2048|10|1|3188.0|rectangle_residual,345318.9802189999,346665.6,363142.4204184695,344160.75
d834cf43-0934-4beb-8133-cc42046c9fa5,BUTTER-E|65536|16|1|6435.0|trapezoid,461385.55153699993,479423.78,496333.651207513,483595.16
d8412bd9-7bd9-4c3b-881d-82af2bd75efe,BUTTER-E|8192|9|1|6435.0|wide_first_2x,427047.04511099984,446486.1,445806.14751050604,446698.2
d843a825-bf74-4386-9d4d-27fd78788f41,BUTTER-E|16777216|6|1|105908.0|trapezoid,8874908.574053,8.934136e+06,9037072.215966415,9.421492e+06
d88add45-80d5-4f35-ad58-d13452892fe9,BUTTER-E|256|4|1|5300.0|trapezoid,397387.435109,397640.75,405752.46985881496,407995.53
d8adf34e-73f2-4e5c-b277-0cef01793f47,BUTTER-E|65536|9|1|5300.0|trapezoid,419777.9431079997,416487.2,427478.9740598216,416131.03
d8cb2aba-dc67-4942-974b-10003dc81510,BUTTER-E|256|7|1|20640.0|wide_first_4x,744959.2343069998,795203.25,774570.2032141061,743329.56
d8d701fd-207e-4ef2-8c7d-6aa845f331cf,BUTTER-E|16777216|10|1|70000.0|exponential,6271247.298048,6.1157205e+06,6180155.678381309,6.08314e+06
d8ffbb6b-5583-4d00-a446-6cd145f4e307,BUTTER-E|128|2|1|6435.0|rectangle,429349.2430309999,426768.7,433122.7543039652,426868.4
d902ad00-d2a8-47ae-942c-4d354ae29f16,BUTTER-E|262144|2|1|15000.0|rectangle,638136.234476,623624.06,616543.1753653589,635299.6
d922f763-a010-4fd4-990f-3feb95d089dd,BUTTER-E|4096|7|1|3848.0|trapezoid,378132.4622589998,382906.56,379422.149650257,381975.78
d94d28e4-7d2d-4188-a8d6-377289d5d1e6,BUTTER-E|131072|5|1|5300.0|trapezoid,416603.8967219997,405203.66,410641.4101045714,411836.38
d9544810-2854-4a17-9d37-a3408d599e0c,BUTTER-E|32768|9|1|4898.0|rectangle,402242.7900359999,405159.97,407001.49035378697,408190.9
d98b9eff-4394-44c9-b686-0f16f997a726,BUTTER-E|512|6|1|3188.0|rectangle_residual,358313.841423,353005.06,354849.80373987707,341649.25
d9922cb5-b6ff-434e-8854-eaacb314d9f4,BUTTER-E|512|16|1|12958.0|trapezoid,650646.740512,668303.7,678253.8129280794,666686.75
d99815d8-9601-4051-b3c4-71b2aa49e7f0,BUTTER-E|262144|20|1|67557.0|wide_first_16x,2339499.00514,2.4672415e+06,2497738.5731046917,2.3841028e+06
d9ae1748-995e-4c27-8eac-c91ddcbe0f23,BUTTER-E|4096|9|1|20640.0|trapezoid,794620.0265379999,809318.1,814441.5462524369,819806.75
d9b2169c-2349-4b35-b475-c03064040ab7,BUTTER-E|4096|6|1|48842.0|rectangle,1436715.890811,1.4359181e+06,1453112.9372325009,1.493412e+06
d9ec7ad6-e089-4c75-a7ef-22d07cb28772,BUTTER-E|4096|2|1|20640.0|rectangle,729576.660299,749867.94,737566.8905859858,743064.44
d9f6768e-f001-464b-aaeb-ab2ac9bc1e87,BUTTER-E|1024|10|1|5300.0|rectangle_residual,418332.80324799975,431068.97,419965.5392834275,395893.34
da0a47b3-5782-43c9-86e1-d6287c4894d8,BUTTER-E|8192|20|1|3848.0|wide_first_4x,405307.0274489997,391087.44,397985.8457704129,387382.1
da270acd-a5ab-4243-b7d6-d27fb64a49cf,BUTTER-E|16777216|5|1|105908.0|trapezoid,8878923.321612,8.793386e+06,8828927.0371471,9.385996e+06
da5479a6-d34a-43b0-bef8-18f95078918f,BUTTER-E|1024|6|1|6435.0|exponential,508638.150252,438064.1,443623.617161445,428771.3
da718460-6a5e-467e-852f-de53c500b99e,BUTTER-E|2097152|10|1|70000.0|wide_first_2x,2575712.4905159995,2.6149635e+06,2629670.268742692,2.6510742e+06
da7dcc01-7884-4bfe-830f-cb47d8519fb5,BUTTER-E|524288|10|1|12958.0|wide_first_4x,615015.0343739998,634207.0,633053.0455126321,609851.5
dab387da-4fe4-47e8-a8ae-a969c22329dc,BUTTER-E|4096|16|1|15000.0|rectangle,718833.142733,685399.4,684490.8228749912,704187.8
dac11780-546a-41d7-8321-cc104af07723,BUTTER-E|32768|8|1|48842.0|exponential,1552405.157736,1.4891681e+06,1509594.0807914538,1.571653e+06
dac3693a-aa3a-4008-9468-53806e173e85,BUTTER-E|16777216|10|1|12958.0|wide_first_4x,1362166.6956499997,1.3929452e+06,1401803.6178745702,1.2489602e+06
dad3ef21-81c0-4c34-b89e-b68d31782a07,BUTTER-E|256|3|1|105908.0|wide_first_16x,2642428.71171,2.7977728e+06,2760085.622888209,2.7991712e+06
dae8d60f-9e18-45cc-8774-1d4c2def6505,BUTTER-E|4194304|6|1|3188.0|wide_first_4x,394645.10072,403904.22,398815.6120011285,372257.22
daf551eb-7a01-4551-a288-12b32812dd02,BUTTER-E|256|9|1|3848.0|exponential,395368.7866679999,373618.7,375575.0171074786,375032.34
db0f569c-e177-45d6-be7f-dbf169b54b7a,BUTTER-E|131072|10|1|15000.0|wide_first_4x,635839.4158470001,680978.06,687595.0350226157,650674.94
db3216d8-08cc-46b9-a765-ae87937e788a,BUTTER-E|4096|9|1|67557.0|wide_first_2x,2118940.350642,2.0727038e+06,2087154.6505922533,2.1468722e+06
db338887-3630-4f2c-bd04-c4acc94873fa,BUTTER-E|32768|2|1|105908.0|rectangle,2801228.6904740003,2.7901202e+06,2747035.497602487,2.8054088e+06
db3e9ff3-c9d9-4b10-86f7-15bd51a625bc,BUTTER-E|8388608|14|1|6435.0|exponential,659694.6840049999,655091.94,659299.762397721,629794.44
db44e513-f7d5-4ebf-a76f-e5ad1798ffbe,BUTTER-E|1048576|14|1|70000.0|rectangle,2569773.213091,2.545565e+06,2466400.6340231257,2.511634e+06
db4e6eb8-fb6b-4266-a247-fc8ec5c9e379,BUTTER-E|32768|12|1|5300.0|trapezoid,428853.8252779999,444529.16,437948.40562612296,423036.22
db80d7c4-360f-4c1a-9215-6483e05d8c39,BUTTER-E|8388608|8|1|67557.0|rectangle_residual,3962821.487496,3.955782e+06,3849938.6149395974,3.821113e+06
db9c0334-ff11-4338-b143-3f59566ad991,BUTTER-E|8192|9|1|105908.0|wide_first_2x,3074186.181038,2.944822e+06,3123260.0069734817,3.1490095e+06
dba2ff21-4385-4853-93fd-ea4efea94d61,BUTTER-E|4096|10|1|5300.0|rectangle_residual,408200.859483,393704.7,417038.69325358805,395948.84
dbb8f84f-cb6a-41ba-9bb4-6a0548ae19c5,BUTTER-E|512|5|1|15000.0|wide_first_2x,640633.3431939997,643293.06,621490.257611852,645256.2
dbe584ff-6c52-4c70-936a-3cc6a5ce5d4e,BUTTER-E|2097152|6|1|3188.0|wide_first_2x,361145.05070999975,373680.7,369519.04505051684,374518.03
dbf44cf0-7b49-4935-894f-3bd5af145a02,BUTTER-E|524288|10|1|12958.0|rectangle_residual,639936.4888309998,635197.25,639387.9774992825,616205.25
dc0ef491-c69e-4e47-88cd-33b440735475,BUTTER-E|16384|2|1|105908.0|rectangle,2601355.456314,2.772471e+06,2719907.3287151097,2.8074e+06
dc275d9a-6631-47de-92fe-f5280275a023,BUTTER-E|16384|2|1|20640.0|rectangle,753732.081855,715710.44,739965.6544565689,743901.1
dc2a387a-fae5-4a6b-b9f9-5b0b31572820,BUTTER-E|64|9|1|5300.0|trapezoid,413601.83146499976,411892.16,419385.5264011186,414066.6
dc52ec60-273a-4e68-91c2-f88cb30c81a4,BUTTER-E|2048|6|1|6435.0|wide_first_8x,449062.6068669998,453662.16,440056.81165722595,434916.28
dc871505-4b05-45eb-bb0f-aa048338e4c0,BUTTER-E|2048|3|1|6435.0|wide_first_2x,433128.090573,430584.97,439374.22161735094,439663.3
dcbee661-5136-4fea-8d57-c9590f8aa61b,BUTTER-E|8192|14|1|6435.0|trapezoid,466029.274539,484738.9,486264.1684184549,477881.34
dcdc63cc-d337-4f90-8289-be6372c12818,BUTTER-E|262144|3|1|3848.0|trapezoid,372366.6980369997,366088.0,379660.7945225675,378099.6
dd22e4bd-43bb-4fc1-b438-c451031c2438,BUTTER-E|16384|2|1|105908.0|rectangle,2619295.282079,2.772471e+06,2719907.3287151097,2.8074e+06
dd25aa38-cb83-40c5-ab70-a3dc50428910,BUTTER-E|1024|2|1|5300.0|rectangle,390584.34491799993,403035.78,398084.5929769914,399844.03
dd29ee1e-383b-431f-abc2-eacb90f578ab,BUTTER-E|4194304|5|1|15000.0|rectangle_residual,835084.61847,806382.8,812938.6778356048,779586.1
dd64958e-0200-427c-8a88-76ddca95f676,BUTTER-E|65536|2|1|105908.0|rectangle,2803123.943983,2.754224e+06,2786867.538304979,2.8059225e+06
dd796a56-709a-4535-ace9-3fd30b928c87,BUTTER-E|128|18|1|48842.0|wide_first_16x,1606969.923386,1.6482756e+06,1628814.272321615,1.7386414e+06
dd808506-012f-4c9c-9f7a-b5924043ab3d,BUTTER-E|2097152|5|1|4898.0|trapezoid,424211.863604,418701.44,413686.86034222395,416908.4
ddb7c9a9-b3c4-4d34-9277-cdfba5a27f52,BUTTER-E|65536|4|1|3848.0|rectangle_residual,363443.91325799975,364998.94,359339.55392625637,348350.47
ddc2c728-43af-4fed-800f-90c260e09a04,BUTTER-E|4096|16|1|5300.0|exponential,411783.38975399977,429130.9,437665.28037085326,415994.53
ddd6d16a-ec71-49fb-bfd3-6a891d6ec76a,BUTTER-E|262144|10|1|67557.0|rectangle_residual,2101209.755736,2.1518245e+06,2128926.515650387,2.1283255e+06
dde92ab4-6923-419b-bb24-6ebee6a0a700,BUTTER-E|2097152|5|1|105908.0|rectangle_residual,3340758.9491790007,3.2615085e+06,3301658.707412032,3.3669758e+06
de20140c-7bf9-496c-ad6e-3f7ee4032020,BUTTER-E|32768|18|1|6435.0|exponential,506015.621627,489872.28,484193.3491176857,482184.12
de7805aa-2f24-4df4-b993-0d6e53332cde,BUTTER-E|16777216|7|1|3848.0|trapezoid,628331.0981939996,594780.25,615932.658470415,607039.56
de9ba0e3-8fc5-4077-909a-88758b761753,BUTTER-E|32768|4|1|67557.0|wide_first_8x,1878866.735863,1.8435692e+06,1856229.5790391015,1.9305909e+06
dead7d06-0d21-43cb-8859-7bbdeb399357,BUTTER-E|4194304|7|1|12958.0|wide_first_8x,768051.5228299999,778019.75,774215.0918797193,789645.75
dec2e92b-ff00-4365-8ac1-8697109bc7eb,BUTTER-E|1048576|3|1|105908.0|exponential,2979217.537627,2.840509e+06,2930847.5204581786,2.977251e+06
ded9f132-b0e1-4349-a4d7-6911f39fa1a3,BUTTER-E|8192|7|1|5300.0|wide_first_4x,461573.902484,408760.44,392689.0111273957,378282.1
dedbe996-6ca7-442d-ad1b-3f728c712186,BUTTER-E|8192|2|1|48842.0|rectangle,1333736.6085399997,1.3428221e+06,1342916.745885945,1.3821461e+06
deeb49f0-672b-4e9e-81a6-244c9f5b7f90,BUTTER-E|1048576|4|1|105908.0|rectangle_residual,2980061.792613,2.944092e+06,2932848.4467529063,2.9895365e+06
def7d06b-fe83-4c67-88f6-05b5a8ec437e,BUTTER-E|256|6|1|3848.0|rectangle_residual,365100.1951599997,368932.88,377113.4575546739,350018.84
df0c6634-82b3-4e4e-b86d-6b125f9b775e,BUTTER-E|8192|2|1|48842.0|rectangle,1347747.7098429997,1.3428221e+06,1342916.745885945,1.3821461e+06
df29fe82-e9d1-4cb5-abab-1924c4cbf029,BUTTER-E|2048|7|1|5300.0|wide_first_8x,414591.5207489998,411656.94,413250.74650266,410607.7
df4a599c-69a7-4521-b10b-18bcd5e19c2d,BUTTER-E|256|7|1|6435.0|wide_first_2x,432636.650977,452653.9,441798.79568811244,446279.62
df4f7022-0807-4eba-a21a-afa8f53477ea,BUTTER-E|131072|2|1|3848.0|rectangle,347260.49774799985,390828.28,375555.1723566659,367613.72
df57fd1c-9876-4ab7-ae4f-208fda837a71,BUTTER-E|524288|7|1|20640.0|wide_first_8x,769396.479952,829301.9,803101.0649552679,781815.25
df8d78f0-76d1-4fa4-9c40-9406fa02c647,BUTTER-E|512|7|1|67557.0|rectangle_residual,1966573.345692,2.0002484e+06,1980974.0127136775,2.0176079e+06
dfa39a76-d4fb-4f5d-bcef-0562153cf5d1,BUTTER-E|8192|20|1|67557.0|trapezoid,2420000.725643,2.414832e+06,2411297.0772968195,2.486481e+06
dfb78859-753c-47c4-9231-c5ab8bfde46a,BUTTER-E|4194304|10|1|105908.0|rectangle,4395886.868945001,4.6245485e+06,4414843.403751036,4.485952e+06
dfd49573-634b-4dfe-a553-9c0f28509adf,BUTTER-E|4096|8|1|15000.0|wide_first_4x,670598.0146319998,660641.1,666724.8926673165,633164.5
dfd6333d-36e5-4695-b1e7-3db8d522d397,BUTTER-E|65536|5|1|20640.0|rectangle_residual,774166.5764299998,772632.4,771270.6280967403,748856.7
dfd93784-a798-48e3-8b89-fe21557e5c0f,BUTTER-E|16384|2|1|12958.0|rectangle,582333.0947399999,580891.94,576944.8867139539,579648.44
dffe413c-4940-4b48-8024-31623c449788,BUTTER-E|32768|6|1|15000.0|rectangle_residual,657155.301346,643009.06,649724.6935066193,630467.5
e013a8ce-6e16-4b6f-b9a9-553972c2014a,BUTTER-E|524288|6|1|48842.0|rectangle,1515170.965,1.4339352e+06,1518324.897364482,1.5559374e+06
e05c70a6-d8aa-4828-9878-505ac653b6e3,BUTTER-E|131072|12|1|48842.0|exponential,1740880.3333829998,1.5833409e+06,1682525.4947765158,1.6576046e+06
e05c8f81-1b2e-49a4-af7c-4f76811e5b0f,BUTTER-E|524288|7|1|70000.0|rectangle,2274605.390288,2.1895518e+06,2237561.1724551395,2.2656512e+06
e071645f-04c2-408b-bfd3-4340744859f5,BUTTER-E|1048576|12|1|20640.0|wide_first_4x,1059257.38282,943401.1,904701.6527575841,825271.9
e0fe0e43-d9fd-428f-8db6-cecc7d0b2a4b,BUTTER-E|2048|16|1|3188.0|rectangle,373281.1482979999,377071.16,375085.3621741694,372371.2
e17c4d1d-246c-4e51-b74b-89bdac37756e,BUTTER-E|16777216|4|1|70000.0|wide_first_2x,6224821.527458,6.0198255e+06,6098584.880435968,5.8633695e+06
e1816cb3-66ed-4242-a2fb-4123298d0366,BUTTER-E|32768|8|1|20640.0|wide_first_2x,805939.4348889998,798582.9,795834.0248063,785669.06
e19bee80-f56a-4083-8073-85212a6866c8,BUTTER-E|4096|16|1|48842.0|wide_first_16x,1646841.857665,1.7991601e+06,1706634.6193956707,1.7030938e+06
e19c5086-4fc1-48a4-87c8-edb016856f94,BUTTER-E|1048576|3|1|70000.0|trapezoid,2109716.137728,2.1458775e+06,2163897.659077982,2.1325108e+06
e1a51d6e-24d8-4029-8a3e-552c53629c84,BUTTER-E|2097152|3|1|67557.0|wide_first_2x,2230817.9404609995,2.0914858e+06,2147413.969884843,2.2647482e+06
e1b2d12d-77bb-4fc0-8f03-1dfdd3f66b96,BUTTER-E|16777216|7|1|4898.0|rectangle_residual,716791.9821319998,708331.44,689286.977768581,681926.25
e1b44dce-dd1f-4b26-97c3-fcce6029e223,BUTTER-E|131072|8|1|12958.0|exponential,624478.1919239998,603154.2,625339.6638970627,608471.8
e2242794-2d4d-4279-81df-0197309c1651,BUTTER-E|2048|8|1|5300.0|wide_first_2x,431457.5451579998,382386.53,416603.7378379015,422911.2
e232071d-8bef-45d8-bb02-1bf60ae4acec,BUTTER-E|1024|5|1|15000.0|wide_first_8x,634512.3452529998,633228.5,631195.7187346169,640685.5
e29c63c9-71f2-4d5a-922e-672a5ec0c04d,BUTTER-E|32768|3|1|6435.0|rectangle_residual,443919.176415,432984.84,425730.77531435824,429815.72
e2b3174d-d428-4c0a-bc63-efb2e5c6202e,BUTTER-E|2048|18|1|20640.0|trapezoid,916694.615181,888308.8,897515.7326222042,930876.6
e2ca6bff-3f4b-4019-94e4-2e5a3cf2c196,BUTTER-E|16777216|6|1|70000.0|rectangle_residual,6254095.136432,6.241572e+06,6146768.761717763,6.3316635e+06
e2ebfd0b-ced4-4dd2-b133-be1ffe8760df,BUTTER-E|16384|4|1|48842.0|wide_first_8x,1366817.860972,1.4215556e+06,1385899.7789038937,1.4097924e+06
e30d12c6-6d62-401e-82cd-d5056cbf9241,BUTTER-E|16384|18|1|5300.0|wide_first_4x,451637.258903,425885.2,442626.38810480264,414240.38
e310f8a5-bab3-40a4-94c7-79b17fbe9894,BUTTER-E|1024|10|1|67557.0|rectangle_residual,2094016.261424,2.137856e+06,2101974.7498505567,2.115637e+06
e3237cf5-bd1a-4e5f-8151-8685d6873979,BUTTER-E|524288|7|1|3188.0|trapezoid,361623.1484909999,367845.2,363978.1999311344,361994.8
e32f70a3-dd20-4038-bdcc-335f0915d038,BUTTER-E|32|4|1|20640.0|rectangle_residual,785612.7228619998,778099.9,760584.1864282242,736227.25
e33a01d6-e441-4261-b156-aef281705f9c,BUTTER-E|256|5|1|6435.0|wide_first_2x,456661.3280829999,453590.78,440655.49365447264,446086.0
e3415ef8-c60e-4a90-9ff6-1b5974590f80,BUTTER-E|4194304|4|1|6435.0|wide_first_4x,529918.0924519998,539798.8,521460.95325122785,525711.2
e34854f8-9a17-437c-a35e-84a256a88f09,BUTTER-E|524288|5|1|3188.0|wide_first_16x,353024.937873,362399.66,361091.6894154352,354550.97
e3643f64-e724-4c3f-85c2-ea3c119cf6bc,BUTTER-E|1024|7|1|4898.0|rectangle,412560.1262719998,395308.2,391572.92713648104,398273.03
e3710e08-b520-477f-9e02-5c424f3a3819,BUTTER-E|256|12|1|48842.0|exponential,1579329.7917009995,1.5862502e+06,1521838.341282658,1.6506636e+06
e38026dd-f961-4007-a05d-5bf10c7aa070,BUTTER-E|131072|9|1|20640.0|rectangle_residual,793982.4817799999,826156.2,797074.682976759,770974.06
e38f126e-7a1e-47ce-ac7b-6d041ef55d54,BUTTER-E|1048576|7|1|105908.0|rectangle,3072112.76546,3.221163e+06,3060442.8385977093,3.2148778e+06
e3af2cef-6def-4432-82d9-bbde52a25d7b,BUTTER-E|256|2|1|67557.0|rectangle,1904802.010872,1.8589112e+06,1840385.3690266365,1.8947436e+06
e3d9ee0f-4c4e-43a2-874f-6cf8b7151ac9,BUTTER-E|16777216|3|1|5300.0|rectangle,727875.1527199999,732442.06,716243.0519404146,1.2145544e+06
e4074125-922c-4eab-8875-8a4aee8c4d33,BUTTER-E|8192|6|1|67557.0|trapezoid,1960152.047679,1.9525192e+06,1950471.1011417776,2.0446192e+06
e44237bc-9e47-4e3e-ae3b-304267848768,BUTTER-E|8388608|3|1|48842.0|wide_first_16x,2669683.441445,2.7839408e+06,2826463.5595481875,2.6779942e+06
e45231da-1c11-463b-99f3-2f8212ffe27b,BUTTER-E|16777216|6|1|48842.0|exponential,4076160.257699999,4.1853928e+06,4211634.683684131,4.44674e+06
e46b0d4d-952b-47f5-adca-45bea7a82c02,BUTTER-E|131072|10|1|67557.0|wide_first_2x,2066856.1397500003,2.1126128e+06,2136519.222127117,2.1747598e+06
e46ee478-bcaa-4978-8230-0872f891b1fc,BUTTER-E|128|3|1|6435.0|rectangle,428617.9080829998,432593.56,437212.23022580333,432597.28
e48e4551-7311-45b9-ad04-64789a235178,BUTTER-E|2048|5|1|6435.0|exponential,443881.6163209998,443809.88,441190.16864151764,424227.66
e4932c6f-88a7-4c65-baa7-e5d4f0a60d97,BUTTER-E|32|3|1|4898.0|wide_first_2x,410402.796304,389056.28,381511.0186994779,409805.34
e4b2977a-f51a-4e5a-8ac9-5be5d7c2f701,BUTTER-E|4194304|7|1|3188.0|wide_first_2x,392686.9850289999,404074.9,399715.76132140495,410031.7
e4c81a76-4749-4c27-879e-871a73b73cbb,BUTTER-E|65536|12|1|67557.0|wide_first_8x,2209425.354096,2.1588895e+06,2146791.2797398395,2.1685672e+06
e4e1a776-5104-4fd7-8cec-d13deca26bc3,BUTTER-E|1048576|16|1|3848.0|rectangle,398947.3524459997,408882.1,417017.6108826883,408051.97
e4e49cc3-eb73-41d4-bb16-f6015d3b29ea,BUTTER-E|65536|9|1|67557.0|rectangle_residual,2096033.086266,2.0967701e+06,2054458.7604888075,2.0871281e+06
e4e5e7c4-fcb3-45fa-80f1-a6d6be9df5ac,BUTTER-E|512|12|1|5300.0|rectangle,427570.3298889997,435799.8,435150.3644817441,416698.53
e4e74a18-d51c-464c-8b2b-b96edd78dbbe,BUTTER-E|4096|16|1|67557.0|trapezoid,2389656.0316540003,2.313243e+06,2329611.1161173494,2.3684682e+06
e5071d4c-7101-4fcf-bf7d-7009c15e7412,BUTTER-E|262144|8|1|12958.0|rectangle_residual,624120.5259999997,607158.25,612950.4908629697,599436.6
e519a5db-66bf-4bc1-a602-37c1a001a3f7,BUTTER-E|524288|10|1|12958.0|rectangle,619240.6054159999,631546.5,642958.7906404842,637977.1
e51f31b1-5471-4968-8504-f72d3595c6a4,BUTTER-E|16384|9|1|6435.0|rectangle_residual,453236.97846799984,452533.9,447852.70627580653,427922.84
e53e7ebc-22d9-4d55-9053-b61950b9f322,BUTTER-E|4194304|5|1|12958.0|exponential,754155.818968,783222.75,767095.3661565759,722689.25
e543ac0a-82b0-4895-b475-a9e3815b7e68,BUTTER-E|8388608|10|1|4898.0|rectangle,592293.3320160001,557578.0,550114.2568751468,563261.4
e54bc5a3-e24e-4057-b91e-2d14c29591cf,BUTTER-E|2048|20|1|4898.0|trapezoid,440171.61908999976,458680.72,445671.531850488,438911.3
e565a7a0-4b00-4144-b53f-7a6631892d26,BUTTER-E|262144|8|1|15000.0|wide_first_8x,633939.5229509999,689185.94,654422.193442076,673642.25
e599367d-0aff-4e34-b85e-3b8c319bc9a7,BUTTER-E|65536|4|1|20640.0|wide_first_8x,766101.069122,778985.6,755036.3028979684,753541.2
e59bedb6-98f1-45e9-bc60-045188a1b782,BUTTER-E|8388608|8|1|67557.0|wide_first_2x,3921655.320883,3.9584388e+06,3816945.516765983,3.9312012e+06
e5adb640-3148-440c-8c75-054da528e4a2,BUTTER-E|262144|6|1|48842.0|wide_first_2x,1507562.2167549997,1.4760751e+06,1473880.6309091824,1.5214196e+06
e5d5f741-864c-4d2b-a417-1df8b08f13fa,BUTTER-E|16777216|14|1|15000.0|exponential,1553498.470394,1.5492034e+06,1525375.821170752,1.54477e+06
e5e1dcac-78ba-4f39-8d7d-728b0dbc5683,BUTTER-E|8388608|18|1|4898.0|trapezoid,595444.6029099999,589263.6,582640.0442459066,600757.5
e5e25b1e-f075-45e2-8f73-95c3f6d29451,BUTTER-E|524288|8|1|105908.0|rectangle_residual,3065674.702415,3.0772745e+06,3081687.664978546,3.1187878e+06
e5fa317d-9e03-40e0-9e99-eb134ae3a4be,BUTTER-E|64|6|1|15000.0|wide_first_2x,624502.8357359997,620326.1,635493.3515777816,649936.94
e5fd564e-0cec-465e-9993-407563208993,BUTTER-E|4194304|9|1|67557.0|wide_first_2x,2999257.103992,2.928799e+06,2921490.437008056,2.8938108e+06
e61b48f1-878b-47d1-8776-1426c4f76c2f,BUTTER-E|2097152|5|1|3848.0|exponential,380690.3455539998,388356.78,397117.7285827168,393570.7
e6244636-7da5-414f-8cf6-dc6ee4a69191,BUTTER-E|8388608|8|1|70000.0|trapezoid,3977755.675174,4.2407545e+06,4084640.9352822807,4.25357e+06
e63c4121-b063-4a4b-a971-46c11e39361f,BUTTER-E|16777216|4|1|5300.0|trapezoid,714610.3530899999,700042.4,707532.9964858955,736924.06
e64b1702-11f7-4935-8f42-437073bc5561,BUTTER-E|16384|20|1|15000.0|wide_first_4x,750295.8094979998,661778.06,741002.5260741338,687178.3
e6547b2d-fb37-4882-bbed-cfd5a9d78cac,BUTTER-E|16777216|20|1|20640.0|wide_first_8x,2150523.700896,2.0205308e+06,2061243.442656231,1.8984425e+06
e65b5cc6-f16a-4ab8-91d4-3db9804a09ab,BUTTER-E|256|8|1|4898.0|wide_first_2x,415311.0632069997,414192.2,408527.51720048295,415250.56
e66ea720-0f8b-4100-81c6-ae9d407596d4,BUTTER-E|131072|8|1|3848.0|wide_first_2x,370157.6949589998,386776.3,374104.2204178904,383666.84
e681b61b-a1f5-4b92-9d80-406d134cf1de,BUTTER-E|4096|8|1|6435.0|wide_first_2x,464324.781143,435719.6,445033.928007132,446276.66
e682b595-5f30-4b9c-9c06-b86af807aba9,BUTTER-E|2097152|7|1|12958.0|rectangle_residual,658327.0888789999,664104.7,673657.1620846841,643723.25
e6914cba-c29e-4b88-ac0c-472d98eac3a7,BUTTER-E|1024|2|1|5300.0|rectangle,389147.7802299998,403035.78,398084.5929769914,399844.03
e6ac4980-3c99-4663-bb83-1a74875f5811,BUTTER-E|16384|5|1|20640.0|wide_first_16x,764205.8924439998,740211.3,735555.5228735398,732931.9
e6af19c3-26c6-45f6-b844-15e2922a9aa1,BUTTER-E|262144|14|1|105908.0|exponential,3328628.608566,3.3795058e+06,3421007.742788306,3.5278165e+06
e6f9345c-228d-4309-b086-b6a2774673a0,BUTTER-E|2097152|12|1|5300.0|trapezoid,459856.530922,450302.6,460550.34136785055,449358.38
e7200398-74c8-4932-a8ab-c8874ec47117,BUTTER-E|2048|16|1|15000.0|rectangle,708873.4470599996,728151.8,677874.101520383,704181.75
e76f49c9-04dd-4769-932e-cee3e7048b23,BUTTER-E|64|8|1|5300.0|exponential,400744.12735499983,414594.5,410593.6067258556,405200.56
e7b3239d-9d17-4463-830e-cb07d69a1a9b,BUTTER-E|16777216|6|1|70000.0|wide_first_16x,5971852.419987,6.025897e+06,6167205.813153276,5.9049965e+06
e7d4381b-691a-4b69-a23d-cf4d01bf3cc8,BUTTER-E|16777216|18|1|5300.0|trapezoid,757243.3874,753014.6,765935.5210398494,766270.3
e7e51a2f-459b-4af2-ad89-2fe516aa64f5,BUTTER-E|128|6|1|15000.0|wide_first_2x,665447.9139250001,649594.25,648621.0188473177,649938.75
e7f2438b-933a-467b-b728-f81912cef738,BUTTER-E|16384|8|1|12958.0|rectangle_residual,645081.967269,616048.4,623966.523370392,589576.75
e7f991ed-bed2-46eb-9034-ba655e21e34e,BUTTER-E|32768|2|1|4898.0|rectangle,375473.887713,372819.62,385830.8836218059,391004.62
e80d3577-0985-4de6-938c-f4676b55d297,BUTTER-E|2097152|4|1|5300.0|rectangle_residual,443302.2648249999,425425.25,433754.8838297191,401086.4
e82bbef0-bc9c-4c69-87fd-b67840d7cc47,BUTTER-E|16777216|2|1|20640.0|rectangle,4168429.2159950007,3.3373378e+06,1874859.4516804838,2.567072e+06
e847306b-57ef-4dc1-808a-4748d9b19471,BUTTER-E|1024|18|1|67557.0|rectangle,2295835.809423001,2.2715448e+06,2351512.7685195603,2.4456798e+06
e86477ca-3a77-4bf4-bb96-aa33d7072432,BUTTER-E|1048576|7|1|3848.0|trapezoid,369531.5720739999,393433.34,368844.29283965594,379355.06
e86a7a34-81ce-4e5a-b44f-807896fc86c7,BUTTER-E|1024|18|1|15000.0|wide_first_16x,738171.435519,754747.3,736980.615172459,715387.0
e89226bc-5681-4147-974b-d6acdfd1351c,BUTTER-E|131072|5|1|67557.0|exponential,1899227.988472,1.9809192e+06,1919023.3865790407,2.0044972e+06
e8a51608-73ab-49af-8201-72da9de5b179,BUTTER-E|4096|2|1|67557.0|rectangle,1808190.770141,1.8376712e+06,1837538.7265574825,1.8950418e+06
e8ceb943-2070-4869-acc9-87f9010696b6,BUTTER-E|8388608|14|1|105908.0|rectangle,6104747.1798,6.234457e+06,6316171.43659895,6.248046e+06
e8d03bfc-1398-40fa-a81d-f39ab09e4184,BUTTER-E|4194304|10|1|67557.0|rectangle_residual,2921630.033426,2.8798552e+06,2902254.9662473807,2.9622602e+06
e8e557c7-e3a2-4177-9c20-22662a5741b2,BUTTER-E|524288|10|1|20640.0|exponential,792095.722015,824210.06,847226.978471123,832643.75
e8f512f2-1303-432f-b6c6-ba0d35d4e7f8,BUTTER-E|512|8|1|20640.0|exponential,787215.1942569999,779579.44,778257.2036372515,772417.25
e90c8cc7-c2b1-4b6e-9f7d-f2f49baac1dc,BUTTER-E|128|8|1|15000.0|wide_first_16x,648850.0046659999,669952.56,653733.9572803717,640615.25
e942f641-cb78-4bd9-9a3b-63cb2df699dc,BUTTER-E|1024|2|1|105908.0|rectangle,2799678.31519,2.7453262e+06,2734552.6893851506,2.8105075e+06
e954381a-33f4-4a14-aa35-decc17daa3e7,BUTTER-E|1024|10|1|3848.0|rectangle,388792.6200829999,386061.03,385608.87363969744,385302.6
e95a5380-2b40-4a37-923f-db9ebe12dd07,BUTTER-E|1048576|12|1|48842.0|trapezoid,1699480.230261,1.7182922e+06,1750928.320042343,1.8067359e+06
e9611232-b93c-4367-9123-e3c99d66c1f2,BUTTER-E|8388608|16|1|12958.0|rectangle,1049930.67057,1.0167025e+06,1024530.2885146858,1.0924179e+06
e980792d-dc6d-4b18-97fd-34ae8d168a7b,BUTTER-E|131072|4|1|67557.0|wide_first_16x,1907557.276911,1.986989e+06,1909893.7662060705,1.9015591e+06
e9a2dcb0-1121-4d2c-9c66-53cac4b4ac5b,BUTTER-E|8192|20|1|15000.0|wide_first_4x,728554.5702839999,676925.4,742273.4272962455,686976.5
e9e28c96-7e35-4dbb-a72f-57d51a3ac7a0,BUTTER-E|128|2|1|6435.0|rectangle,431054.0376019999,426768.7,433122.7543039652,426868.4
ea16e281-995d-42f3-82c5-5f9037c2f2cc,BUTTER-E|2097152|16|1|15000.0|trapezoid,794287.088333,800908.3,799033.9234160464,813808.7
ea36b006-4732-4494-9967-70bb5bfa82ef,BUTTER-E|512|5|1|5300.0|wide_first_2x,415211.769464,408337.3,402076.2389445684,420118.16
ea440484-ca3e-4089-bacc-a0c85f254214,BUTTER-E|16777216|3|1|15000.0|rectangle,1470266.146264,1.5143628e+06,1471351.9722506038,1.5492181e+06
ea480c34-79dc-4c9f-bcd1-291bba70c83d,BUTTER-E|8192|3|1|105908.0|wide_first_2x,2743665.205575,2.725547e+06,2707727.045588769,2.8039992e+06
ea485234-7240-416c-b763-1ae58cfa18e4,BUTTER-E|4194304|4|1|20640.0|exponential,1026966.173508,1.02686594e+06,1039567.1703082635,1.00760875e+06
ea6de97f-897b-4d69-9e4e-4614347d5090,BUTTER-E|64|6|1|6435.0|rectangle_residual,427068.892197,436523.16,436217.85833568714,428581.62
ea98323e-a695-404e-bc81-de7c18d89772,BUTTER-E|8192|10|1|20640.0|wide_first_2x,813809.3423090001,791746.56,796606.7045022398,794291.44
eab9f61c-95a8-49dc-8345-d8b4a5f392b9,BUTTER-E|32768|8|1|5300.0|wide_first_2x,406846.1931899998,424353.1,429976.40806313383,423573.94
eabcad54-4a66-48bf-826e-46a970160a8e,BUTTER-E|2048|9|1|3848.0|rectangle_residual,394549.567047,358626.0,369332.5949678333,366395.72
eaea6bcd-ccde-4613-9edc-d9ef839387d8,BUTTER-E|4096|16|1|70000.0|trapezoid,2487171.207276,2.5848752e+06,2543242.145145849,2.6136745e+06
eaf06ac7-b27f-4a57-8b30-48ec918a1ac1,BUTTER-E|8192|16|1|67557.0|exponential,2367526.8285039994,2.315247e+06,2341653.645650884,2.3459725e+06
eb0c6e7a-2ca3-43d1-b67e-f7394a96c258,BUTTER-E|262144|16|1|3848.0|exponential,393831.3881999999,407773.03,404672.31457119324,391247.47
eb1a9ed0-cb7f-4312-8f60-8c347cdb31e8,BUTTER-E|256|14|1|4898.0|wide_first_4x,408368.7515419999,416842.8,404241.37651922205,389887.56
eb1f088b-9266-476f-ace3-320af79de2f4,BUTTER-E|1024|8|1|67557.0|exponential,2101000.5321,2.064182e+06,2053833.4692084999,2.1037162e+06
eb3da262-6a20-4c8a-97be-0887426ef426,BUTTER-E|512|4|1|105908.0|trapezoid,3111925.442754,2.824415e+06,2750868.690783532,2.8670908e+06
eb4c3835-b837-4d5a-ba55-e300d064a55b,BUTTER-E|4194304|6|1|6435.0|wide_first_2x,529539.90894,539307.44,530603.2084226673,543312.3
eb5b07ca-5bb2-4cf1-b259-aee3510ae621,BUTTER-E|16384|4|1|105908.0|wide_first_2x,2751882.183197,2.825932e+06,2784860.8251718725,2.8663198e+06
eb62f432-744e-411c-ada8-b78495c0efc1,BUTTER-E|32768|2|1|4898.0|rectangle,389975.2546,372819.62,385830.8836218059,391004.62
ebbc3a6f-4afa-4fd6-81ea-324de8de7019,BUTTER-E|16384|6|1|67557.0|wide_first_16x,2265624.664648,2.0128531e+06,2005354.1280954843,1.9455545e+06
ebd41054-0f98-474f-9529-932fa14c7704,BUTTER-E|1024|16|1|12958.0|trapezoid,661636.4026839999,674301.7,679976.520216769,666719.8
ebdc3bd0-ed3e-49d3-86e1-36271c3b6645,BUTTER-E|131072|2|1|3848.0|rectangle,368349.488032,390828.28,375555.1723566659,367613.72
ec03a393-2f28-4d57-8ac0-41459ebe9ccf,BUTTER-E|4096|10|1|3848.0|trapezoid,383173.0258839998,378017.03,377414.27284595364,389101.94
ec150868-cfeb-4d8f-983f-7d86b7327788,BUTTER-E|8192|18|1|105908.0|rectangle,3482811.2238160004,3.3388212e+06,3495934.447087099,3.7010112e+06
ec313c65-75e6-4ee5-ae47-7f01cad89d0d,BUTTER-E|2048|2|1|3848.0|rectangle,382549.5871619998,383398.03,371422.0367052316,362655.5
ec538021-84ed-4053-9fbf-2c7e5e5ef7bf,BUTTER-E|2097152|9|1|48842.0|rectangle_residual,1763295.2112720003,1.7323686e+06,1780945.8053345627,1.8153544e+06
ec6c7cd4-c1ca-4a85-a4d7-e11b28436aff,BUTTER-E|2048|16|1|5300.0|rectangle,441716.3273899999,418568.88,441199.17974944424,421168.4
ec728b81-b770-471c-b34d-ebc480d24cd7,BUTTER-E|16384|10|1|15000.0|exponential,661626.087422,691721.06,683214.1692754242,683181.9
ec8020f8-3351-452f-bfe4-63395d174277,BUTTER-E|2048|7|1|12958.0|rectangle_residual,598068.4137989997,599861.5,601731.740331177,582782.94
ecca6ef3-03f8-4bb7-b468-70b85533de84,BUTTER-E|65536|3|1|5300.0|rectangle_residual,405967.5764129999,392036.28,392862.0635919251,382085.44
ecda1088-b01e-425b-a9ac-09560d8a80df,BUTTER-E|2048|5|1|3848.0|rectangle,374287.8731229997,376031.9,373466.3469956132,365602.34
ece60a6e-39c8-4f15-a2a8-52905f6ad310,BUTTER-E|65536|7|1|67557.0|rectangle,1972221.280749,1.9899491e+06,1997053.8771254988,2.0676042e+06
ecfd149e-9c0a-484f-8ff2-aa8c579071c8,BUTTER-E|8388608|12|1|3188.0|rectangle,463886.4334249998,462154.78,462124.6912727835,436427.0
ed0ee144-2630-4960-87ef-53a8fee78237,BUTTER-E|16384|5|1|4898.0|wide_first_2x,410512.1173309998,404808.9,386872.12235858827,409790.1
ed37b94b-7144-4937-9839-bebeed69431a,BUTTER-E|512|10|1|12958.0|rectangle_residual,601656.6878539999,629116.1,626210.5683553801,592370.44
ed46900e-9896-4e6d-a1d7-6fd6c4d20d7a,BUTTER-E|2097152|5|1|105908.0|exponential,3295136.8782,3.26312e+06,3304134.740293215,3.4762478e+06
ed5d240c-af6d-4d2f-9c35-cdf1009914aa,BUTTER-E|8192|6|1|15000.0|exponential,648491.8734159998,676707.8,642927.4784692941,644558.7
ed6ac142-7c3d-4970-aab0-fd7bfb272d15,BUTTER-E|4096|6|1|67557.0|wide_first_2x,1977739.115888,1.9327259e+06,1998439.0531302588,2.0095158e+06
ed6c7168-54dd-4f24-bc1a-5d915dd9ee20,BUTTER-E|65536|8|1|5300.0|wide_first_2x,407289.0703279997,423267.47,422849.26147515466,424284.28
ed741370-8380-4f43-aaac-7cbb3ff151b3,BUTTER-E|32|4|1|5300.0|exponential,392475.28079899977,406023.3,395528.2587055549,392515.9
ed7c9009-9a5c-4da9-a78f-e8e37d5f5bab,BUTTER-E|2097152|5|1|105908.0|wide_first_2x,3168986.502666,3.252687e+06,3343696.2727840734,3.4616618e+06
ed86e317-eac9-49cb-87bf-ff6c656c9d5e,BUTTER-E|4096|6|1|3188.0|wide_first_2x,359412.03020099987,358874.03,356456.66767741076,368028.0
ed9cd895-6417-41ca-8cdd-40507616c78a,BUTTER-E|512|3|1|3188.0|wide_first_2x,339476.63522899966,346629.9,348709.58916014375,365022.25
ee0c6211-c618-4ce5-8e59-3b9d07b0ebba,BUTTER-E|262144|6|1|15000.0|exponential,697812.941084,666302.2,655637.7287360546,659119.5
ee161563-8255-41b4-b9d4-e717fd09e65b,BUTTER-E|16384|5|1|5300.0|rectangle_residual,390879.0380539998,411444.6,407182.6047745684,380567.5
ee371bd6-1e59-4d36-9279-7f8ec4162ce5,BUTTER-E|512|5|1|4898.0|rectangle,406909.8600529997,397037.1,395843.73547463963,394899.38
ee3c071c-55b4-48e6-87a0-22355e958862,BUTTER-E|1024|8|1|3848.0|wide_first_8x,384595.3978589998,367168.75,378728.1672349795,367441.28
ee3f9e7b-c391-475f-9c6e-65a36b97dd72,BUTTER-E|524288|5|1|70000.0|rectangle,2177751.966688,2.1452432e+06,2148782.7302761013,2.2301065e+06
ee72470b-4381-4372-9516-290e192ebfcc,BUTTER-E|4194304|9|1|5300.0|exponential,577717.245947,470956.84,489090.6969409877,485777.84
ee74ddfd-56dc-48fa-b488-94f7ead69ea6,BUTTER-E|4096|9|1|12958.0|wide_first_4x,621914.6116209998,613828.06,609736.4497426593,579630.75
ee91203d-9ce1-4ab5-9aa9-1fef6bcacaa9,BUTTER-E|1024|5|1|5300.0|exponential,390225.8459719998,396628.0,397493.94519652845,391982.47
ee9e69d4-165c-482c-9df1-aab7f0841422,BUTTER-E|65536|6|1|70000.0|trapezoid,2167720.986177,2.1842128e+06,2187585.380838303,2.198199e+06
ef134603-4316-40c1-b8c8-89f8cbbcbdc7,BUTTER-E|65536|2|1|105908.0|rectangle,2758663.823591,2.754224e+06,2786867.538304979,2.8059225e+06
ef159bfe-21fd-4d83-8a83-34cf950338bc,BUTTER-E|64|5|1|6435.0|wide_first_16x,438102.879146,427543.1,446077.4656202152,433782.12
ef1b8df8-3c9e-4c64-95cf-1030fa539758,BUTTER-E|4096|18|1|6435.0|rectangle,492713.5090859999,457496.8,470001.8855710393,470782.6
ef1cd2fa-2c26-4c1b-96bb-a2c6679b734e,BUTTER-E|512|8|1|3848.0|rectangle_residual,402030.29568399984,372076.53,379295.84895139985,361130.03
ef23335a-8637-45ef-9789-5c048ac804de,BUTTER-E|32768|12|1|3848.0|wide_first_8x,373951.708996,414327.28,382773.2327714981,380243.9
ef2982b8-e1c6-49a8-a2db-3db4851bba9e,BUTTER-E|131072|20|1|5300.0|wide_first_4x,447806.2146109999,493748.78,445475.68657648546,423696.78
ef32f490-9db8-48dd-8577-40d9143786a0,BUTTER-E|262144|14|1|12958.0|exponential,640090.592873,660981.44,661830.3001014577,640339.1
ef3cd564-2987-4e7d-b168-dd375c66230f,BUTTER-E|1048576|7|1|3188.0|trapezoid,362209.4233459999,366396.06,365127.968914422,361121.75
ef5f4268-0aae-4660-8b3c-61a3ff5fc01c,BUTTER-E|32768|9|1|15000.0|wide_first_4x,631328.1626180001,682964.94,669886.5207112051,641313.3
ef6bb34f-8784-45a1-b15b-fa0187ed5c8d,BUTTER-E|16384|18|1|48842.0|wide_first_16x,1692448.4264639998,1.7849155e+06,1753433.3293639307,1.7390278e+06
efa202fe-8083-4d61-951d-77b05c4c513f,BUTTER-E|8192|2|1|48842.0|rectangle,1382491.426292,1.3428221e+06,1342916.745885945,1.3821461e+06
efb8d33f-5410-4336-8728-9874218e6fdf,BUTTER-E|512|3|1|67557.0|rectangle,1889271.065736,1.8854245e+06,1889291.007462221,1.9271895e+06
efc99526-6858-445a-afae-cb613fc965af,BUTTER-E|16777216|14|1|70000.0|rectangle,6186828.205481999,6.2551765e+06,6396770.2774770735,6.760376e+06
efd1f9ba-6850-4e3f-9aac-9cdf7af6167f,BUTTER-E|4194304|5|1|5300.0|rectangle,460978.82717899967,467985.3,458342.53736467776,485774.6
effc7cda-1c47-4d62-a541-3f58c2bd3788,BUTTER-E|4194304|5|1|3848.0|exponential,458758.21816199966,422812.38,436059.38297124713,413978.12
f0285934-7b46-4707-bf7f-08b65aee1338,BUTTER-E|16777216|3|1|12958.0|trapezoid,1302756.475805,1.3309715e+06,1350788.2629516006,1.3996766e+06
f030b962-ee7f-45e2-a476-798e898a06d1,BUTTER-E|8388608|7|1|20640.0|wide_first_8x,1347609.129896,1.3409461e+06,1342121.8746749333,1.279846e+06
f03dd066-6884-4ddf-9236-563036cfa9fb,BUTTER-E|8192|3|1|5300.0|rectangle_residual,383604.4882449997,402563.66,395568.86708129453,380578.4
f041eca7-da57-4c57-ae6e-c1404042d401,BUTTER-E|524288|2|1|15000.0|rectangle,659519.6602629999,647417.25,624065.2306681157,656482.8
f06aecd9-ca26-4223-86b3-0c5710418cc6,BUTTER-E|256|9|1|12958.0|wide_first_4x,619833.7291789998,616077.75,607782.4787824092,579404.7
f0832505-2c5d-449a-a320-dfb89166393b,BUTTER-E|131072|6|1|70000.0|wide_first_2x,2123241.951282,2.1663245e+06,2188872.2654907303,2.1870808e+06
f097522d-2118-4ed6-9e64-5839eeca1840,BUTTER-E|8388608|12|1|20640.0|rectangle,1392877.677386,1.3910376e+06,1412428.825645021,1.4157259e+06
f0a5cffb-1b7c-47dd-9174-9e8c4abad701,BUTTER-E|1024|6|1|4898.0|exponential,413593.8870339997,392492.7,394984.0568616075,392762.28
f0a685d3-9180-4cec-a473-6aae45003297,BUTTER-E|4096|2|1|3848.0|rectangle,360334.4478099999,385551.44,376395.49833317497,362713.25
f0dbcb0f-2585-4a25-8836-931c5eb2411f,BUTTER-E|4096|2|1|15000.0|rectangle,605344.4162599996,630788.7,622450.0857813603,623606.8
f0e49d1d-db39-4762-aabe-9d8ac3e6cbc7,BUTTER-E|65536|4|1|5300.0|rectangle_residual,408328.2071659998,397566.8,403965.0399093877,381038.53
f0fd81c8-82fc-4df7-aa34-76e48d1df85a,BUTTER-E|4194304|9|1|70000.0|rectangle,3101935.702754,3.1642238e+06,3121822.353052539,3.2054392e+06
f0fdd8f4-abbf-43bb-80d0-7291d9211aa5,BUTTER-E|4096|2|1|20640.0|rectangle,723154.1453889998,749867.94,737566.8905859858,743064.44
f112cf33-b21f-4952-aa59-3ed1297cea8f,BUTTER-E|65536|7|1|12958.0|rectangle_residual,601797.3483569998,600168.25,617073.8062751278,585866.25
f12cff83-cda7-448a-a62f-a1b77363de6a,BUTTER-E|8192|5|1|70000.0|rectangle_residual,2193640.4314960004,2.1439405e+06,2079588.6407458181,2.128498e+06
f158de58-73b9-4779-a51a-1dad54dc7f1c,BUTTER-E|64|7|1|5300.0|rectangle_residual,415025.3018749997,413071.5,406689.69904387934,389653.38
f177ca21-7663-426b-a98f-60c22c428ed1,BUTTER-E|262144|4|1|70000.0|wide_first_16x,2094233.913328,2.0654422e+06,2122850.3051534737,2.0900062e+06
f18931bc-91bf-41a2-be80-b159dc175c53,BUTTER-E|16384|16|1|48842.0|trapezoid,1779283.0260299998,1.794619e+06,1726903.6789373744,1.7714559e+06
f1a54651-3b48-4357-901f-d188f32c4b55,BUTTER-E|1024|8|1|67557.0|wide_first_2x,2050653.127529,2.0548114e+06,2043339.0691855603,2.1050188e+06
f1a8b2c1-ed37-4073-96f8-9a6dbfee9e29,BUTTER-E|2097152|2|1|70000.0|rectangle,2374346.66969,2.1919795e+06,2330064.885406651,2.4515318e+06
f1b1f544-bbd4-409a-b48d-eedb1785cbc9,BUTTER-E|524288|12|1|6435.0|exponential,467518.70669399976,471713.78,480568.7170048329,463887.5
f1c75065-c935-426e-84f8-24ffde40681a,BUTTER-E|16384|20|1|105908.0|wide_first_8x,3581773.776946,3.2195568e+06,3713439.9840138787,3.729039e+06
f1ccc618-6ea2-4e7b-819d-68c2f8658aa6,BUTTER-E|131072|16|1|3188.0|trapezoid,373151.1138809998,375956.25,374873.8052286964,376325.72
f1d3a376-be6a-4a08-b4ab-b62190133c2e,BUTTER-E|131072|10|1|3848.0|rectangle,391640.2342839997,383724.7,385488.47108138347,387338.88
f1fb0a69-5ba7-4e7a-b8eb-6f9fc63d7fdc,BUTTER-E|32|5|1|3848.0|rectangle_residual,388073.5480639997,377671.8,368647.0564000131,347323.78
f21cbe9e-0763-4d96-8133-ec5645ed5766,BUTTER-E|8388608|3|1|70000.0|wide_first_4x,3941693.190252,3.9626425e+06,3932343.6524992147,3.602883e+06
f2841eb1-8482-4906-a803-8d885ab259c2,BUTTER-E|2048|7|1|105908.0|rectangle,3113993.3499799995,3.0048918e+06,2981070.9003677904,3.0748952e+06
f28741b2-b164-445f-9923-2d9b5a30c639,BUTTER-E|512|10|1|67557.0|wide_first_2x,2086771.966233,2.0868794e+06,2036274.4334771766,2.1681805e+06
f29a919f-a41b-4f77-884c-5fd42b213276,BUTTER-E|8388608|14|1|15000.0|trapezoid,1131782.99106,1.1251758e+06,1214964.7729149987,1.1840986e+06
f2abbfab-3476-4076-863f-54df4930df7a,BUTTER-E|65536|2|1|105908.0|rectangle,2781509.600834,2.754224e+06,2786867.538304979,2.8059225e+06
f2dfb2bc-9349-41eb-94d5-dd94fd593648,BUTTER-E|524288|5|1|67557.0|wide_first_2x,2020133.119212,1.9881339e+06,1961541.311921275,2.0179369e+06
f2e3e749-2d16-4657-967c-c47cdbeb23bd,BUTTER-E|16777216|6|1|3188.0|exponential,545271.0433719999,540577.25,553063.8525549897,511840.88
f3037865-49c8-46a8-970f-8709d0428ba6,BUTTER-E|8388608|6|1|48842.0|trapezoid,2771761.9721599994,2.8724578e+06,2762442.1917708945,2.902459e+06
f319c68a-a372-483a-89cc-2916edf75a76,BUTTER-E|16777216|7|1|12958.0|rectangle_residual,1362586.1905379998,1.367167e+06,1371425.0641374148,1.2780006e+06
f32582d6-a14e-4f0e-9022-8f19c0641d6f,BUTTER-E|128|5|1|67557.0|rectangle,1816378.620736,1.8520472e+06,1896162.638067369,1.999514e+06
f33dc517-13bb-4a90-823e-ed57e19073bc,BUTTER-E|8192|8|1|70000.0|wide_first_2x,2240725.740971,2.2026648e+06,2204901.893283857,2.275927e+06
f3504e77-0514-4c6c-80ba-32626946129f,BUTTER-E|8192|20|1|5300.0|rectangle,448551.334849,412965.12,447399.4324307037,427037.38
f363e646-9478-482d-8b0a-c15c09dc18c5,BUTTER-E|65536|2|1|67557.0|rectangle,1891643.2674960005,1.8664859e+06,1875836.2913851237,1.9004531e+06
f3d86bd8-cf39-496d-8cac-4c97d4567aac,BUTTER-E|256|16|1|20640.0|exponential,861325.825315,881168.2,871264.9179840541,857656.94
f3f35f4a-6335-48b2-9602-cf000560b0ca,BUTTER-E|2097152|10|1|12958.0|trapezoid,648688.7399509999,698267.44,689228.7790648687,721237.9
f41e86ff-cd0a-4059-bbd6-f7153025707f,BUTTER-E|4096|12|1|15000.0|wide_first_8x,704073.3331879998,758144.44,693675.7803174126,678725.6
f4318001-e203-4fe5-9896-0819f737eed2,BUTTER-E|128|16|1|48842.0|rectangle,1596439.422975,1.5830344e+06,1636019.7785074827,1.7260328e+06
f43d213e-cd86-4e3d-8908-61b08d989602,BUTTER-E|16777216|5|1|20640.0|exponential,1907541.654841,1.9959209e+06,1942102.2920828958,1.8019179e+06
f43defb7-44a2-4897-b937-445af0b351b1,BUTTER-E|256|7|1|67557.0|wide_first_2x,1892622.169614,1.9346622e+06,1992585.8541352304,2.0578176e+06
f443d150-8729-4aa0-bbb8-3529553f3b70,BUTTER-E|8388608|5|1|3188.0|exponential,447337.039626,447439.62,448278.98069191806,439937.2
f44e7318-6369-4548-96a2-bbd00f4c2910,BUTTER-E|256|3|1|3848.0|wide_first_8x,367438.95527099975,376543.28,364283.7136451093,361847.44
f451e339-bc5c-4bb5-8027-c9c1bccf4252,BUTTER-E|524288|10|1|3848.0|rectangle_residual,386483.52687999984,385452.9,380981.3719033522,373999.06
f45cce06-a43c-41b9-8830-6a95b460c696,BUTTER-E|131072|4|1|3188.0|rectangle,357389.79031599977,354184.62,355035.33903191355,347455.66
f4612453-0aba-40a4-a304-281b320cc2ad,BUTTER-E|16777216|10|1|48842.0|trapezoid,4448842.129265,4.232274e+06,4268708.974906483,4.3239505e+06
f465e461-8947-480a-ba08-9eca7daf57a3,BUTTER-E|8192|10|1|20640.0|wide_first_4x,805129.3802599999,791922.5,799108.6633010047,776509.06
f4903157-2ced-4d72-8c4c-14dcc0741ece,BUTTER-E|256|16|1|48842.0|rectangle,1730972.3579439998,1.6849209e+06,1652616.5188535238,1.7260476e+06
f49d3b1b-b0a3-4179-b3f9-9ae64a1f0f7f,BUTTER-E|128|10|1|67557.0|wide_first_16x,1957498.1422700004,1.9948e+06,1974943.3839547113,2.0744301e+06
f49edf06-9103-41f4-838a-6013e73917ff,BUTTER-E|4194304|14|1|15000.0|rectangle,921736.298868,892287.5,914977.7906908499,921399.6
f4b5b121-6935-4dbe-8eb4-6dc121e76f8a,BUTTER-E|8192|10|1|3848.0|rectangle,394211.69819599966,388083.2,387725.3166073877,385418.72
f4c799b2-e746-4082-8c6a-7732acaa2ed9,BUTTER-E|4194304|4|1|20640.0|trapezoid,1037375.364585,1.0092687e+06,1034766.6768306999,1.0304426e+06
f4da04f7-d7bb-403e-a368-2dee1a793c0a,BUTTER-E|65536|12|1|4898.0|trapezoid,425255.5858129996,413853.4,414503.0395487936,422497.97
f4ee19d9-eef1-4bee-8b8f-b6a648e59b3b,BUTTER-E|8192|2|1|4898.0|rectangle,395786.0892059997,391482.22,387760.5553355278,390677.75
f4ee5104-c2b9-4a19-adef-00c673500933,BUTTER-E|32768|4|1|70000.0|exponential,2125383.608742,2.1009555e+06,2090395.0979052803,2.0340411e+06
f4ef5a91-8b1b-45f2-8030-fef39183420d,BUTTER-E|32768|18|1|70000.0|rectangle,2577975.076925,2.3105268e+06,2582327.062700818,2.5914162e+06
f50def2e-3eab-49c0-b8fa-7e00ccabe12f,BUTTER-E|2048|4|1|67557.0|exponential,1886280.605973,1.8871209e+06,1875662.5399530309,1.9168022e+06
f50f4ad4-a8e8-4a2f-86fd-9cdf62480189,BUTTER-E|1048576|6|1|12958.0|wide_first_8x,622634.7808589997,609959.7,606121.659774647,610880.06
f526a9d2-7d91-4ea2-8473-f767745560e4,BUTTER-E|524288|14|1|3848.0|wide_first_16x,399280.92219,391209.4,396566.48358146515,388202.38
f53b26a4-91a5-443c-8607-485c9beb9c2b,BUTTER-E|2097152|14|1|20640.0|wide_first_4x,953911.457295,1.01424944e+06,995620.8642612447,916420.25
f5571ad7-8458-4327-8f11-0855d257ee18,BUTTER-E|131072|10|1|3848.0|wide_first_8x,397619.6182999999,378286.4,381813.8069276663,374050.06
f5620aac-fffe-4b09-a124-4274ab57043d,BUTTER-E|262144|3|1|20640.0|rectangle,742549.139382,746130.0,750266.1538273026,757583.56
f5a5777c-6a15-47fa-8146-132dfed24507,BUTTER-E|2048|7|1|105908.0|wide_first_2x,3054551.060325,2.9225268e+06,2956587.5883113374,3.041925e+06
f5a90acb-efac-4c6a-849b-8b5862ed9247,BUTTER-E|4096|18|1|105908.0|rectangle,3470030.377182,3.4927968e+06,3489536.2317509623,3.7008418e+06
f5b97816-8a7a-49e9-bf9e-b98c2edad2e6,BUTTER-E|8388608|7|1|3848.0|rectangle,507908.704428,490715.3,488824.1230526129,465504.2
f5bc9679-1495-46b8-8611-5a2b83dd9328,BUTTER-E|65536|7|1|20640.0|wide_first_4x,787306.0830939998,821612.4,771661.6371544744,745023.6
f5d3bb33-0f99-4bd3-accd-2d5dce8f4799,BUTTER-E|8192|10|1|105908.0|trapezoid,3150775.95052,3.1547235e+06,3131113.269584818,3.3086672e+06
f61c4f6f-4092-46cb-91da-dcf50ad18516,BUTTER-E|256|7|1|5300.0|wide_first_2x,399328.7697829998,416904.44,404187.0959289542,422459.7
f642bcda-7fcb-4a43-b365-dce286fd95a1,BUTTER-E|1024|3|1|3848.0|exponential,379801.4581219999,371576.2,367483.00666108733,366402.7
f6445fd8-753a-4573-8200-b506b971e50d,BUTTER-E|1048576|3|1|67557.0|exponential,1988302.6570840003,1.9550794e+06,1974165.546199643,2.050978e+06
f66b7f65-ba63-4195-bcd7-7ed6337ca709,BUTTER-E|32768|3|1|15000.0|rectangle_residual,619360.3945939997,610850.94,610599.6572271761,611224.5
f69bd1ef-d883-4c86-8427-86d25476ca83,BUTTER-E|1048576|7|1|15000.0|exponential,690629.7275369996,683392.4,671948.3276589952,678322.5
f6a2031c-33a8-42dd-9272-267621a087a8,BUTTER-E|32768|8|1|70000.0|rectangle,2238281.57292,2.139702e+06,2213179.0642028833,2.2487768e+06
f6ae4b39-4cec-43f7-b5c9-c588232613ff,BUTTER-E|2048|14|1|3188.0|wide_first_16x,364275.2737859997,343975.03,363803.90250156826,350568.06
f6c755f0-c7c5-48b1-aba7-417ca13b7e82,BUTTER-E|32768|12|1|3848.0|wide_first_16x,387858.1295969997,399638.56,382317.01472537674,377304.62
f6da45dc-06ec-4676-ae79-ef2e9b26f7fd,BUTTER-E|2048|2|1|67557.0|rectangle,1850519.210521,1.8536941e+06,1835965.8964839664,1.8948828e+06
f6ea3e2a-d5ef-4e7a-8ca9-d29b2bbf6f78,BUTTER-E|16384|16|1|12958.0|trapezoid,661985.8681909996,684340.0,671580.0722667305,667722.6
f6fb2a89-d57c-4621-b1f4-931d8c947844,BUTTER-E|8388608|6|1|3188.0|exponential,452302.2162709998,439162.12,442221.86801652214,441156.03
f741e1f9-e24b-48e8-9c49-c26ded5de85b,BUTTER-E|1024|5|1|3848.0|exponential,380113.933171,365891.16,375797.0528571381,365519.38
f79385f1-75be-4c6c-8bfb-e4f227613ed8,BUTTER-E|32768|7|1|12958.0|rectangle,598702.7361579998,590492.25,613665.197040057,611969.9
f7b9f335-f877-47ce-b235-b9e90e3418de,BUTTER-E|1048576|3|1|12958.0|trapezoid,583382.3897219998,599546.4,604341.8151416038,627235.6
f7bda27f-3f22-4556-ae08-04ee88467cf4,BUTTER-E|16777216|10|1|3848.0|exponential,598429.2289389998,612058.6,623197.9920128908,619540.4
f7c20503-0ac8-4601-bb67-f39b0e2678ee,BUTTER-E|4096|12|1|5300.0|rectangle,418459.9071259999,404625.97,431134.2042442302,416815.78
f7c41144-9f77-46d6-93c9-368f7f9244a5,BUTTER-E|512|2|1|3848.0|rectangle,371922.4459499998,371249.28,368322.5593517211,362611.9
f7d7769a-a6cf-48f5-a6a1-5cd527c8f5bf,BUTTER-E|262144|18|1|15000.0|exponential,767441.5413589998,731836.0,738296.2526476381,762839.0
f7d782ac-93e2-4b26-bf02-0a5846a8aeab,BUTTER-E|16777216|12|1|105908.0|wide_first_4x,9423796.082652,9.262131e+06,9133207.653789481,9.098746e+06
f7e5fd74-4916-4663-bdaa-6554f0c250a5,BUTTER-E|16384|2|1|5300.0|rectangle,409661.89137,398387.38,398299.9942525328,400214.1
f7ebcd2d-5d03-40cd-a2b5-f04755b4e20f,BUTTER-E|4194304|3|1|6435.0|rectangle_residual,531726.4645660002,531825.94,518525.2592108441,503957.4
f7f3b3c2-80e5-4c28-b66a-4c76417f3e92,BUTTER-E|64|8|1|6435.0|rectangle_residual,442335.4763729999,446497.16,435591.5648132358,427259.0
f8254c0c-87fa-4644-b79b-80c44158e2ad,BUTTER-E|8388608|16|1|5300.0|rectangle,573713.030431,602123.75,581667.142744853,576593.5
f857d9ac-29ab-45e4-9534-b8fc5c0c662a,BUTTER-E|524288|10|1|105908.0|trapezoid,3310544.2651929995,3.240766e+06,3291018.8052904485,3.336243e+06
f8607e53-2eb7-4dba-9d69-6c950e95b990,BUTTER-E|512|9|1|48842.0|rectangle_residual,1504492.2341239995,1.5198535e+06,1498075.4286588936,1.5284629e+06
f8626160-089b-4a21-944e-9052c6b09522,BUTTER-E|1048576|4|1|3848.0|trapezoid,377942.05960299977,380880.5,379952.877796734,379671.38
f86f7cf0-7e09-412d-8864-999f94de7c26,BUTTER-E|65536|20|1|6435.0|rectangle,479387.0689949999,498836.25,483865.89799679554,471586.06
f8701aea-c7cf-4e46-9baa-ca25307f23bc,BUTTER-E|65536|12|1|3848.0|exponential,399359.886096,391815.78,395948.85531656694,382029.3
f88c8dd4-2a4e-4c2d-82cd-caba4f52638c,BUTTER-E|16777216|8|1|3848.0|wide_first_2x,619732.8520619998,612673.56,618873.7196671825,646951.9
f89959e2-b646-46a4-8f0b-5cdc96d762f9,BUTTER-E|2097152|7|1|12958.0|wide_first_16x,662272.6619129998,682746.1,664242.248050712,628260.56
f89f90f9-4d73-4a29-a5da-1d93b1ef14da,BUTTER-E|16384|5|1|15000.0|wide_first_2x,621750.5351510001,646950.0,632703.0122791949,645759.1
f8ba64b7-339f-4eac-8998-75bce035573a,BUTTER-E|4096|12|1|20640.0|wide_first_8x,840750.7719459999,829519.4,840872.3164470978,825375.75
f8bedf79-ecb8-4fe7-b0f8-dc1f3a9725cb,BUTTER-E|256|6|1|20640.0|exponential,775186.6635569999,763313.5,781028.1624961817,751584.06
f8ca3970-4406-42fa-9c2e-c68dc587fc4c,BUTTER-E|32768|4|1|15000.0|wide_first_2x,639508.9101849999,631494.7,629273.0716264227,643580.25
f8d96cb9-bf59-4207-bc32-f3b2faf02976,BUTTER-E|2097152|5|1|15000.0|trapezoid,723400.9506679997,693778.3,701323.2330509133,722809.2
f8db3e32-56a5-445f-9e34-006ce9ea9504,BUTTER-E|2097152|8|1|70000.0|wide_first_4x,2459065.033176,2.4493118e+06,2497746.00734121,2.4832108e+06
f912a70b-c81f-4f6c-b064-75f504c37750,BUTTER-E|262144|8|1|67557.0|exponential,2056515.055128,2.0524984e+06,2100480.4363630153,2.1103555e+06
f920920f-b4de-4849-9536-ea9e8d3c576e,BUTTER-E|262144|12|1|48842.0|wide_first_16x,1611368.4560369998,1.645094e+06,1664351.6529103194,1.633575e+06
f93c01d6-95b9-4be4-b7fb-ddf99d7399d8,BUTTER-E|4096|10|1|48842.0|rectangle,1506125.2570949998,1.5247809e+06,1526517.6639380874,1.604419e+06
f94c6168-dee0-4912-90cd-6d2729cd3576,BUTTER-E|262144|5|1|67557.0|exponential,1957933.849304,2.0124826e+06,1923457.8947127687,2.0235526e+06
f95a6e07-cb6a-457f-a86a-584665e6b1c7,BUTTER-E|1048576|10|1|20640.0|wide_first_2x,826347.2385470001,862614.75,845590.2977090416,838355.2
f980816b-e522-419c-bb5b-f7fba18b081f,BUTTER-E|65536|18|1|3848.0|wide_first_16x,407914.3826889998,393267.53,398715.0823468591,396711.6
f986ec45-dbfb-4b84-8ca0-ce7f9d8cec82,BUTTER-E|2097152|12|1|20640.0|exponential,940133.0247809998,911684.25,957523.5712945041,932193.25
f9a5f9ca-4e6c-462e-9835-8199648f6e52,BUTTER-E|524288|9|1|20640.0|trapezoid,830199.544308,827851.06,821784.2142268915,834723.6
f9b1df68-30ca-4ba6-83b9-0223133073aa,BUTTER-E|32768|10|1|20640.0|wide_first_2x,823332.9234979999,819394.8,794896.4486682254,796407.7
f9b78826-7d0e-4927-9716-1c0d5b1c6437,BUTTER-E|65536|3|1|20640.0|wide_first_2x,721648.4860559999,733797.0,756869.4049823204,754066.75
f9b9abd9-67fa-4430-9b92-419287bb0d38,BUTTER-E|131072|10|1|3848.0|exponential,392369.1541539999,384934.94,389247.75988413277,380838.38
f9cfd341-7793-4d78-9bb4-f9317a6fd419,BUTTER-E|16777216|4|1|6435.0|rectangle_residual,816662.7124339996,824259.56,808499.4583283089,766593.44
f9dba221-5d2a-4a71-bebc-b03fa3881b0a,BUTTER-E|32768|4|1|3848.0|wide_first_8x,364081.636255,376866.97,364346.8159699664,361359.47
f9fc98fb-a6c9-4ad2-bcf3-6a8126482677,BUTTER-E|131072|8|1|20640.0|wide_first_2x,773555.29398,798338.44,804448.9303709681,789797.1
fa39026a-8e8e-4737-bbf8-626a5f80ddd6,BUTTER-E|262144|10|1|67557.0|exponential,2177962.851108,2.1166805e+06,2150094.582844376,2.161813e+06
fa632d87-a6b6-4a30-9be3-8b64ba81c4c4,BUTTER-E|16384|18|1|15000.0|trapezoid,737640.157153,756029.6,765431.5182614527,766012.44
fa635927-2f27-46ff-b249-1285cd98bc3e,BUTTER-E|131072|9|1|70000.0|trapezoid,2356054.960288,2.2878788e+06,2278054.351793093,2.3177632e+06
fa635dab-688d-476d-a098-60a9babb42a9,BUTTER-E|8388608|2|1|4898.0|rectangle,768852.7953139998,804355.1,900929.0223900896,975317.8
fa8e34d2-d919-4e0f-aec5-ae4552953dcf,BUTTER-E|64|16|1|5300.0|trapezoid,430511.2715579998,425747.94,428402.15529338433,428137.56
faa20384-c1c8-4228-b5eb-0e1ccf3a0107,BUTTER-E|16384|7|1|5300.0|exponential,414016.17498,407666.5,413604.25106654584,400688.4
faceab1e-e5cb-42c0-9657-128cd4045bf6,BUTTER-E|1048576|6|1|105908.0|trapezoid,3005603.551023,3.0797992e+06,3049118.3099760725,3.1138275e+06
facec683-e3b6-4e72-b0e3-8438e754ec9f,BUTTER-E|131072|16|1|6435.0|rectangle,491705.6759079999,487854.5,457946.8580023513,473526.62
faf1d210-8aee-45a2-b0fb-31564aa97dbf,BUTTER-E|65536|5|1|20640.0|trapezoid,779497.8963239999,767097.3,765395.5597192564,772784.2
fb3b2639-d7ff-4214-83a0-672874db2988,BUTTER-E|16384|12|1|3188.0|trapezoid,376223.393328,376539.7,374370.77486139815,370981.7
fb3d1763-8327-4cc0-a9ce-e54fbabbc74a,BUTTER-E|4096|8|1|4898.0|rectangle,411006.1766319997,393447.6,410958.67116634926,403856.84
fb451558-51df-443f-97cb-1888617d1071,BUTTER-E|16777216|2|1|6435.0|rectangle,1027401.832634,1.0881154e+06,1037209.1011211857,1.0648999e+06
fb518a8d-59d5-4b8c-be23-873aa183e438,BUTTER-E|512|7|1|48842.0|rectangle_residual,1402823.8664869997,1.4982136e+06,1479931.132075373,1.4779909e+06
fb54431d-ac19-4fb8-940b-04d04724b070,BUTTER-E|512|6|1|3188.0|wide_first_16x,420432.282715,343480.38,355809.1496461592,342110.94
fb7a9f15-f52a-4793-bdb9-272fc148aee9,BUTTER-E|65536|9|1|67557.0|rectangle,2017686.003971,2.0600639e+06,2067491.4586787615,2.1229555e+06
fb7c3636-2ae0-4c3f-bde8-34ef2caa56dd,BUTTER-E|131072|18|1|12958.0|wide_first_4x,656442.022773,657284.7,672793.5593135835,642369.8
fb7f3003-2b76-4cb0-894c-5fa75bd52370,BUTTER-E|8192|10|1|5300.0|exponential,417402.5849979999,424067.88,420726.46917999187,412167.6
fb99e714-ebff-4b8d-887e-f0ba4f21fa3b,BUTTER-E|16777216|9|1|5300.0|rectangle_residual,743303.1811739997,727627.75,732576.9645785757,733098.94
fbdac59a-ba59-4364-9a67-f0a4ceff4eca,BUTTER-E|262144|16|1|6435.0|rectangle,488756.886719,482564.12,489670.2772872304,476624.22
fbe5701e-bbbe-4f61-b7a9-8dfe79c5fb31,BUTTER-E|256|12|1|20640.0|exponential,833872.21271,853893.75,849830.7668313117,819406.5
fc1aedeb-7695-4d9d-9a24-42454c3d2866,BUTTER-E|64|2|1|5300.0|rectangle,387396.90837,380777.0,402034.7796857848,399820.78
fc37e795-3618-4795-a030-34dad709c1c4,BUTTER-E|4194304|9|1|5300.0|rectangle,486351.26912399975,470339.66,472522.5557687197,490720.0
fc682c5b-741e-4d54-b3d6-1f85e643c043,BUTTER-E|16777216|14|1|48842.0|wide_first_8x,4426723.883630999,4.3940035e+06,4403036.720033428,4.8398435e+06
fc76e59e-9477-4732-b56c-bd20cde0c677,BUTTER-E|8192|6|1|5300.0|wide_first_8x,392930.4430689999,426991.78,409273.22236004577,406738.38
fc8e3b1d-68fe-4e01-b36f-4af12e897a3b,BUTTER-E|4194304|4|1|67557.0|trapezoid,2635026.1425980004,2.7369715e+06,2668950.7652819264,2.800656e+06
fc93334d-1305-4732-9f62-bb3acac01748,BUTTER-E|32768|12|1|70000.0|exponential,2345589.087894,2.2681202e+06,2451296.0541635957,2.405351e+06
fcc107a4-1d9c-4c16-ab14-a733b6a3873b,BUTTER-E|65536|9|1|3848.0|rectangle_residual,388234.65156599984,371387.03,375355.2590052054,368077.84
fccec21a-b124-4103-b498-945a518253c4,BUTTER-E|16777216|8|1|3848.0|trapezoid,602307.6017239998,598342.9,616125.2708750464,619298.75
fcf021d8-566b-462e-bfc9-b4a88d771637,BUTTER-E|256|3|1|4898.0|exponential,398917.10888,392315.7,393354.1562203233,383759.8
fcf1799b-3497-4fdd-a27b-4a6c738c84a8,BUTTER-E|4194304|14|1|3848.0|rectangle,448796.2117959999,430898.0,443559.9895476993,438382.97
fd0be106-0cde-40c2-bbae-3febf56b28a4,BUTTER-E|262144|8|1|48842.0|wide_first_4x,1494417.8563489998,1.5210208e+06,1506984.7019182025,1.5582925e+06
fd0daa13-f813-4f8d-906e-f781db49a3d9,BUTTER-E|4096|7|1|67557.0|trapezoid,2056842.063207,2.0221886e+06,2023744.2817569561,2.0968481e+06
fd3e7342-7372-4000-89d2-68507cef86ea,BUTTER-E|32768|20|1|6435.0|trapezoid,488901.7411259997,500243.53,496203.6916548353,493112.1
fd5bd90e-95fb-4947-a7db-cd315f546e63,BUTTER-E|1024|20|1|3188.0|wide_first_8x,381369.3432179997,328686.2,381817.41976786905,372636.9
fd5e1e86-c7f0-47da-891a-33f39b09a1f6,BUTTER-E|4194304|7|1|5300.0|trapezoid,482079.2368799999,476128.12,481659.59730071865,484755.06
fd886a2b-8b79-4349-9ea0-061ed56ea4cc,BUTTER-E|8388608|2|1|4898.0|rectangle,734832.8654619999,804355.1,900929.0223900896,975317.8
fd8bf06c-b941-47e3-99fb-794a5c036afc,BUTTER-E|4096|2|1|70000.0|rectangle,2043759.907212,2.0798181e+06,2046127.6007589006,2.0467535e+06
fdb47349-213c-4d23-9455-8746141af154,BUTTER-E|65536|2|1|67557.0|rectangle,1899420.829665,1.8664859e+06,1875836.2913851237,1.9004531e+06
fdc2a7e0-47cf-49ea-a2dd-da0d09cced01,BUTTER-E|524288|6|1|48842.0|trapezoid,1476425.116854,1.4694331e+06,1502741.8548531816,1.5998918e+06
fe02ee4d-76f3-4a7e-9111-d12769d7dede,BUTTER-E|512|6|1|5300.0|trapezoid,397032.5914749997,400151.12,405603.3733241537,408705.88
fe16c03f-3de4-4d1d-89b9-37d28fe1f3bf,BUTTER-E|131072|20|1|15000.0|wide_first_4x,721115.58244,743828.75,725219.475168872,690489.2
fe22c698-e7be-4f3c-90c8-a491bdda1633,BUTTER-E|2097152|2|1|3848.0|rectangle,467812.457984,436769.25,408520.1426717336,449638.75
fe3541e1-7097-4e0a-b1ed-7ee3af4887ca,BUTTER-E|16384|6|1|3188.0|trapezoid,364459.9646549999,352392.22,363621.65339879895,356604.94
fe53f8a6-a325-4c97-bb78-75f0956190b5,BUTTER-E|524288|5|1|4898.0|wide_first_2x,388071.13946999976,399675.9,396039.2770121068,417535.5
fe58f40d-b0ca-4ed3-93af-edff67bb6c8c,BUTTER-E|2048|8|1|70000.0|wide_first_4x,2100088.416215,2.0702146e+06,2166473.7343290914,2.1713485e+06
fe67dd56-353f-4e85-9a88-c8be03d879b1,BUTTER-E|1024|7|1|15000.0|trapezoid,663410.483137,656680.7,648977.5479672631,662040.06
fe81d597-5734-44db-9532-5258a86a99e9,BUTTER-E|4096|20|1|12958.0|rectangle,695733.1766699996,660995.94,686894.9647340388,671742.0
fe8ec0e6-250b-41c6-8327-8515d5731ac7,BUTTER-E|2048|14|1|105908.0|exponential,3422703.438263,3.531132e+06,3354137.3014779096,3.4951758e+06
fe96ddb7-9016-4470-8ca1-4ee613957a8e,BUTTER-E|8192|3|1|3188.0|wide_first_2x,348263.28895199986,349100.1,358914.62276118103,365044.9
feb85460-1852-406b-bf43-c911b1e28d31,BUTTER-E|128|2|1|67557.0|rectangle,1747189.42812,1.8166671e+06,1828759.9237336607,1.8947346e+06
fec5d09d-8c03-4587-87e1-854b64efbc7e,BUTTER-E|262144|18|1|70000.0|rectangle,2561531.272913,2.6005145e+06,2582690.2528167516,2.6088358e+06
fed3707e-662c-44ab-b1c0-5764c0e42beb,BUTTER-E|131072|4|1|6435.0|exponential,426648.2077959998,438847.28,434958.2987640066,426206.56
fed8df44-5053-48c6-8f6e-d957f0669eb5,BUTTER-E|131072|10|1|12958.0|rectangle,630011.093611,618228.3,625051.5389694457,624083.4
feda8617-b434-43c9-b979-2e76dc4564bb,BUTTER-E|4194304|5|1|5300.0|wide_first_16x,458943.8549159999,481696.94,462218.4428917808,445924.8
fedb36bb-239c-4eb8-90fa-7f245bb4fd41,BUTTER-E|8388608|8|1|3848.0|exponential,493077.07244399976,492919.3,489712.46302094805,477982.97
fedc3eba-bf35-475b-833b-9f4985a686d5,BUTTER-E|16384|4|1|12958.0|exponential,574654.7717039998,587004.94,580773.0825689421,574747.2
fee16d7b-4a5e-4fc5-992d-73d94165cabd,BUTTER-E|256|16|1|5300.0|trapezoid,434452.9983039997,434595.34,433007.75076745526,428145.34
fefc2342-203a-48c0-aff1-4b00c9c7d7eb,BUTTER-E|256|4|1|5300.0|wide_first_16x,409289.12197899993,405377.97,405664.06471763225,390382.78
ff000d2b-d07c-4b2a-8105-6414e32949b5,BUTTER-E|16384|18|1|12958.0|rectangle,678658.8190070001,633000.3,664356.0018591693,663120.56
ff077657-4f19-4269-9fdf-a50b944d5dfd,BUTTER-E|262144|9|1|4898.0|exponential,424821.2193569999,408354.84,404919.2765163328,407075.6
ff11f29a-786b-4bd2-aec9-e6c02bdb6739,BUTTER-E|32|4|1|5300.0|rectangle,397884.2315159998,397897.2,406224.57414916664,402701.12
ff2775da-1de8-4ce1-8d0c-5ecec87d9e76,BUTTER-E|1048576|9|1|67557.0|wide_first_2x,2197687.7571499995,2.211429e+06,2134582.733217551,2.1854608e+06
ff34b087-2a93-48da-aa1a-7bd7f996bcf4,BUTTER-E|262144|4|1|12958.0|rectangle_residual,598675.8689929999,580445.56,585086.3703505695,577735.6
ff3f7cc7-2a64-4999-bd43-597235478cff,BUTTER-E|524288|9|1|67557.0|trapezoid,2049291.5685950003,2.1346045e+06,2169163.339842659,2.1799902e+06
ff3fdd03-dd5e-48a1-a534-fcf568484c28,BUTTER-E|131072|6|1|3188.0|exponential,347327.51225399977,361492.88,354849.0382942934,340097.3
ff4b4199-33b5-4b62-a654-5499eb3ee0b2,BUTTER-E|2048|9|1|3848.0|trapezoid,383696.151542,372962.94,379835.4057576372,385369.47
ff57a8ce-80d3-44c3-91bc-31bf57db9146,BUTTER-E|4096|7|1|15000.0|trapezoid,669058.708554,640257.94,647275.9740529797,662131.0
ff58ccc3-552c-42bf-956a-26352f3f4f43,BUTTER-E|1024|4|1|4898.0|trapezoid,387624.7418939996,387689.6,386522.069937893,395936.78
ff5f944a-6d3a-4149-91f6-677a03952aee,BUTTER-E|2048|5|1|105908.0|wide_first_2x,2945589.822799001,2.8301392e+06,2848450.5753023755,2.9185188e+06
ff7b42ea-06ce-4123-bb39-aa52bccf071c,BUTTER-E|65536|3|1|70000.0|rectangle,2071254.538875,2.131903e+06,2084328.0395850288,2.1108568e+06
ff89b22b-e8b1-460e-ade5-e3d48f7b3104,BUTTER-E|512|18|1|20640.0|wide_first_4x,883247.1089439999,891365.5,889115.6056303782,830020.3
ffabbd20-ea54-46b3-a6f7-31616ae92160,BUTTER-E|1024|2|1|5300.0|rectangle,388589.4812009999,403035.78,398084.5929769914,399844.03
ffc77f39-46ed-45f0-84b2-bd4ad3e6f69d,BUTTER-E|1048576|10|1|15000.0|trapezoid,684150.2693529997,705570.56,707959.1624908666,716632.5
fff6360f-887f-4dee-83e0-4e08bc6ecb62,BUTTER-E|8388608|10|1|3188.0|wide_first_4x,428086.4645909999,450571.94,451474.7866261276,425128.78
