run_id,architecture_hash,params,depth,epochs,batch_size,target,family,source_dataset,n_edges,n_conv3x3,n_conv1x1,n_maxpool,duration,target_corrected,power,group_key
5V9E_001a6fcc8b38cbc515be788a86bdc804_repeat_1,001a6fcc8b38cbc515be788a86bdc804,1756298,4,4,256,70722.0,CNN,EC-NAS,4,0,0,2,189.4775266647339,88402.5,373.2474306841529,001a6fcc8b38cbc515be788a86bdc804
5V9E_001ea832563f8d635ef7d0af25926274_repeat_1,001ea832563f8d635ef7d0af25926274,6843402,5,4,256,120535.2,CNN,EC-NAS,9,2,0,1,319.31787943840027,150669.0,377.47714037181714,001ea832563f8d635ef7d0af25926274
5V9E_00455f0d3f10d9a5daa098a173c3d6b8_repeat_1,00455f0d3f10d9a5daa098a173c3d6b8,5039754,5,4,256,141224.4,CNN,EC-NAS,8,1,2,0,331.32855701446533,176530.5,426.2367278949467,00455f0d3f10d9a5daa098a173c3d6b8
5V9E_005d730dc32caf954ab507d61e15cd6f_repeat_1,005d730dc32caf954ab507d61e15cd6f,11215242,5,4,256,127998.00000000001,CNN,EC-NAS,5,1,1,1,272.4105005264282,159997.50000000003,469.8717551366275,005d730dc32caf954ab507d61e15cd6f
5V9E_006a8c8225a795824292a06f371586e7_repeat_1,006a8c8225a795824292a06f371586e7,2606755,5,4,256,113392.79999999999,CNN,EC-NAS,9,1,1,1,264.5768413543701,141741.0,428.58172854261056,006a8c8225a795824292a06f371586e7
5V9E_007ad06305fb03005ee8db9bd3760d40_repeat_1,007ad06305fb03005ee8db9bd3760d40,706442,5,4,256,58035.6,CNN,EC-NAS,5,0,1,2,155.26428508758545,72544.5,373.78589652644064,007ad06305fb03005ee8db9bd3760d40
5V9E_0084fcbf55ebee6c2a3c22d71ff418bc_repeat_1,0084fcbf55ebee6c2a3c22d71ff418bc,4081418,5,4,256,100130.4,CNN,EC-NAS,6,1,0,2,249.42207765579224,125163.0,401.4496268376935,0084fcbf55ebee6c2a3c22d71ff418bc
5V9E_0086506b05f8c35f8f1b5f2d5e0d4da6_repeat_1,0086506b05f8c35f8f1b5f2d5e0d4da6,3729162,5,4,256,96476.4,CNN,EC-NAS,6,1,2,0,248.58471775054932,120595.5,388.102699445959,0086506b05f8c35f8f1b5f2d5e0d4da6
5V9E_008e7cf63961863468a8cde033ada944_repeat_1,008e7cf63961863468a8cde033ada944,5532810,5,4,256,73440.0,CNN,EC-NAS,7,2,0,1,173.15148735046387,91800.0,424.1372749594418,008e7cf63961863468a8cde033ada944
5V9E_00a48ca7ae3fc62a28990d736c7b0620_repeat_1,00a48ca7ae3fc62a28990d736c7b0620,12088970,5,4,256,109177.2,CNN,EC-NAS,5,1,1,1,247.32893323898315,136471.5,441.4251036877551,00a48ca7ae3fc62a28990d736c7b0620
5V9E_00a667b8ab8b56ce5552ec18c9c00965_repeat_1,00a667b8ab8b56ce5552ec18c9c00965,1865770,5,4,256,74131.2,CNN,EC-NAS,7,1,2,0,174.46150732040405,92664.0,424.91436156088986,00a667b8ab8b56ce5552ec18c9c00965
5V9E_00b363b7eb6f3f87e800db04dfe670ee_repeat_1,00b363b7eb6f3f87e800db04dfe670ee,2277770,5,4,256,88448.40000000001,CNN,EC-NAS,7,0,2,1,193.7836663722992,110560.50000000001,456.42856106392384,00b363b7eb6f3f87e800db04dfe670ee
5V9E_00be0557e1b25e1170904b3ee4ffac28_repeat_1,00be0557e1b25e1170904b3ee4ffac28,3468426,5,4,256,74646.0,CNN,EC-NAS,6,1,1,1,162.10608100891113,93307.5,460.476248240784,00be0557e1b25e1170904b3ee4ffac28
5V9E_00c88878aecc60f6540654e2671e26c6_repeat_1,00c88878aecc60f6540654e2671e26c6,21220234,5,4,256,172893.6,CNN,EC-NAS,6,2,0,1,336.5714361667633,216117.0,513.690650546873,00c88878aecc60f6540654e2671e26c6
5V9E_00d00c2452af420327353fa171bd834e_repeat_1,00d00c2452af420327353fa171bd834e,1615769,5,4,256,58730.399999999994,CNN,EC-NAS,7,1,0,2,124.39404082298279,73413.0,472.1319414615325,00d00c2452af420327353fa171bd834e
5V9E_00dceff31749898e964d5290108357e7_repeat_1,00dceff31749898e964d5290108357e7,1408799,5,4,256,70455.6,CNN,EC-NAS,7,0,2,1,156.97923827171326,88069.5,448.82113568451234,00dceff31749898e964d5290108357e7
5V9E_00e1876a649a9251aa92036ee7f8df1e_repeat_1,00e1876a649a9251aa92036ee7f8df1e,2316845,5,4,256,70693.20000000001,CNN,EC-NAS,7,1,1,1,162.06826448440552,88366.50000000001,436.193971872897,00e1876a649a9251aa92036ee7f8df1e
5V9E_0103211065f9072f4c663baf39df06df_repeat_1,0103211065f9072f4c663baf39df06df,3644554,5,4,256,65156.4,CNN,EC-NAS,6,1,0,2,148.0170910358429,81445.5,440.19511222675044,0103211065f9072f4c663baf39df06df
5V9E_012cd65cf70a67e4a760a308ce890236_repeat_1,012cd65cf70a67e4a760a308ce890236,4518282,5,4,256,105292.8,CNN,EC-NAS,8,1,0,2,224.188725233078,131616.0,469.66144211994714,012cd65cf70a67e4a760a308ce890236
5V9E_01591f1394738441dc191908d905deda_repeat_1,01591f1394738441dc191908d905deda,4602890,5,4,256,105742.8,CNN,EC-NAS,7,1,2,0,234.00840163230896,132178.5,451.8760833474295,01591f1394738441dc191908d905deda
5V9E_0178f60e80a3201b1cdc7a02d2de3402_repeat_1,0178f60e80a3201b1cdc7a02d2de3402,7104138,5,4,256,129384.0,CNN,EC-NAS,8,2,1,0,287.0363464355469,161730.0,450.7582457995534,0178f60e80a3201b1cdc7a02d2de3402
5V9E_0183ba86b4e87495574984b989096fa8_repeat_1,0183ba86b4e87495574984b989096fa8,1174802,5,4,256,57301.200000000004,CNN,EC-NAS,8,0,0,3,115.98112487792969,71626.5,494.0562532076629,0183ba86b4e87495574984b989096fa8
5V9E_018daff9c94cd3e3ff035e3b27ccaa4d_repeat_1,018daff9c94cd3e3ff035e3b27ccaa4d,533262,5,4,256,43642.8,CNN,EC-NAS,6,0,2,1,103.22762417793274,54553.5,422.7821801340038,018daff9c94cd3e3ff035e3b27ccaa4d
5V9E_018fa6aa43108ba80b8aa3770272308f_repeat_1,018fa6aa43108ba80b8aa3770272308f,2453898,5,4,256,95079.6,CNN,EC-NAS,8,0,1,2,202.88911962509155,118849.5,468.62838271314274,018fa6aa43108ba80b8aa3770272308f
5V9E_01ad9f55669820b94cc9708e200fe19e_repeat_1,01ad9f55669820b94cc9708e200fe19e,21220234,5,4,256,158097.59999999998,CNN,EC-NAS,6,2,0,1,335.06635069847107,197621.99999999997,471.83968091822294,01ad9f55669820b94cc9708e200fe19e
5V9E_01b1828b5dca8f8444035094ec798c70_repeat_1,01b1828b5dca8f8444035094ec798c70,11215242,5,4,256,93495.6,CNN,EC-NAS,4,1,1,1,193.04526567459106,116869.5,484.31956967855365,01b1828b5dca8f8444035094ec798c70
5V9E_01b97c485827b0434b74b8c27fd9f1e6_repeat_1,01b97c485827b0434b74b8c27fd9f1e6,4342154,5,4,256,100922.4,CNN,EC-NAS,7,1,1,1,211.94657182693481,126153.0,476.16906058008,01b97c485827b0434b74b8c27fd9f1e6
5V9E_01c8bb2810e1803f200957721e1c1b4a_repeat_1,01c8bb2810e1803f200957721e1c1b4a,2433584,5,4,256,89863.20000000001,CNN,EC-NAS,7,1,2,0,191.0077564716339,112329.00000000001,470.4688524695874,01c8bb2810e1803f200957721e1c1b4a
5V9E_01f0f1cf81ef9193f2946db78ea759ee_repeat_1,01f0f1cf81ef9193f2946db78ea759ee,5969674,4,4,256,89769.6,CNN,EC-NAS,5,2,0,0,187.09124064445496,112212.0,479.8172254926496,01f0f1cf81ef9193f2946db78ea759ee
5V9E_0229f3bd3be6217f458573d0b737b761_repeat_1,0229f3bd3be6217f458573d0b737b761,1756298,5,4,256,60965.99999999999,CNN,EC-NAS,5,0,0,3,128.75364804267883,76207.49999999999,473.5089135477636,0229f3bd3be6217f458573d0b737b761
5V9E_022c66c9b7d9dc1f784afda8f2d821d9_repeat_1,022c66c9b7d9dc1f784afda8f2d821d9,1840906,5,4,256,78130.8,CNN,EC-NAS,7,0,2,1,181.8192262649536,97663.5,429.7169315094596,022c66c9b7d9dc1f784afda8f2d821d9
5V9E_022cdd278353b9b787fe5de8356f10df_repeat_1,022cdd278353b9b787fe5de8356f10df,2975370,5,4,256,114894.0,CNN,EC-NAS,8,0,3,0,255.3024125099182,143617.5,450.03099998334915,022cdd278353b9b787fe5de8356f10df
5V9E_024a799d57feeecb84d665769aa3f34d_repeat_1,024a799d57feeecb84d665769aa3f34d,5578890,5,4,256,129009.6,CNN,EC-NAS,7,0,2,1,295.86875343322754,161262.0,436.0365821094225,024a799d57feeecb84d665769aa3f34d
5V9E_0259eaa493fe9e7d5be088da14fce00e_repeat_1,0259eaa493fe9e7d5be088da14fce00e,6406538,5,4,256,93189.59999999999,CNN,EC-NAS,8,2,0,1,223.20189476013184,116486.99999999999,417.5125847392468,0259eaa493fe9e7d5be088da14fce00e
5V9E_0268e3cebecd1b8d503cb729abbc41dc_repeat_1,0268e3cebecd1b8d503cb729abbc41dc,4081418,5,4,256,89067.59999999999,CNN,EC-NAS,7,1,0,2,187.91652297973633,111334.49999999999,473.9742870274609,0268e3cebecd1b8d503cb729abbc41dc
5V9E_0291ed0ba0f70add225e7861e8602cc2_repeat_1,0291ed0ba0f70add225e7861e8602cc2,1750321,5,4,256,69001.2,CNN,EC-NAS,7,1,1,1,146.3348572254181,86251.5,471.5294859222005,0291ed0ba0f70add225e7861e8602cc2
5V9E_02d0baa29e661d2283d7b81c66a35920_repeat_1,02d0baa29e661d2283d7b81c66a35920,2538506,5,4,256,102088.8,CNN,EC-NAS,8,0,3,0,222.196635723114,127611.0,459.45250101453365,02d0baa29e661d2283d7b81c66a35920
5V9E_02e10b7bfb8fd15994c6a6d0faafc74d_repeat_1,02e10b7bfb8fd15994c6a6d0faafc74d,4602890,5,4,256,108147.6,CNN,EC-NAS,7,1,2,0,236.82329630851746,135184.5,456.6594658792038,02e10b7bfb8fd15994c6a6d0faafc74d
5V9E_02eb39adf4d82bd1fd539aa1c83e388e_repeat_1,02eb39adf4d82bd1fd539aa1c83e388e,3905290,5,4,256,89920.8,CNN,EC-NAS,7,1,1,1,194.78310871124268,112401.0,461.64577922053604,02eb39adf4d82bd1fd539aa1c83e388e
5V9E_03090b09accf97b6d1b0144bd330fc00_repeat_1,03090b09accf97b6d1b0144bd330fc00,2616460,5,4,256,94932.0,CNN,EC-NAS,9,1,1,1,201.52190256118774,118665.0,471.07534612112926,03090b09accf97b6d1b0144bd330fc00
5V9E_0310b38ea648e9194a920a5d689e3b2b_repeat_1,0310b38ea648e9194a920a5d689e3b2b,2193162,5,4,256,73303.20000000001,CNN,EC-NAS,8,0,0,3,176.14923119544983,91629.00000000001,416.14260534958004,0310b38ea648e9194a920a5d689e3b2b
5V9E_0328e2720e43bd70098047dc8deb8a65_repeat_1,0328e2720e43bd70098047dc8deb8a65,2913959,5,4,256,93398.4,CNN,EC-NAS,9,1,1,1,225.96185898780823,116748.0,413.3370136817617,0328e2720e43bd70098047dc8deb8a65
5V9E_034f775bd540853f0991232dc49d6837_repeat_1,034f775bd540853f0991232dc49d6837,4342154,5,4,256,93286.79999999999,CNN,EC-NAS,6,1,1,1,209.5717532634735,116608.49999999999,445.13059869628455,034f775bd540853f0991232dc49d6837
5V9E_03582b6029c3edd221597d3160915180_repeat_1,03582b6029c3edd221597d3160915180,2793866,5,4,256,85507.2,CNN,EC-NAS,6,0,1,2,171.62363171577454,106884.0,498.2250937423831,03582b6029c3edd221597d3160915180
5V9E_035fafd24973204e35ccb92ad464a20c_repeat_1,035fafd24973204e35ccb92ad464a20c,5095946,5,4,256,65278.8,CNN,EC-NAS,5,2,0,1,139.63097548484802,81598.5,467.5094460475476,035fafd24973204e35ccb92ad464a20c
5V9E_0366938ca06384c65835033bb5dd7ac2_repeat_1,0366938ca06384c65835033bb5dd7ac2,1116567,5,4,256,68230.8,CNN,EC-NAS,6,0,2,1,161.63463735580444,85288.5,422.12981769374306,0366938ca06384c65835033bb5dd7ac2
5V9E_0393691bd227ec5ac8b5692b96834e17_repeat_1,0393691bd227ec5ac8b5692b96834e17,967178,5,4,256,45381.6,CNN,EC-NAS,5,0,2,1,109.2804594039917,56727.0,415.27643869277455,0393691bd227ec5ac8b5692b96834e17
5V9E_03d181ec6b48974b70ce0329a06c6c6b_repeat_1,03d181ec6b48974b70ce0329a06c6c6b,2366781,5,4,256,58536.0,CNN,EC-NAS,6,2,0,1,125.51539468765259,73170.0,466.36510322632483,03d181ec6b48974b70ce0329a06c6c6b
5V9E_03d84046b0ce567b2b59e85903aa2f5f_repeat_1,03d84046b0ce567b2b59e85903aa2f5f,6406538,4,4,256,96012.0,CNN,EC-NAS,5,2,0,0,213.4137463569641,120015.0,449.88667149587735,03d84046b0ce567b2b59e85903aa2f5f
5V9E_03dbd4446e0791a79016b49af39fc9d3_repeat_1,03dbd4446e0791a79016b49af39fc9d3,7857930,5,4,256,95378.4,CNN,EC-NAS,6,3,0,0,214.1055805683136,119223.0,445.47367586978,03dbd4446e0791a79016b49af39fc9d3
5V9E_040531ea6c3975ddead38156828e8232_repeat_1,040531ea6c3975ddead38156828e8232,2040231,5,4,256,78188.4,CNN,EC-NAS,8,1,1,1,180.07877612113953,97735.5,434.1899788757029,040531ea6c3975ddead38156828e8232
5V9E_041508be534661271f4a305cba85bd06_repeat_1,041508be534661271f4a305cba85bd06,11051402,5,4,256,109335.59999999999,CNN,EC-NAS,6,1,0,2,213.2336072921753,136669.5,512.7503182469122,041508be534661271f4a305cba85bd06
5V9E_041d26e56463763cb30e1f6e0e28217a_repeat_1,041d26e56463763cb30e1f6e0e28217a,3468426,5,4,256,74692.8,CNN,EC-NAS,6,1,1,1,159.14744019508362,93366.0,469.3308287487455,041d26e56463763cb30e1f6e0e28217a
5V9E_043721b9c7fe8c5fad811d47d83132ec_repeat_1,043721b9c7fe8c5fad811d47d83132ec,882570,2,4,256,23090.4,CNN,EC-NAS,1,0,0,0,57.0689160823822,28863.0,404.6055468561503,043721b9c7fe8c5fad811d47d83132ec
5V9E_04399ceed700c3bccfac5f1267976836_repeat_1,04399ceed700c3bccfac5f1267976836,12088970,5,4,256,131425.19999999998,CNN,EC-NAS,6,1,1,1,255.705228805542,164281.49999999997,513.9714999725167,04399ceed700c3bccfac5f1267976836
5V9E_04499d6782068b682a47c5a45f88ee0a_repeat_1,04499d6782068b682a47c5a45f88ee0a,6667274,5,4,256,110599.2,CNN,EC-NAS,7,2,1,0,249.95536160469055,138249.0,442.475805639708,04499d6782068b682a47c5a45f88ee0a
5V9E_045ee9b9b9d744e93757c6a938bee0c2_repeat_1,045ee9b9b9d744e93757c6a938bee0c2,301074,5,4,256,30545.999999999996,CNN,EC-NAS,7,0,0,3,63.9351122379303,38182.49999999999,477.76564286498905,045ee9b9b9d744e93757c6a938bee0c2
5V9E_04a34e3b5a679b6742ed1efd16247ea6_repeat_1,04a34e3b5a679b6742ed1efd16247ea6,13126538,5,4,256,134190.0,CNN,EC-NAS,6,1,2,0,287.9466862678528,167737.5,466.02376898053353,04a34e3b5a679b6742ed1efd16247ea6
5V9E_04a50cabdbd9327c5a9cd2426e95fc9f_repeat_1,04a50cabdbd9327c5a9cd2426e95fc9f,1580170,5,4,256,69501.6,CNN,EC-NAS,6,0,1,2,138.0436613559723,86877.0,503.47548969145845,04a50cabdbd9327c5a9cd2426e95fc9f
5V9E_04c8e8d00e30663d1611226c18ef6eb5_repeat_1,04c8e8d00e30663d1611226c18ef6eb5,14000266,5,4,256,163101.6,CNN,EC-NAS,6,1,2,0,329.566933631897,203877.0,494.8967367647781,04c8e8d00e30663d1611226c18ef6eb5
5V9E_04c9dfb609fe91ed929e24497ba4e72a_repeat_1,04c9dfb609fe91ed929e24497ba4e72a,14000266,5,4,256,161532.0,CNN,EC-NAS,6,1,2,0,333.98882937431335,201915.0,483.6449180130071,04c9dfb609fe91ed929e24497ba4e72a
5V9E_04cb975eaffa7ca21438f48fe419366c_repeat_1,04cb975eaffa7ca21438f48fe419366c,2501011,5,4,256,79275.59999999999,CNN,EC-NAS,7,1,0,2,169.72202110290527,99094.49999999999,467.0908317308682,04cb975eaffa7ca21438f48fe419366c
5V9E_04db8ad232d0165715ecf25b2998160b_repeat_1,04db8ad232d0165715ecf25b2998160b,1325859,5,4,256,42843.6,CNN,EC-NAS,7,1,0,2,96.70384645462036,53554.5,443.03925408080806,04db8ad232d0165715ecf25b2998160b
5V9E_04dd55f9ce193b6a0788101eab3392f8_repeat_1,04dd55f9ce193b6a0788101eab3392f8,6406538,5,4,256,98784.0,CNN,EC-NAS,6,2,0,1,221.60815334320068,123480.0,445.7597724169243,04dd55f9ce193b6a0788101eab3392f8
5V9E_04f37bfae263fab2c78537d393b745e7_repeat_1,04f37bfae263fab2c78537d393b745e7,3905290,5,4,256,76204.8,CNN,EC-NAS,7,1,1,1,175.46056294441223,95256.0,434.31298020024303,04f37bfae263fab2c78537d393b745e7
5V9E_0503d5ce3ffa80fe5151d4b29a1c6634_repeat_1,0503d5ce3ffa80fe5151d4b29a1c6634,22257802,5,4,256,176788.8,CNN,EC-NAS,6,2,1,0,369.84437346458435,220986.0,478.008623854133,0503d5ce3ffa80fe5151d4b29a1c6634
5V9E_051221e07848525fb65a09c5f60c2236_repeat_1,051221e07848525fb65a09c5f60c2236,2105744,5,4,256,103345.2,CNN,EC-NAS,9,0,3,0,245.5449297428131,129181.5,420.8810180207959,051221e07848525fb65a09c5f60c2236
5V9E_052549400eb914ef3cf243e1b880bec0_repeat_1,052549400eb914ef3cf243e1b880bec0,6843402,5,4,256,115966.79999999999,CNN,EC-NAS,7,2,0,1,254.0988473892212,144958.5,456.3845967485458,052549400eb914ef3cf243e1b880bec0
5V9E_0529323b2eb3b320e543a95b37dce324_repeat_1,0529323b2eb3b320e543a95b37dce324,1814158,5,4,256,93103.2,CNN,EC-NAS,8,0,3,0,213.38510489463806,116379.0,436.3153653389773,0529323b2eb3b320e543a95b37dce324
5V9E_0546604a6607cb42d5324d7d80d00e9f_repeat_1,0546604a6607cb42d5324d7d80d00e9f,2797220,5,4,256,91137.6,CNN,EC-NAS,8,1,0,2,200.67923378944397,113922.0,454.14564466407677,0546604a6607cb42d5324d7d80d00e9f
5V9E_055393d97d913b1ef1e97eb8dd465d2d_repeat_1,055393d97d913b1ef1e97eb8dd465d2d,706442,5,4,256,37177.2,CNN,EC-NAS,5,0,1,2,85.15480303764343,46471.5,436.5837119435939,055393d97d913b1ef1e97eb8dd465d2d
5V9E_055e924b03afdf7e5c9220ed06282a9e_repeat_1,055e924b03afdf7e5c9220ed06282a9e,2024613,5,4,256,78339.59999999999,CNN,EC-NAS,8,1,1,1,179.94292736053467,97924.49999999999,435.35803906890055,055e924b03afdf7e5c9220ed06282a9e
5V9E_056223da36a0e304ec8de4a4573525f1_repeat_1,056223da36a0e304ec8de4a4573525f1,4342154,5,4,256,88387.2,CNN,EC-NAS,8,1,1,1,209.0916051864624,110484.0,422.71998400499444,056223da36a0e304ec8de4a4573525f1
5V9E_056fcde08e6bda79b0353420c790965e_repeat_1,056fcde08e6bda79b0353420c790965e,3031562,5,4,256,53852.4,CNN,EC-NAS,5,1,1,1,124.28147268295288,67315.5,433.309960346058,056fcde08e6bda79b0353420c790965e
5V9E_05763c6c7067de6be2791bada8a757f0_repeat_1,05763c6c7067de6be2791bada8a757f0,10177674,5,4,256,90262.8,CNN,EC-NAS,5,1,0,2,169.79775595664978,112828.5,531.5900642588265,05763c6c7067de6be2791bada8a757f0
5V9E_059d278e5ca46c2615f6516f917b2519_repeat_1,059d278e5ca46c2615f6516f917b2519,3468426,5,4,256,77954.4,CNN,EC-NAS,7,1,1,1,161.76150918006897,97443.0,481.90945049370833,059d278e5ca46c2615f6516f917b2519
5V9E_05a61e1c5dd646c3f3f932a2beebbe5a_repeat_1,05a61e1c5dd646c3f3f932a2beebbe5a,2277770,5,4,256,85777.2,CNN,EC-NAS,8,0,2,1,197.4110357761383,107221.5,434.5106628044356,05a61e1c5dd646c3f3f932a2beebbe5a
5V9E_05cf16b0c0e041eec9947b7a6585726f_repeat_1,05cf16b0c0e041eec9947b7a6585726f,1580170,5,4,256,68709.59999999999,CNN,EC-NAS,7,0,1,2,156.95808362960815,85886.99999999999,437.7576382885882,05cf16b0c0e041eec9947b7a6585726f
5V9E_05d1b56c868763ff26aede45b06ff801_repeat_1,05d1b56c868763ff26aede45b06ff801,1734703,5,4,256,68634.0,CNN,EC-NAS,7,1,1,1,146.86815786361694,85792.5,467.31708900260145,05d1b56c868763ff26aede45b06ff801
5V9E_05dab24fa57bb54b96daa955fddef8c6_repeat_1,05dab24fa57bb54b96daa955fddef8c6,12962698,5,4,256,155055.6,CNN,EC-NAS,7,1,1,1,304.0630340576172,193819.5,509.9455791479683,05dab24fa57bb54b96daa955fddef8c6
5V9E_05f961a799417166ff86ce1f15076ddb_repeat_1,05f961a799417166ff86ce1f15076ddb,6843402,5,4,256,112143.6,CNN,EC-NAS,8,2,0,1,255.58279705047607,140179.5,438.77601033473434,05f961a799417166ff86ce1f15076ddb
5V9E_060659e8ba79bffefc418c39b815930b_repeat_1,060659e8ba79bffefc418c39b815930b,1143306,5,4,256,50994.0,CNN,EC-NAS,7,0,1,2,122.79009366035461,63742.5,415.2940883085627,060659e8ba79bffefc418c39b815930b
5V9E_0645048cb9b24384dd5e6af0db6d2b91_repeat_1,0645048cb9b24384dd5e6af0db6d2b91,13836426,5,4,256,174949.2,CNN,EC-NAS,8,1,1,1,349.00034737586975,218686.5,501.28660706340656,0645048cb9b24384dd5e6af0db6d2b91
5V9E_06681646fdb451988175907661a60859_repeat_1,06681646fdb451988175907661a60859,5742730,5,4,256,141681.6,CNN,EC-NAS,6,0,3,0,287.9028289318085,177102.0,492.11603972657787,06681646fdb451988175907661a60859
5V9E_0685546d01ce984bb2e20bd2f43a1acb_repeat_1,0685546d01ce984bb2e20bd2f43a1acb,2792597,5,4,256,97444.79999999999,CNN,EC-NAS,9,1,0,2,206.63678812980652,121805.99999999999,471.5752740929483,0685546d01ce984bb2e20bd2f43a1acb
5V9E_06bffe8b0346333e9b7746edec26b0b5_repeat_1,06bffe8b0346333e9b7746edec26b0b5,4342154,5,4,256,93254.4,CNN,EC-NAS,7,1,1,1,210.1515552997589,116568.0,443.74832185744464,06bffe8b0346333e9b7746edec26b0b5
5V9E_06c516fe42cd85ddc6bcd8044fc9c32a_repeat_1,06c516fe42cd85ddc6bcd8044fc9c32a,826657,5,4,256,58888.8,CNN,EC-NAS,7,0,2,1,136.33614110946655,73611.0,431.9382925230164,06c516fe42cd85ddc6bcd8044fc9c32a
5V9E_06fd22c43bc85781a76ca95cb7d6ed9d_repeat_1,06fd22c43bc85781a76ca95cb7d6ed9d,1990295,5,4,256,91411.20000000001,CNN,EC-NAS,9,0,2,1,217.76994252204895,114264.00000000001,419.7604083527034,06fd22c43bc85781a76ca95cb7d6ed9d
5V9E_071d1110f3f698988a44c44a5c1b356a_repeat_1,071d1110f3f698988a44c44a5c1b356a,4518282,5,4,256,94593.6,CNN,EC-NAS,9,1,0,2,219.3377764225006,118242.0,431.26907522664294,071d1110f3f698988a44c44a5c1b356a
5V9E_072408dc716e7d9170358c64a254f1c8_repeat_1,072408dc716e7d9170358c64a254f1c8,10177674,5,4,256,77259.6,CNN,EC-NAS,4,1,0,2,157.11941266059875,96574.5,491.7253615687338,072408dc716e7d9170358c64a254f1c8
5V9E_075c302a76b065db022d643641d4c813_repeat_1,075c302a76b065db022d643641d4c813,2483520,5,4,256,65588.4,CNN,EC-NAS,6,2,1,0,148.61969828605652,81985.5,441.3170041144774,075c302a76b065db022d643641d4c813
5V9E_07d797072e8c98f38838728796df961d_repeat_1,07d797072e8c98f38838728796df961d,1291541,5,4,256,57402.0,CNN,EC-NAS,8,0,1,2,133.55128979682922,71752.5,429.81239707475174,07d797072e8c98f38838728796df961d
5V9E_07daea66f88be81eab715d934369fe2a_repeat_1,07daea66f88be81eab715d934369fe2a,3644730,5,4,256,110012.4,CNN,EC-NAS,8,2,1,0,235.05856919288635,137515.5,468.0212271254195,07daea66f88be81eab715d934369fe2a
5V9E_080d44f4cd7b7ef4603f9c90f53a1840_repeat_1,080d44f4cd7b7ef4603f9c90f53a1840,3644554,5,4,256,79689.59999999999,CNN,EC-NAS,7,1,0,2,170.93635964393616,99611.99999999999,466.1945543124647,080d44f4cd7b7ef4603f9c90f53a1840
5V9E_082a1b84b5a8b872d8337add0faef9b8_repeat_1,082a1b84b5a8b872d8337add0faef9b8,1840906,5,4,256,76831.2,CNN,EC-NAS,7,0,2,1,179.65912747383118,96039.0,427.6498560374623,082a1b84b5a8b872d8337add0faef9b8
5V9E_083852cc4f0c1cba00707ec34c29d604_repeat_1,083852cc4f0c1cba00707ec34c29d604,5532810,5,4,256,82364.4,CNN,EC-NAS,7,2,0,1,177.83161520957947,102955.5,463.15948883966036,083852cc4f0c1cba00707ec34c29d604
5V9E_083f72b8721f07e761530229ea35aa27_repeat_1,083f72b8721f07e761530229ea35aa27,2101642,5,4,256,73296.0,CNN,EC-NAS,7,0,3,0,183.7363805770874,91620.0,398.91936354568793,083f72b8721f07e761530229ea35aa27
5V9E_084e7b12236e3e7532245561f455c1cb_repeat_1,084e7b12236e3e7532245561f455c1cb,2155680,5,4,256,82742.40000000001,CNN,EC-NAS,8,1,2,0,199.5224437713623,103428.00000000001,414.7022181365048,084e7b12236e3e7532245561f455c1cb
5V9E_08526eeba526d70d5a75798987dec43b_repeat_1,08526eeba526d70d5a75798987dec43b,2332463,5,4,256,77428.8,CNN,EC-NAS,8,1,1,1,169.69782662391663,96786.0,456.2745530713088,08526eeba526d70d5a75798987dec43b
5V9E_0855127276792084e4ecb346f7a3871e_repeat_1,0855127276792084e4ecb346f7a3871e,12962698,5,4,256,153471.6,CNN,EC-NAS,6,1,1,1,291.7084047794342,191839.5,526.1130549736562,0855127276792084e4ecb346f7a3871e
5V9E_08677281806ea9c8ea2451ce3093e9c3_repeat_1,08677281806ea9c8ea2451ce3093e9c3,882570,4,4,256,43156.8,CNN,EC-NAS,4,0,0,2,91.8890814781189,53946.0,469.6618935110013,08677281806ea9c8ea2451ce3093e9c3
5V9E_086c17bed351d943b857ce024edafafe_repeat_1,086c17bed351d943b857ce024edafafe,6230410,5,4,256,101970.0,CNN,EC-NAS,8,2,1,0,238.30549812316895,127462.5,427.89612830206914,086c17bed351d943b857ce024edafafe
5V9E_087fdce1f8eca0a97f91fb060f45e5d2_repeat_1,087fdce1f8eca0a97f91fb060f45e5d2,2792597,5,4,256,88948.8,CNN,EC-NAS,8,1,0,2,201.7895383834839,111186.0,440.7998586674021,087fdce1f8eca0a97f91fb060f45e5d2
5V9E_0922ee996ecffb2c0c5f16d1261f6dfa_repeat_1,0922ee996ecffb2c0c5f16d1261f6dfa,3644554,4,4,256,69472.8,CNN,EC-NAS,5,1,0,1,146.0910143852234,86841.0,475.54464791933805,0922ee996ecffb2c0c5f16d1261f6dfa
5V9E_09346bfa8a84f90f5969c8aa6847396e_repeat_1,09346bfa8a84f90f5969c8aa6847396e,2017034,5,4,256,71200.8,CNN,EC-NAS,7,0,1,2,168.374356508255,89001.0,422.87199474172417,09346bfa8a84f90f5969c8aa6847396e
5V9E_0954fc5f2e092304b6341cccbcfee05c_repeat_1,0954fc5f2e092304b6341cccbcfee05c,5532810,5,4,256,79729.2,CNN,EC-NAS,7,2,0,1,176.14931678771973,99661.5,452.6228171300993,0954fc5f2e092304b6341cccbcfee05c
5V9E_095f24ce69de6e5f4d3ebe3ceaca2cfd_repeat_1,095f24ce69de6e5f4d3ebe3ceaca2cfd,4342154,5,4,256,93092.4,CNN,EC-NAS,7,1,1,1,211.04531908035278,116365.5,441.10146771156894,095f24ce69de6e5f4d3ebe3ceaca2cfd
5V9E_099433f57cf79393e3177f1704ebedae_repeat_1,099433f57cf79393e3177f1704ebedae,824981,5,4,256,59688.0,CNN,EC-NAS,7,0,2,1,134.35648345947266,74610.0,444.25098412168785,099433f57cf79393e3177f1704ebedae
5V9E_099eff26fdf41c3bd2b70866891d57b3_repeat_1,099eff26fdf41c3bd2b70866891d57b3,5742730,5,4,256,139874.4,CNN,EC-NAS,6,0,3,0,291.29054832458496,174843.0,480.1885979634945,099eff26fdf41c3bd2b70866891d57b3
5V9E_09f1f295b5df52d6448fad926b0ad7e2_repeat_1,09f1f295b5df52d6448fad926b0ad7e2,3667594,5,4,256,105195.6,CNN,EC-NAS,6,0,1,2,215.74201655387878,131494.5,487.59903926145404,09f1f295b5df52d6448fad926b0ad7e2
5V9E_09fc2d10bdd6225e167a6f81a22a3f06_repeat_1,09fc2d10bdd6225e167a6f81a22a3f06,2793866,3,4,256,76248.0,CNN,EC-NAS,3,0,1,0,149.54416465759277,95310.0,509.86944341548184,09fc2d10bdd6225e167a6f81a22a3f06
5V9E_09fe44f72b3f1237bd72ac74c427aef9_repeat_1,09fe44f72b3f1237bd72ac74c427aef9,5969674,5,4,256,101397.6,CNN,EC-NAS,7,2,0,1,213.5800371170044,126747.0,474.75223512791086,09fe44f72b3f1237bd72ac74c427aef9
5V9E_0a1097486bd7d3bd3cbcbf3959b6583d_repeat_1,0a1097486bd7d3bd3cbcbf3959b6583d,3729162,5,4,256,76050.0,CNN,EC-NAS,6,1,2,0,182.34811091423035,95062.5,417.05943439014317,0a1097486bd7d3bd3cbcbf3959b6583d
5V9E_0a1f1d084604b2d242e3f15fbcf388ea_repeat_1,0a1f1d084604b2d242e3f15fbcf388ea,5793546,5,4,256,78465.59999999999,CNN,EC-NAS,7,2,1,0,199.22412180900574,98081.99999999999,393.85592109786893,0a1f1d084604b2d242e3f15fbcf388ea
5V9E_0a4de03d940c3f672f08a0a16fe59bd6_repeat_1,0a4de03d940c3f672f08a0a16fe59bd6,2538506,5,4,256,95202.0,CNN,EC-NAS,7,0,3,0,220.8334608078003,119002.5,431.10314737519735,0a4de03d940c3f672f08a0a16fe59bd6
5V9E_0a59627718ee81d87c4462e94e5ee852_repeat_1,0a59627718ee81d87c4462e94e5ee852,4779018,5,4,256,112201.2,CNN,EC-NAS,9,1,1,1,244.7444224357605,140251.5,458.4423166147948,0a59627718ee81d87c4462e94e5ee852
5V9E_0a61a51de5fa2797306b6c7dd25cb750_repeat_1,0a61a51de5fa2797306b6c7dd25cb750,3468426,5,4,256,73555.2,CNN,EC-NAS,6,1,1,1,162.89564418792725,91944.0,451.5479856241081,0a61a51de5fa2797306b6c7dd25cb750
5V9E_0a6881c59dd9a0f3f440bb104454bbaf_repeat_1,0a6881c59dd9a0f3f440bb104454bbaf,3667594,5,4,256,104490.0,CNN,EC-NAS,6,0,1,2,213.48220992088318,130612.5,489.4553042088338,0a6881c59dd9a0f3f440bb104454bbaf
5V9E_0a7ec0f7a657f1d9a10a71f99f774ed2_repeat_1,0a7ec0f7a657f1d9a10a71f99f774ed2,1756298,5,4,256,72316.8,CNN,EC-NAS,8,0,0,3,167.22945499420166,90396.0,432.4405649860393,0a7ec0f7a657f1d9a10a71f99f774ed2
5V9E_0ab8c4483a7db026b682d1e54adef303_repeat_1,0ab8c4483a7db026b682d1e54adef303,3292298,5,4,256,66783.6,CNN,EC-NAS,6,1,2,0,150.3132722377777,83479.5,444.2960957855824,0ab8c4483a7db026b682d1e54adef303
5V9E_0ad3c407fcf224f53e76d793e5cf58b7_repeat_1,0ad3c407fcf224f53e76d793e5cf58b7,1581837,5,4,256,71200.8,CNN,EC-NAS,8,0,1,2,162.77822494506836,89001.0,437.4098564106326,0ad3c407fcf224f53e76d793e5cf58b7
5V9E_0af6c7eb081f02d531104971a9ce4087_repeat_1,0af6c7eb081f02d531104971a9ce4087,2017034,5,4,256,70542.0,CNN,EC-NAS,7,0,1,2,168.55865144729614,88177.5,418.5012124521928,0af6c7eb081f02d531104971a9ce4087
5V9E_0b4b6e8f8652d8dbbaf5a1a34f307b9b_repeat_1,0b4b6e8f8652d8dbbaf5a1a34f307b9b,14000266,5,4,256,158770.80000000002,CNN,EC-NAS,6,1,2,0,334.77535367012024,198463.50000000003,474.26071919394946,0b4b6e8f8652d8dbbaf5a1a34f307b9b
5V9E_0b52c9b2c5351a68ee36e8c52b94dd4e_repeat_1,0b52c9b2c5351a68ee36e8c52b94dd4e,1404042,5,4,256,61444.8,CNN,EC-NAS,6,0,2,1,143.82606959342957,76806.0,427.2160128806509,0b52c9b2c5351a68ee36e8c52b94dd4e
5V9E_0b5d139c27f97e5b652009996a3d89b8_repeat_1,0b5d139c27f97e5b652009996a3d89b8,967178,5,4,256,48805.2,CNN,EC-NAS,5,0,2,1,110.58612179756165,61006.5,441.33205149686444,0b5d139c27f97e5b652009996a3d89b8
5V9E_0b726323a98397b2c3a17fa85d9814b1_repeat_1,0b726323a98397b2c3a17fa85d9814b1,2714634,5,4,256,95756.40000000001,CNN,EC-NAS,7,0,2,1,228.32843375205994,119695.50000000001,419.3800939570283,0b726323a98397b2c3a17fa85d9814b1
5V9E_0b896cf5633a9c166dbadd935337cf76_repeat_1,0b896cf5633a9c166dbadd935337cf76,3468426,5,4,256,72662.40000000001,CNN,EC-NAS,6,1,1,1,159.1076855659485,90828.00000000001,456.6869271056186,0b896cf5633a9c166dbadd935337cf76
5V9E_0ba807ec12d7389497dc08a056e7fa98_repeat_1,0ba807ec12d7389497dc08a056e7fa98,3831434,5,4,256,104731.2,CNN,EC-NAS,6,0,2,1,207.67489433288574,130914.0,504.3036152079342,0ba807ec12d7389497dc08a056e7fa98
5V9E_0baa62900096dc6992a5b359e8a2ca68_repeat_1,0baa62900096dc6992a5b359e8a2ca68,21220234,5,4,256,156006.0,CNN,EC-NAS,6,2,0,1,331.87887930870056,195007.5,470.06908160277777,0baa62900096dc6992a5b359e8a2ca68
5V9E_0bc384e1c7f006dc7f8115090130b295_repeat_1,0bc384e1c7f006dc7f8115090130b295,6667274,5,4,256,102819.59999999999,CNN,EC-NAS,7,2,1,0,243.83842253684998,128524.49999999999,421.67103498408426,0bc384e1c7f006dc7f8115090130b295
5V9E_0bc4aef0b6ef737c745e82f069230d5f_repeat_1,0bc4aef0b6ef737c745e82f069230d5f,2714634,5,4,256,104749.20000000001,CNN,EC-NAS,8,0,2,1,231.05214643478394,130936.50000000001,453.35739838957176,0bc4aef0b6ef737c745e82f069230d5f
5V9E_0bcaf83a49d04411111e0be20fe56f6d_repeat_1,0bcaf83a49d04411111e0be20fe56f6d,4602890,5,4,256,102214.8,CNN,EC-NAS,8,1,2,0,232.73532581329346,127768.5,439.1890214466173,0bcaf83a49d04411111e0be20fe56f6d
5V9E_0bdee335eaee04875c4184037d11a0a3_repeat_1,0bdee335eaee04875c4184037d11a0a3,12962698,5,4,256,153691.2,CNN,EC-NAS,7,1,1,1,300.7745244503021,192114.0,510.9847660166274,0bdee335eaee04875c4184037d11a0a3
5V9E_0bedf0b569d61d8fae010dc8450ef5d2_repeat_1,0bedf0b569d61d8fae010dc8450ef5d2,4779018,5,4,256,118324.8,CNN,EC-NAS,8,1,1,1,247.61661005020142,147906.0,477.85485786277025,0bedf0b569d61d8fae010dc8450ef5d2
5V9E_0bfb0c4ef6666c06651e779e54f418eb_repeat_1,0bfb0c4ef6666c06651e779e54f418eb,21220234,5,4,256,171622.8,CNN,EC-NAS,6,2,0,1,336.8564326763153,214528.5,509.48351686937207,0bfb0c4ef6666c06651e779e54f418eb
5V9E_0c09a1268008c046c2e991fd71de10b4_repeat_1,0c09a1268008c046c2e991fd71de10b4,8294794,5,4,256,109980.0,CNN,EC-NAS,7,3,0,0,249.83850359916687,137475.0,440.20436568275517,0c09a1268008c046c2e991fd71de10b4
5V9E_0c0a5bacb74a041e67d53834fa1f8551_repeat_1,0c0a5bacb74a041e67d53834fa1f8551,967178,5,4,256,44776.799999999996,CNN,EC-NAS,6,0,2,1,110.55299687385559,55970.99999999999,405.0256552618987,0c0a5bacb74a041e67d53834fa1f8551
5V9E_0c35c4a7b701f70bb67ddbb72dfdcd23_repeat_1,0c35c4a7b701f70bb67ddbb72dfdcd23,3525796,5,4,256,78012.0,CNN,EC-NAS,7,2,0,1,199.19310927391052,97515.0,391.64005363622124,0c35c4a7b701f70bb67ddbb72dfdcd23
5V9E_0c50d88ea4244fdaaeba5953cb21dba5_repeat_1,0c50d88ea4244fdaaeba5953cb21dba5,4518282,5,4,256,103442.4,CNN,EC-NAS,7,1,0,2,221.51257824897766,129303.0,466.9820595186784,0c50d88ea4244fdaaeba5953cb21dba5
5V9E_0c723d1a6e1787ef68ad60426af4b487_repeat_1,0c723d1a6e1787ef68ad60426af4b487,4342154,5,4,256,94770.0,CNN,EC-NAS,7,1,1,1,209.20101237297058,118462.5,453.0092800461255,0c723d1a6e1787ef68ad60426af4b487
5V9E_0c78dca45dc22254cc45af02570a8592_repeat_1,0c78dca45dc22254cc45af02570a8592,2024094,5,4,256,80823.59999999999,CNN,EC-NAS,9,1,1,1,181.87070560455322,101029.49999999999,444.4014209508655,0c78dca45dc22254cc45af02570a8592
5V9E_0c806195e5e839957d4a5b67facb782f_repeat_1,0c806195e5e839957d4a5b67facb782f,301074,5,4,256,29894.4,CNN,EC-NAS,6,0,0,3,62.04402780532837,37368.0,481.8255851118785,0c806195e5e839957d4a5b67facb782f
5V9E_0c957d05e996122e7e6c1e8f226f40be_repeat_1,0c957d05e996122e7e6c1e8f226f40be,21220234,5,4,256,172195.2,CNN,EC-NAS,7,2,0,1,340.01714730262756,215244.0,506.43092963408714,0c957d05e996122e7e6c1e8f226f40be
5V9E_0ca2cc9fbcfd1238692448d1ff8a08ae_repeat_1,0ca2cc9fbcfd1238692448d1ff8a08ae,416523,5,4,256,34592.4,CNN,EC-NAS,6,0,1,2,83.36550092697144,43240.5,414.9486252149208,0ca2cc9fbcfd1238692448d1ff8a08ae
5V9E_0cdca576ab2c3b0bd9dd07482d74d527_repeat_1,0cdca576ab2c3b0bd9dd07482d74d527,4081418,5,4,256,85136.4,CNN,EC-NAS,8,1,0,2,183.3450574874878,106420.5,464.3506684428079,0cdca576ab2c3b0bd9dd07482d74d527
5V9E_0cf6c6737d632950fa9a2ab85751dc99_repeat_1,0cf6c6737d632950fa9a2ab85751dc99,3694666,5,4,256,78429.6,CNN,EC-NAS,7,3,0,0,189.06622099876404,98037.0,414.82608361074034,0cf6c6737d632950fa9a2ab85751dc99
5V9E_0d3f6887bea9bde78416fdecc3eef512_repeat_1,0d3f6887bea9bde78416fdecc3eef512,2017034,5,4,256,79516.8,CNN,EC-NAS,7,0,1,2,170.95952033996582,99396.0,465.120631140488,0d3f6887bea9bde78416fdecc3eef512
5V9E_0d5bbc2dfb430584c333501efd775d6a_repeat_1,0d5bbc2dfb430584c333501efd775d6a,1700385,5,4,256,84466.8,CNN,EC-NAS,8,0,2,1,184.73895239830017,105583.5,457.2224693463034,0d5bbc2dfb430584c333501efd775d6a
5V9E_0d7b0382c741fbf571de6734164573e5_repeat_1,0d7b0382c741fbf571de6734164573e5,5793546,5,4,256,99050.4,CNN,EC-NAS,6,2,1,0,202.94401574134827,123813.0,488.0676064192971,0d7b0382c741fbf571de6734164573e5
5V9E_0d7c86c40c9f8306c6691b0cf8dee88b_repeat_1,0d7c86c40c9f8306c6691b0cf8dee88b,1404042,5,4,256,60321.6,CNN,EC-NAS,5,0,2,1,143.50328421592712,75402.0,420.3499615328318,0d7c86c40c9f8306c6691b0cf8dee88b
5V9E_0d7caa909dc2c030c2b2e604ff93a7c6_repeat_1,0d7caa909dc2c030c2b2e604ff93a7c6,12798858,5,4,256,151851.6,CNN,EC-NAS,8,1,0,2,311.011825799942,189814.5,488.25024453468325,0d7caa909dc2c030c2b2e604ff93a7c6
5V9E_0dbdd84ff535eb20dd0ec42fcb1634b4_repeat_1,0dbdd84ff535eb20dd0ec42fcb1634b4,4342154,5,4,256,102139.20000000001,CNN,EC-NAS,8,1,1,1,213.84720396995544,127674.00000000001,477.62700705850756,0dbdd84ff535eb20dd0ec42fcb1634b4
5V9E_0df5609b2fdca8050afd62f3be2e44dc_repeat_1,0df5609b2fdca8050afd62f3be2e44dc,3667594,5,4,256,107496.0,CNN,EC-NAS,7,0,1,2,217.78717970848083,134370.0,493.5827726126434,0df5609b2fdca8050afd62f3be2e44dc
5V9E_0df6180868898c64297e3dc3e45e97ce_repeat_1,0df6180868898c64297e3dc3e45e97ce,3667594,5,4,256,97200.0,CNN,EC-NAS,7,0,1,2,215.0832803249359,121500.0,451.91797267158853,0df6180868898c64297e3dc3e45e97ce
5V9E_0dff80d8d2f054a3862c06159eb9af0b_repeat_1,0dff80d8d2f054a3862c06159eb9af0b,1580170,5,4,256,74271.6,CNN,EC-NAS,7,0,1,2,157.97401237487793,92839.5,470.1507474770652,0dff80d8d2f054a3862c06159eb9af0b
5V9E_0e0bfe064b565428d93f3cbbd511b013_repeat_1,0e0bfe064b565428d93f3cbbd511b013,1143306,5,4,256,57009.6,CNN,EC-NAS,7,0,1,2,124.87911438941956,71262.0,456.51829193969814,0e0bfe064b565428d93f3cbbd511b013
5V9E_0e359692a4d013f6ef4217cbc7330da9_repeat_1,0e359692a4d013f6ef4217cbc7330da9,4342154,5,4,256,96177.6,CNN,EC-NAS,7,1,1,1,210.7485408782959,120222.0,456.36187846985433,0e359692a4d013f6ef4217cbc7330da9
5V9E_0e60154f11df21bdd94eadf6f5bb7022_repeat_1,0e60154f11df21bdd94eadf6f5bb7022,2101642,5,4,256,90878.4,CNN,EC-NAS,7,0,3,0,206.4308009147644,113598.0,440.2366294045617,0e60154f11df21bdd94eadf6f5bb7022
5V9E_0e95b2a12e42c9457201302225639197_repeat_1,0e95b2a12e42c9457201302225639197,3905290,5,4,256,84477.6,CNN,EC-NAS,7,1,1,1,197.46320056915283,105597.0,427.81439658887444,0e95b2a12e42c9457201302225639197
5V9E_0e9a7383f15b4051126072e14655a4b0_repeat_1,0e9a7383f15b4051126072e14655a4b0,2909855,5,4,256,96570.0,CNN,EC-NAS,9,1,1,1,227.92486476898193,120712.5,423.69225533107397,0e9a7383f15b4051126072e14655a4b0
5V9E_0eaecfb50bfc500cf34f4448bb9bc137_repeat_1,0eaecfb50bfc500cf34f4448bb9bc137,1873556,5,4,256,82753.2,CNN,EC-NAS,9,0,1,2,191.28914761543274,103441.5,432.60791859644246,0eaecfb50bfc500cf34f4448bb9bc137
5V9E_0ee493fe7bb618a0ae642840558f62a0_repeat_1,0ee493fe7bb618a0ae642840558f62a0,1756298,4,4,256,55054.799999999996,CNN,EC-NAS,4,0,0,2,119.2363932132721,68818.5,461.7281562813315,0ee493fe7bb618a0ae642840558f62a0
5V9E_0ef9ee0bf28c4f9c6bac339f4592ca68_repeat_1,0ef9ee0bf28c4f9c6bac339f4592ca68,4166026,5,4,256,94460.4,CNN,EC-NAS,8,1,2,0,222.3012409210205,118075.5,424.92070493461625,0ef9ee0bf28c4f9c6bac339f4592ca68
5V9E_0efca0f1a33d17f74f670fe76eefb35d_repeat_1,0efca0f1a33d17f74f670fe76eefb35d,1861666,5,4,256,73396.8,CNN,EC-NAS,7,1,2,0,168.94185066223145,91746.0,434.4500768299477,0efca0f1a33d17f74f670fe76eefb35d
5V9E_0f06c2d0947646bcacdb45dd4ce58842_repeat_1,0f06c2d0947646bcacdb45dd4ce58842,1840906,5,4,256,78897.6,CNN,EC-NAS,7,0,2,1,163.35123324394226,98622.0,482.9935987209687,0f06c2d0947646bcacdb45dd4ce58842
5V9E_0f1a0ae7114c55409721737eeedce923_repeat_1,0f1a0ae7114c55409721737eeedce923,6667274,5,4,256,108147.6,CNN,EC-NAS,8,2,1,0,251.2552194595337,135184.5,430.4292672312739,0f1a0ae7114c55409721737eeedce923
5V9E_0f5a25a45cd0efe8792e250111ad0f2d_repeat_1,0f5a25a45cd0efe8792e250111ad0f2d,22093962,5,4,256,193690.8,CNN,EC-NAS,8,2,0,1,392.0725131034851,242113.5,494.0177990719704,0f5a25a45cd0efe8792e250111ad0f2d
5V9E_0f65f27b3520767e9114e4f6618d3344_repeat_1,0f65f27b3520767e9114e4f6618d3344,6230410,5,4,256,104288.40000000001,CNN,EC-NAS,6,2,1,0,231.97142910957336,130360.50000000001,449.5743307713065,0f65f27b3520767e9114e4f6618d3344
5V9E_0f8cfb5861db59788ec564246025b630_repeat_1,0f8cfb5861db59788ec564246025b630,31389066,5,4,256,225032.4,CNN,EC-NAS,7,3,0,0,460.1975495815277,281290.5,488.9908696920032,0f8cfb5861db59788ec564246025b630
5V9E_0fb3f9a83f38cc5ea0e060fb3a5e5d53_repeat_1,0fb3f9a83f38cc5ea0e060fb3a5e5d53,4779018,5,4,256,100422.0,CNN,EC-NAS,8,1,1,1,240.38341665267944,125527.5,417.75760324222284,0fb3f9a83f38cc5ea0e060fb3a5e5d53
5V9E_0fc51e2d72ae9d478b4e4e7e461f6e53_repeat_1,0fc51e2d72ae9d478b4e4e7e461f6e53,4779018,5,4,256,113274.0,CNN,EC-NAS,8,1,1,1,246.69320344924927,141592.5,459.16952074969987,0fc51e2d72ae9d478b4e4e7e461f6e53
5V9E_0fd7d9667a81df417f5cf7213304502c_repeat_1,0fd7d9667a81df417f5cf7213304502c,6230410,5,4,256,104666.4,CNN,EC-NAS,7,2,1,0,233.04326033592224,130833.0,449.12862894695047,0fd7d9667a81df417f5cf7213304502c
5V9E_0ff8c81c6843ffb1f9867ef80066049b_repeat_1,0ff8c81c6843ffb1f9867ef80066049b,1627283,5,4,256,58248.0,CNN,EC-NAS,8,1,0,2,128.1354582309723,72810.0,454.58143127723696,0ff8c81c6843ffb1f9867ef80066049b
5V9E_10298c3fa486ba2721a8f91c2f59649d_repeat_1,10298c3fa486ba2721a8f91c2f59649d,4166026,5,4,256,91476.0,CNN,EC-NAS,7,1,2,0,203.15727019309998,114345.0,450.2718505375295,10298c3fa486ba2721a8f91c2f59649d
5V9E_10600d936e799446ca1630b13bf5f9fb_repeat_1,10600d936e799446ca1630b13bf5f9fb,4779018,5,4,256,104306.4,CNN,EC-NAS,8,1,1,1,243.05816054344177,130383.0,429.14173203148766,10600d936e799446ca1630b13bf5f9fb
5V9E_1062e5ac82f47e5a60a77eaa10a8a523_repeat_1,1062e5ac82f47e5a60a77eaa10a8a523,2453898,5,4,256,92664.0,CNN,EC-NAS,7,0,1,2,200.74791860580444,115830.0,461.59382694252605,1062e5ac82f47e5a60a77eaa10a8a523
5V9E_10841c49a67a175998dc09dfcc7e6f0a_repeat_1,10841c49a67a175998dc09dfcc7e6f0a,3207690,5,4,256,58863.600000000006,CNN,EC-NAS,7,1,0,2,135.55751490592957,73579.5,434.2333956243483,10841c49a67a175998dc09dfcc7e6f0a
5V9E_108b09a0d520f544ecaa09b7d2719d62_repeat_1,108b09a0d520f544ecaa09b7d2719d62,2491173,5,4,256,72126.0,CNN,EC-NAS,8,1,0,2,169.7553117275238,90157.5,424.8821392745004,108b09a0d520f544ecaa09b7d2719d62
5V9E_10a7896342292e4a39eccf9924bcb40e_repeat_1,10a7896342292e4a39eccf9924bcb40e,3822005,5,4,256,107557.2,CNN,EC-NAS,8,2,0,1,234.03103280067444,134446.5,459.58520420497854,10a7896342292e4a39eccf9924bcb40e
5V9E_10b1717c7b43e3322996f2c544d231a4_repeat_1,10b1717c7b43e3322996f2c544d231a4,3468426,5,4,256,65167.2,CNN,EC-NAS,5,1,1,1,154.71045756340027,81459.0,421.2203947059914,10b1717c7b43e3322996f2c544d231a4
5V9E_10b76442ed9558df556b8c1c29c7f688_repeat_1,10b76442ed9558df556b8c1c29c7f688,14000266,5,4,256,163922.4,CNN,EC-NAS,6,1,2,0,333.1106939315796,204903.0,492.09587979685034,10b76442ed9558df556b8c1c29c7f688
5V9E_10c4f20242b36ef19c855bed521d13a5_repeat_1,10c4f20242b36ef19c855bed521d13a5,2277770,5,4,256,85024.8,CNN,EC-NAS,8,0,2,1,198.1036455631256,106281.0,429.1935151335057,10c4f20242b36ef19c855bed521d13a5
5V9E_10d8845960f01a773091c28857b66d19_repeat_1,10d8845960f01a773091c28857b66d19,2277770,5,4,256,90385.2,CNN,EC-NAS,7,0,2,1,195.3019380569458,112981.5,462.79725075562556,10d8845960f01a773091c28857b66d19
5V9E_110b7aac9a70916dc98a68d213212594_repeat_1,110b7aac9a70916dc98a68d213212594,3905290,5,4,256,90432.0,CNN,EC-NAS,7,1,1,1,196.026517868042,113040.0,461.32533997709214,110b7aac9a70916dc98a68d213212594
5V9E_111a2228979725b7c177f24dd8e8e887_repeat_1,111a2228979725b7c177f24dd8e8e887,2735394,5,4,256,95187.59999999999,CNN,EC-NAS,9,1,2,0,224.34036302566528,118984.49999999999,424.29992853809466,111a2228979725b7c177f24dd8e8e887
5V9E_11282d2527bff510beef835aadf92065_repeat_1,11282d2527bff510beef835aadf92065,2507310,5,4,256,73486.8,CNN,EC-NAS,8,1,0,2,169.71777486801147,91858.5,432.9941283825472,11282d2527bff510beef835aadf92065
5V9E_112e2eff170be7b9f249e84d5ef95dec_repeat_1,112e2eff170be7b9f249e84d5ef95dec,1733027,5,4,256,63489.6,CNN,EC-NAS,8,1,1,1,149.59963512420654,79362.0,424.39675703277715,112e2eff170be7b9f249e84d5ef95dec
5V9E_115c3dfab6fd1231dd465ca5a0d5b507_repeat_1,115c3dfab6fd1231dd465ca5a0d5b507,3292298,5,4,256,66204.0,CNN,EC-NAS,5,1,2,0,145.067768573761,82755.0,456.3660187985727,115c3dfab6fd1231dd465ca5a0d5b507
5V9E_1178bf24b50581dd554d7ec81dab8d85_repeat_1,1178bf24b50581dd554d7ec81dab8d85,3831434,5,4,256,106830.0,CNN,EC-NAS,6,0,2,1,208.47273921966553,133537.5,512.4411009318314,1178bf24b50581dd554d7ec81dab8d85
5V9E_119138bb82009b660d068d8136230302_repeat_1,119138bb82009b660d068d8136230302,20510346,5,4,256,145814.4,CNN,EC-NAS,5,2,1,0,281.5625801086426,182268.0,517.8756351207488,119138bb82009b660d068d8136230302
5V9E_1195f68c5846431cd13625bea91e08a7_repeat_1,1195f68c5846431cd13625bea91e08a7,4858304,5,4,256,122022.0,CNN,EC-NAS,9,3,0,0,277.61695432662964,152527.5,439.53367436066344,1195f68c5846431cd13625bea91e08a7
5V9E_11a3b786b26d4dff16cbe0d5714fe261_repeat_1,11a3b786b26d4dff16cbe0d5714fe261,2607912,5,4,256,88848.0,CNN,EC-NAS,8,1,1,1,197.09538078308105,111060.0,450.7868203049578,11a3b786b26d4dff16cbe0d5714fe261
5V9E_11b599e44c5101c56aeca5edb611cf02_repeat_1,11b599e44c5101c56aeca5edb611cf02,967178,5,4,256,41292.0,CNN,EC-NAS,5,0,2,1,107.484619140625,51615.0,384.16659360328174,11b599e44c5101c56aeca5edb611cf02
5V9E_11ce5773627a6bc429030308a0a119ff_repeat_1,11ce5773627a6bc429030308a0a119ff,5532810,5,4,256,73270.8,CNN,EC-NAS,5,2,0,1,169.7407717704773,91588.5,431.6629365811795,11ce5773627a6bc429030308a0a119ff
5V9E_11cf105eabe026946b4fd246cb5dfc53_repeat_1,11cf105eabe026946b4fd246cb5dfc53,2733718,5,4,256,97362.0,CNN,EC-NAS,8,1,2,0,223.15750241279602,121702.5,436.29274815910105,11cf105eabe026946b4fd246cb5dfc53
5V9E_11e5002d3c94408e3256552449a868ea_repeat_1,11e5002d3c94408e3256552449a868ea,3729162,5,4,256,77785.2,CNN,EC-NAS,6,1,2,0,181.0388584136963,97231.5,429.6602435608114,11e5002d3c94408e3256552449a868ea
5V9E_11fcdbd669d7bdee86dd1921d84b76d3_repeat_1,11fcdbd669d7bdee86dd1921d84b76d3,3905290,5,4,256,91573.20000000001,CNN,EC-NAS,7,1,1,1,194.40677452087402,114466.50000000001,471.03914061476047,11fcdbd669d7bdee86dd1921d84b76d3
5V9E_1230f90cad14b71ede6f765cb6ecd276_repeat_1,1230f90cad14b71ede6f765cb6ecd276,4858304,5,4,256,118767.59999999999,CNN,EC-NAS,9,3,0,0,277.6148920059204,148459.5,427.81422546117284,1230f90cad14b71ede6f765cb6ecd276
5V9E_1233482e100d8853a87fbe545e6c1c40_repeat_1,1233482e100d8853a87fbe545e6c1c40,2797220,5,4,256,85352.40000000001,CNN,EC-NAS,7,1,0,2,198.06030082702637,106690.50000000001,430.9414842025385,1233482e100d8853a87fbe545e6c1c40
5V9E_123ded154eabae0f2fdc982272d10170_repeat_1,123ded154eabae0f2fdc982272d10170,12088970,5,4,256,124884.0,CNN,EC-NAS,5,1,1,1,245.91303992271423,156105.0,507.8380554331265,123ded154eabae0f2fdc982272d10170
5V9E_125614ef51d5b378763db82266936901_repeat_1,125614ef51d5b378763db82266936901,6667274,5,4,256,103230.0,CNN,EC-NAS,7,2,1,0,246.46011567115784,129037.5,418.8507325775006,125614ef51d5b378763db82266936901
5V9E_12612e0881975253d69fef7a043d0da5_repeat_1,12612e0881975253d69fef7a043d0da5,2024613,5,4,256,70326.0,CNN,EC-NAS,8,1,1,1,174.44319868087769,87907.5,403.1455541505676,12612e0881975253d69fef7a043d0da5
5V9E_1261d3fff1c8f34fe65fdfa003d08dc8_repeat_1,1261d3fff1c8f34fe65fdfa003d08dc8,1840906,5,4,256,77112.0,CNN,EC-NAS,7,0,2,1,163.02867722511292,96390.0,472.9965384772298,1261d3fff1c8f34fe65fdfa003d08dc8
5V9E_126c84f421ccd4ea66d27360eace70a4_repeat_1,126c84f421ccd4ea66d27360eace70a4,7857930,5,4,256,103363.20000000001,CNN,EC-NAS,7,3,0,0,214.23441648483276,129204.00000000001,482.47710006630916,126c84f421ccd4ea66d27360eace70a4
5V9E_12c516df321ac0a3416713f264b1b88b_repeat_1,12c516df321ac0a3416713f264b1b88b,1452822,5,4,256,52542.0,CNN,EC-NAS,7,1,1,1,118.77499651908875,65677.5,442.3658306868971,12c516df321ac0a3416713f264b1b88b
5V9E_13183f083e91544f95cd30a3f252ac72_repeat_1,13183f083e91544f95cd30a3f252ac72,4518282,5,4,256,102693.59999999999,CNN,EC-NAS,8,1,0,2,223.826007604599,128366.99999999999,458.8099528693462,13183f083e91544f95cd30a3f252ac72
5V9E_131d23891b1097ff93d3e825aa1e7775_repeat_1,131d23891b1097ff93d3e825aa1e7775,708242,5,4,256,46062.0,CNN,EC-NAS,6,0,1,2,112.25960350036621,57577.5,410.3167886197793,131d23891b1097ff93d3e825aa1e7775
5V9E_131e0f44143126494d5e44c4070f0d73_repeat_1,131e0f44143126494d5e44c4070f0d73,6667274,5,4,256,110991.6,CNN,EC-NAS,7,2,1,0,250.2771496772766,138739.5,443.474764448611,131e0f44143126494d5e44c4070f0d73
5V9E_132029a58b1ae75ff8a694fb9d383e54_repeat_1,132029a58b1ae75ff8a694fb9d383e54,12962698,5,4,256,138362.40000000002,CNN,EC-NAS,6,1,1,1,290.4897470474243,172953.00000000003,476.3073444289635,132029a58b1ae75ff8a694fb9d383e54
5V9E_1366824b90a2ce0635897eb39a53638e_repeat_1,1366824b90a2ce0635897eb39a53638e,2017034,5,4,256,67867.2,CNN,EC-NAS,7,0,1,2,167.77906799316406,84834.0,404.50337942493013,1366824b90a2ce0635897eb39a53638e
5V9E_138872d96056dda3a442a83213792b5a_repeat_1,138872d96056dda3a442a83213792b5a,2101642,5,4,256,91778.4,CNN,EC-NAS,7,0,3,0,203.48584651947021,114723.0,451.03087792014236,138872d96056dda3a442a83213792b5a
5V9E_139138e992fbaddb490fb1f640615b69_repeat_1,139138e992fbaddb490fb1f640615b69,2943654,5,4,256,84830.40000000001,CNN,EC-NAS,8,2,0,1,188.91484451293945,106038.00000000001,449.04041404850886,139138e992fbaddb490fb1f640615b69
5V9E_13b1dc8a8509801fd3dd4ef250d2d72b_repeat_1,13b1dc8a8509801fd3dd4ef250d2d72b,3905290,5,4,256,83361.59999999999,CNN,EC-NAS,7,1,1,1,177.34644269943237,104201.99999999999,470.049462121333,13b1dc8a8509801fd3dd4ef250d2d72b
5V9E_13daa1d77d3eb0de3a61abb610527e9d_repeat_1,13daa1d77d3eb0de3a61abb610527e9d,707723,5,4,256,47185.200000000004,CNN,EC-NAS,8,0,1,2,116.86805534362793,58981.50000000001,403.7476268537287,13daa1d77d3eb0de3a61abb610527e9d
5V9E_140ad2205e84f2f5ea1bda878040177d_repeat_1,140ad2205e84f2f5ea1bda878040177d,2959791,5,4,256,81295.20000000001,CNN,EC-NAS,7,2,0,1,186.11578345298767,101619.00000000001,436.7990639575979,140ad2205e84f2f5ea1bda878040177d
5V9E_1418391fb1711b0a60fa056c60196e75_repeat_1,1418391fb1711b0a60fa056c60196e75,2479416,5,4,256,66384.0,CNN,EC-NAS,6,2,1,0,146.84579229354858,82980.0,452.0660685142183,1418391fb1711b0a60fa056c60196e75
5V9E_1431500f012744c4bcb0bd513ef43cc7_repeat_1,1431500f012744c4bcb0bd513ef43cc7,7104138,5,4,256,118918.8,CNN,EC-NAS,8,2,1,0,283.5903215408325,148648.5,419.3330694569475,1431500f012744c4bcb0bd513ef43cc7
5V9E_14380d65e7963924b9f451953f68b857_repeat_1,14380d65e7963924b9f451953f68b857,1143306,5,4,256,48873.6,CNN,EC-NAS,7,0,1,2,120.85710167884827,61092.0,404.3916271455117,14380d65e7963924b9f451953f68b857
5V9E_14384aae24e93b75234e3c7279a3cc8f_repeat_1,14384aae24e93b75234e3c7279a3cc8f,4342154,5,4,256,99025.2,CNN,EC-NAS,8,1,1,1,215.75819182395935,123781.5,458.9638018508993,14384aae24e93b75234e3c7279a3cc8f
5V9E_1444454de59fd2b4288255af0b9c6a5e_repeat_1,1444454de59fd2b4288255af0b9c6a5e,13836426,5,4,256,171144.0,CNN,EC-NAS,7,1,1,1,342.79996514320374,213930.0,499.2532596335156,1444454de59fd2b4288255af0b9c6a5e
5V9E_147812b5eaf3f428c19ce4273f141ab6_repeat_1,147812b5eaf3f428c19ce4273f141ab6,5356682,5,4,256,76158.0,CNN,EC-NAS,6,2,1,0,167.87758231163025,95197.5,453.6519942170022,147812b5eaf3f428c19ce4273f141ab6
5V9E_1481e29009dabff8ed3c8ef2bcf914bf_repeat_1,1481e29009dabff8ed3c8ef2bcf914bf,709918,5,4,256,54579.600000000006,CNN,EC-NAS,7,0,1,2,115.4187593460083,68224.5,472.88326706387886,1481e29009dabff8ed3c8ef2bcf914bf
5V9E_149f3dbe9f0c295a172e5bd0a237870c_repeat_1,149f3dbe9f0c295a172e5bd0a237870c,3831434,5,4,256,97304.40000000001,CNN,EC-NAS,5,0,2,1,203.94178223609924,121630.50000000001,477.1185135930247,149f3dbe9f0c295a172e5bd0a237870c
5V9E_14beb4479ce1634d0d664d77887893ef_repeat_1,14beb4479ce1634d0d664d77887893ef,7104138,5,4,256,128185.2,CNN,EC-NAS,8,2,1,0,285.65841031074524,160231.5,448.7359565592955,14beb4479ce1634d0d664d77887893ef
5V9E_14cdde734ad34634d76294f5a3cf14b9_repeat_1,14cdde734ad34634d76294f5a3cf14b9,967178,5,4,256,41961.6,CNN,EC-NAS,5,0,2,1,108.22048234939575,52452.0,387.7417572814421,14cdde734ad34634d76294f5a3cf14b9
5V9E_14d3e5f023a1800b836f4bf37edddab7_repeat_1,14d3e5f023a1800b836f4bf37edddab7,1750321,5,4,256,56048.4,CNN,EC-NAS,7,1,1,1,143.90593957901,70060.5,389.4794069234872,14d3e5f023a1800b836f4bf37edddab7
5V9E_14d6e730bcb7858d99a558fbf102e5ba_repeat_1,14d6e730bcb7858d99a558fbf102e5ba,3831434,5,4,256,100843.2,CNN,EC-NAS,6,0,2,1,210.19255423545837,126054.0,479.76580505813314,14d6e730bcb7858d99a558fbf102e5ba
5V9E_14de738a6a6035a802ce010feacb3575_repeat_1,14de738a6a6035a802ce010feacb3575,8731658,5,4,256,123832.79999999999,CNN,EC-NAS,7,3,0,0,263.45048999786377,154791.0,470.0420181454364,14de738a6a6035a802ce010feacb3575
5V9E_155ca712ca2397522e78244f236bfcaa_repeat_1,155ca712ca2397522e78244f236bfcaa,10177674,5,4,256,85986.0,CNN,EC-NAS,5,1,0,2,164.6582362651825,107482.5,522.2089216449478,155ca712ca2397522e78244f236bfcaa
5V9E_15bf3b120d2ba071399f15add52121a7_repeat_1,15bf3b120d2ba071399f15add52121a7,2378295,5,4,256,52750.799999999996,CNN,EC-NAS,6,2,0,1,124.97947287559509,65938.5,422.0757120051889,15bf3b120d2ba071399f15add52121a7
5V9E_15e4cdc253b491ce50ad7ca393f043d3_repeat_1,15e4cdc253b491ce50ad7ca393f043d3,3905290,5,4,256,78850.8,CNN,EC-NAS,7,1,1,1,178.7619686126709,98563.5,441.09382220358333,15e4cdc253b491ce50ad7ca393f043d3
5V9E_15f0a0b7f3ec4b76bddd4556828b5720_repeat_1,15f0a0b7f3ec4b76bddd4556828b5720,2898341,5,4,256,99198.0,CNN,EC-NAS,9,1,1,1,229.56987237930298,123997.5,432.10373805540894,15f0a0b7f3ec4b76bddd4556828b5720
5V9E_16183642f4803d23f7cc7f17d72a7adf_repeat_1,16183642f4803d23f7cc7f17d72a7adf,12962698,5,4,256,142462.8,CNN,EC-NAS,7,1,1,1,296.7443175315857,178078.5,480.0860255220764,16183642f4803d23f7cc7f17d72a7adf
5V9E_1618f6563013445b1d029a1fc27d4065_repeat_1,1618f6563013445b1d029a1fc27d4065,1871747,5,4,256,81288.0,CNN,EC-NAS,9,0,1,2,189.87030172348022,101610.0,428.1238259071432,1618f6563013445b1d029a1fc27d4065
5V9E_163cb99587091a31ca73763dda936b86_repeat_1,163cb99587091a31ca73763dda936b86,19472778,5,4,256,122796.0,CNN,EC-NAS,4,2,0,1,237.67300963401794,153495.0,516.6594229150718,163cb99587091a31ca73763dda936b86
5V9E_168400158d4eedc0fcd1cb45ecef1f6e_repeat_1,168400158d4eedc0fcd1cb45ecef1f6e,23131530,5,4,256,216104.4,CNN,EC-NAS,7,2,1,0,420.4795093536377,270130.5,513.9475175192158,168400158d4eedc0fcd1cb45ecef1f6e
5V9E_168e95938db8e7c52112e58c0f292079_repeat_1,168e95938db8e7c52112e58c0f292079,1404042,4,4,256,62305.2,CNN,EC-NAS,4,0,2,0,138.32874202728271,77881.5,450.41398545872323,168e95938db8e7c52112e58c0f292079
5V9E_16d895d349bc445be9e7b4c3f4bc9278_repeat_1,16d895d349bc445be9e7b4c3f4bc9278,3468426,5,4,256,77090.4,CNN,EC-NAS,6,1,1,1,162.28557562828064,96363.0,475.0292791059729,16d895d349bc445be9e7b4c3f4bc9278
5V9E_16d97201aa9c6389b66e74adb0aa1c39_repeat_1,16d97201aa9c6389b66e74adb0aa1c39,1756298,5,4,256,67449.59999999999,CNN,EC-NAS,8,0,0,3,148.3834307193756,84311.99999999999,454.56288261430905,16d97201aa9c6389b66e74adb0aa1c39
5V9E_16f71e243cd95bd8ae779d1f668fcca6_repeat_1,16f71e243cd95bd8ae779d1f668fcca6,1452822,5,4,256,51944.4,CNN,EC-NAS,6,1,1,1,114.6163604259491,64930.5,453.2023160302673,16f71e243cd95bd8ae779d1f668fcca6
5V9E_1722d153664ff5e17ba2c22719f82a6f_repeat_1,1722d153664ff5e17ba2c22719f82a6f,2277770,5,4,256,80330.40000000001,CNN,EC-NAS,8,0,2,1,193.96426844596863,100413.00000000001,414.15050639792,1722d153664ff5e17ba2c22719f82a6f
5V9E_172757e86906bbff3c11cf645f09d014_repeat_1,172757e86906bbff3c11cf645f09d014,1756298,5,4,256,73479.59999999999,CNN,EC-NAS,9,0,0,3,168.99083018302917,91849.49999999999,434.8141252422769,172757e86906bbff3c11cf645f09d014
5V9E_1761b2af18b2d76cf777714926f70a65_repeat_1,1761b2af18b2d76cf777714926f70a65,13836426,5,4,256,170146.8,CNN,EC-NAS,8,1,1,1,346.7949628829956,212683.5,490.6265032961434,1761b2af18b2d76cf777714926f70a65
5V9E_177114c52e26b9270faa18f7b23b73f2_repeat_1,177114c52e26b9270faa18f7b23b73f2,2739498,5,4,256,104781.6,CNN,EC-NAS,9,1,2,0,224.73432087898254,130977.0,466.2465420954727,177114c52e26b9270faa18f7b23b73f2
5V9E_178a3b6372dc01e97baff9a6c19bcde1_repeat_1,178a3b6372dc01e97baff9a6c19bcde1,3905290,5,4,256,84553.2,CNN,EC-NAS,7,1,1,1,176.53772807121277,105691.5,478.95257814744537,178a3b6372dc01e97baff9a6c19bcde1
5V9E_17b66c37699dcd5611560579ea921465_repeat_1,17b66c37699dcd5611560579ea921465,2036127,5,4,256,74998.8,CNN,EC-NAS,8,1,1,1,177.9357931613922,93748.5,421.4936110801171,17b66c37699dcd5611560579ea921465
5V9E_17d5a2cbfe57619a4d44427cabbe086b_repeat_1,17d5a2cbfe57619a4d44427cabbe086b,2618269,5,4,256,88808.4,CNN,EC-NAS,8,1,1,1,195.71408319473267,111010.5,453.7660169893698,17d5a2cbfe57619a4d44427cabbe086b
5V9E_17d670321ff275760fb872c46d9f3c7f_repeat_1,17d670321ff275760fb872c46d9f3c7f,3729162,5,4,256,81388.8,CNN,EC-NAS,7,1,2,0,188.01114320755005,101736.0,432.8934903084597,17d670321ff275760fb872c46d9f3c7f
5V9E_17d8cb8b16d28dc69787ab10c856dd26_repeat_1,17d8cb8b16d28dc69787ab10c856dd26,4342154,5,4,256,90428.4,CNN,EC-NAS,8,1,1,1,207.00947284698486,113035.5,436.8321833602365,17d8cb8b16d28dc69787ab10c856dd26
5V9E_181516b2498e6861264498bd957a4fa1_repeat_1,181516b2498e6861264498bd957a4fa1,2622759,5,4,256,82476.0,CNN,EC-NAS,8,1,1,1,191.78940200805664,103095.0,430.03418925376997,181516b2498e6861264498bd957a4fa1
5V9E_181e0ab0d9a20c546658d2328e17bfce_repeat_1,181e0ab0d9a20c546658d2328e17bfce,1583646,5,4,256,74628.0,CNN,EC-NAS,8,0,1,2,164.95328068733215,93285.0,452.4190103345497,181e0ab0d9a20c546658d2328e17bfce
5V9E_1824360558719d992becd9a29566b96d_repeat_1,1824360558719d992becd9a29566b96d,3905290,5,4,256,80560.79999999999,CNN,EC-NAS,6,1,1,1,173.12531638145447,100700.99999999999,465.3322904115127,1824360558719d992becd9a29566b96d
5V9E_183f73d72114dc3d6a17da37e73d8c81_repeat_1,183f73d72114dc3d6a17da37e73d8c81,1143306,5,4,256,56422.799999999996,CNN,EC-NAS,6,0,1,2,121.94984722137451,70528.5,462.672166350288,183f73d72114dc3d6a17da37e73d8c81
5V9E_189379de02661389f5df8b53480a7a61_repeat_1,189379de02661389f5df8b53480a7a61,3905290,5,4,256,84351.6,CNN,EC-NAS,8,1,1,1,199.6025288105011,105439.5,422.5978523552767,189379de02661389f5df8b53480a7a61
5V9E_18c1a652bd55d7dfad873c78e3b1a32d_repeat_1,18c1a652bd55d7dfad873c78e3b1a32d,4779018,5,4,256,110930.40000000001,CNN,EC-NAS,8,1,1,1,245.1837077140808,138663.0,452.4378925265323,18c1a652bd55d7dfad873c78e3b1a32d
5V9E_18d8a772efd4db25388600c73ded8f3b_repeat_1,18d8a772efd4db25388600c73ded8f3b,1404042,5,4,256,63194.4,CNN,EC-NAS,7,0,2,1,147.51183915138245,78993.0,428.4022242794182,18d8a772efd4db25388600c73ded8f3b
5V9E_18da6c55554c87772de12c7e95ea24b6_repeat_1,18da6c55554c87772de12c7e95ea24b6,11925130,5,4,256,121705.19999999998,CNN,EC-NAS,7,1,0,2,257.84746837615967,152131.49999999997,472.00463423767604,18da6c55554c87772de12c7e95ea24b6
5V9E_18e7e3d39b5b57052ca70818bd8382e4_repeat_1,18e7e3d39b5b57052ca70818bd8382e4,20510346,5,4,256,127616.40000000001,CNN,EC-NAS,4,2,1,0,269.71137952804565,159520.5,473.1591237392709,18e7e3d39b5b57052ca70818bd8382e4
5V9E_19092e5d6cd57f13de1b98f46e22aa22_repeat_1,19092e5d6cd57f13de1b98f46e22aa22,3667594,4,4,256,103881.6,CNN,EC-NAS,5,0,1,1,207.7911400794983,129852.0,499.9327688382489,19092e5d6cd57f13de1b98f46e22aa22
5V9E_191e9f7211faad8db6df67f4e23e689e_repeat_1,191e9f7211faad8db6df67f4e23e689e,999828,5,4,256,67921.2,CNN,EC-NAS,9,0,1,2,146.5796036720276,84901.5,463.3741550562105,191e9f7211faad8db6df67f4e23e689e
5V9E_192cb2babc0da087aff9245b6ab10649_repeat_1,192cb2babc0da087aff9245b6ab10649,11215242,5,4,256,103579.2,CNN,EC-NAS,5,1,1,1,201.85251760482788,129474.0,513.1429680891065,192cb2babc0da087aff9245b6ab10649
5V9E_194a83d5e93f1f9d76d78efa16c9946c_repeat_1,194a83d5e93f1f9d76d78efa16c9946c,13836426,5,4,256,168998.4,CNN,EC-NAS,7,1,1,1,341.3713045120239,211248.0,495.0574279861518,194a83d5e93f1f9d76d78efa16c9946c
5V9E_194ab68b794e6f5e3002beac202d07cd_repeat_1,194ab68b794e6f5e3002beac202d07cd,2328359,5,4,256,75974.40000000001,CNN,EC-NAS,8,1,1,1,170.5980134010315,94968.00000000001,445.34164545869584,194ab68b794e6f5e3002beac202d07cd
5V9E_19635beec1d45bf61e0bb91063b2f6e5_repeat_1,19635beec1d45bf61e0bb91063b2f6e5,1404042,5,4,256,61225.200000000004,CNN,EC-NAS,6,0,2,1,143.5068187713623,76531.5,426.636173278603,19635beec1d45bf61e0bb91063b2f6e5
5V9E_1965d5ec723711e8cb36cbb979d90b3f_repeat_1,1965d5ec723711e8cb36cbb979d90b3f,2277770,4,4,256,73152.0,CNN,EC-NAS,6,0,2,0,185.25587368011475,91440.0,394.8700710365228,1965d5ec723711e8cb36cbb979d90b3f
5V9E_19c3f9ced88671faf28fa3e878462590_repeat_1,19c3f9ced88671faf28fa3e878462590,21220234,5,4,256,151858.8,CNN,EC-NAS,7,2,0,1,333.2381901741028,189823.5,455.7064720603008,19c3f9ced88671faf28fa3e878462590
5V9E_19ddc945f3e7c49c7e44c11b6f78ae7d_repeat_1,19ddc945f3e7c49c7e44c11b6f78ae7d,5742730,5,4,256,138297.6,CNN,EC-NAS,7,0,3,0,295.75891160964966,172872.0,467.60247813776374,19ddc945f3e7c49c7e44c11b6f78ae7d
5V9E_1a23d766bc88a66c08a77daa62511899_repeat_1,1a23d766bc88a66c08a77daa62511899,11925130,4,4,256,125308.79999999999,CNN,EC-NAS,5,1,0,1,245.87108516693115,156636.0,509.65244617895235,1a23d766bc88a66c08a77daa62511899
5V9E_1a717a953c1b54d8ae631da77bd62b2c_repeat_1,1a717a953c1b54d8ae631da77bd62b2c,3468426,5,4,256,71614.8,CNN,EC-NAS,5,1,1,1,156.57985305786133,89518.5,457.3691864018803,1a717a953c1b54d8ae631da77bd62b2c
5V9E_1a85964080eefef58abe29b5f6d8e07d_repeat_1,1a85964080eefef58abe29b5f6d8e07d,12088970,5,4,256,119127.6,CNN,EC-NAS,5,1,1,1,244.60154271125793,148909.5,487.02718175667945,1a85964080eefef58abe29b5f6d8e07d
5V9E_1ab2bc0462b9cf0a81c0acb0e6f963f9_repeat_1,1ab2bc0462b9cf0a81c0acb0e6f963f9,12962698,5,4,256,148856.4,CNN,EC-NAS,7,1,1,1,297.89613819122314,186070.5,499.6922783350997,1ab2bc0462b9cf0a81c0acb0e6f963f9
5V9E_1abd38f808cf549fd8bf8c4499a8b84b_repeat_1,1abd38f808cf549fd8bf8c4499a8b84b,3643054,5,4,256,105757.2,CNN,EC-NAS,8,2,1,0,232.18438148498535,132196.5,455.4880019216064,1abd38f808cf549fd8bf8c4499a8b84b
5V9E_1ad28df0513677f7dccd24cc7224d002_repeat_1,1ad28df0513677f7dccd24cc7224d002,3905290,5,4,256,71809.2,CNN,EC-NAS,6,1,1,1,169.33029961585999,89761.5,424.0776763692334,1ad28df0513677f7dccd24cc7224d002
5V9E_1ae5551b973f460743db65219af7898c_repeat_1,1ae5551b973f460743db65219af7898c,12088970,5,4,256,113410.80000000002,CNN,EC-NAS,6,1,1,1,242.502201795578,141763.50000000003,467.66915582730206,1ae5551b973f460743db65219af7898c
5V9E_1af995a92568cf42af2c2668f72834ea_repeat_1,1af995a92568cf42af2c2668f72834ea,3468426,4,4,256,68688.0,CNN,EC-NAS,4,1,1,0,153.2111439704895,85860.0,448.3224798140677,1af995a92568cf42af2c2668f72834ea
5V9E_1b173671e1025387db3b84aac48bfce3_repeat_1,1b173671e1025387db3b84aac48bfce3,4602890,5,4,256,102654.0,CNN,EC-NAS,7,1,2,0,232.54865837097168,128317.5,441.4301966698165,1b173671e1025387db3b84aac48bfce3
5V9E_1b1af5e7263f08131f88700c1e51f06d_repeat_1,1b1af5e7263f08131f88700c1e51f06d,708242,5,4,256,56818.799999999996,CNN,EC-NAS,8,0,1,2,115.31626677513123,71023.5,492.7214658344574,1b1af5e7263f08131f88700c1e51f06d
5V9E_1b39eb172327a347bd3c9e71e37266a7_repeat_1,1b39eb172327a347bd3c9e71e37266a7,3468426,5,4,256,76989.59999999999,CNN,EC-NAS,7,1,1,1,163.06570982933044,96236.99999999999,472.13850220613307,1b39eb172327a347bd3c9e71e37266a7
5V9E_1b40eb8f069f2c0311dd6114c0546f3e_repeat_1,1b40eb8f069f2c0311dd6114c0546f3e,22257802,5,4,256,188006.4,CNN,EC-NAS,6,2,1,0,375.1336967945099,235008.0,501.17171986014847,1b40eb8f069f2c0311dd6114c0546f3e
5V9E_1b82c143cf95bc50d470e5a800b9732b_repeat_1,1b82c143cf95bc50d470e5a800b9732b,1143306,5,4,256,54788.4,CNN,EC-NAS,5,0,1,2,118.24929022789001,68485.5,463.3296309382645,1b82c143cf95bc50d470e5a800b9732b
5V9E_1b8e8138da171b7f7bc6847a29092e33_repeat_1,1b8e8138da171b7f7bc6847a29092e33,4342154,5,4,256,84042.0,CNN,EC-NAS,7,1,1,1,202.81473016738892,105052.5,414.37818609446015,1b8e8138da171b7f7bc6847a29092e33
5V9E_1b9b2bee75089223b0c91f6164dcea53_repeat_1,1b9b2bee75089223b0c91f6164dcea53,14000266,5,4,256,148323.6,CNN,EC-NAS,7,1,2,0,328.88789415359497,185404.5,450.9852829387844,1b9b2bee75089223b0c91f6164dcea53
5V9E_1bafa2145f1f3cc8f3fa9f576486eb07_repeat_1,1bafa2145f1f3cc8f3fa9f576486eb07,3948968,5,4,256,114789.59999999999,CNN,EC-NAS,8,2,1,0,261.5446240901947,143487.0,438.89107030704764,1bafa2145f1f3cc8f3fa9f576486eb07
5V9E_1bc4bb708f324773ab674349456ee4f2_repeat_1,1bc4bb708f324773ab674349456ee4f2,4602890,5,4,256,105548.40000000001,CNN,EC-NAS,7,1,2,0,231.48076224327087,131935.5,455.9705047500909,1bc4bb708f324773ab674349456ee4f2
5V9E_1bcc1380463cdafa941f0565f92dd4c8_repeat_1,1bcc1380463cdafa941f0565f92dd4c8,2959791,5,4,256,87033.59999999999,CNN,EC-NAS,8,2,0,1,190.60244393348694,108791.99999999999,456.62373579203125,1bcc1380463cdafa941f0565f92dd4c8
5V9E_1bd091c47744cca560c92201f6538b3c_repeat_1,1bd091c47744cca560c92201f6538b3c,4342154,5,4,256,98143.20000000001,CNN,EC-NAS,7,1,1,1,211.04770684242249,122679.00000000001,465.0285069113688,1bd091c47744cca560c92201f6538b3c
5V9E_1bf4bc2c5d526ebc6f947c5c3a1ddffb_repeat_1,1bf4bc2c5d526ebc6f947c5c3a1ddffb,4166026,5,4,256,90349.20000000001,CNN,EC-NAS,6,1,2,0,196.93260884284973,112936.50000000001,458.7823242218752,1bf4bc2c5d526ebc6f947c5c3a1ddffb
5V9E_1bfa7957f1ea9af173084809355ed3bb_repeat_1,1bfa7957f1ea9af173084809355ed3bb,2105744,5,4,256,105382.8,CNN,EC-NAS,9,0,3,0,246.486079454422,131728.5,427.5405744342915,1bfa7957f1ea9af173084809355ed3bb
5V9E_1c00375f925aaabe9e71b8b08d940dd6_repeat_1,1c00375f925aaabe9e71b8b08d940dd6,823691,5,4,256,46670.4,CNN,EC-NAS,7,0,2,1,130.0913906097412,58338.0,358.750873376438,1c00375f925aaabe9e71b8b08d940dd6
5V9E_1c005df384d2ad9ab5840d5f6e82262d_repeat_1,1c005df384d2ad9ab5840d5f6e82262d,2975370,5,4,256,98395.2,CNN,EC-NAS,8,0,3,0,249.9243142604828,122994.0,393.6999898995339,1c005df384d2ad9ab5840d5f6e82262d
5V9E_1c2aa372ff90d1b9f0936b462921488f_repeat_1,1c2aa372ff90d1b9f0936b462921488f,3644554,5,4,256,81813.6,CNN,EC-NAS,8,1,0,2,174.91660356521606,102267.0,467.7291825501091,1c2aa372ff90d1b9f0936b462921488f
5V9E_1c55c090418392ca8859a64eeced7718_repeat_1,1c55c090418392ca8859a64eeced7718,3905290,5,4,256,81511.2,CNN,EC-NAS,6,1,1,1,172.7892518043518,101889.0,471.73767551406854,1c55c090418392ca8859a64eeced7718
5V9E_1c6a32fba38f66cd4049e4560daad88d_repeat_1,1c6a32fba38f66cd4049e4560daad88d,21384074,5,4,256,164246.4,CNN,EC-NAS,6,2,1,0,332.0399510860443,205308.0,494.65854775239814,1c6a32fba38f66cd4049e4560daad88d
5V9E_1c6b16481709eac22372503e72f81e07_repeat_1,1c6b16481709eac22372503e72f81e07,5532810,5,4,256,82814.4,CNN,EC-NAS,6,2,0,1,177.31468749046326,103518.0,467.04760430212025,1c6b16481709eac22372503e72f81e07
5V9E_1c7e2c29b14e65a6b4c2f00ce75a8ab0_repeat_1,1c7e2c29b14e65a6b4c2f00ce75a8ab0,1756298,5,4,256,70556.4,CNN,EC-NAS,8,0,0,3,150.4853892326355,88195.5,468.8588065578034,1c7e2c29b14e65a6b4c2f00ce75a8ab0
5V9E_1c97cac7c04e1d628b91a4a91fe3d7d8_repeat_1,1c97cac7c04e1d628b91a4a91fe3d7d8,1990295,5,4,256,93114.0,CNN,EC-NAS,7,0,2,1,212.791170835495,116392.5,437.58394502178265,1c97cac7c04e1d628b91a4a91fe3d7d8
5V9E_1ca7a0759b04e3e871b9391849ff5914_repeat_1,1ca7a0759b04e3e871b9391849ff5914,2770826,5,4,256,48358.8,CNN,EC-NAS,5,1,0,2,98.52973413467407,60448.5,490.80412552317875,1ca7a0759b04e3e871b9391849ff5914
5V9E_1cbac640ce14c917844e0bdf075eccbd_repeat_1,1cbac640ce14c917844e0bdf075eccbd,1404042,5,4,256,62262.00000000001,CNN,EC-NAS,6,0,2,1,141.7321937084198,77827.50000000001,439.29327819541993,1cbac640ce14c917844e0bdf075eccbd
5V9E_1cd3075dacd68bc6fd43ba6d2870a431_repeat_1,1cd3075dacd68bc6fd43ba6d2870a431,23131530,5,4,256,215398.8,CNN,EC-NAS,8,2,1,0,431.46624422073364,269248.5,499.22514886194483,1cd3075dacd68bc6fd43ba6d2870a431
5V9E_1cf15711be253e13277d4d2b987ef8b2_repeat_1,1cf15711be253e13277d4d2b987ef8b2,2630026,5,4,256,91728.0,CNN,EC-NAS,6,0,0,3,175.89215660095215,114660.0,521.5013663633905,1cf15711be253e13277d4d2b987ef8b2
5V9E_1d11121dfdee3abb8dc2d569935a31fa_repeat_1,1d11121dfdee3abb8dc2d569935a31fa,6406538,5,4,256,110030.40000000001,CNN,EC-NAS,8,2,0,1,228.41301012039185,137538.0,481.71686867576074,1d11121dfdee3abb8dc2d569935a31fa
5V9E_1d140827f7074823c50ea9936ef64de9_repeat_1,1d140827f7074823c50ea9936ef64de9,2017034,5,4,256,83131.20000000001,CNN,EC-NAS,8,0,1,2,177.0191366672516,103914.00000000001,469.61702313724606,1d140827f7074823c50ea9936ef64de9
5V9E_1d3498b7cde5555dce1e27bf18e8b3fd_repeat_1,1d3498b7cde5555dce1e27bf18e8b3fd,882570,5,4,256,57632.399999999994,CNN,EC-NAS,8,0,0,3,121.84010028839111,72040.5,473.0166822219137,1d3498b7cde5555dce1e27bf18e8b3fd
5V9E_1d3568426cc3f3701fe702309e9e1007_repeat_1,1d3568426cc3f3701fe702309e9e1007,6406538,5,4,256,107676.0,CNN,EC-NAS,7,2,0,1,224.45868396759033,134595.0,479.7141197510869,1d3568426cc3f3701fe702309e9e1007
5V9E_1d53d7770dae90f56be3271a4cec0b3c_repeat_1,1d53d7770dae90f56be3271a4cec0b3c,12962698,5,4,256,133282.8,CNN,EC-NAS,6,1,1,1,285.90810775756836,166603.5,466.17355850927885,1d53d7770dae90f56be3271a4cec0b3c
5V9E_1d767cf01970750da43b4314a531ad08_repeat_1,1d767cf01970750da43b4314a531ad08,6667274,5,4,256,95778.0,CNN,EC-NAS,7,2,1,0,243.10600590705872,119722.5,393.9762806049994,1d767cf01970750da43b4314a531ad08
5V9E_1dbc73a8cef7d5d4d5dbdd55d3420bc7_repeat_1,1dbc73a8cef7d5d4d5dbdd55d3420bc7,6406538,5,4,256,103147.2,CNN,EC-NAS,6,2,0,1,223.92072772979736,128934.0,460.64158975254213,1dbc73a8cef7d5d4d5dbdd55d3420bc7
5V9E_1dbdd03ee48237482e58d1c57fd005b6_repeat_1,1dbdd03ee48237482e58d1c57fd005b6,5095946,5,4,256,68212.8,CNN,EC-NAS,5,2,0,1,137.03858184814453,85266.0,497.7634698204051,1dbdd03ee48237482e58d1c57fd005b6
5V9E_1ddc57298f4f542d3ff83aae012ea03f_repeat_1,1ddc57298f4f542d3ff83aae012ea03f,2036127,5,4,256,81831.6,CNN,EC-NAS,9,1,1,1,183.91187238693237,102289.5,444.9500673226491,1ddc57298f4f542d3ff83aae012ea03f
5V9E_1e155b5ee21d8b72ae9a629a4eb7f73b_repeat_1,1e155b5ee21d8b72ae9a629a4eb7f73b,12088970,5,4,256,124484.4,CNN,EC-NAS,5,1,1,1,245.87206029891968,155605.5,506.29746156866184,1e155b5ee21d8b72ae9a629a4eb7f73b
5V9E_1e66789efce6107beeadaab1b7bb2889_repeat_1,1e66789efce6107beeadaab1b7bb2889,2725170,5,4,256,96242.40000000001,CNN,EC-NAS,8,1,2,0,221.48133850097656,120303.00000000001,434.53954473719983,1e66789efce6107beeadaab1b7bb2889
5V9E_1e7f1d2d7520bb6fa57dcf6aa81e3aff_repeat_1,1e7f1d2d7520bb6fa57dcf6aa81e3aff,1466388,5,4,256,62107.2,CNN,EC-NAS,8,0,0,3,140.2213580608368,77634.0,442.9225394683028,1e7f1d2d7520bb6fa57dcf6aa81e3aff
5V9E_1ee3d74a3fa8fc0ad24386997343c65c_repeat_1,1ee3d74a3fa8fc0ad24386997343c65c,3031562,5,4,256,47790.0,CNN,EC-NAS,5,1,1,1,119.91395974159241,59737.5,398.53575099166653,1ee3d74a3fa8fc0ad24386997343c65c
5V9E_1ef68199717e1f4fbcb9a58238fd4296_repeat_1,1ef68199717e1f4fbcb9a58238fd4296,2017034,5,4,256,68724.0,CNN,EC-NAS,8,0,1,2,167.4874300956726,85905.0,410.3233297014785,1ef68199717e1f4fbcb9a58238fd4296
5V9E_1ef6c4fce85ecb7e27df0b1abefb5942_repeat_1,1ef6c4fce85ecb7e27df0b1abefb5942,4166026,5,4,256,94485.59999999999,CNN,EC-NAS,8,1,2,0,222.37243056297302,118106.99999999999,424.8979954969862,1ef6c4fce85ecb7e27df0b1abefb5942
5V9E_1efdbed8f5c188bedce370d7ea7e13c0_repeat_1,1efdbed8f5c188bedce370d7ea7e13c0,11215242,5,4,256,102038.40000000001,CNN,EC-NAS,5,1,1,1,200.9394211769104,127548.00000000001,507.8067777958,1efdbed8f5c188bedce370d7ea7e13c0
5V9E_1f37bbb525aff5ea9c2faa91af70535b_repeat_1,1f37bbb525aff5ea9c2faa91af70535b,3667594,5,4,256,108856.8,CNN,EC-NAS,6,0,1,2,215.4905071258545,136071.0,505.15821532882455,1f37bbb525aff5ea9c2faa91af70535b
5V9E_1f70e547568647fe7aa5fd5add082967_repeat_1,1f70e547568647fe7aa5fd5add082967,1815834,5,4,256,92091.59999999999,CNN,EC-NAS,8,0,3,0,213.20479106903076,115114.49999999999,431.93963671380567,1f70e547568647fe7aa5fd5add082967
5V9E_1f9b6b112b03dff8eaaf7b7903034ab4_repeat_1,1f9b6b112b03dff8eaaf7b7903034ab4,11051402,5,4,256,104727.59999999999,CNN,EC-NAS,6,1,0,2,212.83292365074158,130909.49999999999,492.0648469400241,1f9b6b112b03dff8eaaf7b7903034ab4
5V9E_1fe695a5fa2704ec1ed15f697154ce29_repeat_1,1fe695a5fa2704ec1ed15f697154ce29,1923492,5,4,256,74422.8,CNN,EC-NAS,9,1,0,2,158.64416241645813,93028.5,469.11779712783937,1fe695a5fa2704ec1ed15f697154ce29
5V9E_1feca4c69034baff6c0e7015bd24f319_repeat_1,1feca4c69034baff6c0e7015bd24f319,2453898,5,4,256,82098.0,CNN,EC-NAS,9,0,1,2,201.58373022079468,102622.5,407.2650104751909,1feca4c69034baff6c0e7015bd24f319
5V9E_2025ff33654984eba2471bbd7ac116da_repeat_1,2025ff33654984eba2471bbd7ac116da,12088970,5,4,256,114897.6,CNN,EC-NAS,5,1,1,1,240.36582708358765,143622.0,478.01137705005027,2025ff33654984eba2471bbd7ac116da
5V9E_2027ea6e2410ec68a87decefbd04be60_repeat_1,2027ea6e2410ec68a87decefbd04be60,6406538,5,4,256,112168.8,CNN,EC-NAS,8,2,0,1,229.57047367095947,140211.0,488.60290352830896,2027ea6e2410ec68a87decefbd04be60
5V9E_206abba29aef99aa451391916cd054bb_repeat_1,206abba29aef99aa451391916cd054bb,1633582,5,4,256,56934.0,CNN,EC-NAS,7,1,0,2,123.43420338630676,71167.5,461.24978683433545,206abba29aef99aa451391916cd054bb
5V9E_2096154153778879c4d0675859962b8f_repeat_1,2096154153778879c4d0675859962b8f,2199587,5,4,256,66434.40000000001,CNN,EC-NAS,7,1,0,2,142.6045184135437,83043.00000000001,465.8646215356559,2096154153778879c4d0675859962b8f
5V9E_20ab45c82446286868d9644e8cf60fde_repeat_1,20ab45c82446286868d9644e8cf60fde,3905290,5,4,256,84672.0,CNN,EC-NAS,7,1,1,1,198.7379240989685,105840.0,426.0485278986542,20ab45c82446286868d9644e8cf60fde
5V9E_20e8df0e1fd5f088cd2aa6094809b175_repeat_1,20e8df0e1fd5f088cd2aa6094809b175,12798858,5,4,256,157924.8,CNN,EC-NAS,7,1,0,2,300.7960181236267,197406.0,525.0229075010333,20e8df0e1fd5f088cd2aa6094809b175
5V9E_20f1cc3c3e8f119daad2d16cc7bad7cb_repeat_1,20f1cc3c3e8f119daad2d16cc7bad7cb,2328359,5,4,256,77328.0,CNN,EC-NAS,7,1,1,1,163.80348205566406,96660.0,472.07787667005897,20f1cc3c3e8f119daad2d16cc7bad7cb
5V9E_20f72e702bfe63b69ce4d6af07eebb0a_repeat_1,20f72e702bfe63b69ce4d6af07eebb0a,20346506,5,4,256,135795.6,CNN,EC-NAS,5,2,0,1,280.6400499343872,169744.5,483.87819212456884,20f72e702bfe63b69ce4d6af07eebb0a
5V9E_20f731183cc6c5fb2f941e3f8e37cf5e_repeat_1,20f731183cc6c5fb2f941e3f8e37cf5e,2775106,5,4,256,70765.2,CNN,EC-NAS,7,2,1,0,175.3041548728943,88456.5,403.670980025025,20f731183cc6c5fb2f941e3f8e37cf5e
5V9E_213c8796ff1fd570d4e5347fe5e5282b_repeat_1,213c8796ff1fd570d4e5347fe5e5282b,3207690,5,4,256,69368.40000000001,CNN,EC-NAS,6,1,0,2,137.98544812202454,86710.50000000001,502.7225765042667,213c8796ff1fd570d4e5347fe5e5282b
5V9E_2143ae45a009dcab2504566c174e2d43_repeat_1,2143ae45a009dcab2504566c174e2d43,1840906,5,4,256,79549.2,CNN,EC-NAS,8,0,2,1,179.76441287994385,99436.5,442.5191767690257,2143ae45a009dcab2504566c174e2d43
5V9E_215d8d7188d933a99c55019593022df7_repeat_1,215d8d7188d933a99c55019593022df7,4166026,5,4,256,87688.8,CNN,EC-NAS,6,1,2,0,198.04506587982178,109611.0,442.7719499621947,215d8d7188d933a99c55019593022df7
5V9E_21649c70fe7f4fc19908c1467881aff6_repeat_1,21649c70fe7f4fc19908c1467881aff6,1404042,5,4,256,67402.8,CNN,EC-NAS,7,0,2,1,149.408588886261,84253.5,451.1306913641435,21649c70fe7f4fc19908c1467881aff6
5V9E_217a2426a23dad95af9e250645ac5665_repeat_1,217a2426a23dad95af9e250645ac5665,5793546,5,4,256,89499.6,CNN,EC-NAS,5,2,1,0,194.54602527618408,111874.5,460.0433232852913,217a2426a23dad95af9e250645ac5665
5V9E_2182ae8e1380e21a63703cfe1911c180_repeat_1,2182ae8e1380e21a63703cfe1911c180,5039754,5,4,256,119822.40000000001,CNN,EC-NAS,8,1,2,0,268.3656334877014,149778.0,446.48936021642726,2182ae8e1380e21a63703cfe1911c180
5V9E_21a30823fa5bc31b7c27b552e20b553b_repeat_1,21a30823fa5bc31b7c27b552e20b553b,4081418,5,4,256,79578.0,CNN,EC-NAS,7,1,0,2,179.67948579788208,99472.5,442.88862274191797,21a30823fa5bc31b7c27b552e20b553b
5V9E_21c83e07c00b029c3e0260891d878d2d_repeat_1,21c83e07c00b029c3e0260891d878d2d,6667274,5,4,256,103582.8,CNN,EC-NAS,8,2,1,0,245.31407976150513,129478.5,422.24563751376775,21c83e07c00b029c3e0260891d878d2d
5V9E_21eddbe6f36b76d8d9f258fa782a613b_repeat_1,21eddbe6f36b76d8d9f258fa782a613b,1734184,5,4,256,67132.8,CNN,EC-NAS,7,1,1,1,147.50606417655945,83916.0,455.11891578670594,21eddbe6f36b76d8d9f258fa782a613b
5V9E_21f0dcf3abe64b0d10da5be780671c47_repeat_1,21f0dcf3abe64b0d10da5be780671c47,3031562,5,4,256,57391.200000000004,CNN,EC-NAS,6,1,1,1,125.91631317138672,71739.0,455.7884403896413,21f0dcf3abe64b0d10da5be780671c47
5V9E_22114b13deff7ef668f0717b36acd295_repeat_1,22114b13deff7ef668f0717b36acd295,1580170,5,4,256,71125.2,CNN,EC-NAS,8,0,1,2,156.58982348442078,88906.5,454.21342471259817,22114b13deff7ef668f0717b36acd295
5V9E_222d2260e4a65f5eca0cb54709cda48a_repeat_1,222d2260e4a65f5eca0cb54709cda48a,1918869,5,4,256,64296.0,CNN,EC-NAS,7,1,0,2,152.17296051979065,80370.0,422.5192161628351,222d2260e4a65f5eca0cb54709cda48a
5V9E_227624a4f5be78a6345902699be3e56d_repeat_1,227624a4f5be78a6345902699be3e56d,14873994,5,4,256,190814.40000000002,CNN,EC-NAS,7,1,2,0,382.31755018234253,238518.00000000003,499.0992433096336,227624a4f5be78a6345902699be3e56d
5V9E_2297b4dc473b59f510252bc6f730e693_repeat_1,2297b4dc473b59f510252bc6f730e693,12088970,5,4,256,122587.2,CNN,EC-NAS,6,1,1,1,251.1099236011505,153234.0,488.1814236649242,2297b4dc473b59f510252bc6f730e693
5V9E_229ad37fca0db5be24bfcce9cb434885_repeat_1,229ad37fca0db5be24bfcce9cb434885,12088970,4,4,256,105372.0,CNN,EC-NAS,4,1,1,0,231.61261868476868,131715.0,454.949305432336,229ad37fca0db5be24bfcce9cb434885
5V9E_22a40ef05dc71d80695564b275815ce6_repeat_1,22a40ef05dc71d80695564b275815ce6,2105744,5,4,256,92289.59999999999,CNN,EC-NAS,9,0,3,0,235.61902928352356,115361.99999999999,391.68992538776087,22a40ef05dc71d80695564b275815ce6
5V9E_22a6c38d4000f4d585d7f384e333e458_repeat_1,22a6c38d4000f4d585d7f384e333e458,2606236,5,4,256,83786.4,CNN,EC-NAS,9,1,1,1,199.23775839805603,104733.0,420.5347453899958,22a6c38d4000f4d585d7f384e333e458
5V9E_2325c801fef3e7adabfe71690e1d9d1e_repeat_1,2325c801fef3e7adabfe71690e1d9d1e,12962698,5,4,256,152946.0,CNN,EC-NAS,6,1,1,1,291.9060764312744,191182.5,523.9562049199384,2325c801fef3e7adabfe71690e1d9d1e
5V9E_232b900e952d86a83b0ff85c0a22cca0_repeat_1,232b900e952d86a83b0ff85c0a22cca0,12088970,4,4,256,117133.20000000001,CNN,EC-NAS,4,1,1,0,238.24845242500305,146416.5,491.6430675950424,232b900e952d86a83b0ff85c0a22cca0
5V9E_2330c7dab9a1a43018355f92e840cc2e_repeat_1,2330c7dab9a1a43018355f92e840cc2e,3292298,5,4,256,64684.8,CNN,EC-NAS,5,1,2,0,149.23976612091064,80856.0,433.4287146201627,2330c7dab9a1a43018355f92e840cc2e
5V9E_234ff3b43fee4f90fa92797c8a92edb9_repeat_1,234ff3b43fee4f90fa92797c8a92edb9,4779018,5,4,256,110167.2,CNN,EC-NAS,8,1,1,1,242.68361282348633,137709.0,453.95401328613434,234ff3b43fee4f90fa92797c8a92edb9
5V9E_2362fab4498ca6f51d011c758450d51e_repeat_1,2362fab4498ca6f51d011c758450d51e,20346506,5,4,256,141087.59999999998,CNN,EC-NAS,5,2,0,1,286.04545521736145,176359.49999999997,493.23489475751234,2362fab4498ca6f51d011c758450d51e
5V9E_238b7fbf67709c94cd6abefc11de1a61_repeat_1,238b7fbf67709c94cd6abefc11de1a61,4779018,5,4,256,106488.0,CNN,EC-NAS,8,1,1,1,237.37839579582214,133110.0,448.6002175682164,238b7fbf67709c94cd6abefc11de1a61
5V9E_238f2761bdaa1b2e1f20987fb1158eec_repeat_1,238f2761bdaa1b2e1f20987fb1158eec,6406538,5,4,256,91105.2,CNN,EC-NAS,7,2,0,1,219.48279309272766,113881.5,415.09039827787154,238f2761bdaa1b2e1f20987fb1158eec
5V9E_23b73305578792ff61816b825ef9fd01_repeat_1,23b73305578792ff61816b825ef9fd01,5969674,5,4,256,93693.6,CNN,EC-NAS,7,2,0,1,210.36374759674072,117117.0,445.38852853870554,23b73305578792ff61816b825ef9fd01
5V9E_23db733661fa6aa916782670fb5314ec_repeat_1,23db733661fa6aa916782670fb5314ec,1143306,5,4,256,54637.2,CNN,EC-NAS,5,0,1,2,116.79742479324341,68296.5,467.7945605112408,23db733661fa6aa916782670fb5314ec
5V9E_2405dee81137f78e969e6712020d068a_repeat_1,2405dee81137f78e969e6712020d068a,12252810,5,4,256,120103.20000000001,CNN,EC-NAS,5,1,2,0,239.3836579322815,150129.0,501.71845913548384,2405dee81137f78e969e6712020d068a
5V9E_24060609089b2de35ade8a47b9f48f74_repeat_1,24060609089b2de35ade8a47b9f48f74,2155680,5,4,256,84182.4,CNN,EC-NAS,6,1,2,0,197.27935147285461,105228.0,426.71673123166863,24060609089b2de35ade8a47b9f48f74
5V9E_2425882443138b6985b3c3554efdac25_repeat_1,2425882443138b6985b3c3554efdac25,5969674,5,4,256,87591.59999999999,CNN,EC-NAS,6,2,0,1,187.89551830291748,109489.49999999999,466.17184268753226,2425882443138b6985b3c3554efdac25
5V9E_243037e12607b17d7f6704fcee4054af_repeat_1,243037e12607b17d7f6704fcee4054af,1319434,4,4,256,48949.2,CNN,EC-NAS,5,0,0,2,108.37910532951355,61186.5,451.6479431268221,243037e12607b17d7f6704fcee4054af
5V9E_247afa64440117892f5353d4577e11e2_repeat_1,247afa64440117892f5353d4577e11e2,6230410,5,4,256,85737.6,CNN,EC-NAS,7,2,1,0,209.6895411014557,107172.0,408.8787621434916,247afa64440117892f5353d4577e11e2
5V9E_2485968812182b5dfd61941eb114b284_repeat_1,2485968812182b5dfd61941eb114b284,1873556,5,4,256,76114.79999999999,CNN,EC-NAS,8,0,1,2,183.76515436172485,95143.49999999999,414.19604420854995,2485968812182b5dfd61941eb114b284
5V9E_24866d56c326161eb7acbce218c3750a_repeat_1,24866d56c326161eb7acbce218c3750a,1524248,5,4,256,75171.6,CNN,EC-NAS,7,0,3,0,179.38069772720337,93964.5,419.06181073238247,24866d56c326161eb7acbce218c3750a
5V9E_2495a1eb0f517e9d0e57e23f3aba0df3_repeat_1,2495a1eb0f517e9d0e57e23f3aba0df3,1466388,5,4,256,65437.2,CNN,EC-NAS,8,0,0,3,139.11396026611328,81796.5,470.38557363203626,2495a1eb0f517e9d0e57e23f3aba0df3
5V9E_24e118646e9e6b275d55d45dae501ebe_repeat_1,24e118646e9e6b275d55d45dae501ebe,3667594,5,4,256,109864.8,CNN,EC-NAS,7,0,1,2,220.32511019706726,137331.0,498.6485648491572,24e118646e9e6b275d55d45dae501ebe
5V9E_24f205f312857b72c5ca80065ad0c302_repeat_1,24f205f312857b72c5ca80065ad0c302,21220234,5,4,256,171759.6,CNN,EC-NAS,7,2,0,1,340.18772649765015,214699.5,504.89652218886397,24f205f312857b72c5ca80065ad0c302
5V9E_250c9dbefbfac57e7d1d3bfc6d604f43_repeat_1,250c9dbefbfac57e7d1d3bfc6d604f43,21220234,5,4,256,164685.6,CNN,EC-NAS,6,2,0,1,333.8376567363739,205857.0,493.31043600647337,250c9dbefbfac57e7d1d3bfc6d604f43
5V9E_25329402a3c39227d00fb50a37e1627f_repeat_1,25329402a3c39227d00fb50a37e1627f,4081418,5,4,256,94474.8,CNN,EC-NAS,7,1,0,2,183.9736843109131,118093.5,513.5234441483427,25329402a3c39227d00fb50a37e1627f
5V9E_253813d10efe635f740ed211dc2294e2_repeat_1,253813d10efe635f740ed211dc2294e2,1114758,5,4,256,66229.2,CNN,EC-NAS,7,0,2,1,158.3456437587738,82786.5,418.25716469279433,253813d10efe635f740ed211dc2294e2
5V9E_2538d87e68f03d0bcac2f733117d0c65_repeat_1,2538d87e68f03d0bcac2f733117d0c65,12962698,5,4,256,133509.6,CNN,EC-NAS,6,1,1,1,285.3294539451599,166887.0,467.9138383857856,2538d87e68f03d0bcac2f733117d0c65
5V9E_256affa4b0191e323796f138db7b1164_repeat_1,256affa4b0191e323796f138db7b1164,12962698,4,4,256,140871.6,CNN,EC-NAS,5,1,1,0,289.3539650440216,176089.5,486.8486940504449,256affa4b0191e323796f138db7b1164
5V9E_25ab911607b4090e83527cce43fb9654_repeat_1,25ab911607b4090e83527cce43fb9654,2101642,5,4,256,85370.4,CNN,EC-NAS,7,0,3,0,185.02317786216736,106713.0,461.403814302641,25ab911607b4090e83527cce43fb9654
5V9E_25cb31e8cc1f989a5e637d2dd54d5b9a_repeat_1,25cb31e8cc1f989a5e637d2dd54d5b9a,2785330,5,4,256,81795.6,CNN,EC-NAS,7,2,1,0,182.5547320842743,102244.5,448.0606942702532,25cb31e8cc1f989a5e637d2dd54d5b9a
5V9E_25fb0f575c1bbd9702e56433ddbbc4a4_repeat_1,25fb0f575c1bbd9702e56433ddbbc4a4,4602890,5,4,256,104763.59999999999,CNN,EC-NAS,8,1,2,0,240.07666873931885,130954.49999999999,436.37559847081553,25fb0f575c1bbd9702e56433ddbbc4a4
5V9E_263bc05d2c5028bc0573b73732744fb8_repeat_1,263bc05d2c5028bc0573b73732744fb8,1664778,5,4,256,70174.8,CNN,EC-NAS,6,0,3,0,166.21162915229797,87718.5,422.20150514077187,263bc05d2c5028bc0573b73732744fb8
5V9E_265d1ae02042a017e248a4c5dac479a3_repeat_1,265d1ae02042a017e248a4c5dac479a3,6230410,5,4,256,101340.0,CNN,EC-NAS,6,2,1,0,211.98065400123596,126675.0,478.0624933792738,265d1ae02042a017e248a4c5dac479a3
5V9E_265ee60e2ad201397298a542d3b8b660_repeat_1,265ee60e2ad201397298a542d3b8b660,2652068,5,4,256,60652.799999999996,CNN,EC-NAS,8,2,0,1,154.3888223171234,75816.0,392.857456192105,265ee60e2ad201397298a542d3b8b660
5V9E_26a8e70a79b799c77f9c65a6c5c1253c_repeat_1,26a8e70a79b799c77f9c65a6c5c1253c,1337373,5,4,256,38138.399999999994,CNN,EC-NAS,6,1,0,2,89.64274501800537,47672.99999999999,425.44881900191285,26a8e70a79b799c77f9c65a6c5c1253c
5V9E_26cbf708042e59f4fc0b023a7da49b24_repeat_1,26cbf708042e59f4fc0b023a7da49b24,2714634,5,4,256,100483.2,CNN,EC-NAS,9,0,2,1,232.5250051021576,125604.0,432.1393303737535,26cbf708042e59f4fc0b023a7da49b24
5V9E_26d7321b5aaf0f9d3f5951a9bac95d48_repeat_1,26d7321b5aaf0f9d3f5951a9bac95d48,3934640,5,4,256,115801.2,CNN,EC-NAS,9,2,1,0,262.67114520072937,144751.5,440.8599959143074,26d7321b5aaf0f9d3f5951a9bac95d48
5V9E_26ea270ae47de432c1133e42273541a9_repeat_1,26ea270ae47de432c1133e42273541a9,7857930,5,4,256,105703.2,CNN,EC-NAS,6,3,0,0,214.58796906471252,132129.0,492.586795339507,26ea270ae47de432c1133e42273541a9
5V9E_26f7b20315a2cd3927ec1963044b545b_repeat_1,26f7b20315a2cd3927ec1963044b545b,2714634,5,4,256,98485.2,CNN,EC-NAS,7,0,2,1,228.10043787956238,123106.5,431.76243288055605,26f7b20315a2cd3927ec1963044b545b
5V9E_272d71f3a27ab5dd4051c51106ef7c86_repeat_1,272d71f3a27ab5dd4051c51106ef7c86,1404042,5,4,256,64029.6,CNN,EC-NAS,7,0,2,1,147.61331272125244,80037.0,433.7657547250575,272d71f3a27ab5dd4051c51106ef7c86
5V9E_275f8a28d6100b7363c72c99bb4260e6_repeat_1,275f8a28d6100b7363c72c99bb4260e6,11051402,5,4,256,108367.2,CNN,EC-NAS,5,1,0,2,207.11468625068665,135459.0,523.2231569944535,275f8a28d6100b7363c72c99bb4260e6
5V9E_27820f8c4b5f77b160271f9922f9b7d1_repeat_1,27820f8c4b5f77b160271f9922f9b7d1,6667274,5,4,256,98596.8,CNN,EC-NAS,6,2,1,0,239.1956171989441,123246.0,412.2015325974595,27820f8c4b5f77b160271f9922f9b7d1
5V9E_278a65c91e279624407615a84f3282c4_repeat_1,278a65c91e279624407615a84f3282c4,2957706,4,4,256,63701.99999999999,CNN,EC-NAS,3,0,2,0,141.12145853042603,79627.49999999999,451.398395845418,278a65c91e279624407615a84f3282c4
5V9E_279120769de11c1d5df9773e4e959c9f_repeat_1,279120769de11c1d5df9773e4e959c9f,12088970,5,4,256,114897.6,CNN,EC-NAS,5,1,1,1,248.17637085914612,143622.0,462.9675242741412,279120769de11c1d5df9773e4e959c9f
5V9E_2798124b286b373e728d3f653af6138c_repeat_1,2798124b286b373e728d3f653af6138c,2723494,5,4,256,98722.8,CNN,EC-NAS,9,1,2,0,222.35314416885376,123403.5,443.99102323927764,2798124b286b373e728d3f653af6138c
5V9E_27b5c3aca71c8ae4ada9b4b91310dca5_repeat_1,27b5c3aca71c8ae4ada9b4b91310dca5,1115277,5,4,256,72028.8,CNN,EC-NAS,8,0,2,1,168.658353805542,90036.0,427.06926976796564,27b5c3aca71c8ae4ada9b4b91310dca5
5V9E_27ba7dfdb4ee034193dc3b8b0ae8f2f4_repeat_1,27ba7dfdb4ee034193dc3b8b0ae8f2f4,2793866,5,4,256,78807.6,CNN,EC-NAS,5,0,1,2,166.528977394104,98509.5,473.236557584183,27ba7dfdb4ee034193dc3b8b0ae8f2f4
5V9E_2809a2acd75ba6ed6567b4968599d4f1_repeat_1,2809a2acd75ba6ed6567b4968599d4f1,2362158,5,4,256,58471.2,CNN,EC-NAS,6,2,0,1,123.96789121627808,73089.0,471.6640690288859,2809a2acd75ba6ed6567b4968599d4f1
5V9E_2870de6aa1f26348096792c0eb213aea_repeat_1,2870de6aa1f26348096792c0eb213aea,7104138,5,4,256,129880.8,CNN,EC-NAS,8,2,1,0,286.42936754226685,162351.0,453.44791672185704,2870de6aa1f26348096792c0eb213aea
5V9E_28777dc1a875dca5a4b011ca4bb78c9c_repeat_1,28777dc1a875dca5a4b011ca4bb78c9c,12962698,5,4,256,134737.2,CNN,EC-NAS,6,1,1,1,287.27941942214966,168421.5,469.0109729092956,28777dc1a875dca5a4b011ca4bb78c9c
5V9E_28a58bc7944a6cfc6749c9f786a81c9b_repeat_1,28a58bc7944a6cfc6749c9f786a81c9b,2017034,4,4,256,71514.0,CNN,EC-NAS,6,0,1,1,163.21935176849365,89392.5,438.1465752996845,28a58bc7944a6cfc6749c9f786a81c9b
5V9E_28b9501b209693b9bad55a4839a2cfde_repeat_1,28b9501b209693b9bad55a4839a2cfde,4518282,5,4,256,98528.40000000001,CNN,EC-NAS,8,1,0,2,221.4976041316986,123160.50000000001,444.8282878103582,28b9501b209693b9bad55a4839a2cfde
5V9E_28bbd7ba12ae2c8496c84ca244edd296_repeat_1,28bbd7ba12ae2c8496c84ca244edd296,3644554,5,4,256,74642.4,CNN,EC-NAS,6,1,0,2,149.5177903175354,93303.0,499.22086088538157,28bbd7ba12ae2c8496c84ca244edd296
5V9E_28be2e1b49c23ffd4430ff991c364c28_repeat_1,28be2e1b49c23ffd4430ff991c364c28,3357248,5,4,256,101682.0,CNN,EC-NAS,8,2,1,0,202.9963414669037,127102.5,500.9055792100476,28be2e1b49c23ffd4430ff991c364c28
5V9E_28d429298461412c79c0f15094848152_repeat_1,28d429298461412c79c0f15094848152,3029408,5,4,256,103878.0,CNN,EC-NAS,9,1,2,0,255.860276222229,129847.5,405.9950279650919,28d429298461412c79c0f15094848152
5V9E_28dfc959539c2a560e42a871f087172c_repeat_1,28dfc959539c2a560e42a871f087172c,998019,5,4,256,62010.0,CNN,EC-NAS,8,0,1,2,144.8449318408966,77512.5,428.1130117007769,28dfc959539c2a560e42a871f087172c
5V9E_28e9f5f3bc0bcd3cea27add99f061168_repeat_1,28e9f5f3bc0bcd3cea27add99f061168,2656691,5,4,256,74750.40000000001,CNN,EC-NAS,8,2,0,1,160.7913601398468,93438.00000000001,464.8906504366064,28e9f5f3bc0bcd3cea27add99f061168
5V9E_29223cf464c535dff10de6a6f495f6ed_repeat_1,29223cf464c535dff10de6a6f495f6ed,4779018,5,4,256,110336.4,CNN,EC-NAS,7,1,1,1,235.0354151725769,137920.5,469.44584891168205,29223cf464c535dff10de6a6f495f6ed
5V9E_292e5165cd50006d46eb96fa40167df0_repeat_1,292e5165cd50006d46eb96fa40167df0,3543609,5,4,256,84718.79999999999,CNN,EC-NAS,8,2,0,1,202.14896368980408,105898.49999999999,419.09094389422785,292e5165cd50006d46eb96fa40167df0
5V9E_294f793855d893227608ffd1eaa55b8f_repeat_1,294f793855d893227608ffd1eaa55b8f,967178,5,4,256,54648.0,CNN,EC-NAS,6,0,2,1,112.65584015846252,68310.0,485.08803381282075,294f793855d893227608ffd1eaa55b8f
5V9E_29a8ef03150ff4ac01641ac33ea72e1a_repeat_1,29a8ef03150ff4ac01641ac33ea72e1a,2948277,5,4,256,86403.6,CNN,EC-NAS,8,2,0,1,194.61648058891296,108004.5,443.96856699155774,29a8ef03150ff4ac01641ac33ea72e1a
5V9E_29c4ffbfeaabe322303f4148d207b0a9_repeat_1,29c4ffbfeaabe322303f4148d207b0a9,3644554,5,4,256,81223.2,CNN,EC-NAS,7,1,0,2,170.55497646331787,101529.0,476.22884822401585,29c4ffbfeaabe322303f4148d207b0a9
5V9E_29f95ce137e2dbea3854074ad4ccc831_repeat_1,29f95ce137e2dbea3854074ad4ccc831,1907355,5,4,256,76237.20000000001,CNN,EC-NAS,9,1,0,2,160.81952023506165,95296.50000000001,474.05439270411955,29f95ce137e2dbea3854074ad4ccc831
5V9E_2a2796b3bfafdb5a7309368ec715cd1b_repeat_1,2a2796b3bfafdb5a7309368ec715cd1b,1990295,5,4,256,92930.4,CNN,EC-NAS,8,0,2,1,212.40105891227722,116163.0,437.52324247300834,2a2796b3bfafdb5a7309368ec715cd1b
5V9E_2a279cca9ddde05d3897cf7c63738b0b_repeat_1,2a279cca9ddde05d3897cf7c63738b0b,2618136,5,4,256,91504.8,CNN,EC-NAS,9,1,1,1,202.12973475456238,114381.0,452.70331013450556,2a279cca9ddde05d3897cf7c63738b0b
5V9E_2a35126f9c56c4a405ad5f2f6dca6289_repeat_1,2a35126f9c56c4a405ad5f2f6dca6289,967178,5,4,256,41716.799999999996,CNN,EC-NAS,5,0,2,1,105.10211753845215,52145.99999999999,396.91683647322986,2a35126f9c56c4a405ad5f2f6dca6289
5V9E_2a52c4ead5953583354572b64675c153_repeat_1,2a52c4ead5953583354572b64675c153,2277770,4,4,256,71258.4,CNN,EC-NAS,5,0,2,0,181.27314472198486,89073.0,393.09959624349005,2a52c4ead5953583354572b64675c153
5V9E_2a6786067a9721ae67856389bd4fe2e9_repeat_1,2a6786067a9721ae67856389bd4fe2e9,2624049,5,4,256,85161.6,CNN,EC-NAS,9,1,1,1,200.12435841560364,106452.0,425.5434004847257,2a6786067a9721ae67856389bd4fe2e9
5V9E_2a6ef32ef01a197f14d4d6117312786b_repeat_1,2a6ef32ef01a197f14d4d6117312786b,12962698,5,4,256,153086.4,CNN,EC-NAS,7,1,1,1,296.0364694595337,191358.0,517.1200706436135,2a6ef32ef01a197f14d4d6117312786b
5V9E_2a8fa868616f5b91473347c8b89fea9d_repeat_1,2a8fa868616f5b91473347c8b89fea9d,3252023,5,4,256,80917.2,CNN,EC-NAS,8,2,0,1,177.7817862033844,101146.5,455.14898757643147,2a8fa868616f5b91473347c8b89fea9d
5V9E_2aacadf61dfc59833d015cbbe2a755fd_repeat_1,2aacadf61dfc59833d015cbbe2a755fd,20346506,4,4,256,133729.2,CNN,EC-NAS,4,2,0,0,278.1445457935333,167161.5,480.79030138260265,2aacadf61dfc59833d015cbbe2a755fd
5V9E_2ac78281eac50103d02253ae4100ddcc_repeat_1,2ac78281eac50103d02253ae4100ddcc,21384074,5,4,256,162615.6,CNN,EC-NAS,6,2,1,0,330.5216100215912,203269.5,491.9968772673509,2ac78281eac50103d02253ae4100ddcc
5V9E_2ad36cf43b8d302e0f7c03a5449cb158_repeat_1,2ad36cf43b8d302e0f7c03a5449cb158,11051402,5,4,256,105483.6,CNN,EC-NAS,5,1,0,2,207.76176404953003,131854.5,507.71421046874104,2ad36cf43b8d302e0f7c03a5449cb158
5V9E_2af739975919c70aeb3220cf342a675e_repeat_1,2af739975919c70aeb3220cf342a675e,3831434,5,4,256,87271.2,CNN,EC-NAS,5,0,2,1,198.75982236862183,109089.0,439.0786777729455,2af739975919c70aeb3220cf342a675e
5V9E_2b1971ba7c899f30b7a6d707b778a1d6_repeat_1,2b1971ba7c899f30b7a6d707b778a1d6,3468426,5,4,256,62589.6,CNN,EC-NAS,6,1,1,1,155.91677951812744,78237.0,401.4295330716673,2b1971ba7c899f30b7a6d707b778a1d6
5V9E_2b405d575a0807cdb0f6e3ec564b2ba8_repeat_1,2b405d575a0807cdb0f6e3ec564b2ba8,2105744,5,4,256,103820.4,CNN,EC-NAS,8,0,3,0,240.20594096183777,129775.5,432.2141225328571,2b405d575a0807cdb0f6e3ec564b2ba8
5V9E_2b5b5d4da23c3888870a73d62a795ad3_repeat_1,2b5b5d4da23c3888870a73d62a795ad3,2913959,5,4,256,99111.6,CNN,EC-NAS,9,1,1,1,227.52256035804749,123889.5,435.61218651913094,2b5b5d4da23c3888870a73d62a795ad3
5V9E_2b6c0dcaf57799d7cc379d6b5e5f845f_repeat_1,2b6c0dcaf57799d7cc379d6b5e5f845f,1232016,5,4,256,84031.20000000001,CNN,EC-NAS,8,0,3,0,191.9156951904297,105039.00000000001,437.8547565722515,2b6c0dcaf57799d7cc379d6b5e5f845f
5V9E_2b709df297a0292c94cc533572bf7d4f_repeat_1,2b709df297a0292c94cc533572bf7d4f,12962698,5,4,256,150264.0,CNN,EC-NAS,6,1,1,1,292.63967537879944,187830.0,513.4778795988441,2b709df297a0292c94cc533572bf7d4f
5V9E_2b8960211644c6102363bb39e5bb828d_repeat_1,2b8960211644c6102363bb39e5bb828d,1116567,5,4,256,70581.59999999999,CNN,EC-NAS,8,0,2,1,166.73445582389832,88226.99999999999,423.3174220123218,2b8960211644c6102363bb39e5bb828d
5V9E_2ba1e9520e77c8af2ee994f64a0986c9_repeat_1,2ba1e9520e77c8af2ee994f64a0986c9,7857930,5,4,256,100155.59999999999,CNN,EC-NAS,6,3,0,0,215.51500391960144,125194.49999999999,464.72680870684695,2ba1e9520e77c8af2ee994f64a0986c9
5V9E_2ba6eab6bf85b94e2e349e65d35b07c0_repeat_1,2ba6eab6bf85b94e2e349e65d35b07c0,3468426,5,4,256,68216.40000000001,CNN,EC-NAS,7,1,1,1,158.59018754959106,85270.50000000001,430.14262769989335,2ba6eab6bf85b94e2e349e65d35b07c0
5V9E_2bad5f00df8f2fe7ea2f90d6af14fc32_repeat_1,2bad5f00df8f2fe7ea2f90d6af14fc32,1840906,5,4,256,71074.8,CNN,EC-NAS,7,0,2,1,157.86768698692322,88843.5,450.2175293534731,2bad5f00df8f2fe7ea2f90d6af14fc32
5V9E_2bd05a35a814d8771bc0a0593bfd1800_repeat_1,2bd05a35a814d8771bc0a0593bfd1800,2017034,4,4,256,77803.2,CNN,EC-NAS,5,0,1,1,163.8106095790863,97254.0,474.95824720948434,2bd05a35a814d8771bc0a0593bfd1800
5V9E_2bd74ed26aa04a3a66dd1d278689e813_repeat_1,2bd74ed26aa04a3a66dd1d278689e813,3075240,5,4,256,92246.40000000001,CNN,EC-NAS,9,2,1,0,215.1589937210083,115308.00000000001,428.7359705707389,2bd74ed26aa04a3a66dd1d278689e813
5V9E_2bd799e95099e201b051b19e9a2b4b6d_repeat_1,2bd799e95099e201b051b19e9a2b4b6d,3207690,5,4,256,68529.6,CNN,EC-NAS,7,1,0,2,138.6520974636078,85662.0,494.25577581317924,2bd799e95099e201b051b19e9a2b4b6d
5V9E_2be9431747c03c6c7b16216ec12e6d9d_repeat_1,2be9431747c03c6c7b16216ec12e6d9d,3831434,5,4,256,104673.6,CNN,EC-NAS,6,0,2,1,213.2961127758026,130842.0,490.7431206213464,2be9431747c03c6c7b16216ec12e6d9d
5V9E_2bee415b30c832f8cc79989fd6219762_repeat_1,2bee415b30c832f8cc79989fd6219762,2948277,5,4,256,88347.6,CNN,EC-NAS,9,2,0,1,189.9166076183319,110434.5,465.1915443727216,2bee415b30c832f8cc79989fd6219762
5V9E_2bf4e3dbd48d84126f7ac1862e18752d_repeat_1,2bf4e3dbd48d84126f7ac1862e18752d,30515338,5,4,256,209080.8,CNN,EC-NAS,6,3,0,0,414.55132818222046,261351.0,504.3544328197069,2bf4e3dbd48d84126f7ac1862e18752d
5V9E_2c1f59f85c471854008feebbec5a5e18_repeat_1,2c1f59f85c471854008feebbec5a5e18,2277770,5,4,256,77436.0,CNN,EC-NAS,7,0,2,1,188.71557235717773,96795.0,410.33179738574313,2c1f59f85c471854008feebbec5a5e18
5V9E_2c6f7607c2613faaf4c9fef942507834_repeat_1,2c6f7607c2613faaf4c9fef942507834,11215242,5,4,256,89121.6,CNN,EC-NAS,4,1,1,1,191.6754994392395,111402.0,464.96083360018196,2c6f7607c2613faaf4c9fef942507834
5V9E_2c7ccaefb33139ae381d6bdc6a264737_repeat_1,2c7ccaefb33139ae381d6bdc6a264737,7857930,5,4,256,101768.4,CNN,EC-NAS,6,3,0,0,216.31770706176758,127210.5,470.45801928244805,2c7ccaefb33139ae381d6bdc6a264737
5V9E_2c812e980e30c94ebad33d7e7e01d152_repeat_1,2c812e980e30c94ebad33d7e7e01d152,3647158,5,4,256,103168.8,CNN,EC-NAS,8,2,1,0,230.37304377555847,128961.0,447.833645417788,2c812e980e30c94ebad33d7e7e01d152
5V9E_2c8251c708c98122e003a8b7e6e1b7cc_repeat_1,2c8251c708c98122e003a8b7e6e1b7cc,19472778,5,4,256,119365.2,CNN,EC-NAS,4,2,0,1,236.50397634506226,149206.5,504.70694761531064,2c8251c708c98122e003a8b7e6e1b7cc
5V9E_2c82b2260ab8e6ce8e7e5aa1257f5792_repeat_1,2c82b2260ab8e6ce8e7e5aa1257f5792,3031562,5,4,256,60555.6,CNN,EC-NAS,6,1,1,1,128.30764150619507,75694.5,471.9563019718993,2c82b2260ab8e6ce8e7e5aa1257f5792
5V9E_2c8fcf98fd91f1584dfc5d2a3ab4b5b2_repeat_1,2c8fcf98fd91f1584dfc5d2a3ab4b5b2,3357248,5,4,256,84016.8,CNN,EC-NAS,7,2,1,0,198.65189695358276,105021.0,422.9347984511392,2c8fcf98fd91f1584dfc5d2a3ab4b5b2
5V9E_2ce2d2b42f84d86baef1c045a786c5da_repeat_1,2ce2d2b42f84d86baef1c045a786c5da,3541933,5,4,256,95184.0,CNN,EC-NAS,9,2,0,1,208.72778844833374,118980.0,456.0197791946655,2ce2d2b42f84d86baef1c045a786c5da
5V9E_2d1409194cea3350cb491374aada43df_repeat_1,2d1409194cea3350cb491374aada43df,29641610,5,4,256,175276.80000000002,CNN,EC-NAS,5,3,0,0,358.6601152420044,219096.00000000003,488.6988894255296,2d1409194cea3350cb491374aada43df
5V9E_2d17430eb056acf0599da90ff3cd8f74_repeat_1,2d17430eb056acf0599da90ff3cd8f74,5969674,5,4,256,85147.2,CNN,EC-NAS,6,2,0,1,184.53544855117798,106434.0,461.41378617770437,2d17430eb056acf0599da90ff3cd8f74
5V9E_2d19ca589f4b4078b369a50b376742cc_repeat_1,2d19ca589f4b4078b369a50b376742cc,3729162,5,4,256,80190.0,CNN,EC-NAS,6,1,2,0,185.80788588523865,100237.5,431.57479359906233,2d19ca589f4b4078b369a50b376742cc
5V9E_2d348586222f4fa2a5dd59b2c4101707_repeat_1,2d348586222f4fa2a5dd59b2c4101707,2781083,5,4,256,95950.8,CNN,EC-NAS,9,1,0,2,204.92659163475037,119938.5,468.22034775758783,2d348586222f4fa2a5dd59b2c4101707
5V9E_2d37d2bd89fb826c46719d433de46f22_repeat_1,2d37d2bd89fb826c46719d433de46f22,2277770,5,4,256,87537.6,CNN,EC-NAS,7,0,2,1,193.39379715919495,109422.0,452.6391295163523,2d37d2bd89fb826c46719d433de46f22
5V9E_2d3d516098ec2923a963a4974c38ac27_repeat_1,2d3d516098ec2923a963a4974c38ac27,22257802,5,4,256,187056.0,CNN,EC-NAS,7,2,1,0,380.29969573020935,233820.0,491.86471117426424,2d3d516098ec2923a963a4974c38ac27
5V9E_2d41d87e51c9a1fe5ea0874797b72201_repeat_1,2d41d87e51c9a1fe5ea0874797b72201,942106,5,4,256,66592.8,CNN,EC-NAS,8,0,3,0,161.45332598686218,83241.0,412.458520708448,2d41d87e51c9a1fe5ea0874797b72201
5V9E_2d50bc1881ce5f7b1c9dd0c0e1857c5a_repeat_1,2d50bc1881ce5f7b1c9dd0c0e1857c5a,2101642,5,4,256,82990.8,CNN,EC-NAS,6,0,3,0,183.23542141914368,103738.5,452.9189790775326,2d50bc1881ce5f7b1c9dd0c0e1857c5a
5V9E_2d5d5ba3a427cf83764d78401ca58752_repeat_1,2d5d5ba3a427cf83764d78401ca58752,4541322,5,4,256,120509.99999999999,CNN,EC-NAS,8,0,1,2,260.4411747455597,150637.49999999997,462.7148534318097,2d5d5ba3a427cf83764d78401ca58752
5V9E_2d836a6e546ab057ae2c2920cfbca81c_repeat_1,2d836a6e546ab057ae2c2920cfbca81c,3984576,5,4,256,87426.0,CNN,EC-NAS,7,3,0,0,209.66857361793518,109282.5,416.972360194096,2d836a6e546ab057ae2c2920cfbca81c
5V9E_2d85f91f079797ebf4250b42e76de44d_repeat_1,2d85f91f079797ebf4250b42e76de44d,20346506,5,4,256,144885.59999999998,CNN,EC-NAS,5,2,0,1,288.4794533252716,181106.99999999997,502.2388885236687,2d85f91f079797ebf4250b42e76de44d
5V9E_2db5b507740e31d4637102dc0dc10ee6_repeat_1,2db5b507740e31d4637102dc0dc10ee6,2737822,5,4,256,98946.0,CNN,EC-NAS,8,1,2,0,219.8698534965515,123682.5,450.0207664965397,2db5b507740e31d4637102dc0dc10ee6
5V9E_2df646d69a6c1bb00584510a78597fc9_repeat_1,2df646d69a6c1bb00584510a78597fc9,2725170,5,4,256,95853.6,CNN,EC-NAS,8,1,2,0,221.8483214378357,119817.0,432.0681778377089,2df646d69a6c1bb00584510a78597fc9
5V9E_2e0e1f017774dd09b66f1bd5b42d63e9_repeat_1,2e0e1f017774dd09b66f1bd5b42d63e9,3468426,5,4,256,76784.40000000001,CNN,EC-NAS,6,1,1,1,162.73407292366028,95980.50000000001,471.83972367004003,2e0e1f017774dd09b66f1bd5b42d63e9
5V9E_2e1a7b1ab601103797b60fc51a358c45_repeat_1,2e1a7b1ab601103797b60fc51a358c45,967178,5,4,256,47444.4,CNN,EC-NAS,6,0,2,1,110.37656545639038,59305.5,429.8412421497679,2e1a7b1ab601103797b60fc51a358c45
5V9E_2e24de0a858edacb6bf1b9b52714c486_repeat_1,2e24de0a858edacb6bf1b9b52714c486,5742730,5,4,256,147690.0,CNN,EC-NAS,7,0,3,0,293.82223534584045,184612.5,502.65086243783765,2e24de0a858edacb6bf1b9b52714c486
5V9E_2e4f5aafed0bd3d65d24c99e92d4f695_repeat_1,2e4f5aafed0bd3d65d24c99e92d4f695,3468426,5,4,256,63468.0,CNN,EC-NAS,6,1,1,1,156.27602458000183,79335.0,406.12755648585784,2e4f5aafed0bd3d65d24c99e92d4f695
5V9E_2eaa6d69b8e1fb02e8c011238206a6dd_repeat_1,2eaa6d69b8e1fb02e8c011238206a6dd,6667274,5,4,256,102297.6,CNN,EC-NAS,8,2,1,0,243.33985543251038,127872.0,420.38982811992327,2eaa6d69b8e1fb02e8c011238206a6dd
5V9E_2eb7118fbc87f33b0aeeccb1f48d7d6b_repeat_1,2eb7118fbc87f33b0aeeccb1f48d7d6b,21384074,5,4,256,159408.0,CNN,EC-NAS,6,2,1,0,328.67746663093567,199260.0,484.9982617731308,2eb7118fbc87f33b0aeeccb1f48d7d6b
5V9E_2ec0e9322eeec679e58324dfeb10e0ed_repeat_1,2ec0e9322eeec679e58324dfeb10e0ed,4779018,5,4,256,116290.79999999999,CNN,EC-NAS,9,1,1,1,245.93561244010925,145363.5,472.8505922594653,2ec0e9322eeec679e58324dfeb10e0ed
5V9E_2ec83a07c4f5dbec66e617527e656d0d_repeat_1,2ec83a07c4f5dbec66e617527e656d0d,1524248,5,4,256,77133.6,CNN,EC-NAS,7,0,3,0,178.18432021141052,96417.0,432.88657446672767,2ec83a07c4f5dbec66e617527e656d0d
5V9E_2ecbc1ad7b41e6e4e7d6ae345bc641bf_repeat_1,2ecbc1ad7b41e6e4e7d6ae345bc641bf,2733718,5,4,256,99108.0,CNN,EC-NAS,9,1,2,0,228.44712495803833,123885.0,433.8334309009333,2ecbc1ad7b41e6e4e7d6ae345bc641bf
5V9E_2ef5b299446d27d3542be99f4e479e95_repeat_1,2ef5b299446d27d3542be99f4e479e95,6406538,5,4,256,101908.8,CNN,EC-NAS,7,2,0,1,222.70706725120544,127386.0,457.5912262588892,2ef5b299446d27d3542be99f4e479e95
5V9E_2f0e3ffd9e4576589b4a0a21bf2bf01d_repeat_1,2f0e3ffd9e4576589b4a0a21bf2bf01d,2957706,5,4,256,77756.4,CNN,EC-NAS,4,0,2,1,152.9263892173767,97195.5,508.45639132611325,2f0e3ffd9e4576589b4a0a21bf2bf01d
5V9E_2f33a88eeac53b44d66426500e321a28_repeat_1,2f33a88eeac53b44d66426500e321a28,12962698,5,4,256,138708.0,CNN,EC-NAS,7,1,1,1,293.9059736728668,173385.0,471.9468552020296,2f33a88eeac53b44d66426500e321a28
5V9E_2f3f674e108b7a3547fb23092917572c_repeat_1,2f3f674e108b7a3547fb23092917572c,3468426,5,4,256,67615.2,CNN,EC-NAS,6,1,1,1,157.37726736068726,84519.0,429.63765436996164,2f3f674e108b7a3547fb23092917572c
5V9E_2f421a41f76d1b22fbab86e274065af7_repeat_1,2f421a41f76d1b22fbab86e274065af7,1699095,5,4,256,80769.6,CNN,EC-NAS,8,0,2,1,187.6117706298828,100962.0,430.5145659508797,2f421a41f76d1b22fbab86e274065af7
5V9E_2f46c9d2f1cff176f34a2295c49822bc_repeat_1,2f46c9d2f1cff176f34a2295c49822bc,3031562,4,4,256,53344.799999999996,CNN,EC-NAS,4,1,1,0,118.83530473709106,66681.0,448.896900782297,2f46c9d2f1cff176f34a2295c49822bc
5V9E_2f6f7c82ca3f8db0f27c91fb4175a209_repeat_1,2f6f7c82ca3f8db0f27c91fb4175a209,5039754,5,4,256,126327.59999999999,CNN,EC-NAS,9,1,2,0,269.9700846672058,157909.5,467.931845692181,2f6f7c82ca3f8db0f27c91fb4175a209
5V9E_2fa0daff75f6f0ba88e0291f166ea197_repeat_1,2fa0daff75f6f0ba88e0291f166ea197,2908046,5,4,256,96001.2,CNN,EC-NAS,9,1,1,1,229.33937430381775,120001.5,418.59885722380244,2fa0daff75f6f0ba88e0291f166ea197
5V9E_2facaca0413d21929a3a9121e40952a6_repeat_1,2facaca0413d21929a3a9121e40952a6,14000266,5,4,256,162291.6,CNN,EC-NAS,7,1,2,0,334.57765197753906,202864.5,485.0640771754086,2facaca0413d21929a3a9121e40952a6
5V9E_2fe205caa2fb33e783c8e89b0b289458_repeat_1,2fe205caa2fb33e783c8e89b0b289458,445706,5,4,256,30002.399999999998,CNN,EC-NAS,6,0,0,3,66.88662099838257,37503.0,448.5560722334218,2fe205caa2fb33e783c8e89b0b289458
5V9E_30076d2dd87fd2d84f81d0e03f377c05_repeat_1,30076d2dd87fd2d84f81d0e03f377c05,5969674,5,4,256,83448.0,CNN,EC-NAS,6,2,0,1,199.92481088638306,104310.0,417.39691852165043,30076d2dd87fd2d84f81d0e03f377c05
5V9E_30130e5e06ef160f96ce781c6874fdf2_repeat_1,30130e5e06ef160f96ce781c6874fdf2,1664778,5,4,256,61963.200000000004,CNN,EC-NAS,6,0,3,0,164.95473384857178,77454.0,375.63759799025917,30130e5e06ef160f96ce781c6874fdf2
5V9E_301d1123d9204dd397002e4ab0a27b37_repeat_1,301d1123d9204dd397002e4ab0a27b37,3644554,5,4,256,80719.2,CNN,EC-NAS,7,1,0,2,172.83239769935608,100899.0,467.0374366987141,301d1123d9204dd397002e4ab0a27b37
5V9E_3021d2e7633f40e3171ce2c5c574988f_repeat_1,3021d2e7633f40e3171ce2c5c574988f,13836426,5,4,256,170197.2,CNN,EC-NAS,8,1,1,1,345.4475929737091,212746.5,492.68602086613225,3021d2e7633f40e3171ce2c5c574988f
5V9E_304c6a603c7519720d02e7897458b52f_repeat_1,304c6a603c7519720d02e7897458b52f,2101642,5,4,256,88866.0,CNN,EC-NAS,6,0,3,0,199.93741846084595,111082.5,444.46907779497394,304c6a603c7519720d02e7897458b52f
5V9E_305c48cdc0353116068ac1e299762243_repeat_1,305c48cdc0353116068ac1e299762243,6406538,5,4,256,105771.6,CNN,EC-NAS,8,2,0,1,227.2480149269104,132214.5,465.44564991698275,305c48cdc0353116068ac1e299762243
5V9E_3083947e128a434ba299eafa9e9e3a4a_repeat_1,3083947e128a434ba299eafa9e9e3a4a,3831434,5,4,256,106376.4,CNN,EC-NAS,6,0,2,1,206.43305730819702,132970.5,515.3070026046454,3083947e128a434ba299eafa9e9e3a4a
5V9E_30dd9fa0bf18f4f21176d098a4e59bc5_repeat_1,30dd9fa0bf18f4f21176d098a4e59bc5,6230410,5,4,256,111211.2,CNN,EC-NAS,7,2,1,0,236.0643813610077,139014.0,471.10537963763085,30dd9fa0bf18f4f21176d098a4e59bc5
5V9E_3145793bb105a529b3e195b022107991_repeat_1,3145793bb105a529b3e195b022107991,30515338,5,4,256,188787.6,CNN,EC-NAS,6,3,0,0,405.79819440841675,235984.5,465.2253326933096,3145793bb105a529b3e195b022107991
5V9E_315cab7f89593f6b315f5daa17b04a23_repeat_1,315cab7f89593f6b315f5daa17b04a23,3468426,5,4,256,64310.4,CNN,EC-NAS,6,1,1,1,156.88207578659058,80388.0,409.92828325067904,315cab7f89593f6b315f5daa17b04a23
5V9E_317c10384e935bfa0a187f59aa1fd4ef_repeat_1,317c10384e935bfa0a187f59aa1fd4ef,4342154,5,4,256,103388.40000000001,CNN,EC-NAS,8,1,1,1,213.22191452980042,129235.50000000001,484.88636933963085,317c10384e935bfa0a187f59aa1fd4ef
5V9E_3188c50c11158d2a3dfcdc4f42b4b2eb_repeat_1,3188c50c11158d2a3dfcdc4f42b4b2eb,5969674,5,4,256,97066.8,CNN,EC-NAS,7,2,0,1,209.14241814613342,121333.5,464.1181873118481,3188c50c11158d2a3dfcdc4f42b4b2eb
5V9E_31a90c5ced641adc9767457ebffd5df5_repeat_1,31a90c5ced641adc9767457ebffd5df5,2668205,5,4,256,74556.0,CNN,EC-NAS,8,2,0,1,159.13542461395264,93195.0,468.50662057719546,31a90c5ced641adc9767457ebffd5df5
5V9E_31cf2198a6262ef9604cced0ae9b30f0_repeat_1,31cf2198a6262ef9604cced0ae9b30f0,5532810,5,4,256,77468.4,CNN,EC-NAS,5,2,0,1,173.7874734401703,96835.5,445.76515479793767,31cf2198a6262ef9604cced0ae9b30f0
5V9E_31d1039b23e8e5454fcc96406b9c94e5_repeat_1,31d1039b23e8e5454fcc96406b9c94e5,1143306,4,4,256,52056.0,CNN,EC-NAS,5,0,1,1,116.66132402420044,65070.0,446.2147197060905,31d1039b23e8e5454fcc96406b9c94e5
5V9E_31f556c507b01c30c3d7f8f461173f39_repeat_1,31f556c507b01c30c3d7f8f461173f39,7104138,5,4,256,127980.0,CNN,EC-NAS,8,2,1,0,286.22418308258057,159975.0,447.1320299412841,31f556c507b01c30c3d7f8f461173f39
5V9E_32059c8984daf4392893029e1a05f406_repeat_1,32059c8984daf4392893029e1a05f406,5039754,5,4,256,106372.8,CNN,EC-NAS,8,1,2,0,261.6516282558441,132966.0,406.54361950306003,32059c8984daf4392893029e1a05f406
5V9E_3216555f19bcacc6efa4733981ae026b_repeat_1,3216555f19bcacc6efa4733981ae026b,4518282,5,4,256,91666.8,CNN,EC-NAS,8,1,0,2,215.33078575134277,114583.5,425.7022500528742,3216555f19bcacc6efa4733981ae026b
5V9E_3238b809b649ee79ecab5710c4bd8510_repeat_1,3238b809b649ee79ecab5710c4bd8510,1615769,5,4,256,58676.4,CNN,EC-NAS,8,1,0,2,127.89531946182251,73345.5,458.78457669058986,3238b809b649ee79ecab5710c4bd8510
5V9E_325ce533446fd76bb322ed35ba86ea26_repeat_1,325ce533446fd76bb322ed35ba86ea26,3468426,5,4,256,74257.2,CNN,EC-NAS,6,1,1,1,159.72367596626282,92821.5,464.9104120023181,325ce533446fd76bb322ed35ba86ea26
5V9E_32601face8a739f06f22e121793514df_repeat_1,32601face8a739f06f22e121793514df,13126538,5,4,256,142729.2,CNN,EC-NAS,6,1,2,0,288.5942950248718,178411.5,494.5669490372262,32601face8a739f06f22e121793514df
5V9E_3266a0d493abe8c299ebcf061a6bba8f_repeat_1,3266a0d493abe8c299ebcf061a6bba8f,5742730,5,4,256,141184.80000000002,CNN,EC-NAS,6,0,3,0,291.7303900718689,176481.00000000003,483.95643650707285,3266a0d493abe8c299ebcf061a6bba8f
5V9E_32748e3be31e3cf70d9c6ec12dbb8ee9_repeat_1,32748e3be31e3cf70d9c6ec12dbb8ee9,5793546,5,4,256,88153.2,CNN,EC-NAS,7,2,1,0,200.2746880054474,110191.5,440.16146462603535,32748e3be31e3cf70d9c6ec12dbb8ee9
5V9E_3283061ebb976602b31602ffe86eef8b_repeat_1,3283061ebb976602b31602ffe86eef8b,11215242,5,4,256,102718.8,CNN,EC-NAS,4,1,1,1,194.68773245811462,128398.5,527.6079735640203,3283061ebb976602b31602ffe86eef8b
5V9E_32921d1b323aed792c6cc8f0c2a27bf9_repeat_1,32921d1b323aed792c6cc8f0c2a27bf9,4081418,5,4,256,76194.0,CNN,EC-NAS,7,1,0,2,179.85429620742798,95242.5,423.64292433762387,32921d1b323aed792c6cc8f0c2a27bf9
5V9E_329d10bb5e37e7c81fed6b67d2f79bb3_repeat_1,329d10bb5e37e7c81fed6b67d2f79bb3,2785330,5,4,256,67435.2,CNN,EC-NAS,8,2,1,0,178.1186716556549,84294.0,378.59702957120646,329d10bb5e37e7c81fed6b67d2f79bb3
5V9E_32af6dd3ec87da634a923d131ff52318_repeat_1,32af6dd3ec87da634a923d131ff52318,1815834,5,4,256,88848.0,CNN,EC-NAS,9,0,3,0,215.64353346824646,111060.0,412.01328215614166,32af6dd3ec87da634a923d131ff52318
5V9E_32b26a4044bf082b0ad80f5dad618d76_repeat_1,32b26a4044bf082b0ad80f5dad618d76,11215242,5,4,256,104360.40000000001,CNN,EC-NAS,4,1,1,1,194.2565052509308,130450.50000000001,537.2298851211829,32b26a4044bf082b0ad80f5dad618d76
5V9E_32d1644895dfcb76c740e7cf6647e079_repeat_1,32d1644895dfcb76c740e7cf6647e079,1580170,5,4,256,67680.0,CNN,EC-NAS,7,0,1,2,138.79580950737,84600.0,487.6227909201122,32d1644895dfcb76c740e7cf6647e079
5V9E_32d6f23b58530b2bc6a4d70260d96057_repeat_1,32d6f23b58530b2bc6a4d70260d96057,5793546,5,4,256,94485.59999999999,CNN,EC-NAS,6,2,1,0,203.34444999694824,118106.99999999999,464.6578748592254,32d6f23b58530b2bc6a4d70260d96057
5V9E_32e358e1bdb46982da2e10990e9625c3_repeat_1,32e358e1bdb46982da2e10990e9625c3,3905290,5,4,256,85946.4,CNN,EC-NAS,6,1,1,1,191.04663038253784,107433.0,449.8713210900773,32e358e1bdb46982da2e10990e9625c3
5V9E_3312922eb9c35d6df76a9ac0f35979e1_repeat_1,3312922eb9c35d6df76a9ac0f35979e1,1580170,5,4,256,63705.6,CNN,EC-NAS,6,0,1,2,135.0054280757904,79632.0,471.87436022377153,3312922eb9c35d6df76a9ac0f35979e1
5V9E_33198db1cb5b0dabdf994a948db33690_repeat_1,33198db1cb5b0dabdf994a948db33690,6230410,5,4,256,93762.0,CNN,EC-NAS,7,2,1,0,228.49332690238953,117202.5,410.3489641080606,33198db1cb5b0dabdf994a948db33690
5V9E_331df5cffc4bf735868b8d1ad47fbee7_repeat_1,331df5cffc4bf735868b8d1ad47fbee7,3075240,5,4,256,85507.2,CNN,EC-NAS,8,2,1,0,206.07683444023132,106884.0,414.92873389803424,331df5cffc4bf735868b8d1ad47fbee7
5V9E_333aa56d54e11f2dbefde40fb493296c_repeat_1,333aa56d54e11f2dbefde40fb493296c,22257802,5,4,256,186530.4,CNN,EC-NAS,6,2,1,0,375.2835600376129,233163.0,497.03855927316647,333aa56d54e11f2dbefde40fb493296c
5V9E_3376541da921d226548290ba1e4f9819_repeat_1,3376541da921d226548290ba1e4f9819,22257802,5,4,256,194097.6,CNN,EC-NAS,6,2,1,0,371.70533537864685,242622.0,522.1813665985657,3376541da921d226548290ba1e4f9819
5V9E_33a8a53e06109b989ac1659b7bad04ed_repeat_1,33a8a53e06109b989ac1659b7bad04ed,2453898,5,4,256,90957.6,CNN,EC-NAS,8,0,1,2,202.0486044883728,113697.0,450.1768286414188,33a8a53e06109b989ac1659b7bad04ed
5V9E_33d2a114f6385661657c44b49cc83815_repeat_1,33d2a114f6385661657c44b49cc83815,4081418,4,4,256,89604.0,CNN,EC-NAS,6,1,0,1,185.23605680465698,112005.0,483.7287164587671,33d2a114f6385661657c44b49cc83815
5V9E_33d6e26325ca357ff8895a0d6109cd56_repeat_1,33d6e26325ca357ff8895a0d6109cd56,1581837,5,4,256,74692.8,CNN,EC-NAS,9,0,1,2,165.70241284370422,93366.0,450.76470956673774,33d6e26325ca357ff8895a0d6109cd56
5V9E_33ef1e9c2ca634f79a1d9375f3b29f8a_repeat_1,33ef1e9c2ca634f79a1d9375f3b29f8a,1443117,5,4,256,50986.8,CNN,EC-NAS,6,1,1,1,114.30578899383545,63733.5,446.05614858885,33ef1e9c2ca634f79a1d9375f3b29f8a
5V9E_33fbd2a079fb3e8286cc1567193bf84d_repeat_1,33fbd2a079fb3e8286cc1567193bf84d,3905290,5,4,256,77986.8,CNN,EC-NAS,8,1,1,1,192.90289974212646,97483.5,404.28008134793794,33fbd2a079fb3e8286cc1567193bf84d
5V9E_3407944b22d4b1d0cccbd8e070424ce4_repeat_1,3407944b22d4b1d0cccbd8e070424ce4,3031562,4,4,256,48661.2,CNN,EC-NAS,4,1,1,0,116.96259260177612,60826.5,416.0407094059324,3407944b22d4b1d0cccbd8e070424ce4
5V9E_343841e3b4f5c15a6de763b6af87e05f_repeat_1,343841e3b4f5c15a6de763b6af87e05f,12088970,5,4,256,126266.40000000001,CNN,EC-NAS,6,1,1,1,250.63049936294556,157833.0,503.7950302175708,343841e3b4f5c15a6de763b6af87e05f
5V9E_344f32dff0ff292df1b52ff43638f220_repeat_1,344f32dff0ff292df1b52ff43638f220,3207690,5,4,256,70196.4,CNN,EC-NAS,7,1,0,2,137.88205337524414,87745.5,509.1046897086849,344f32dff0ff292df1b52ff43638f220
5V9E_346b2ac24256ff291f1efb20e154b8b0_repeat_1,346b2ac24256ff291f1efb20e154b8b0,3659058,5,4,256,104414.4,CNN,EC-NAS,8,2,1,0,232.12330722808838,130518.0,449.8229895432284,346b2ac24256ff291f1efb20e154b8b0
5V9E_34af9ac3a446614c36b8e469d35303b1_repeat_1,34af9ac3a446614c36b8e469d35303b1,1319434,5,4,256,63284.4,CNN,EC-NAS,7,0,0,3,135.67674112319946,79105.5,466.43514191231526,34af9ac3a446614c36b8e469d35303b1
5V9E_34f2156217bff33aeee997c20af27b3e_repeat_1,34f2156217bff33aeee997c20af27b3e,706442,5,4,256,40550.4,CNN,EC-NAS,6,0,1,2,90.21334981918335,50688.0,449.49444933899565,34f2156217bff33aeee997c20af27b3e
5V9E_352a32bb23c3fa28fcff3c0157311e41_repeat_1,352a32bb23c3fa28fcff3c0157311e41,6406538,5,4,256,106340.4,CNN,EC-NAS,7,2,0,1,224.2532045841217,132925.5,474.1979058770135,352a32bb23c3fa28fcff3c0157311e41
5V9E_3535e9bf6f5155a46a56803da1d37e4c_repeat_1,3535e9bf6f5155a46a56803da1d37e4c,3207690,5,4,256,54237.6,CNN,EC-NAS,6,1,0,2,132.1211712360382,67797.0,410.5140719885308,3535e9bf6f5155a46a56803da1d37e4c
5V9E_354b9b10b231b02418b19bf26aff3923_repeat_1,354b9b10b231b02418b19bf26aff3923,4081418,5,4,256,79189.2,CNN,EC-NAS,7,1,0,2,181.65592050552368,98986.5,435.9296398357248,354b9b10b231b02418b19bf26aff3923
5V9E_35599e7425d7a5bc9d6a9053ff6e82db_repeat_1,35599e7425d7a5bc9d6a9053ff6e82db,882570,5,4,256,45198.0,CNN,EC-NAS,6,0,0,3,99.45302486419678,56497.5,454.4658150088237,35599e7425d7a5bc9d6a9053ff6e82db
5V9E_359e7e7323271249d6e884cc34882e8b_repeat_1,359e7e7323271249d6e884cc34882e8b,12088970,5,4,256,122727.6,CNN,EC-NAS,5,1,1,1,245.41608047485352,153409.5,500.07970041138054,359e7e7323271249d6e884cc34882e8b
5V9E_359ef31fb6915a7495f41a2f7f27a6c9_repeat_1,359ef31fb6915a7495f41a2f7f27a6c9,2316326,5,4,256,76586.40000000001,CNN,EC-NAS,8,1,1,1,166.62819838523865,95733.00000000001,459.62448578442223,359ef31fb6915a7495f41a2f7f27a6c9
5V9E_35a320863033c50f1f462a7034038571_repeat_1,35a320863033c50f1f462a7034038571,3468426,5,4,256,74829.59999999999,CNN,EC-NAS,7,1,1,1,163.77648997306824,93536.99999999999,456.9007432770426,35a320863033c50f1f462a7034038571
5V9E_35f7fdafec66df89f848b658021d8a15_repeat_1,35f7fdafec66df89f848b658021d8a15,4342154,5,4,256,97113.6,CNN,EC-NAS,7,1,1,1,207.377014875412,121392.0,468.29490750623415,35f7fdafec66df89f848b658021d8a15
5V9E_35fd3817805e512e6b33d566a619bfcc_repeat_1,35fd3817805e512e6b33d566a619bfcc,3292298,5,4,256,66902.4,CNN,EC-NAS,6,1,2,0,150.13757014274597,83628.0,445.6073182507972,35fd3817805e512e6b33d566a619bfcc
5V9E_360c5a72d4d54ca959f72d1563cee230_repeat_1,360c5a72d4d54ca959f72d1563cee230,5532810,5,4,256,71992.79999999999,CNN,EC-NAS,7,2,0,1,174.03881430625916,89990.99999999999,413.6594488245191,360c5a72d4d54ca959f72d1563cee230
5V9E_3665e92d2295d6f6d4e6416dbc272377_repeat_1,3665e92d2295d6f6d4e6416dbc272377,5532810,5,4,256,73134.0,CNN,EC-NAS,7,2,0,1,172.77433609962463,91417.5,423.2920331282864,3665e92d2295d6f6d4e6416dbc272377
5V9E_36767ce30bb17bcad6e8032d5de02dd5_repeat_1,36767ce30bb17bcad6e8032d5de02dd5,3353144,5,4,256,88707.6,CNN,EC-NAS,7,2,1,0,200.6536889076233,110884.5,442.09304340693734,36767ce30bb17bcad6e8032d5de02dd5
5V9E_368454481cd4c88678eafe9480cd89d3_repeat_1,368454481cd4c88678eafe9480cd89d3,6406538,5,4,256,105778.8,CNN,EC-NAS,7,2,0,1,222.62262225151062,132223.5,475.14847741077773,368454481cd4c88678eafe9480cd89d3
5V9E_36b3cc764eaa574995aa5e7e18a8122c_repeat_1,36b3cc764eaa574995aa5e7e18a8122c,4779018,5,4,256,111625.2,CNN,EC-NAS,8,1,1,1,243.17070293426514,139531.5,459.0404956397028,36b3cc764eaa574995aa5e7e18a8122c
5V9E_36b45b889723ce485359f72efd69b72d_repeat_1,36b45b889723ce485359f72efd69b72d,5532810,5,4,256,82800.0,CNN,EC-NAS,6,2,0,1,176.79832339286804,103500.0,468.3302330645298,36b45b889723ce485359f72efd69b72d
5V9E_3703ef0f85e10d1521d31fe2cf0edc7e_repeat_1,3703ef0f85e10d1521d31fe2cf0edc7e,2630026,5,4,256,88149.6,CNN,EC-NAS,7,0,0,3,178.82408571243286,110187.0,492.9403086212527,3703ef0f85e10d1521d31fe2cf0edc7e
5V9E_370bad6a6be9f2ae97072ca2a32ee836_repeat_1,370bad6a6be9f2ae97072ca2a32ee836,3905290,5,4,256,78919.2,CNN,EC-NAS,6,1,1,1,174.07436418533325,98649.0,453.36486144494205,370bad6a6be9f2ae97072ca2a32ee836
5V9E_371848dbd481e7fce170302491b9a7ef_repeat_1,371848dbd481e7fce170302491b9a7ef,1227914,5,4,256,49039.200000000004,CNN,EC-NAS,5,0,3,0,127.36471390724182,61299.00000000001,385.0297189511583,371848dbd481e7fce170302491b9a7ef
5V9E_37390ce9f05503d1ee57dd63747ef7e2_repeat_1,37390ce9f05503d1ee57dd63747ef7e2,4081418,5,4,256,79650.0,CNN,EC-NAS,7,1,0,2,181.46817994117737,99562.5,438.91992538757165,37390ce9f05503d1ee57dd63747ef7e2
5V9E_37437fc0834dd1675bce98f9bd07d144_repeat_1,37437fc0834dd1675bce98f9bd07d144,8731658,5,4,256,123094.8,CNN,EC-NAS,8,3,0,0,266.57656931877136,153868.5,461.76151307883197,37437fc0834dd1675bce98f9bd07d144
5V9E_379a3c1c2c41e89faa2e3f69c7ca4145_repeat_1,379a3c1c2c41e89faa2e3f69c7ca4145,5578890,5,4,256,152467.2,CNN,EC-NAS,8,0,2,1,303.93087697029114,190584.0,501.65090667936147,379a3c1c2c41e89faa2e3f69c7ca4145
5V9E_37d35a59245a21df290d77e17aa39cd5_repeat_1,37d35a59245a21df290d77e17aa39cd5,2453898,5,4,256,90997.2,CNN,EC-NAS,7,0,1,2,200.17964673042297,113746.5,454.57768302760417,37d35a59245a21df290d77e17aa39cd5
5V9E_37e0515c35dd34c23b2694f2c970674e_repeat_1,37e0515c35dd34c23b2694f2c970674e,2038941,5,4,256,78098.40000000001,CNN,EC-NAS,8,1,1,1,180.33067798614502,97623.00000000001,433.0843807175193,37e0515c35dd34c23b2694f2c970674e
5V9E_37ee918ad1be6f28af064c3a8de1deda_repeat_1,37ee918ad1be6f28af064c3a8de1deda,3905290,5,4,256,78570.0,CNN,EC-NAS,7,1,1,1,177.87971448898315,98212.5,441.70298016115925,37ee918ad1be6f28af064c3a8de1deda
5V9E_381338551797c24e019e290a01de91ed_repeat_1,381338551797c24e019e290a01de91ed,1988486,5,4,256,97592.40000000001,CNN,EC-NAS,9,0,2,1,221.50505018234253,121990.50000000001,440.58769729928116,381338551797c24e019e290a01de91ed
5V9E_3835552b2806f980e414bef37786ea06_repeat_1,3835552b2806f980e414bef37786ea06,10177674,4,4,256,66999.59999999999,CNN,EC-NAS,3,1,0,1,147.36740016937256,83749.49999999999,454.64329236314063,3835552b2806f980e414bef37786ea06
5V9E_3843a49eda9a39862dff2ced738b17cd_repeat_1,3843a49eda9a39862dff2ced738b17cd,3948968,5,4,256,108237.59999999999,CNN,EC-NAS,9,2,1,0,258.84350299835205,135297.0,418.15845770210075,3843a49eda9a39862dff2ced738b17cd
5V9E_384a9c7bfb4cdf2efc5694dc5c4e866e_repeat_1,384a9c7bfb4cdf2efc5694dc5c4e866e,2775106,5,4,256,83649.6,CNN,EC-NAS,7,2,1,0,184.8379189968109,104562.0,452.5564908650765,384a9c7bfb4cdf2efc5694dc5c4e866e
5V9E_3851dbdfea0a2054d95fe25091aaa5a0_repeat_1,3851dbdfea0a2054d95fe25091aaa5a0,5532810,5,4,256,80956.8,CNN,EC-NAS,5,2,0,1,172.07578492164612,101196.0,470.471775194071,3851dbdfea0a2054d95fe25091aaa5a0
5V9E_38a3987d0358d370539fe0c44a7e4216_repeat_1,38a3987d0358d370539fe0c44a7e4216,1232016,5,4,256,82062.0,CNN,EC-NAS,8,0,3,0,191.29704523086548,102577.5,428.976829730768,38a3987d0358d370539fe0c44a7e4216
5V9E_38e55ad9ee9194f5392fcccb3e54a4c3_repeat_1,38e55ad9ee9194f5392fcccb3e54a4c3,6406538,4,4,256,97988.4,CNN,EC-NAS,6,2,0,0,222.43187594413757,122485.5,440.53218354643195,38e55ad9ee9194f5392fcccb3e54a4c3
5V9E_38edb4352281cc081de628ce7264e1a7_repeat_1,38edb4352281cc081de628ce7264e1a7,22093962,5,4,256,194950.8,CNN,EC-NAS,7,2,0,1,383.6825075149536,243688.5,508.1044774823413,38edb4352281cc081de628ce7264e1a7
5V9E_390925cb0e58b940935d19373bc591d4_repeat_1,390925cb0e58b940935d19373bc591d4,12962698,5,4,256,151646.4,CNN,EC-NAS,7,1,1,1,299.26529240608215,189558.0,506.728992128584,390925cb0e58b940935d19373bc591d4
5V9E_394903294cc34b4a9df2efe08c818ccc_repeat_1,394903294cc34b4a9df2efe08c818ccc,706442,5,4,256,35542.8,CNN,EC-NAS,6,0,1,2,86.40482068061829,44428.5,411.3520486475902,394903294cc34b4a9df2efe08c818ccc
5V9E_39497a9229d784bf65b067748fa81469_repeat_1,39497a9229d784bf65b067748fa81469,2493744,5,4,256,59799.600000000006,CNN,EC-NAS,7,2,1,0,147.5543487071991,74749.5,405.2716881876787,39497a9229d784bf65b067748fa81469
5V9E_3961430127ce7fcd8c84fab593f6ddd2_repeat_1,3961430127ce7fcd8c84fab593f6ddd2,8731658,5,4,256,122979.59999999999,CNN,EC-NAS,7,3,0,0,265.74458384513855,153724.5,462.77368374012013,3961430127ce7fcd8c84fab593f6ddd2
5V9E_397523fe144731b24ee4c084e36f3924_repeat_1,397523fe144731b24ee4c084e36f3924,22257802,5,4,256,190630.8,CNN,EC-NAS,6,2,1,0,372.7271339893341,238288.5,511.4486781782167,397523fe144731b24ee4c084e36f3924
5V9E_39a0a98a93e01c32e3ef6c015f7fb951_repeat_1,39a0a98a93e01c32e3ef6c015f7fb951,6230410,5,4,256,101602.8,CNN,EC-NAS,7,2,1,0,232.69373106956482,127003.5,436.6374613230358,39a0a98a93e01c32e3ef6c015f7fb951
5V9E_39abdd66cc87b1bae24c83fba472327a_repeat_1,39abdd66cc87b1bae24c83fba472327a,2658367,5,4,256,72406.8,CNN,EC-NAS,7,2,0,1,159.35108351707458,90508.5,454.3853634496408,39abdd66cc87b1bae24c83fba472327a
5V9E_39f14aada9705592dfccce3903543a80_repeat_1,39f14aada9705592dfccce3903543a80,2141352,5,4,256,90309.6,CNN,EC-NAS,8,1,2,0,200.03311371803284,112887.0,451.47325021046584,39f14aada9705592dfccce3903543a80
5V9E_3a28c633b180fb35ef6d90ce3c1c523d_repeat_1,3a28c633b180fb35ef6d90ce3c1c523d,445706,5,4,256,29037.600000000002,CNN,EC-NAS,5,0,0,3,62.476929903030396,36297.0,464.7731577891051,3a28c633b180fb35ef6d90ce3c1c523d
5V9E_3a3507431784803b4627b8db776fea8e_repeat_1,3a3507431784803b4627b8db776fea8e,7857930,5,4,256,86346.0,CNN,EC-NAS,6,3,0,0,208.0900638103485,107932.5,414.9453290508623,3a3507431784803b4627b8db776fea8e
5V9E_3a3957e7622a701c430432d4329c134c_repeat_1,3a3957e7622a701c430432d4329c134c,709399,5,4,256,43905.6,CNN,EC-NAS,7,0,1,2,111.21434664726257,54882.0,394.7835987316902,3a3957e7622a701c430432d4329c134c
5V9E_3a65ab3f87701b22e5fca3952a0ffc41_repeat_1,3a65ab3f87701b22e5fca3952a0ffc41,1815834,5,4,256,93337.2,CNN,EC-NAS,8,0,3,0,211.46369338035583,116671.5,441.3864077939663,3a65ab3f87701b22e5fca3952a0ffc41
5V9E_3a6dfd9b698a56930a1afc726f1e83cc_repeat_1,3a6dfd9b698a56930a1afc726f1e83cc,3031562,5,4,256,62089.2,CNN,EC-NAS,6,1,1,1,127.3719093799591,77611.5,487.4638395722221,3a6dfd9b698a56930a1afc726f1e83cc
5V9E_3aaae573080adbdeda6c2d4937909e14_repeat_1,3aaae573080adbdeda6c2d4937909e14,3468426,5,4,256,77536.8,CNN,EC-NAS,7,1,1,1,163.58602619171143,96921.0,473.98180520096673,3aaae573080adbdeda6c2d4937909e14
5V9E_3add0fae039c80af8d0fb51057f9915d_repeat_1,3add0fae039c80af8d0fb51057f9915d,2630026,5,4,256,87994.8,CNN,EC-NAS,6,0,0,3,179.3507857322693,109993.5,490.6295762280998,3add0fae039c80af8d0fb51057f9915d
5V9E_3ae430f7d0680f27502ce3249699006f_repeat_1,3ae430f7d0680f27502ce3249699006f,14000266,5,4,256,165380.4,CNN,EC-NAS,7,1,2,0,335.13307929039,206725.5,493.4768013655234,3ae430f7d0680f27502ce3249699006f
5V9E_3af5d23d803ef448b8539054d8c14213_repeat_1,3af5d23d803ef448b8539054d8c14213,1756298,4,4,256,64735.200000000004,CNN,EC-NAS,5,0,0,2,138.9840931892395,80919.0,465.77416533456915,3af5d23d803ef448b8539054d8c14213
5V9E_3aff97b85dfb85c6e1a3395bd9bbc7d4_repeat_1,3aff97b85dfb85c6e1a3395bd9bbc7d4,7857930,5,4,256,92293.2,CNN,EC-NAS,7,3,0,0,211.19194984436035,115366.5,437.0109754089407,3aff97b85dfb85c6e1a3395bd9bbc7d4
5V9E_3b33d5e31513b5aee43c25d0ec611e35_repeat_1,3b33d5e31513b5aee43c25d0ec611e35,1116567,5,4,256,63093.6,CNN,EC-NAS,8,0,2,1,161.54310083389282,78867.0,390.56821166801905,3b33d5e31513b5aee43c25d0ec611e35
5V9E_3bbfd5bf01e8feabd2a793af62892383_repeat_1,3bbfd5bf01e8feabd2a793af62892383,4779018,5,4,256,112492.8,CNN,EC-NAS,8,1,1,1,246.55328679084778,140616.0,456.261611695439,3bbfd5bf01e8feabd2a793af62892383
5V9E_3bdc6ea3bd8a64a3e251d9e7e6165534_repeat_1,3bdc6ea3bd8a64a3e251d9e7e6165534,2975370,5,4,256,122212.8,CNN,EC-NAS,9,0,3,0,254.73411965370178,152766.0,479.76611914470726,3bdc6ea3bd8a64a3e251d9e7e6165534
5V9E_3c282af26d69cbb5c5caa785514f14b9_repeat_1,3c282af26d69cbb5c5caa785514f14b9,13836426,5,4,256,171900.0,CNN,EC-NAS,7,1,1,1,342.6990523338318,214875.0,501.60628933560014,3c282af26d69cbb5c5caa785514f14b9
5V9E_3c325aea3e66b614c829c5169d038b80_repeat_1,3c325aea3e66b614c829c5169d038b80,1840906,4,4,256,68900.4,CNN,EC-NAS,5,0,2,0,156.3290033340454,86125.5,440.7397125968552,3c325aea3e66b614c829c5169d038b80
5V9E_3c52c56fbd8eb3a124d92d8b5a1d1cc3_repeat_1,3c52c56fbd8eb3a124d92d8b5a1d1cc3,21384074,5,4,256,167004.0,CNN,EC-NAS,5,2,1,0,323.32368421554565,208755.0,516.5226308898107,3c52c56fbd8eb3a124d92d8b5a1d1cc3
5V9E_3c53f2fbdb8f64de56840325c1b10f8a_repeat_1,3c53f2fbdb8f64de56840325c1b10f8a,1840906,5,4,256,73965.59999999999,CNN,EC-NAS,6,0,2,1,158.98801636695862,92456.99999999999,465.2275164518107,3c53f2fbdb8f64de56840325c1b10f8a
5V9E_3cbe23dab2cf27c409bbc3585adea380_repeat_1,3cbe23dab2cf27c409bbc3585adea380,4705162,5,4,256,108291.6,CNN,EC-NAS,6,0,2,1,245.99816370010376,135364.5,440.2130421266813,3cbe23dab2cf27c409bbc3585adea380
5V9E_3d04fc208dd4f3ea451b5fab99d920c1_repeat_1,3d04fc208dd4f3ea451b5fab99d920c1,14000266,5,4,256,148035.6,CNN,EC-NAS,7,1,2,0,329.25482082366943,185044.5,449.6079955023032,3d04fc208dd4f3ea451b5fab99d920c1
5V9E_3d1dc8d7b1471a6418d54e9e59e20f20_repeat_1,3d1dc8d7b1471a6418d54e9e59e20f20,1570080,5,4,256,65005.2,CNN,EC-NAS,7,1,2,0,141.853422164917,81256.5,458.256128106841,3d1dc8d7b1471a6418d54e9e59e20f20
5V9E_3d2b26a407e29a887b133b8269041784_repeat_1,3d2b26a407e29a887b133b8269041784,3353144,5,4,256,96184.79999999999,CNN,EC-NAS,8,2,1,0,202.95990371704102,120230.99999999999,473.91035489501013,3d2b26a407e29a887b133b8269041784
5V9E_3d3ab61043574cb8584b695fdc2bf6f3_repeat_1,3d3ab61043574cb8584b695fdc2bf6f3,445706,5,4,256,32947.200000000004,CNN,EC-NAS,5,0,0,3,64.30141925811768,41184.00000000001,512.3868241188255,3d3ab61043574cb8584b695fdc2bf6f3
5V9E_3d5650889d956cfe8eabaae3348a8002_repeat_1,3d5650889d956cfe8eabaae3348a8002,4166026,5,4,256,88246.8,CNN,EC-NAS,6,1,2,0,200.37227153778076,110308.5,440.41423158373897,3d5650889d956cfe8eabaae3348a8002
5V9E_3d74ae878fcda25146a15637a890ca1e_repeat_1,3d74ae878fcda25146a15637a890ca1e,3905290,5,4,256,77716.8,CNN,EC-NAS,6,1,1,1,173.67476296424866,97146.0,447.4847045911799,3d74ae878fcda25146a15637a890ca1e
5V9E_3d871266b06af323c8decf686f9f1463_repeat_1,3d871266b06af323c8decf686f9f1463,21220234,5,4,256,172144.8,CNN,EC-NAS,7,2,0,1,341.3503875732422,215181.0,504.30527184640613,3d871266b06af323c8decf686f9f1463
5V9E_3db7e20184e417b4eb1718c5846356a6_repeat_1,3db7e20184e417b4eb1718c5846356a6,1143306,4,4,256,50720.4,CNN,EC-NAS,5,0,1,1,112.75376653671265,63400.5,449.8333098565309,3db7e20184e417b4eb1718c5846356a6
5V9E_3dcaf4f61daaedf031977a4a42240fe0_repeat_1,3dcaf4f61daaedf031977a4a42240fe0,823172,5,4,256,48358.8,CNN,EC-NAS,6,0,2,1,128.4811496734619,60448.5,376.38828826567254,3dcaf4f61daaedf031977a4a42240fe0
5V9E_3e1c0589d72fbcfe86ca264796aa18db_repeat_1,3e1c0589d72fbcfe86ca264796aa18db,1143306,5,4,256,55216.799999999996,CNN,EC-NAS,6,0,1,2,123.33265018463135,69021.0,447.7062636482666,3e1c0589d72fbcfe86ca264796aa18db
5V9E_3e1f5175aa97d9fe4fd0e87b414d3090_repeat_1,3e1f5175aa97d9fe4fd0e87b414d3090,29641610,5,4,256,192135.6,CNN,EC-NAS,5,3,0,0,365.676810503006,240169.5,525.4246221840217,3e1f5175aa97d9fe4fd0e87b414d3090
5V9E_3e25636918cbf98be4630378877439e8_repeat_1,3e25636918cbf98be4630378877439e8,2017034,5,4,256,79254.0,CNN,EC-NAS,7,0,1,2,170.61340713500977,99067.5,464.5238690842434,3e25636918cbf98be4630378877439e8
5V9E_3e4122840a171dabdadbb9ffa64449d1_repeat_1,3e4122840a171dabdadbb9ffa64449d1,14000266,5,4,256,161899.19999999998,CNN,EC-NAS,6,1,2,0,333.52632880210876,202373.99999999997,485.4165504159033,3e4122840a171dabdadbb9ffa64449d1
5V9E_3e89696a073b2c3040c4995e7153cdff_repeat_1,3e89696a073b2c3040c4995e7153cdff,1840906,5,4,256,73432.8,CNN,EC-NAS,6,0,2,1,157.4539430141449,91791.0,466.3763802561817,3e89696a073b2c3040c4995e7153cdff
5V9E_3e89b0cd14648566f7b4ac425f005cac_repeat_1,3e89b0cd14648566f7b4ac425f005cac,6667274,5,4,256,110703.6,CNN,EC-NAS,7,2,1,0,250.2439444065094,138379.5,442.38273282716193,3e89b0cd14648566f7b4ac425f005cac
5V9E_3e9c4cba02e181e463a98e9845aec087_repeat_1,3e9c4cba02e181e463a98e9845aec087,3905290,5,4,256,75646.8,CNN,EC-NAS,8,1,1,1,189.32777309417725,94558.5,399.55469165303623,3e9c4cba02e181e463a98e9845aec087
5V9E_3ee8a5013dfaea4224720ec98b2ac4d8_repeat_1,3ee8a5013dfaea4224720ec98b2ac4d8,3468426,5,4,256,70696.8,CNN,EC-NAS,6,1,1,1,157.92071509361267,88371.0,447.6727448839892,3ee8a5013dfaea4224720ec98b2ac4d8
5V9E_3f264d175f9bcbf9b462ae6d8b6a2de2_repeat_1,3f264d175f9bcbf9b462ae6d8b6a2de2,21384074,5,4,256,160653.6,CNN,EC-NAS,6,2,1,0,331.8925201892853,200817.0,484.05309016417687,3f264d175f9bcbf9b462ae6d8b6a2de2
5V9E_3f5a2a496279208912a9e101fa39628d_repeat_1,3f5a2a496279208912a9e101fa39628d,3065016,5,4,256,91044.0,CNN,EC-NAS,9,2,1,0,215.99956440925598,113805.0,421.50085000865215,3f5a2a496279208912a9e101fa39628d
5V9E_3f6a2a01c50fbb2ff40be92e65bdf2af_repeat_1,3f6a2a01c50fbb2ff40be92e65bdf2af,2669881,5,4,256,71150.4,CNN,EC-NAS,7,2,0,1,156.57959866523743,88938.0,454.40402585344117,3f6a2a01c50fbb2ff40be92e65bdf2af
5V9E_3f8a1103b8d2dd2ad8887134533cb4ed_repeat_1,3f8a1103b8d2dd2ad8887134533cb4ed,2913959,5,4,256,100310.4,CNN,EC-NAS,8,1,1,1,226.0646092891693,125388.0,443.7244746774516,3f8a1103b8d2dd2ad8887134533cb4ed
5V9E_3fb8edcf72cc35a921dd74b06cd859c0_repeat_1,3fb8edcf72cc35a921dd74b06cd859c0,1849766,5,4,256,66690.0,CNN,EC-NAS,6,1,2,0,162.57768893241882,83362.5,410.203887371791,3fb8edcf72cc35a921dd74b06cd859c0
5V9E_3fbf770303e3f2664379f45df119ad99_repeat_1,3fbf770303e3f2664379f45df119ad99,2017034,5,4,256,79765.2,CNN,EC-NAS,8,0,1,2,171.9181787967682,99706.5,463.9718763790177,3fbf770303e3f2664379f45df119ad99
5V9E_3fc385702e02524f806f4e9be3d49a4a_repeat_1,3fc385702e02524f806f4e9be3d49a4a,1664778,5,4,256,65066.4,CNN,EC-NAS,7,0,3,0,164.218111038208,81333.0,396.2193913243908,3fc385702e02524f806f4e9be3d49a4a
5V9E_3fc5623732d7857a12ea3a13b98b636e_repeat_1,3fc5623732d7857a12ea3a13b98b636e,6230410,5,4,256,102099.6,CNN,EC-NAS,8,2,1,0,231.43154549598694,127624.5,441.1654417343483,3fc5623732d7857a12ea3a13b98b636e
5V9E_3fccef40b0533fa8fe79daa4b0c2f663_repeat_1,3fccef40b0533fa8fe79daa4b0c2f663,3468426,5,4,256,76590.0,CNN,EC-NAS,7,1,1,1,163.94282174110413,95737.5,467.1750747400804,3fccef40b0533fa8fe79daa4b0c2f663
5V9E_3fda9f5d7598ac6fd32291e4c6ed2bab_repeat_1,3fda9f5d7598ac6fd32291e4c6ed2bab,2017034,5,4,256,74095.2,CNN,EC-NAS,7,0,1,2,167.66084480285645,92619.0,441.9350271503441,3fda9f5d7598ac6fd32291e4c6ed2bab
5V9E_3fe26428539ebec46fefa9988bc37a1e_repeat_1,3fe26428539ebec46fefa9988bc37a1e,13126538,5,4,256,143676.0,CNN,EC-NAS,5,1,2,0,283.06966948509216,179595.0,507.56409283039307,3fe26428539ebec46fefa9988bc37a1e
5V9E_3fecc83954930d475fc20bd9a9b5d03f_repeat_1,3fecc83954930d475fc20bd9a9b5d03f,8294794,5,4,256,117572.40000000001,CNN,EC-NAS,8,3,0,0,257.9792363643646,146965.5,455.7436546325114,3fecc83954930d475fc20bd9a9b5d03f
5V9E_3ffd6fab144a5ae8ff67da6d8c610a59_repeat_1,3ffd6fab144a5ae8ff67da6d8c610a59,706442,5,4,256,38372.4,CNN,EC-NAS,6,0,1,2,88.69188237190247,47965.5,432.6483887115734,3ffd6fab144a5ae8ff67da6d8c610a59
5V9E_400f38889171fe4ad401f024af0b5d54_repeat_1,400f38889171fe4ad401f024af0b5d54,4081418,5,4,256,88606.8,CNN,EC-NAS,7,1,0,2,186.07123517990112,110758.5,476.19826844450944,400f38889171fe4ad401f024af0b5d54
5V9E_4016e33e65e8c111f878e3945f5863e2_repeat_1,4016e33e65e8c111f878e3945f5863e2,11925130,5,4,256,109868.40000000001,CNN,EC-NAS,6,1,0,2,248.07705307006836,137335.5,442.8801400223346,4016e33e65e8c111f878e3945f5863e2
5V9E_401e9a1f884d48d605374da448bf44c2_repeat_1,401e9a1f884d48d605374da448bf44c2,4342154,5,4,256,84672.0,CNN,EC-NAS,7,1,1,1,204.88223934173584,105840.0,413.27154697274807,401e9a1f884d48d605374da448bf44c2
5V9E_401eb44af73f8acf6ae523b285d94db8_repeat_1,401eb44af73f8acf6ae523b285d94db8,1840906,5,4,256,77425.2,CNN,EC-NAS,7,0,2,1,182.1099202632904,96781.5,425.1564104144376,401eb44af73f8acf6ae523b285d94db8
5V9E_404fb5b8b90bbc8b3bd0f239f967da64_repeat_1,404fb5b8b90bbc8b3bd0f239f967da64,2101642,5,4,256,98254.8,CNN,EC-NAS,8,0,3,0,203.8239848613739,122818.5,482.0571046475502,404fb5b8b90bbc8b3bd0f239f967da64
5V9E_405ad49584c0b9abf5d5d6444b94b1b0_repeat_1,405ad49584c0b9abf5d5d6444b94b1b0,1404042,5,4,256,63712.799999999996,CNN,EC-NAS,7,0,2,1,144.91019248962402,79641.0,439.67093622183967,405ad49584c0b9abf5d5d6444b94b1b0
5V9E_406d18ca39f0ec0a49814d0fc056d101_repeat_1,406d18ca39f0ec0a49814d0fc056d101,2909855,5,4,256,103827.59999999999,CNN,EC-NAS,9,1,1,1,231.11318135261536,129784.49999999999,449.2500141806604,406d18ca39f0ec0a49814d0fc056d101
5V9E_40878ab3a05d5994f91ca60874424fa7_repeat_1,40878ab3a05d5994f91ca60874424fa7,6667274,5,4,256,110948.4,CNN,EC-NAS,8,2,1,0,249.2163302898407,138685.5,445.1891249299998,40878ab3a05d5994f91ca60874424fa7
5V9E_40a1fc95a1322f598c34dde5733a016b_repeat_1,40a1fc95a1322f598c34dde5733a016b,7104138,5,4,256,130424.4,CNN,EC-NAS,8,2,1,0,285.31736159324646,163030.5,457.12044746136183,40a1fc95a1322f598c34dde5733a016b
5V9E_40a32abfcdc45196e1847e9bc3da7e3e_repeat_1,40a32abfcdc45196e1847e9bc3da7e3e,4342154,4,4,256,80607.6,CNN,EC-NAS,6,1,1,0,200.00913739204407,100759.5,403.01958726014885,40a32abfcdc45196e1847e9bc3da7e3e
5V9E_40c3beb632f71b0472e91ac149a383bd_repeat_1,40c3beb632f71b0472e91ac149a383bd,7104138,5,4,256,116985.59999999999,CNN,EC-NAS,9,2,1,0,279.958172082901,146232.0,417.86813769222033,40c3beb632f71b0472e91ac149a383bd
5V9E_40c7e75eb0e70f4b56fa4ba792369301_repeat_1,40c7e75eb0e70f4b56fa4ba792369301,3207690,5,4,256,66459.6,CNN,EC-NAS,6,1,0,2,137.43970680236816,83074.5,483.55458219629196,40c7e75eb0e70f4b56fa4ba792369301
5V9E_40eee1eef6873c1aac5a80b03bf2f054_repeat_1,40eee1eef6873c1aac5a80b03bf2f054,1341996,5,4,256,40640.4,CNN,EC-NAS,6,1,0,2,91.44380521774292,50800.5,444.4303242109014,40eee1eef6873c1aac5a80b03bf2f054
5V9E_4121f52fa76e4c9d17f3f5584fcb191b_repeat_1,4121f52fa76e4c9d17f3f5584fcb191b,2316326,5,4,256,78642.0,CNN,EC-NAS,7,1,1,1,162.55156230926514,98302.5,483.79725720739845,4121f52fa76e4c9d17f3f5584fcb191b
5V9E_413412aaf9f29de900f50313bbfeabaf_repeat_1,413412aaf9f29de900f50313bbfeabaf,11925130,5,4,256,129312.0,CNN,EC-NAS,6,1,0,2,259.3864481449127,161640.0,498.53028531296525,413412aaf9f29de900f50313bbfeabaf
5V9E_413b0606118ff4a1ee9996f9b4e88747_repeat_1,413b0606118ff4a1ee9996f9b4e88747,13836426,5,4,256,168458.4,CNN,EC-NAS,7,1,1,1,342.4184639453888,210573.0,491.9664613262995,413b0606118ff4a1ee9996f9b4e88747
5V9E_415b4eb1e21f9603c9a89e942a6fa929_repeat_1,415b4eb1e21f9603c9a89e942a6fa929,2024613,5,4,256,80503.2,CNN,EC-NAS,9,1,1,1,182.68224811553955,100629.0,440.67335951046977,415b4eb1e21f9603c9a89e942a6fa929
5V9E_4176677c0174824a20f1c1939a16e08d_repeat_1,4176677c0174824a20f1c1939a16e08d,3667594,5,4,256,95184.0,CNN,EC-NAS,6,0,1,2,209.18794226646423,118980.0,455.0166657251895,4176677c0174824a20f1c1939a16e08d
5V9E_41a094dbf2053b975dcdea20d09f6be7_repeat_1,41a094dbf2053b975dcdea20d09f6be7,1570080,5,4,256,48718.8,CNN,EC-NAS,6,1,2,0,132.0968677997589,60898.5,368.81116722503333,41a094dbf2053b975dcdea20d09f6be7
5V9E_41b7d482d3edfb3564f010a42c43dced_repeat_1,41b7d482d3edfb3564f010a42c43dced,2624049,5,4,256,84009.59999999999,CNN,EC-NAS,8,1,1,1,197.30559182167053,105011.99999999999,425.7841819097041,41b7d482d3edfb3564f010a42c43dced
5V9E_41bc83f9706236476bb3f5a801689d03_repeat_1,41bc83f9706236476bb3f5a801689d03,2943654,5,4,256,83782.79999999999,CNN,EC-NAS,7,2,0,1,183.4345817565918,104728.49999999999,456.74484711489913,41bc83f9706236476bb3f5a801689d03
5V9E_41d13e0fa2aaa04bf7047fb151bb52ef_repeat_1,41d13e0fa2aaa04bf7047fb151bb52ef,2770826,5,4,256,48236.4,CNN,EC-NAS,6,1,0,2,106.10398554801941,60295.5,454.6144025680325,41d13e0fa2aaa04bf7047fb151bb52ef
5V9E_41e48f56d50184f630589b67e7002c4a_repeat_1,41e48f56d50184f630589b67e7002c4a,12088970,5,4,256,120736.79999999999,CNN,EC-NAS,5,1,1,1,245.90330290794373,150921.0,490.99299835431236,41e48f56d50184f630589b67e7002c4a
5V9E_41e881d0b18d6b5248f84b3f28df30ba_repeat_1,41e881d0b18d6b5248f84b3f28df30ba,2908046,5,4,256,96508.79999999999,CNN,EC-NAS,9,1,1,1,228.01924657821655,120635.99999999999,423.2484820832655,41e881d0b18d6b5248f84b3f28df30ba
5V9E_421391605dd005e024ec947354069509_repeat_1,421391605dd005e024ec947354069509,6667274,5,4,256,112323.59999999999,CNN,EC-NAS,8,2,1,0,250.9685652256012,140404.5,447.5604341086694,421391605dd005e024ec947354069509
5V9E_42155784c0c762a27429a3776fa14bcc_repeat_1,42155784c0c762a27429a3776fa14bcc,1742732,5,4,256,65376.0,CNN,EC-NAS,7,1,1,1,142.63166546821594,81720.0,458.355441517076,42155784c0c762a27429a3776fa14bcc
5V9E_423293f21d5ad0ce13a1e9962488f8ac_repeat_1,423293f21d5ad0ce13a1e9962488f8ac,1404042,5,4,256,59014.8,CNN,EC-NAS,7,0,2,1,144.33057689666748,73768.5,408.88633073400143,423293f21d5ad0ce13a1e9962488f8ac
5V9E_4262ade4f5edd5199c7efeb143c0b67f_repeat_1,4262ade4f5edd5199c7efeb143c0b67f,11051402,5,4,256,103356.0,CNN,EC-NAS,6,1,0,2,214.2199046611786,129195.0,482.4761740206787,4262ade4f5edd5199c7efeb143c0b67f
5V9E_42752f1a9b908ff2c76eb4d2e6112cd2_repeat_1,42752f1a9b908ff2c76eb4d2e6112cd2,4342154,5,4,256,96786.0,CNN,EC-NAS,8,1,1,1,211.0360391139984,120982.5,458.6230882949698,42752f1a9b908ff2c76eb4d2e6112cd2
5V9E_428cebca582d4479837873b67278ee52_repeat_1,428cebca582d4479837873b67278ee52,2277770,5,4,256,91954.8,CNN,EC-NAS,8,0,2,1,195.1357011795044,114943.5,471.23514274515674,428cebca582d4479837873b67278ee52
5V9E_4296bb95bd78375c046cb69dfb52c233_repeat_1,4296bb95bd78375c046cb69dfb52c233,2622759,5,4,256,94896.0,CNN,EC-NAS,9,1,1,1,203.5144703388214,118620.0,466.2862539553685,4296bb95bd78375c046cb69dfb52c233
5V9E_42ad05754694ae51b147dbc8e2a10b54_repeat_1,42ad05754694ae51b147dbc8e2a10b54,2453898,5,4,256,94780.8,CNN,EC-NAS,8,0,1,2,204.06865882873535,118476.0,464.45544624049694,42ad05754694ae51b147dbc8e2a10b54
5V9E_42ae7c1c8c84b4a4bf27c3c2b85d34d7_repeat_1,42ae7c1c8c84b4a4bf27c3c2b85d34d7,1580170,5,4,256,68191.2,CNN,EC-NAS,8,0,1,2,156.4734969139099,85239.0,435.8003198299971,42ae7c1c8c84b4a4bf27c3c2b85d34d7
5V9E_42bcfd5dd9f9e255cb7c90f9328214d9_repeat_1,42bcfd5dd9f9e255cb7c90f9328214d9,1631906,5,4,256,51325.200000000004,CNN,EC-NAS,6,1,0,2,116.32860970497131,64156.50000000001,441.2087458981006,42bcfd5dd9f9e255cb7c90f9328214d9
5V9E_42fcf5259c6d04a610d4fdedc1346608_repeat_1,42fcf5259c6d04a610d4fdedc1346608,1404042,5,4,256,58078.8,CNN,EC-NAS,7,0,2,1,143.90739631652832,72598.5,403.58453760259874,42fcf5259c6d04a610d4fdedc1346608
5V9E_43319ab62bdc847574f5e86b60b7a9db_repeat_1,43319ab62bdc847574f5e86b60b7a9db,21384074,5,4,256,164646.0,CNN,EC-NAS,5,2,1,0,326.28085708618164,205807.5,504.6143419824091,43319ab62bdc847574f5e86b60b7a9db
5V9E_4331dcea84aac5eee8903a76697406c3_repeat_1,4331dcea84aac5eee8903a76697406c3,3831434,5,4,256,95112.0,CNN,EC-NAS,5,0,2,1,203.40191984176636,118890.0,467.60620585091345,4331dcea84aac5eee8903a76697406c3
5V9E_4332f2b6581e1b49008e122b00ddc68d_repeat_1,4332f2b6581e1b49008e122b00ddc68d,1744408,5,4,256,65728.8,CNN,EC-NAS,7,1,1,1,147.5979449748993,82161.0,445.32327337740327,4332f2b6581e1b49008e122b00ddc68d
5V9E_4347b11602efe296e7b0cdae5597144f_repeat_1,4347b11602efe296e7b0cdae5597144f,13126538,5,4,256,141080.4,CNN,EC-NAS,6,1,2,0,288.95085310935974,176350.5,488.2505051701822,4347b11602efe296e7b0cdae5597144f
5V9E_4360d6eb83f5a5e8128d0a3fa047f959_repeat_1,4360d6eb83f5a5e8128d0a3fa047f959,2017034,5,4,256,80733.6,CNN,EC-NAS,7,0,1,2,169.41103768348694,100917.0,476.55454511078403,4360d6eb83f5a5e8128d0a3fa047f959
5V9E_4370511cbc6cec4852328108738cba9b_repeat_1,4370511cbc6cec4852328108738cba9b,2211101,5,4,256,65343.6,CNN,EC-NAS,8,1,0,2,145.08695673942566,81679.5,450.37542635452945,4370511cbc6cec4852328108738cba9b
5V9E_43a077a06d3f7009337597d4d214c5b6_repeat_1,43a077a06d3f7009337597d4d214c5b6,5969674,5,4,256,82062.0,CNN,EC-NAS,6,2,0,1,201.84382128715515,102577.5,406.56186291307705,43a077a06d3f7009337597d4d214c5b6
5V9E_43a9093ded08b77c6b8c7331f6a0a72a_repeat_1,43a9093ded08b77c6b8c7331f6a0a72a,14000266,5,4,256,154677.59999999998,CNN,EC-NAS,7,1,2,0,333.02482557296753,193346.99999999997,464.4626710152252,43a9093ded08b77c6b8c7331f6a0a72a
5V9E_43b122d4cabed6d2627b3143182f6c2c_repeat_1,43b122d4cabed6d2627b3143182f6c2c,3031562,5,4,256,56613.6,CNN,EC-NAS,5,1,1,1,127.55266094207764,70767.0,443.84491536173084,43b122d4cabed6d2627b3143182f6c2c
5V9E_43f1af73f8f4281ead162539fee3bed9_repeat_1,43f1af73f8f4281ead162539fee3bed9,20346506,5,4,256,147762.0,CNN,EC-NAS,6,2,0,1,289.7847716808319,184702.5,509.90257059727287,43f1af73f8f4281ead162539fee3bed9
5V9E_43f1e21efc30822120815bc6cefc5f53_repeat_1,43f1e21efc30822120815bc6cefc5f53,2151576,5,4,256,89413.20000000001,CNN,EC-NAS,8,1,2,0,202.29333686828613,111766.50000000001,441.99775130615023,43f1e21efc30822120815bc6cefc5f53
5V9E_43fc3bf243c6371bfcc4e94173803ba0_repeat_1,43fc3bf243c6371bfcc4e94173803ba0,706442,5,4,256,39034.8,CNN,EC-NAS,5,0,1,2,87.18063616752625,48793.5,447.7462165450452,43fc3bf243c6371bfcc4e94173803ba0
5V9E_4418bfb2d840e8ff3a880ec87e879afe_repeat_1,4418bfb2d840e8ff3a880ec87e879afe,1617445,5,4,256,56451.6,CNN,EC-NAS,7,1,0,2,124.79651093482971,70564.5,452.3491849021302,4418bfb2d840e8ff3a880ec87e879afe
5V9E_443d9b237ce9a45c17a7c273ebf15ced_repeat_1,443d9b237ce9a45c17a7c273ebf15ced,1873556,5,4,256,83818.8,CNN,EC-NAS,7,0,1,2,184.4677619934082,104773.5,454.38183395424505,443d9b237ce9a45c17a7c273ebf15ced
5V9E_448c22b1d4c896592aaadaccad119dde_repeat_1,448c22b1d4c896592aaadaccad119dde,12088970,5,4,256,118411.2,CNN,EC-NAS,5,1,1,1,240.85640382766724,148014.0,491.6257077587325,448c22b1d4c896592aaadaccad119dde
5V9E_448d40c806ba0e3cb4bb3e34ac9357a5_repeat_1,448d40c806ba0e3cb4bb3e34ac9357a5,7857930,5,4,256,93175.2,CNN,EC-NAS,7,3,0,0,214.46174359321594,116469.0,434.4607035217045,448d40c806ba0e3cb4bb3e34ac9357a5
5V9E_44a1b2cde46aa73c08cfa18c1e6bc24a_repeat_1,44a1b2cde46aa73c08cfa18c1e6bc24a,1581451,5,4,256,74005.2,CNN,EC-NAS,9,0,1,2,164.24279856681824,92506.5,450.5841391267621,44a1b2cde46aa73c08cfa18c1e6bc24a
5V9E_44c12cccb15d64dbaf9fb243f1d55825_repeat_1,44c12cccb15d64dbaf9fb243f1d55825,2770826,5,4,256,48646.8,CNN,EC-NAS,6,1,0,2,103.07882189750671,60808.5,471.93787341080076,44c12cccb15d64dbaf9fb243f1d55825
5V9E_44d654c6266e94d0332694387955b3c0_repeat_1,44d654c6266e94d0332694387955b3c0,6667274,5,4,256,111362.4,CNN,EC-NAS,6,2,1,0,244.07721948623657,139203.0,456.2588849316176,44d654c6266e94d0332694387955b3c0
5V9E_44edb0947ea9fea22a882f76a93ee243_repeat_1,44edb0947ea9fea22a882f76a93ee243,12798858,5,4,256,149850.0,CNN,EC-NAS,8,1,0,2,309.45316338539124,187312.5,484.24129312705605,44edb0947ea9fea22a882f76a93ee243
5V9E_4505d20e1a2d6bf9c9c428fa47462588_repeat_1,4505d20e1a2d6bf9c9c428fa47462588,5356682,5,4,256,79254.0,CNN,EC-NAS,5,2,1,0,162.11109113693237,99067.5,488.88696907884946,4505d20e1a2d6bf9c9c428fa47462588
5V9E_4521020b07180493a388ac3b65a11481_repeat_1,4521020b07180493a388ac3b65a11481,12962698,5,4,256,148010.4,CNN,EC-NAS,6,1,1,1,290.5051805973053,185013.0,509.4931515358075,4521020b07180493a388ac3b65a11481
5V9E_4555d4a0a7af599a6a115b303f7e917b_repeat_1,4555d4a0a7af599a6a115b303f7e917b,2479416,5,4,256,60998.4,CNN,EC-NAS,7,2,1,0,146.98025012016296,76248.0,415.0108599633697,4555d4a0a7af599a6a115b303f7e917b
5V9E_45584da276523d86a1ef2f7123974588_repeat_1,45584da276523d86a1ef2f7123974588,1464712,5,4,256,62787.600000000006,CNN,EC-NAS,9,0,0,3,138.62747836112976,78484.5,452.9231920127405,45584da276523d86a1ef2f7123974588
5V9E_45b7479ddd80ce585bab08efb8f2030a_repeat_1,45b7479ddd80ce585bab08efb8f2030a,4081418,5,4,256,85150.8,CNN,EC-NAS,8,1,0,2,190.44909834861755,106438.5,447.1052934266522,45b7479ddd80ce585bab08efb8f2030a
5V9E_45e529bb8f0fa9fa9b9308f78e11cfee_repeat_1,45e529bb8f0fa9fa9b9308f78e11cfee,4602890,5,4,256,103770.0,CNN,EC-NAS,7,1,2,0,232.42404103279114,129712.5,446.4684442232884,45e529bb8f0fa9fa9b9308f78e11cfee
5V9E_45ec844bf18f54747b049e71bfabf052_repeat_1,45ec844bf18f54747b049e71bfabf052,8294794,5,4,256,107010.0,CNN,EC-NAS,6,3,0,0,226.8099889755249,133762.5,471.80461708654053,45ec844bf18f54747b049e71bfabf052
5V9E_46002125327fc7903b235385d16074fc_repeat_1,46002125327fc7903b235385d16074fc,5532810,5,4,256,83502.0,CNN,EC-NAS,6,2,0,1,177.01975083351135,104377.5,471.71007532676043,46002125327fc7903b235385d16074fc
5V9E_460732b8cc4232be19b38ff8fcfc0ac6_repeat_1,460732b8cc4232be19b38ff8fcfc0ac6,2792597,5,4,256,97444.79999999999,CNN,EC-NAS,9,1,0,2,207.1355173587799,121805.99999999999,470.4398417158735,460732b8cc4232be19b38ff8fcfc0ac6
5V9E_4622db9b2b6bfc39bfdfa6a7490fdb05_repeat_1,4622db9b2b6bfc39bfdfa6a7490fdb05,709918,5,4,256,50652.0,CNN,EC-NAS,8,0,1,2,117.80911827087402,63315.0,429.9497419506849,4622db9b2b6bfc39bfdfa6a7490fdb05
5V9E_46233382cf626ae6468325a74975f87f_repeat_1,46233382cf626ae6468325a74975f87f,4342154,5,4,256,88599.6,CNN,EC-NAS,8,1,1,1,206.19430232048035,110749.5,429.68985565029266,46233382cf626ae6468325a74975f87f
5V9E_46432231c55dcc111b94b52a9289c756_repeat_1,46432231c55dcc111b94b52a9289c756,882570,5,4,256,45604.8,CNN,EC-NAS,5,0,0,3,94.2502088546753,57006.0,483.86948479146815,46432231c55dcc111b94b52a9289c756
5V9E_467edeadf2341a8e526ee64302cb6fd1_repeat_1,467edeadf2341a8e526ee64302cb6fd1,2538506,5,4,256,100407.59999999999,CNN,EC-NAS,8,0,3,0,223.458984375,125509.49999999999,449.3334661876917,467edeadf2341a8e526ee64302cb6fd1
5V9E_46bc7d99187dadcea8a38bb3c6edcfe1_repeat_1,46bc7d99187dadcea8a38bb3c6edcfe1,4166026,5,4,256,90417.59999999999,CNN,EC-NAS,7,1,2,0,200.31888699531555,113021.99999999999,451.36832255919234,46bc7d99187dadcea8a38bb3c6edcfe1
5V9E_46d3d7877c0989dbaa504b6e5b466a5d_repeat_1,46d3d7877c0989dbaa504b6e5b466a5d,3468426,5,4,256,75355.2,CNN,EC-NAS,5,1,1,1,158.16986179351807,94194.0,476.41945908994984,46d3d7877c0989dbaa504b6e5b466a5d
5V9E_46e21a4b5601debfd3878b00cd1c79fc_repeat_1,46e21a4b5601debfd3878b00cd1c79fc,4342154,5,4,256,97959.59999999999,CNN,EC-NAS,6,1,1,1,209.40507650375366,122449.49999999999,467.7995473440398,46e21a4b5601debfd3878b00cd1c79fc
5V9E_46f13b63c646c1eddebca0c303233688_repeat_1,46f13b63c646c1eddebca0c303233688,1406990,5,4,256,71924.4,CNN,EC-NAS,7,0,2,1,154.0341613292694,89905.5,466.9379790775866,46f13b63c646c1eddebca0c303233688
5V9E_470599beab93ed4514e490e3289dbd8b_repeat_1,470599beab93ed4514e490e3289dbd8b,5969674,5,4,256,97336.8,CNN,EC-NAS,7,2,0,1,207.71174335479736,121671.0,468.6148141067629,470599beab93ed4514e490e3289dbd8b
5V9E_471546730eff6ba24d163061e4029d13_repeat_1,471546730eff6ba24d163061e4029d13,3831434,4,4,256,88830.0,CNN,EC-NAS,4,0,2,0,192.39301013946533,111037.5,461.71116058534193,471546730eff6ba24d163061e4029d13
5V9E_471ffb019b9142a3a720de6f6db09a89_repeat_1,471ffb019b9142a3a720de6f6db09a89,12088970,5,4,256,115596.0,CNN,EC-NAS,6,1,1,1,247.39060020446777,144495.0,467.2610839072308,471ffb019b9142a3a720de6f6db09a89
5V9E_4725684d7cff32cb64d77a6c6ac2344f_repeat_1,4725684d7cff32cb64d77a6c6ac2344f,2277770,5,4,256,93553.2,CNN,EC-NAS,8,0,2,1,195.54197454452515,116941.5,478.4302716483914,4725684d7cff32cb64d77a6c6ac2344f
5V9E_474be5d524cd8f9aacb84e640fc17da1_repeat_1,474be5d524cd8f9aacb84e640fc17da1,1580170,5,4,256,68450.4,CNN,EC-NAS,7,0,1,2,137.91195702552795,85563.0,496.3340487390053,474be5d524cd8f9aacb84e640fc17da1
5V9E_4767ecca09f5222482797d6025dd8477_repeat_1,4767ecca09f5222482797d6025dd8477,2034318,5,4,256,81471.59999999999,CNN,EC-NAS,7,1,1,1,174.21724200248718,101839.49999999999,467.64372494679304,4767ecca09f5222482797d6025dd8477
5V9E_47bb419c2869c624c3d65fd16d87e5be_repeat_1,47bb419c2869c624c3d65fd16d87e5be,1920138,5,4,256,57895.2,CNN,EC-NAS,4,0,1,2,118.15438437461853,72369.0,489.996205442858,47bb419c2869c624c3d65fd16d87e5be
5V9E_47ed9acd468e0d1fc9a8a69f5e043cef_repeat_1,47ed9acd468e0d1fc9a8a69f5e043cef,1580161,5,4,256,75834.0,CNN,EC-NAS,7,0,1,2,158.96393013000488,94792.5,477.0516175460745,47ed9acd468e0d1fc9a8a69f5e043cef
5V9E_47fb5adadfc9f8a75e3de789f7591943_repeat_1,47fb5adadfc9f8a75e3de789f7591943,3831434,4,4,256,98456.4,CNN,EC-NAS,4,0,2,0,197.5204200744629,123070.5,498.46188036094236,47fb5adadfc9f8a75e3de789f7591943
5V9E_4828fe8f958abf66f64e669e53905649_repeat_1,4828fe8f958abf66f64e669e53905649,2538506,5,4,256,94608.0,CNN,EC-NAS,7,0,3,0,213.28802108764648,118260.0,443.56921461202325,4828fe8f958abf66f64e669e53905649
5V9E_482e0c96b6e6335b19667b0f028cf1f0_repeat_1,482e0c96b6e6335b19667b0f028cf1f0,3984576,5,4,256,89182.8,CNN,EC-NAS,6,3,0,0,210.72809076309204,111478.5,423.2126797953219,482e0c96b6e6335b19667b0f028cf1f0
5V9E_484cc3d37a0457537b5f160476faf85e_repeat_1,484cc3d37a0457537b5f160476faf85e,825367,5,4,256,59698.8,CNN,EC-NAS,7,0,2,1,136.91216921806335,74623.5,436.0372079483765,484cc3d37a0457537b5f160476faf85e
5V9E_4852b3b182289cb4cace4731459b8776_repeat_1,4852b3b182289cb4cace4731459b8776,1583127,5,4,256,74372.4,CNN,EC-NAS,9,0,1,2,164.7976725101471,92965.5,451.29520864695866,4852b3b182289cb4cace4731459b8776
5V9E_485610811feb7658b4fa6190f7f1efdb_repeat_1,485610811feb7658b4fa6190f7f1efdb,5532810,5,4,256,89521.2,CNN,EC-NAS,7,2,0,1,179.5272970199585,111901.5,498.64951729344926,485610811feb7658b4fa6190f7f1efdb
5V9E_485943408e2aa972c421eee9a185d7fa_repeat_1,485943408e2aa972c421eee9a185d7fa,2957706,5,4,256,73792.8,CNN,EC-NAS,4,0,2,1,153.01445388793945,92241.0,482.2603232897355,485943408e2aa972c421eee9a185d7fa
5V9E_485dc43767228a0ae4784f6369690400_repeat_1,485dc43767228a0ae4784f6369690400,21384074,5,4,256,164923.19999999998,CNN,EC-NAS,5,2,1,0,326.7561995983124,206153.99999999997,504.72860255671725,485dc43767228a0ae4784f6369690400
5V9E_48639354ed018a3391cb87b4e5155e33_repeat_1,48639354ed018a3391cb87b4e5155e33,22257802,5,4,256,188121.59999999998,CNN,EC-NAS,7,2,1,0,376.75112891197205,235151.99999999997,499.3259092369027,48639354ed018a3391cb87b4e5155e33
5V9E_486cc3d133c5a09049a71744aaeb877c_repeat_1,486cc3d133c5a09049a71744aaeb877c,1744541,5,4,256,56314.8,CNN,EC-NAS,6,1,1,1,139.57504963874817,70393.5,403.47325790501566,486cc3d133c5a09049a71744aaeb877c
5V9E_487d226bc95d7ae5da61ec38cf865996_repeat_1,487d226bc95d7ae5da61ec38cf865996,2453898,5,4,256,75895.2,CNN,EC-NAS,8,0,1,2,201.48555302619934,94869.0,376.6781233696258,487d226bc95d7ae5da61ec38cf865996
5V9E_4885d6f47d5fc7f60b8b332d0b1312cd_repeat_1,4885d6f47d5fc7f60b8b332d0b1312cd,4342154,5,4,256,99777.6,CNN,EC-NAS,8,1,1,1,212.48565077781677,124722.0,469.57335535250485,4885d6f47d5fc7f60b8b332d0b1312cd
5V9E_48b0627c29fe37a8a4726c5b9fb5ccd7_repeat_1,48b0627c29fe37a8a4726c5b9fb5ccd7,2277770,5,4,256,91612.79999999999,CNN,EC-NAS,8,0,2,1,195.0470883846283,114515.99999999999,469.6958091440037,48b0627c29fe37a8a4726c5b9fb5ccd7
5V9E_48b256dc829852d2c1c8740fa1f1d3bb_repeat_1,48b256dc829852d2c1c8740fa1f1d3bb,1115277,5,4,256,71085.6,CNN,EC-NAS,7,0,2,1,162.28424978256226,88857.0,438.03141768375286,48b256dc829852d2c1c8740fa1f1d3bb
5V9E_48d0d3cbebc25a92ea6e1567e7b94901_repeat_1,48d0d3cbebc25a92ea6e1567e7b94901,2669881,5,4,256,76914.0,CNN,EC-NAS,8,2,0,1,162.537091255188,96142.5,473.2089113077751,48d0d3cbebc25a92ea6e1567e7b94901
5V9E_48eb7106648f7dfc4f7ddf915fcbcd33_repeat_1,48eb7106648f7dfc4f7ddf915fcbcd33,2017034,5,4,256,83469.59999999999,CNN,EC-NAS,8,0,1,2,172.36438083648682,104336.99999999999,484.2624653360562,48eb7106648f7dfc4f7ddf915fcbcd33
5V9E_49069536505d0679b770cdc7b85a2fd8_repeat_1,49069536505d0679b770cdc7b85a2fd8,5039754,5,4,256,119214.0,CNN,EC-NAS,8,1,2,0,266.6700642108917,149017.5,447.04680427016933,49069536505d0679b770cdc7b85a2fd8
5V9E_49263fb5f50950e81a32257985f0a91a_repeat_1,49263fb5f50950e81a32257985f0a91a,1923492,5,4,256,61182.0,CNN,EC-NAS,8,1,0,2,152.84424495697021,76477.5,400.28985073807905,49263fb5f50950e81a32257985f0a91a
5V9E_492e0db64f30a5fbeed9c0c9d4e67f30_repeat_1,492e0db64f30a5fbeed9c0c9d4e67f30,3468426,5,4,256,68054.40000000001,CNN,EC-NAS,6,1,1,1,158.43150281906128,85068.00000000001,429.55093393087617,492e0db64f30a5fbeed9c0c9d4e67f30
5V9E_493fc145237b06868f374bbb5a8b1ee6_repeat_1,493fc145237b06868f374bbb5a8b1ee6,1580170,5,4,256,68000.4,CNN,EC-NAS,7,0,1,2,155.75876474380493,85000.5,436.57511095345666,493fc145237b06868f374bbb5a8b1ee6
5V9E_4940f71200da09cfb007c571af4c9f69_repeat_1,4940f71200da09cfb007c571af4c9f69,4342154,5,4,256,96044.40000000001,CNN,EC-NAS,8,1,1,1,210.38937759399414,120055.50000000001,456.50783845819853,4940f71200da09cfb007c571af4c9f69
5V9E_49565510d69f1f62e493352a1ef72392_repeat_1,49565510d69f1f62e493352a1ef72392,3015080,5,4,256,114461.99999999999,CNN,EC-NAS,8,1,2,0,250.76132202148438,143077.49999999997,456.4579540308584,49565510d69f1f62e493352a1ef72392
5V9E_497dd642289dcdcb7b582506f3129bd5_repeat_1,497dd642289dcdcb7b582506f3129bd5,30515338,5,4,256,210657.6,CNN,EC-NAS,7,3,0,0,419.6917235851288,263322.0,501.9341296523589,497dd642289dcdcb7b582506f3129bd5
5V9E_4982705bc09ff5225bf45760d20ca7ad_repeat_1,4982705bc09ff5225bf45760d20ca7ad,3644554,5,4,256,73126.8,CNN,EC-NAS,7,1,0,2,152.4989185333252,91408.5,479.5234005808362,4982705bc09ff5225bf45760d20ca7ad
5V9E_499b040a284a471caf1c9e42a037aca9_repeat_1,499b040a284a471caf1c9e42a037aca9,1631906,5,4,256,55126.8,CNN,EC-NAS,7,1,0,2,124.29840397834778,68908.5,443.50368335866034,499b040a284a471caf1c9e42a037aca9
5V9E_49aa2f4cf70a85c16665b0f75dad2c08_repeat_1,49aa2f4cf70a85c16665b0f75dad2c08,6230410,5,4,256,88711.2,CNN,EC-NAS,6,2,1,0,207.81939554214478,110889.0,426.86679830136353,49aa2f4cf70a85c16665b0f75dad2c08
5V9E_49bc107d2b9d64d82d46600bbecdf899_repeat_1,49bc107d2b9d64d82d46600bbecdf899,4166026,5,4,256,82940.40000000001,CNN,EC-NAS,7,1,2,0,197.26434350013733,103675.50000000001,420.45307595055704,49bc107d2b9d64d82d46600bbecdf899
5V9E_49c0a3aa8273978939bc41bd882fd40f_repeat_1,49c0a3aa8273978939bc41bd882fd40f,3905290,5,4,256,93798.0,CNN,EC-NAS,7,1,1,1,196.4092297554016,117247.5,477.5641150714323,49c0a3aa8273978939bc41bd882fd40f
5V9E_49d5cedf69a5a64f2fbb902a83a905fa_repeat_1,49d5cedf69a5a64f2fbb902a83a905fa,445706,5,4,256,29242.8,CNN,EC-NAS,5,0,0,3,63.233659505844116,36553.5,462.45623341311364,49d5cedf69a5a64f2fbb902a83a905fa
5V9E_49e1fd452ae407546f3dd4ef191757b1_repeat_1,49e1fd452ae407546f3dd4ef191757b1,1115277,5,4,256,71334.0,CNN,EC-NAS,8,0,2,1,169.09802150726318,89167.5,421.84999779513106,49e1fd452ae407546f3dd4ef191757b1
5V9E_49e360e7d2f35b675c58433d37c7dfd5_repeat_1,49e360e7d2f35b675c58433d37c7dfd5,6230410,5,4,256,100296.0,CNN,EC-NAS,7,2,1,0,218.53629302978516,125370.0,458.94436392919994,49e360e7d2f35b675c58433d37c7dfd5
5V9E_4a1374aae123945996088f05eb48a63d_repeat_1,4a1374aae123945996088f05eb48a63d,2656691,5,4,256,67582.8,CNN,EC-NAS,7,2,0,1,156.75199675559998,84478.5,431.1447471088473,4a1374aae123945996088f05eb48a63d
5V9E_4a2d08283775b8118a19fb499f5194a2_repeat_1,4a2d08283775b8118a19fb499f5194a2,4602890,5,4,256,105051.59999999999,CNN,EC-NAS,8,1,2,0,233.2346818447113,131314.5,450.4115733094267,4a2d08283775b8118a19fb499f5194a2
5V9E_4a64fc2b35bf390dd74d0cb3267bea23_repeat_1,4a64fc2b35bf390dd74d0cb3267bea23,2433584,5,4,256,78660.0,CNN,EC-NAS,8,1,2,0,189.63468194007874,98325.0,414.79754228108544,4a64fc2b35bf390dd74d0cb3267bea23
5V9E_4a67fccb1642c4587a6a5241c19d2aa3_repeat_1,4a67fccb1642c4587a6a5241c19d2aa3,1581837,5,4,256,70621.2,CNN,EC-NAS,8,0,1,2,162.06778526306152,88276.5,435.75100310879594,4a67fccb1642c4587a6a5241c19d2aa3
5V9E_4a7cf671509598348818ee5b50186820_repeat_1,4a7cf671509598348818ee5b50186820,1292060,5,4,256,55890.0,CNN,EC-NAS,7,0,1,2,131.28538751602173,69862.5,425.7137908297626,4a7cf671509598348818ee5b50186820
5V9E_4aac208289614311d14e2bf9c9220dc3_repeat_1,4aac208289614311d14e2bf9c9220dc3,13836426,5,4,256,177609.6,CNN,EC-NAS,8,1,1,1,344.88148975372314,222012.0,514.9873370322932,4aac208289614311d14e2bf9c9220dc3
5V9E_4aad8d0b874c4fa12b039588bb8a7d62_repeat_1,4aad8d0b874c4fa12b039588bb8a7d62,2783654,5,4,256,79520.40000000001,CNN,EC-NAS,6,2,1,0,175.68268489837646,99400.50000000001,452.63652502805576,4aad8d0b874c4fa12b039588bb8a7d62
5V9E_4ad8ae7a0b1bdaafc0fbfd42e11d913b_repeat_1,4ad8ae7a0b1bdaafc0fbfd42e11d913b,1840906,5,4,256,82569.6,CNN,EC-NAS,7,0,2,1,182.7127242088318,103212.0,451.90941330187246,4ad8ae7a0b1bdaafc0fbfd42e11d913b
5V9E_4ae1293842a6a6501f75d6c34dc716fd_repeat_1,4ae1293842a6a6501f75d6c34dc716fd,3060912,5,4,256,94449.59999999999,CNN,EC-NAS,9,2,1,0,213.42123365402222,118061.99999999999,442.55015484125875,4ae1293842a6a6501f75d6c34dc716fd
5V9E_4aead7a3a029b3fd6675e8b5d2ec2852_repeat_1,4aead7a3a029b3fd6675e8b5d2ec2852,706442,5,4,256,36381.6,CNN,EC-NAS,6,0,1,2,88.67056512832642,45477.0,410.3007570477032,4aead7a3a029b3fd6675e8b5d2ec2852
5V9E_4af63c337000121665b29439c74973eb_repeat_1,4af63c337000121665b29439c74973eb,1871747,5,4,256,76147.2,CNN,EC-NAS,8,0,1,2,183.7230498790741,95184.0,414.46731942518824,4af63c337000121665b29439c74973eb
5V9E_4afa9d3ef63015c27ef02ff8bf8a9f6f_repeat_1,4afa9d3ef63015c27ef02ff8bf8a9f6f,2621083,5,4,256,83674.8,CNN,EC-NAS,9,1,1,1,195.3115050792694,104593.5,428.4171583544944,4afa9d3ef63015c27ef02ff8bf8a9f6f
5V9E_4b397ce59d924a17d29b3261f229d30f_repeat_1,4b397ce59d924a17d29b3261f229d30f,2040231,5,4,256,75117.59999999999,CNN,EC-NAS,8,1,1,1,179.32394170761108,93896.99999999999,418.8933127651173,4b397ce59d924a17d29b3261f229d30f
5V9E_4b5f73745dbc4cf557196b264fed1acd_repeat_1,4b5f73745dbc4cf557196b264fed1acd,5793546,5,4,256,89510.40000000001,CNN,EC-NAS,6,2,1,0,197.57858753204346,111888.00000000001,453.03694655415603,4b5f73745dbc4cf557196b264fed1acd
5V9E_4b8368d534a2969e5db9cbdbf16c4c73_repeat_1,4b8368d534a2969e5db9cbdbf16c4c73,3207690,5,4,256,70070.4,CNN,EC-NAS,6,1,0,2,137.85743498802185,87588.0,508.2816172090266,4b8368d534a2969e5db9cbdbf16c4c73
5V9E_4ba6147f31b5209ed5b4c8b809d5cc86_repeat_1,4ba6147f31b5209ed5b4c8b809d5cc86,3729162,5,4,256,80643.6,CNN,EC-NAS,6,1,2,0,186.5869824886322,100804.5,432.20378466066467,4ba6147f31b5209ed5b4c8b809d5cc86
5V9E_4bc53bbc13ff1fadf969cf3f29fb1831_repeat_1,4bc53bbc13ff1fadf969cf3f29fb1831,5039754,5,4,256,125121.6,CNN,EC-NAS,8,1,2,0,269.80917859077454,156402.0,463.7410804684842,4bc53bbc13ff1fadf969cf3f29fb1831
5V9E_4be37934c9bd9c025ef6c4f5c66f59f7_repeat_1,4be37934c9bd9c025ef6c4f5c66f59f7,12962698,5,4,256,151732.8,CNN,EC-NAS,6,1,1,1,290.6450638771057,189666.0,522.0553137078482,4be37934c9bd9c025ef6c4f5c66f59f7
5V9E_4c07d1ee7ff5118692b9b30793121ff5_repeat_1,4c07d1ee7ff5118692b9b30793121ff5,5969674,5,4,256,83563.2,CNN,EC-NAS,6,2,0,1,184.16675901412964,104454.0,453.73660506013937,4c07d1ee7ff5118692b9b30793121ff5
5V9E_4c1994f91102be2fa76aa2420c139682_repeat_1,4c1994f91102be2fa76aa2420c139682,5742730,5,4,256,138859.2,CNN,EC-NAS,7,0,3,0,292.44964623451233,173574.0,474.8140467526853,4c1994f91102be2fa76aa2420c139682
5V9E_4c224eb3c697493222c97e66dfc3ccb6_repeat_1,4c224eb3c697493222c97e66dfc3ccb6,3905290,5,4,256,85255.20000000001,CNN,EC-NAS,7,1,1,1,197.89510655403137,106569.00000000001,430.810046213663,4c224eb3c697493222c97e66dfc3ccb6
5V9E_4c287eabc66930e3389bf78da5710f4d_repeat_1,4c287eabc66930e3389bf78da5710f4d,2668205,5,4,256,66322.79999999999,CNN,EC-NAS,6,2,0,1,151.8446068763733,82903.49999999999,436.7807416038013,4c287eabc66930e3389bf78da5710f4d
5V9E_4c3523f09bce1e56d64733534038940f_repeat_1,4c3523f09bce1e56d64733534038940f,3648834,5,4,256,104256.0,CNN,EC-NAS,8,2,1,0,230.9233090877533,130320.0,451.47456275356603,4c3523f09bce1e56d64733534038940f
5V9E_4c4550d905651df1578ab082c76d6eb7_repeat_1,4c4550d905651df1578ab082c76d6eb7,4566718,5,4,256,107287.2,CNN,EC-NAS,8,3,0,0,242.51065182685852,134109.0,442.40201076445146,4c4550d905651df1578ab082c76d6eb7
5V9E_4c574d23543f01a2e21b0fa2f5949bb5_repeat_1,4c574d23543f01a2e21b0fa2f5949bb5,708109,5,4,256,51908.4,CNN,EC-NAS,7,0,1,2,114.90309166908264,64885.5,451.7580793169133,4c574d23543f01a2e21b0fa2f5949bb5
5V9E_4c79ea1ea027f0724ec2521494d54bdb_repeat_1,4c79ea1ea027f0724ec2521494d54bdb,533262,5,4,256,44038.8,CNN,EC-NAS,6,0,2,1,102.88517236709595,55048.5,428.0383556424327,4c79ea1ea027f0724ec2521494d54bdb
5V9E_4c7f90fe9594435f1a5e3e2896ee539d_repeat_1,4c7f90fe9594435f1a5e3e2896ee539d,12962698,5,4,256,134780.4,CNN,EC-NAS,6,1,1,1,286.3449339866638,168475.5,470.692455157168,4c7f90fe9594435f1a5e3e2896ee539d
5V9E_4c99d70d268cbbef617e26f1b4fc21a4_repeat_1,4c99d70d268cbbef617e26f1b4fc21a4,4166026,5,4,256,87516.0,CNN,EC-NAS,7,1,2,0,216.56751108169556,109395.0,404.10493505180665,4c99d70d268cbbef617e26f1b4fc21a4
5V9E_4cb1590762c709d42dbefe03ecf2b043_repeat_1,4cb1590762c709d42dbefe03ecf2b043,2714634,5,4,256,100702.8,CNN,EC-NAS,8,0,2,1,231.4915041923523,125878.5,435.01726057438134,4cb1590762c709d42dbefe03ecf2b043
5V9E_4cd1f780ebb9acf8467610fa4b7d5a02_repeat_1,4cd1f780ebb9acf8467610fa4b7d5a02,6230410,5,4,256,104857.2,CNN,EC-NAS,7,2,1,0,232.64010763168335,131071.5,450.7270954585797,4cd1f780ebb9acf8467610fa4b7d5a02
5V9E_4cf10a39ca36d9e92862b6f14f22b311_repeat_1,4cf10a39ca36d9e92862b6f14f22b311,882570,5,4,256,50403.6,CNN,EC-NAS,6,0,0,3,98.19945120811462,63004.5,513.2778175427821,4cf10a39ca36d9e92862b6f14f22b311
5V9E_4d0adb6d664292a4df0657974c7193a8_repeat_1,4d0adb6d664292a4df0657974c7193a8,5793546,5,4,256,91922.40000000001,CNN,EC-NAS,7,2,1,0,203.48376035690308,114903.00000000001,451.7431751741342,4d0adb6d664292a4df0657974c7193a8
5V9E_4d1d0d2b2f3e32675f01f33ca4986c74_repeat_1,4d1d0d2b2f3e32675f01f33ca4986c74,2277770,5,4,256,85784.4,CNN,EC-NAS,7,0,2,1,192.66684341430664,107230.5,445.24734240614026,4d1d0d2b2f3e32675f01f33ca4986c74
5V9E_4d6dc65e425f3e65cbdb5f71894ad5ea_repeat_1,4d6dc65e425f3e65cbdb5f71894ad5ea,3659058,5,4,256,104554.8,CNN,EC-NAS,9,2,1,0,235.4124402999878,130693.5,444.1345574888271,4d6dc65e425f3e65cbdb5f71894ad5ea
5V9E_4d9d9a8c86e33a00174ba0cb4f86d168_repeat_1,4d9d9a8c86e33a00174ba0cb4f86d168,3468426,5,4,256,59241.59999999999,CNN,EC-NAS,6,1,1,1,155.50084161758423,74051.99999999999,380.9728576626615,4d9d9a8c86e33a00174ba0cb4f86d168
5V9E_4da8a84140b70e6b4ba483e1978f46cd_repeat_1,4da8a84140b70e6b4ba483e1978f46cd,3235886,5,4,256,71791.20000000001,CNN,EC-NAS,7,2,0,1,171.06703519821167,89739.00000000001,419.6670616101875,4da8a84140b70e6b4ba483e1978f46cd
5V9E_4dacb10c41c2a4fd2a01cdee20125112_repeat_1,4dacb10c41c2a4fd2a01cdee20125112,4518282,5,4,256,98215.2,CNN,EC-NAS,8,1,0,2,221.41967225074768,122769.0,443.570343148082,4dacb10c41c2a4fd2a01cdee20125112
5V9E_4dbb998ec2f1ee3b02584a5cb2591b58_repeat_1,4dbb998ec2f1ee3b02584a5cb2591b58,2652068,5,4,256,68540.4,CNN,EC-NAS,7,2,0,1,155.88217973709106,85675.5,439.6936206280883,4dbb998ec2f1ee3b02584a5cb2591b58
5V9E_4dbb9dc5c4055a7a9830158e1d55462f_repeat_1,4dbb9dc5c4055a7a9830158e1d55462f,2277770,5,4,256,86266.8,CNN,EC-NAS,7,0,2,1,193.89074897766113,107833.5,444.92478601926035,4dbb9dc5c4055a7a9830158e1d55462f
5V9E_4dc207d66dfca71d3b93be5cf6c6cde4_repeat_1,4dc207d66dfca71d3b93be5cf6c6cde4,6667274,5,4,256,117223.2,CNN,EC-NAS,8,2,1,0,255.46146202087402,146529.0,458.86842998816616,4dc207d66dfca71d3b93be5cf6c6cde4
5V9E_4dcf4a63d8bae4c0f299cad53b7129a1_repeat_1,4dcf4a63d8bae4c0f299cad53b7129a1,1864094,5,4,256,68421.59999999999,CNN,EC-NAS,6,1,2,0,164.7695291042328,85526.99999999999,415.25639098426177,4dcf4a63d8bae4c0f299cad53b7129a1
5V9E_4dd016be19b2f9407dd2aa5caa866a5e_repeat_1,4dd016be19b2f9407dd2aa5caa866a5e,3905290,5,4,256,85633.2,CNN,EC-NAS,7,1,1,1,176.19432163238525,107041.5,486.01566274460606,4dd016be19b2f9407dd2aa5caa866a5e
5V9E_4e07f245ead26c284b0fa022bafed904_repeat_1,4e07f245ead26c284b0fa022bafed904,3644554,5,4,256,71215.2,CNN,EC-NAS,7,1,0,2,149.6319284439087,89019.0,475.93585634162207,4e07f245ead26c284b0fa022bafed904
5V9E_4e3dab7a2fd5f327867b603deba8a226_repeat_1,4e3dab7a2fd5f327867b603deba8a226,2793866,5,4,256,79448.4,CNN,EC-NAS,6,0,1,2,168.74790811538696,99310.5,470.8111696749125,4e3dab7a2fd5f327867b603deba8a226
5V9E_4e4fc1cba2eebf7a4e90662582c96f3d_repeat_1,4e4fc1cba2eebf7a4e90662582c96f3d,1580170,5,4,256,64224.00000000001,CNN,EC-NAS,6,0,1,2,154.5010633468628,80280.00000000001,415.68645942464383,4e4fc1cba2eebf7a4e90662582c96f3d
5V9E_4e63ead65d061d5192ba0a778d6df0b9_repeat_1,4e63ead65d061d5192ba0a778d6df0b9,4166026,5,4,256,89136.0,CNN,EC-NAS,7,1,2,0,200.07019996643066,111420.0,445.5236212837091,4e63ead65d061d5192ba0a778d6df0b9
5V9E_4e67963454ee05f080ee6e8d44c018df_repeat_1,4e67963454ee05f080ee6e8d44c018df,3468426,5,4,256,75013.20000000001,CNN,EC-NAS,6,1,1,1,159.33136439323425,93766.50000000001,470.79996010619317,4e67963454ee05f080ee6e8d44c018df
5V9E_4e8715655d4f3ee387e6129cc9591715_repeat_1,4e8715655d4f3ee387e6129cc9591715,1290251,5,4,256,61898.4,CNN,EC-NAS,8,0,1,2,136.0195119380951,77373.0,455.07000516345823,4e8715655d4f3ee387e6129cc9591715
5V9E_4e8c19bca7836f638e5e2de866d5fc8f_repeat_1,4e8c19bca7836f638e5e2de866d5fc8f,2277770,5,4,256,86338.8,CNN,EC-NAS,7,0,2,1,193.172137260437,107923.5,446.95265696417175,4e8c19bca7836f638e5e2de866d5fc8f
5V9E_4e8c746940c6e7d1700dc05118b9dda4_repeat_1,4e8c746940c6e7d1700dc05118b9dda4,5039754,5,4,256,126014.4,CNN,EC-NAS,9,1,2,0,270.23196601867676,157518.0,466.3193694534667,4e8c746940c6e7d1700dc05118b9dda4
5V9E_4e9072c02fe6511295d0dbe82c74e989_repeat_1,4e9072c02fe6511295d0dbe82c74e989,1742732,5,4,256,59403.59999999999,CNN,EC-NAS,6,1,1,1,138.57602906227112,74254.49999999999,428.67154154999014,4e9072c02fe6511295d0dbe82c74e989
5V9E_4ee45e2e13880cb9c7497546737d1388_repeat_1,4ee45e2e13880cb9c7497546737d1388,2607912,5,4,256,73854.0,CNN,EC-NAS,8,1,1,1,189.78096675872803,92317.5,389.15388229575166,4ee45e2e13880cb9c7497546737d1388
5V9E_4ef63bc6b393f63e4c88dc2fc31b009e_repeat_1,4ef63bc6b393f63e4c88dc2fc31b009e,3831434,5,4,256,100044.0,CNN,EC-NAS,5,0,2,1,204.72392296791077,125055.0,488.6776227694762,4ef63bc6b393f63e4c88dc2fc31b009e
5V9E_4f3a820530b9a4d441eaa0f97d792cd6_repeat_1,4f3a820530b9a4d441eaa0f97d792cd6,1873037,5,4,256,86310.0,CNN,EC-NAS,8,0,1,2,189.37453389167786,107887.5,455.76349800744214,4f3a820530b9a4d441eaa0f97d792cd6
5V9E_4f7a98a2f6c38cac11340de905735adb_repeat_1,4f7a98a2f6c38cac11340de905735adb,2898341,5,4,256,95882.40000000001,CNN,EC-NAS,8,1,1,1,221.45949339866638,119853.00000000001,432.956828937537,4f7a98a2f6c38cac11340de905735adb
5V9E_4f9b3b2899279d34c7ac7b35fd606155_repeat_1,4f9b3b2899279d34c7ac7b35fd606155,14000266,5,4,256,163004.4,CNN,EC-NAS,6,1,2,0,329.94280886650085,203755.5,494.038347312348,4f9b3b2899279d34c7ac7b35fd606155
5V9E_4f9ba4dfbdef178133454e6149abca8e_repeat_1,4f9ba4dfbdef178133454e6149abca8e,4342154,5,4,256,97286.4,CNN,EC-NAS,7,1,1,1,207.9081621170044,121608.0,467.9296811120391,4f9ba4dfbdef178133454e6149abca8e
5V9E_4f9d3c2da3d05f0c9fa50b5f3d889052_repeat_1,4f9d3c2da3d05f0c9fa50b5f3d889052,5969674,5,4,256,97300.8,CNN,EC-NAS,7,2,0,1,208.09136533737183,121626.0,467.58691713252665,4f9d3c2da3d05f0c9fa50b5f3d889052
5V9E_4fa344762b9efe6d187ba65724407b0e_repeat_1,4fa344762b9efe6d187ba65724407b0e,28767882,5,4,256,154000.8,CNN,EC-NAS,5,3,0,0,316.6385612487793,192501.0,486.36148229274994,4fa344762b9efe6d187ba65724407b0e
5V9E_4fb283cf0e386a31ae3ff037fa04876a_repeat_1,4fb283cf0e386a31ae3ff037fa04876a,999828,5,4,256,49942.8,CNN,EC-NAS,6,0,1,2,132.8990442752838,62428.5,375.79502751389026,4fb283cf0e386a31ae3ff037fa04876a
5V9E_4fc16e057ba687b50ff4c3e16c06215e_repeat_1,4fc16e057ba687b50ff4c3e16c06215e,3403080,5,4,256,77868.0,CNN,EC-NAS,7,3,0,0,161.53674960136414,97335.0,482.0451085722628,4fc16e057ba687b50ff4c3e16c06215e
5V9E_4fc342ab731528f3592181a7e62f0038_repeat_1,4fc342ab731528f3592181a7e62f0038,3667594,5,4,256,105307.2,CNN,EC-NAS,6,0,1,2,213.39300155639648,131634.0,493.48947356255695,4fc342ab731528f3592181a7e62f0038
5V9E_4fc56a45165f72957504decddaa2000e_repeat_1,4fc56a45165f72957504decddaa2000e,2366781,5,4,256,59659.2,CNN,EC-NAS,7,2,0,1,127.66707420349121,74574.0,467.30294692042486,4fc56a45165f72957504decddaa2000e
5V9E_4fd7d808f0654a4be9e3cf66fe9034a8_repeat_1,4fd7d808f0654a4be9e3cf66fe9034a8,3905290,5,4,256,85244.4,CNN,EC-NAS,8,1,1,1,200.11568570137024,106555.5,425.97560356767326,4fd7d808f0654a4be9e3cf66fe9034a8
5V9E_501c0939f35eeb40e26baf1c9910f08b_repeat_1,501c0939f35eeb40e26baf1c9910f08b,5793546,5,4,256,85165.2,CNN,EC-NAS,6,2,1,0,197.79776906967163,106456.5,430.56704026829385,501c0939f35eeb40e26baf1c9910f08b
5V9E_502de516bb43cec25c12c0950a8bf978_repeat_1,502de516bb43cec25c12c0950a8bf978,3833519,5,4,256,100897.2,CNN,EC-NAS,7,2,0,1,229.26094341278076,126121.5,440.0976393887386,502de516bb43cec25c12c0950a8bf978
5V9E_505957b0e8d24930c24aea98fa972404_repeat_1,505957b0e8d24930c24aea98fa972404,21220234,5,4,256,163900.8,CNN,EC-NAS,7,2,0,1,336.58090591430664,204876.0,486.9581046339244,505957b0e8d24930c24aea98fa972404
5V9E_508e3eeda258eecc0e7bef69785f4c05_repeat_1,508e3eeda258eecc0e7bef69785f4c05,6843402,5,4,256,106588.8,CNN,EC-NAS,7,2,0,1,252.9444179534912,133236.0,421.3921811850319,508e3eeda258eecc0e7bef69785f4c05
5V9E_50c389ee789bf9a653f5adf06d48eb58_repeat_1,50c389ee789bf9a653f5adf06d48eb58,12962698,5,4,256,145886.4,CNN,EC-NAS,6,1,1,1,294.70016264915466,182358.0,495.0333202689139,50c389ee789bf9a653f5adf06d48eb58
5V9E_50cac08545cadbd307df45b142aa8d68_repeat_1,50cac08545cadbd307df45b142aa8d68,1700385,5,4,256,83415.6,CNN,EC-NAS,9,0,2,1,187.059885263443,104269.5,445.9299217602047,50cac08545cadbd307df45b142aa8d68
5V9E_50ced163dbc329be7581c8549c44e279_repeat_1,50ced163dbc329be7581c8549c44e279,3527472,5,4,256,98722.8,CNN,EC-NAS,8,2,0,1,206.73883605003357,123403.5,477.52421309031536,50ced163dbc329be7581c8549c44e279
5V9E_50de276928e958aecc8f3f254f44690e_repeat_1,50de276928e958aecc8f3f254f44690e,12088970,5,4,256,123281.99999999999,CNN,EC-NAS,6,1,1,1,252.20264554023743,154102.49999999997,488.821200649662,50de276928e958aecc8f3f254f44690e
5V9E_510e1a3cc80e4c35a304e21371c8f5dc_repeat_1,510e1a3cc80e4c35a304e21371c8f5dc,3938744,5,4,256,121474.8,CNN,EC-NAS,8,2,1,0,259.85051560401917,151843.5,467.4795419113693,510e1a3cc80e4c35a304e21371c8f5dc
5V9E_51190c7d2bf53643051bc2fae2ffd8fe_repeat_1,51190c7d2bf53643051bc2fae2ffd8fe,6230410,5,4,256,102708.0,CNN,EC-NAS,7,2,1,0,214.54661917686462,128385.0,478.72113013969783,51190c7d2bf53643051bc2fae2ffd8fe
5V9E_51408600fb820170050595aec337e8c0_repeat_1,51408600fb820170050595aec337e8c0,29641610,5,4,256,178056.0,CNN,EC-NAS,6,3,0,0,366.2991282939911,222570.0,486.0945228815629,51408600fb820170050595aec337e8c0
5V9E_516de9d436b293783f19d1416feec677_repeat_1,516de9d436b293783f19d1416feec677,1404042,5,4,256,66045.6,CNN,EC-NAS,6,0,2,1,142.716157913208,82557.0,462.77591105111765,516de9d436b293783f19d1416feec677
5V9E_518fd603e8f29bb61a9731b23baabac0_repeat_1,518fd603e8f29bb61a9731b23baabac0,4518282,5,4,256,110534.4,CNN,EC-NAS,9,1,0,2,224.39779996871948,138168.0,492.5823694145318,518fd603e8f29bb61a9731b23baabac0
5V9E_519cff80040f7443c0e49063e510cfef_repeat_1,519cff80040f7443c0e49063e510cfef,3644554,5,4,256,80974.8,CNN,EC-NAS,7,1,0,2,170.34819674491882,101218.5,475.34873598487525,519cff80040f7443c0e49063e510cfef
5V9E_51ae8242869e3064cf46e36b88d282d7_repeat_1,51ae8242869e3064cf46e36b88d282d7,824981,5,4,256,62334.0,CNN,EC-NAS,8,0,2,1,138.5404577255249,77917.5,449.93355026656224,51ae8242869e3064cf46e36b88d282d7
5V9E_51e7644d7425866d70d279aefc5c1baa_repeat_1,51e7644d7425866d70d279aefc5c1baa,3905290,5,4,256,85093.2,CNN,EC-NAS,7,1,1,1,197.59684371948242,106366.5,430.64048189353787,51e7644d7425866d70d279aefc5c1baa
5V9E_51ea81891b396df39d5a6b334371e603_repeat_1,51ea81891b396df39d5a6b334371e603,1580170,5,4,256,68893.20000000001,CNN,EC-NAS,7,0,1,2,156.70202207565308,86116.50000000001,439.6446139459486,51ea81891b396df39d5a6b334371e603
5V9E_51eb7cc016994242c4673273be063bc5_repeat_1,51eb7cc016994242c4673273be063bc5,2017034,5,4,256,77389.2,CNN,EC-NAS,6,0,1,2,165.62192296981812,96736.5,467.26422814268926,51eb7cc016994242c4673273be063bc5
5V9E_51f46f9d19e3af3865ea7aa49803b5a8_repeat_1,51f46f9d19e3af3865ea7aa49803b5a8,4705162,5,4,256,106027.2,CNN,EC-NAS,6,0,2,1,242.77793860435486,132534.0,436.72501961880533,51f46f9d19e3af3865ea7aa49803b5a8
5V9E_51fe5929be37b7a322176da4189d5a98_repeat_1,51fe5929be37b7a322176da4189d5a98,12962698,5,4,256,141375.6,CNN,EC-NAS,7,1,1,1,294.4610550403595,176719.5,480.1164621943732,51fe5929be37b7a322176da4189d5a98
5V9E_521bd7fec71a6af4804bce55c1266f76_repeat_1,521bd7fec71a6af4804bce55c1266f76,6843402,5,4,256,122734.79999999999,CNN,EC-NAS,9,2,0,1,265.1659824848175,153418.5,462.86027660817075,521bd7fec71a6af4804bce55c1266f76
5V9E_5222c322d0f16f6b90141c37aed3f492_repeat_1,5222c322d0f16f6b90141c37aed3f492,5793546,5,4,256,86853.6,CNN,EC-NAS,6,2,1,0,199.08161187171936,108567.0,436.2713320603671,5222c322d0f16f6b90141c37aed3f492
5V9E_5236f665f6d18b9103f5de16917b38a5_repeat_1,5236f665f6d18b9103f5de16917b38a5,1458735,5,4,256,52286.4,CNN,EC-NAS,7,1,1,1,118.79076862335205,65358.0,440.15541448160536,5236f665f6d18b9103f5de16917b38a5
5V9E_5246de18ccb300dd1e455e18b1029c42_repeat_1,5246de18ccb300dd1e455e18b1029c42,4342154,5,4,256,102970.8,CNN,EC-NAS,7,1,1,1,214.4073703289032,128713.5,480.25774413464285,5246de18ccb300dd1e455e18b1029c42
5V9E_526192491a6fb3f806bbde8a54b02d9e_repeat_1,526192491a6fb3f806bbde8a54b02d9e,5532810,5,4,256,82454.40000000001,CNN,EC-NAS,7,2,0,1,178.15536904335022,103068.00000000001,462.8229867152448,526192491a6fb3f806bbde8a54b02d9e
5V9E_5268f45fe7cd2d6ba8d9e8513100d1d0_repeat_1,5268f45fe7cd2d6ba8d9e8513100d1d0,1756298,5,4,256,65394.0,CNN,EC-NAS,6,0,0,3,134.67021322250366,81742.5,485.5862215941939,5268f45fe7cd2d6ba8d9e8513100d1d0
5V9E_5298f5d306fd2e28bdf51009b4366933_repeat_1,5298f5d306fd2e28bdf51009b4366933,5095946,5,4,256,63324.00000000001,CNN,EC-NAS,5,2,0,1,135.28407454490662,79155.00000000001,468.08170298699895,5298f5d306fd2e28bdf51009b4366933
5V9E_529d37700ebe8ec1fc1bf204acaf424f_repeat_1,529d37700ebe8ec1fc1bf204acaf424f,19472778,5,4,256,118350.0,CNN,EC-NAS,5,2,0,1,240.80442929267883,147937.5,491.47767068750585,529d37700ebe8ec1fc1bf204acaf424f
5V9E_52e567b5b32ee5cbf4a2da75ee75f63f_repeat_1,52e567b5b32ee5cbf4a2da75ee75f63f,11925130,4,4,256,119649.6,CNN,EC-NAS,5,1,0,1,249.76971173286438,149562.0,479.03966886092485,52e567b5b32ee5cbf4a2da75ee75f63f
5V9E_5309f122ea99f334aeca0f61f873e345_repeat_1,5309f122ea99f334aeca0f61f873e345,882570,5,4,256,51872.4,CNN,EC-NAS,7,0,0,3,117.95696949958801,64840.5,439.756974259848,5309f122ea99f334aeca0f61f873e345
5V9E_530d2a7a0b5b2825fa2c69d19c4fee80_repeat_1,530d2a7a0b5b2825fa2c69d19c4fee80,2453898,5,4,256,91936.8,CNN,EC-NAS,9,0,1,2,205.433776140213,114921.0,447.52524013992297,530d2a7a0b5b2825fa2c69d19c4fee80
5V9E_530ee1a49b0168ba46ef4b255868d47e_repeat_1,530ee1a49b0168ba46ef4b255868d47e,3532095,5,4,256,97369.20000000001,CNN,EC-NAS,8,2,0,1,211.03604102134705,121711.50000000001,461.3865931561461,530ee1a49b0168ba46ef4b255868d47e
5V9E_531f88460a793564345b125432ee8db0_repeat_1,531f88460a793564345b125432ee8db0,20346506,5,4,256,149050.80000000002,CNN,EC-NAS,6,2,0,1,290.52843046188354,186313.50000000003,513.0334396638508,531f88460a793564345b125432ee8db0
5V9E_53389cedf29175a23b96a669b4b43f2f_repeat_1,53389cedf29175a23b96a669b4b43f2f,8294794,5,4,256,118414.79999999999,CNN,EC-NAS,7,3,0,0,247.6342384815216,148018.5,478.18427987225226,53389cedf29175a23b96a669b4b43f2f
5V9E_534b816c345d2fe64791abaeba778044_repeat_1,534b816c345d2fe64791abaeba778044,1756298,5,4,256,60289.200000000004,CNN,EC-NAS,8,0,0,3,142.47639632225037,75361.5,423.1521961268522,534b816c345d2fe64791abaeba778044
5V9E_53563d47a409cc7eb1b12e1b06a07042_repeat_1,53563d47a409cc7eb1b12e1b06a07042,2606236,5,4,256,82742.40000000001,CNN,EC-NAS,8,1,1,1,191.5892629623413,103428.00000000001,431.8738885501314,53563d47a409cc7eb1b12e1b06a07042
5V9E_5357701c1b8f48b2348d3c29656ada8d_repeat_1,5357701c1b8f48b2348d3c29656ada8d,4568394,5,4,256,109864.8,CNN,EC-NAS,8,3,0,0,243.84094262123108,137331.0,450.55928187850657,5357701c1b8f48b2348d3c29656ada8d
5V9E_535f6c91985990080c50a1ff23413f4e_repeat_1,535f6c91985990080c50a1ff23413f4e,2739498,5,4,256,97412.4,CNN,EC-NAS,8,1,2,0,220.8319809436798,121765.5,441.115456120659,535f6c91985990080c50a1ff23413f4e
5V9E_5362565879f43211588314f4a1178f79_repeat_1,5362565879f43211588314f4a1178f79,590984,5,4,256,40572.0,CNN,EC-NAS,7,0,0,3,91.1058783531189,50715.0,445.328015419008,5362565879f43211588314f4a1178f79
5V9E_53694c51ca339e8e479cea0f4b7aa00e_repeat_1,53694c51ca339e8e479cea0f4b7aa00e,5969674,5,4,256,92656.8,CNN,EC-NAS,7,2,0,1,193.96173620224,115821.0,477.70659210530386,53694c51ca339e8e479cea0f4b7aa00e
5V9E_537098a0eddf1d682c53a19d4f425987_repeat_1,537098a0eddf1d682c53a19d4f425987,20346506,5,4,256,143272.8,CNN,EC-NAS,5,2,0,1,286.84754395484924,179091.0,499.4736856542568,537098a0eddf1d682c53a19d4f425987
5V9E_537bc6a351cb66a6c4e0ec8629aa2289_repeat_1,537bc6a351cb66a6c4e0ec8629aa2289,1404042,5,4,256,60598.8,CNN,EC-NAS,6,0,2,1,143.5334165096283,75748.5,422.1929741074268,537bc6a351cb66a6c4e0ec8629aa2289
5V9E_53b528d08cb4e97ddd4d93ca31cc43b0_repeat_1,53b528d08cb4e97ddd4d93ca31cc43b0,13126538,5,4,256,145029.6,CNN,EC-NAS,6,1,2,0,281.40703225135803,181287.0,515.373048213155,53b528d08cb4e97ddd4d93ca31cc43b0
5V9E_53ced97571afad04336d21a5d22a8c85_repeat_1,53ced97571afad04336d21a5d22a8c85,2489497,5,4,256,66024.0,CNN,EC-NAS,7,1,0,2,166.12703585624695,82530.0,397.43079541328774,53ced97571afad04336d21a5d22a8c85
5V9E_53cee42601ad14d661bb6878031d6acb_repeat_1,53cee42601ad14d661bb6878031d6acb,882570,3,4,256,30049.2,CNN,EC-NAS,2,0,0,1,65.84137845039368,37561.5,456.3877717511598,53cee42601ad14d661bb6878031d6acb
5V9E_53d34218205c71334940fa45329f8814_repeat_1,53d34218205c71334940fa45329f8814,823691,5,4,256,55540.8,CNN,EC-NAS,6,0,2,1,130.2193341255188,69426.0,426.5173092227922,53d34218205c71334940fa45329f8814
5V9E_53e39bb76844922fe1e23d401184d09c_repeat_1,53e39bb76844922fe1e23d401184d09c,5095946,5,4,256,64961.99999999999,CNN,EC-NAS,5,2,0,1,138.91510653495789,81202.49999999999,467.6381253298204,53e39bb76844922fe1e23d401184d09c
5V9E_53e4dd31498adcab4c3ee34dbca6632e_repeat_1,53e4dd31498adcab4c3ee34dbca6632e,2714634,5,4,256,110257.20000000001,CNN,EC-NAS,9,0,2,1,235.48660373687744,137821.5,468.21007331354036,53e4dd31498adcab4c3ee34dbca6632e
5V9E_53ec1801bdb8e6173a6e9c40c79d7108_repeat_1,53ec1801bdb8e6173a6e9c40c79d7108,2316845,5,4,256,73098.0,CNN,EC-NAS,8,1,1,1,167.9518871307373,91372.5,435.23178720283727,53ec1801bdb8e6173a6e9c40c79d7108
5V9E_53ec926423a000d5eecf664eaa635176_repeat_1,53ec926423a000d5eecf664eaa635176,1559856,5,4,256,64112.399999999994,CNN,EC-NAS,7,1,2,0,139.79939723014832,80140.5,458.6028357078917,53ec926423a000d5eecf664eaa635176
5V9E_53f21a802f21ef2d5493a78333537be6_repeat_1,53f21a802f21ef2d5493a78333537be6,12962698,5,4,256,133034.4,CNN,EC-NAS,6,1,1,1,287.7133264541626,166293.0,462.3852556276865,53f21a802f21ef2d5493a78333537be6
5V9E_54321c254f92c5da3cb036442dd4259f_repeat_1,54321c254f92c5da3cb036442dd4259f,1114758,5,4,256,62942.4,CNN,EC-NAS,8,0,2,1,162.13086247444153,78678.0,388.2197321310266,54321c254f92c5da3cb036442dd4259f
5V9E_543ff24efdd2ab29ab1cb2276f7234ba_repeat_1,543ff24efdd2ab29ab1cb2276f7234ba,1408799,5,4,256,71964.0,CNN,EC-NAS,7,0,2,1,154.10079288482666,89955.0,466.9930546936585,543ff24efdd2ab29ab1cb2276f7234ba
5V9E_545cccf97825e7fd19f169a07d89132b_repeat_1,545cccf97825e7fd19f169a07d89132b,3692990,5,4,256,90093.6,CNN,EC-NAS,8,3,0,0,191.304363489151,112617.0,470.94377962324563,545cccf97825e7fd19f169a07d89132b
5V9E_5498ba534c256c9d086596e2b51cf170_repeat_1,5498ba534c256c9d086596e2b51cf170,3207690,4,4,256,59594.399999999994,CNN,EC-NAS,5,1,0,1,131.49778270721436,74493.0,453.1969952123799,5498ba534c256c9d086596e2b51cf170
5V9E_54a16c24c318b1125aaef9a9fdf27d9c_repeat_1,54a16c24c318b1125aaef9a9fdf27d9c,3468426,5,4,256,72464.40000000001,CNN,EC-NAS,7,1,1,1,164.53915190696716,90580.50000000001,440.4082503170579,54a16c24c318b1125aaef9a9fdf27d9c
5V9E_54a31839654e9cbe79326015319102bb_repeat_1,54a31839654e9cbe79326015319102bb,1580170,5,4,256,68018.40000000001,CNN,EC-NAS,7,0,1,2,140.27016282081604,85023.00000000001,484.90996682514793,54a31839654e9cbe79326015319102bb
5V9E_54b9916e43cd6831e0d6edbf9da53006_repeat_1,54b9916e43cd6831e0d6edbf9da53006,3905290,5,4,256,88524.0,CNN,EC-NAS,7,1,1,1,192.35305500030518,110655.0,460.2162414309435,54b9916e43cd6831e0d6edbf9da53006
5V9E_550627f646ebc034e2ab3f47bd952231_repeat_1,550627f646ebc034e2ab3f47bd952231,1407509,5,4,256,59562.0,CNN,EC-NAS,8,0,2,1,153.09520053863525,74452.5,389.05203945285587,550627f646ebc034e2ab3f47bd952231
5V9E_55119a0693ce3be4fa85d3a46436c86e_repeat_1,55119a0693ce3be4fa85d3a46436c86e,3468426,5,4,256,62442.0,CNN,EC-NAS,6,1,1,1,156.63626885414124,78052.5,398.6433056455502,55119a0693ce3be4fa85d3a46436c86e
5V9E_552920a909e96ac4c10db5e9ac003b6f_repeat_1,552920a909e96ac4c10db5e9ac003b6f,2948277,5,4,256,83091.6,CNN,EC-NAS,7,2,0,1,185.1943073272705,103864.5,448.67253858490756,552920a909e96ac4c10db5e9ac003b6f
5V9E_5529e1779433733d1145e20de5d8604e_repeat_1,5529e1779433733d1145e20de5d8604e,3468426,4,4,256,69685.2,CNN,EC-NAS,5,1,1,0,154.04683470726013,87106.5,452.36372517763766,5529e1779433733d1145e20de5d8604e
5V9E_55466b4cd76b669601717df57be50f2d_repeat_1,55466b4cd76b669601717df57be50f2d,2193162,5,4,256,81727.2,CNN,EC-NAS,7,0,0,3,176.1203773021698,102159.0,464.0417040430285,55466b4cd76b669601717df57be50f2d
5V9E_556c4e1ad9a4c3342cd3b1fd81eb8f16_repeat_1,556c4e1ad9a4c3342cd3b1fd81eb8f16,4602890,5,4,256,110052.0,CNN,EC-NAS,7,1,2,0,236.16434597969055,137565.0,465.9975219522093,556c4e1ad9a4c3342cd3b1fd81eb8f16
5V9E_557739fea8392d037fa848c8c4217f7f_repeat_1,557739fea8392d037fa848c8c4217f7f,1407509,5,4,256,64764.0,CNN,EC-NAS,7,0,2,1,155.21523880958557,80955.0,417.25284512463986,557739fea8392d037fa848c8c4217f7f
5V9E_5582eff940a85bc32e4616d15c208eb4_repeat_1,5582eff940a85bc32e4616d15c208eb4,2443808,5,4,256,88844.4,CNN,EC-NAS,7,1,2,0,189.78630709648132,111055.5,468.12860927229235,5582eff940a85bc32e4616d15c208eb4
5V9E_55888e0e0b8a825006024761bb7f6f71_repeat_1,55888e0e0b8a825006024761bb7f6f71,1442598,5,4,256,45414.0,CNN,EC-NAS,7,1,1,1,113.87974238395691,56767.5,398.78910023243793,55888e0e0b8a825006024761bb7f6f71
5V9E_55b0b173ec5ed26d909f73c4effcf834_repeat_1,55b0b173ec5ed26d909f73c4effcf834,3207690,5,4,256,57762.0,CNN,EC-NAS,7,1,0,2,136.33109855651855,72202.5,423.6890967034473,55b0b173ec5ed26d909f73c4effcf834
5V9E_55d5898f9625434086a394f0507ed22d_repeat_1,55d5898f9625434086a394f0507ed22d,7857930,5,4,256,102682.8,CNN,EC-NAS,7,3,0,0,219.1930491924286,128353.5,468.4582854169579,55d5898f9625434086a394f0507ed22d
5V9E_55e01be8b78748948032d34718738d59_repeat_1,55e01be8b78748948032d34718738d59,3831434,5,4,256,97196.4,CNN,EC-NAS,5,0,2,1,202.24353313446045,121495.5,480.59089204785363,55e01be8b78748948032d34718738d59
5V9E_561638a435afa62432167be8aa460d9e_repeat_1,561638a435afa62432167be8aa460d9e,1697419,5,4,256,77004.0,CNN,EC-NAS,7,0,2,1,178.92912769317627,96255.0,430.36033871491713,561638a435afa62432167be8aa460d9e
5V9E_564ff22c015c56c48cf885cf53feabbf_repeat_1,564ff22c015c56c48cf885cf53feabbf,882570,5,4,256,59291.99999999999,CNN,EC-NAS,9,0,0,3,127.05195450782776,74114.99999999999,466.6752292767521,564ff22c015c56c48cf885cf53feabbf
5V9E_5671929217eb7f60033364231a1bc744_repeat_1,5671929217eb7f60033364231a1bc744,4342154,5,4,256,93657.6,CNN,EC-NAS,8,1,1,1,210.19857215881348,117072.0,445.56725118588304,5671929217eb7f60033364231a1bc744
5V9E_567314202e52a7463b93b8e69acd668c_repeat_1,567314202e52a7463b93b8e69acd668c,7104138,5,4,256,127519.20000000001,CNN,EC-NAS,9,2,1,0,286.1615388393402,159399.0,445.6196332924851,567314202e52a7463b93b8e69acd668c
5V9E_56795e73559f77076aab455daefed726_repeat_1,56795e73559f77076aab455daefed726,19472778,5,4,256,116769.59999999999,CNN,EC-NAS,5,2,0,1,238.9896318912506,145962.0,488.5969281426175,56795e73559f77076aab455daefed726
5V9E_567b7f97ece1ffe4685c611d9a9aa8b6_repeat_1,567b7f97ece1ffe4685c611d9a9aa8b6,6230410,5,4,256,96631.20000000001,CNN,EC-NAS,7,2,1,0,228.87899923324585,120789.00000000001,422.19338743929563,567b7f97ece1ffe4685c611d9a9aa8b6
5V9E_5682204d97b8b39d65b43c5776254b77_repeat_1,5682204d97b8b39d65b43c5776254b77,2912669,5,4,256,97354.8,CNN,EC-NAS,8,1,1,1,222.4478645324707,121693.5,437.6522121469461,5682204d97b8b39d65b43c5776254b77
5V9E_568e8320219750ef887ef38afb8f1c45_repeat_1,568e8320219750ef887ef38afb8f1c45,1633582,5,4,256,55796.4,CNN,EC-NAS,8,1,0,2,128.5389633178711,69745.5,434.08160887386344,568e8320219750ef887ef38afb8f1c45
5V9E_56f85c5d5b1c5f03f019dc9c34ba64a2_repeat_1,56f85c5d5b1c5f03f019dc9c34ba64a2,12962698,5,4,256,150631.19999999998,CNN,EC-NAS,6,1,1,1,293.5713038444519,188288.99999999997,513.0991960978979,56f85c5d5b1c5f03f019dc9c34ba64a2
5V9E_56fdfb00eba0279b0357c5457af8d8b3_repeat_1,56fdfb00eba0279b0357c5457af8d8b3,4705162,5,4,256,121874.40000000001,CNN,EC-NAS,6,0,2,1,253.76563692092896,152343.0,480.26360652594957,56fdfb00eba0279b0357c5457af8d8b3
5V9E_570023437b25a6a3402891f958b1b381_repeat_1,570023437b25a6a3402891f958b1b381,6667274,5,4,256,110818.8,CNN,EC-NAS,8,2,1,0,251.62599205970764,138523.5,440.4107822601415,570023437b25a6a3402891f958b1b381
5V9E_57059133d0836817b620c15c3a9583e3_repeat_1,57059133d0836817b620c15c3a9583e3,4568394,5,4,256,111888.0,CNN,EC-NAS,8,3,0,0,242.45297694206238,139860.0,461.4833004370049,57059133d0836817b620c15c3a9583e3
5V9E_5720cf00f4c10988b7af6ad1537abbca_repeat_1,5720cf00f4c10988b7af6ad1537abbca,11925130,5,4,256,118688.4,CNN,EC-NAS,7,1,0,2,255.78912997245789,148360.5,464.00877165022524,5720cf00f4c10988b7af6ad1537abbca
5V9E_5732fc789e02a84809d88f93fcc70f8e_repeat_1,5732fc789e02a84809d88f93fcc70f8e,5095946,4,4,256,53280.0,CNN,EC-NAS,4,2,0,0,131.73894429206848,66600.0,404.4362150183694,5732fc789e02a84809d88f93fcc70f8e
5V9E_575ee185e93b272fa9002426a536d77c_repeat_1,575ee185e93b272fa9002426a536d77c,3468426,5,4,256,74026.8,CNN,EC-NAS,6,1,1,1,162.30668354034424,92533.5,456.09212378244,575ee185e93b272fa9002426a536d77c
5V9E_5773c2e09d7594c88945cf4e51efcad2_repeat_1,5773c2e09d7594c88945cf4e51efcad2,4705162,5,4,256,133808.4,CNN,EC-NAS,7,0,2,1,257.28939628601074,167260.5,520.0696256104333,5773c2e09d7594c88945cf4e51efcad2
5V9E_577debdca66b2eb717a401403bd46959_repeat_1,577debdca66b2eb717a401403bd46959,9168522,5,4,256,136497.6,CNN,EC-NAS,8,3,0,0,301.03274154663086,170622.0,453.4310762965833,577debdca66b2eb717a401403bd46959
5V9E_57857dc30912643a5dfa6594e1b0182d_repeat_1,57857dc30912643a5dfa6594e1b0182d,592660,5,4,256,41079.6,CNN,EC-NAS,7,0,0,3,94.4336404800415,51349.5,435.01023354788646,57857dc30912643a5dfa6594e1b0182d
5V9E_57cef5ecf8eaa3ec589c2c7456b9eb8a_repeat_1,57cef5ecf8eaa3ec589c2c7456b9eb8a,5095946,5,4,256,63547.200000000004,CNN,EC-NAS,5,2,0,1,139.1717722415924,79434.0,456.6098352881972,57cef5ecf8eaa3ec589c2c7456b9eb8a
5V9E_57ee06f9318fcd2cd282e54d746f7028_repeat_1,57ee06f9318fcd2cd282e54d746f7028,2733718,5,4,256,89370.0,CNN,EC-NAS,7,1,2,0,216.1824140548706,111712.5,413.4008790248611,57ee06f9318fcd2cd282e54d746f7028
5V9E_5805ef90f8416af2a3d798b86ab2254c_repeat_1,5805ef90f8416af2a3d798b86ab2254c,3292298,5,4,256,65530.8,CNN,EC-NAS,5,1,2,0,141.4556143283844,81913.5,463.2605097445795,5805ef90f8416af2a3d798b86ab2254c
5V9E_583d63e247a65c989be35eeab5e776dd_repeat_1,583d63e247a65c989be35eeab5e776dd,5742730,5,4,256,122529.59999999999,CNN,EC-NAS,6,0,3,0,284.2835886478424,153162.0,431.01186594272275,583d63e247a65c989be35eeab5e776dd
5V9E_58564bb8b7b48edb0b7ec8af1824dc51_repeat_1,58564bb8b7b48edb0b7ec8af1824dc51,826657,5,4,256,59486.4,CNN,EC-NAS,7,0,2,1,138.11866211891174,74358.0,430.6905315140241,58564bb8b7b48edb0b7ec8af1824dc51
5V9E_585e1b011e1768517f23e43bd1dfecfb_repeat_1,585e1b011e1768517f23e43bd1dfecfb,2538506,5,4,256,95742.0,CNN,EC-NAS,7,0,3,0,215.68421006202698,119677.5,443.89897606536096,585e1b011e1768517f23e43bd1dfecfb
5V9E_5870bcb907b35e21937865ef5e7e0a9b_repeat_1,5870bcb907b35e21937865ef5e7e0a9b,11925130,5,4,256,129092.40000000001,CNN,EC-NAS,6,1,0,2,257.2040777206421,161365.5,501.9065060866242,5870bcb907b35e21937865ef5e7e0a9b
5V9E_588a659b5b35a17055cfccb9f8b0eea8_repeat_1,588a659b5b35a17055cfccb9f8b0eea8,590984,5,4,256,44463.600000000006,CNN,EC-NAS,8,0,0,3,94.6432728767395,55579.50000000001,469.80201179124515,588a659b5b35a17055cfccb9f8b0eea8
5V9E_588cb9cc26d7efe97870a64b2cc426cf_repeat_1,588cb9cc26d7efe97870a64b2cc426cf,2034318,5,4,256,77104.8,CNN,EC-NAS,8,1,1,1,178.85691380500793,96381.0,431.09767668282944,588cb9cc26d7efe97870a64b2cc426cf
5V9E_5895321bfa72f3fef81b19d58ac64caa_repeat_1,5895321bfa72f3fef81b19d58ac64caa,13126538,5,4,256,145148.4,CNN,EC-NAS,5,1,2,0,282.9885137081146,181435.5,512.9126906886112,5895321bfa72f3fef81b19d58ac64caa
5V9E_5898e2335a13ace05c7743476b99b199_repeat_1,5898e2335a13ace05c7743476b99b199,1861666,5,4,256,63320.4,CNN,EC-NAS,7,1,2,0,163.504714012146,79150.5,387.2695682357894,5898e2335a13ace05c7743476b99b199
5V9E_58c64257f68454155b0c0d13cc538d85_repeat_1,58c64257f68454155b0c0d13cc538d85,1859990,5,4,256,61182.0,CNN,EC-NAS,7,1,2,0,163.48616647720337,76477.5,374.233498272964,58c64257f68454155b0c0d13cc538d85
5V9E_58e7cbf7c829895942e256dc95f211d5_repeat_1,58e7cbf7c829895942e256dc95f211d5,2277770,5,4,256,92538.0,CNN,EC-NAS,8,0,2,1,196.70847153663635,115672.5,470.4322049636031,58e7cbf7c829895942e256dc95f211d5
5V9E_59419b4fecce4f5ef290cc8bb32b710c_repeat_1,59419b4fecce4f5ef290cc8bb32b710c,2453898,5,4,256,91411.20000000001,CNN,EC-NAS,8,0,1,2,202.3613314628601,114264.00000000001,451.72266528982067,59419b4fecce4f5ef290cc8bb32b710c
5V9E_594b82589210e1c13c0b7b0d9243a429_repeat_1,594b82589210e1c13c0b7b0d9243a429,709918,5,4,256,54118.799999999996,CNN,EC-NAS,7,0,1,2,114.67816209793091,67648.5,471.91896879010443,594b82589210e1c13c0b7b0d9243a429
5V9E_5957a106053c391dc6b60ddddc50e3c5_repeat_1,5957a106053c391dc6b60ddddc50e3c5,4081418,5,4,256,84823.2,CNN,EC-NAS,8,1,0,2,189.8306987285614,106029.0,446.8360521671395,5957a106053c391dc6b60ddddc50e3c5
5V9E_5983a78a8af75d2291d2b4a4a512f689_repeat_1,5983a78a8af75d2291d2b4a4a512f689,3031562,5,4,256,55587.6,CNN,EC-NAS,5,1,1,1,124.62304592132568,69484.5,446.04591060222003,5983a78a8af75d2291d2b4a4a512f689
5V9E_599f5c53b6c05f596786011f0ba18fb5_repeat_1,599f5c53b6c05f596786011f0ba18fb5,592660,5,4,256,45878.4,CNN,EC-NAS,8,0,0,3,96.70158386230469,57348.0,474.43276694751114,599f5c53b6c05f596786011f0ba18fb5
5V9E_59c0e9b82b852708aa22dfb6a6453350_repeat_1,59c0e9b82b852708aa22dfb6a6453350,4081418,5,4,256,75776.4,CNN,EC-NAS,7,1,0,2,179.01279020309448,94720.5,423.3015971318573,59c0e9b82b852708aa22dfb6a6453350
5V9E_59ca254c1ca79936acdf1fad60950caa_repeat_1,59ca254c1ca79936acdf1fad60950caa,1580170,5,4,256,60994.799999999996,CNN,EC-NAS,7,0,1,2,136.98524832725525,76243.5,445.2654628495802,59ca254c1ca79936acdf1fad60950caa
5V9E_59f4c7012019ad9a4edce795ce1e1f05_repeat_1,59f4c7012019ad9a4edce795ce1e1f05,1861666,5,4,256,80114.4,CNN,EC-NAS,8,1,2,0,173.34707307815552,100143.0,462.1618270063291,59f4c7012019ad9a4edce795ce1e1f05
5V9E_5a54e907a7db4da1810eda1d8b9c6262_repeat_1,5a54e907a7db4da1810eda1d8b9c6262,2489497,5,4,256,80848.8,CNN,EC-NAS,8,1,0,2,172.48846650123596,101061.0,468.7200346779168,5a54e907a7db4da1810eda1d8b9c6262
5V9E_5a802445549516fbb4792b1f74355a84_repeat_1,5a802445549516fbb4792b1f74355a84,2024613,5,4,256,80960.4,CNN,EC-NAS,7,1,1,1,173.4547975063324,101200.5,466.75215193770777,5a802445549516fbb4792b1f74355a84
5V9E_5a803c9e690330ee53698ec91dbbce7e_repeat_1,5a803c9e690330ee53698ec91dbbce7e,1756298,5,4,256,64022.4,CNN,EC-NAS,5,0,0,3,129.62456798553467,80028.0,493.90637126092116,5a803c9e690330ee53698ec91dbbce7e
5V9E_5afd6e4acf907f967adada88eec0b1bc_repeat_1,5afd6e4acf907f967adada88eec0b1bc,2737822,5,4,256,100918.8,CNN,EC-NAS,9,1,2,0,223.78453707695007,126148.5,450.9641341541765,5afd6e4acf907f967adada88eec0b1bc
5V9E_5afeb8e99c7fcce2a06a8d778d1d7262_repeat_1,5afeb8e99c7fcce2a06a8d778d1d7262,12962698,5,4,256,152798.40000000002,CNN,EC-NAS,6,1,1,1,292.1462445259094,190998.00000000003,523.0202436726818,5afeb8e99c7fcce2a06a8d778d1d7262
5V9E_5b06d06bc723d89ee472c05ddbf316af_repeat_1,5b06d06bc723d89ee472c05ddbf316af,1873556,5,4,256,73688.40000000001,CNN,EC-NAS,9,0,1,2,187.80570483207703,92110.50000000001,392.36507786537754,5b06d06bc723d89ee472c05ddbf316af
5V9E_5b12f47a95de89d314aa7d6b593987f4_repeat_1,5b12f47a95de89d314aa7d6b593987f4,4342154,5,4,256,87642.0,CNN,EC-NAS,8,1,1,1,207.55909633636475,109552.5,422.2508266174454,5b12f47a95de89d314aa7d6b593987f4
5V9E_5b14985964a5aa47db5d6cf2135e60e2_repeat_1,5b14985964a5aa47db5d6cf2135e60e2,11051402,5,4,256,105663.59999999999,CNN,EC-NAS,5,1,0,2,209.09246587753296,132079.5,505.3438896353538,5b14985964a5aa47db5d6cf2135e60e2
5V9E_5b1e0d26365e7a7cff60a1bf14ebd01d_repeat_1,5b1e0d26365e7a7cff60a1bf14ebd01d,5039754,5,4,256,122522.40000000001,CNN,EC-NAS,8,1,2,0,269.0034592151642,153153.0,455.46774884407586,5b1e0d26365e7a7cff60a1bf14ebd01d
5V9E_5b5f4e7a43586d1419d108ea1c0bd823_repeat_1,5b5f4e7a43586d1419d108ea1c0bd823,416523,5,4,256,33577.200000000004,CNN,EC-NAS,7,0,1,2,85.63740992546082,41971.50000000001,392.0856554305618,5b5f4e7a43586d1419d108ea1c0bd823
5V9E_5ba62c133a77e6809da2e033cd0d03d7_repeat_1,5ba62c133a77e6809da2e033cd0d03d7,2913959,5,4,256,92721.6,CNN,EC-NAS,7,1,1,1,222.6257290840149,115902.0,416.490943708526,5ba62c133a77e6809da2e033cd0d03d7
5V9E_5bb99afe31b2965b0a58ffe1eeae8a50_repeat_1,5bb99afe31b2965b0a58ffe1eeae8a50,6667274,5,4,256,109584.0,CNN,EC-NAS,6,2,1,0,243.9097900390625,136980.0,449.2808590522339,5bb99afe31b2965b0a58ffe1eeae8a50
5V9E_5bd6b9ee45f3c3a6ac47d4cba28962b0_repeat_1,5bd6b9ee45f3c3a6ac47d4cba28962b0,22257802,5,4,256,188704.8,CNN,EC-NAS,6,2,1,0,371.01630187034607,235881.0,508.615926170123,5bd6b9ee45f3c3a6ac47d4cba28962b0
5V9E_5bdd1defce3efea98857c1ae7fbdc122_repeat_1,5bdd1defce3efea98857c1ae7fbdc122,3833519,5,4,256,93636.0,CNN,EC-NAS,9,2,0,1,231.94703769683838,117045.0,403.6956062460475,5bdd1defce3efea98857c1ae7fbdc122
5V9E_5be1189fe24d934096eb2721981cf0d8_repeat_1,5be1189fe24d934096eb2721981cf0d8,2505634,5,4,256,66020.40000000001,CNN,EC-NAS,8,1,0,2,167.60078501701355,82525.50000000001,393.9146227346019,5be1189fe24d934096eb2721981cf0d8
5V9E_5bebf6e6c272aad241e140bebc457a4b_repeat_1,5bebf6e6c272aad241e140bebc457a4b,5532810,5,4,256,82299.59999999999,CNN,EC-NAS,7,2,0,1,179.48001646995544,102874.49999999999,458.54464256624783,5bebf6e6c272aad241e140bebc457a4b
5V9E_5bfc07b95c0cf6ad1346bc5838008372_repeat_1,5bfc07b95c0cf6ad1346bc5838008372,4869002,5,4,256,118980.00000000001,CNN,EC-NAS,5,0,3,0,240.3409013748169,148725.00000000003,495.04682440400813,5bfc07b95c0cf6ad1346bc5838008372
5V9E_5c1e60abbf8214d8146e6a312a56b26c_repeat_1,5c1e60abbf8214d8146e6a312a56b26c,2538506,5,4,256,95353.2,CNN,EC-NAS,8,0,3,0,222.89553332328796,119191.5,427.79322931384,5c1e60abbf8214d8146e6a312a56b26c
5V9E_5c21853b8e6bb94237973703d18e39ce_repeat_1,5c21853b8e6bb94237973703d18e39ce,2491173,5,4,256,79866.0,CNN,EC-NAS,8,1,0,2,176.7319209575653,99832.5,451.90478079608744,5c21853b8e6bb94237973703d18e39ce
5V9E_5c35c6c5b8df85ac2a0d04d0e641cd24_repeat_1,5c35c6c5b8df85ac2a0d04d0e641cd24,5793546,5,4,256,83833.2,CNN,EC-NAS,7,2,1,0,198.61588549613953,104791.5,422.0870842761943,5c35c6c5b8df85ac2a0d04d0e641cd24
5V9E_5c388b695792e77f32c770d13053c89b_repeat_1,5c388b695792e77f32c770d13053c89b,4779018,5,4,256,110620.79999999999,CNN,EC-NAS,8,1,1,1,243.4850549697876,138276.0,454.3227509948246,5c388b695792e77f32c770d13053c89b
5V9E_5c9d9059f2a7e67dc1570f001d3665bd_repeat_1,5c9d9059f2a7e67dc1570f001d3665bd,2943654,5,4,256,74876.40000000001,CNN,EC-NAS,9,2,0,1,186.47935271263123,93595.50000000001,401.52649025646383,5c9d9059f2a7e67dc1570f001d3665bd
5V9E_5ca7fb6ce30c7e3ed0ac832ca6431d5d_repeat_1,5ca7fb6ce30c7e3ed0ac832ca6431d5d,31389066,5,4,256,217659.6,CNN,EC-NAS,7,3,0,0,454.4174189567566,272074.5,478.9860399711328,5ca7fb6ce30c7e3ed0ac832ca6431d5d
5V9E_5cb286a918ebba3bff1c98f30207e76d_repeat_1,5cb286a918ebba3bff1c98f30207e76d,5095946,5,4,256,62208.0,CNN,EC-NAS,6,2,0,1,142.6339864730835,77760.0,436.13728774059956,5cb286a918ebba3bff1c98f30207e76d
5V9E_5cb3b0ba66a4039680d18f1b7ec932c6_repeat_1,5cb3b0ba66a4039680d18f1b7ec932c6,2608431,5,4,256,91198.8,CNN,EC-NAS,8,1,1,1,194.8092851638794,113998.5,468.14401029848676,5cb3b0ba66a4039680d18f1b7ec932c6
5V9E_5cdd2affca58e6cedfae506e021f21ca_repeat_1,5cdd2affca58e6cedfae506e021f21ca,2017034,4,4,256,79160.40000000001,CNN,EC-NAS,6,0,1,1,163.420800447464,98950.50000000001,484.3961098174173,5cdd2affca58e6cedfae506e021f21ca
5V9E_5cdd9bf25923a73bbe481a0ee3083c23_repeat_1,5cdd9bf25923a73bbe481a0ee3083c23,5356682,5,4,256,72763.2,CNN,EC-NAS,5,2,1,0,165.7122757434845,90954.0,439.09360168726613,5cdd9bf25923a73bbe481a0ee3083c23
5V9E_5d0115f44f21bd256603da08162060dd_repeat_1,5d0115f44f21bd256603da08162060dd,6406538,5,4,256,102963.6,CNN,EC-NAS,7,2,0,1,223.4824240207672,128704.5,460.7234794913092,5d0115f44f21bd256603da08162060dd
5V9E_5d1252cad55c0f90a29de89bd286a5eb_repeat_1,5d1252cad55c0f90a29de89bd286a5eb,12088970,5,4,256,120222.0,CNN,EC-NAS,6,1,1,1,250.3897829055786,150277.5,480.139399479153,5d1252cad55c0f90a29de89bd286a5eb
5V9E_5d285aaf1f6ee23114ddd5ea14ce4490_repeat_1,5d285aaf1f6ee23114ddd5ea14ce4490,706433,5,4,256,44668.8,CNN,EC-NAS,7,0,1,2,110.1866180896759,55836.0,405.39224067704924,5d285aaf1f6ee23114ddd5ea14ce4490
5V9E_5d4962e8abd1e4647857f09dc771775f_repeat_1,5d4962e8abd1e4647857f09dc771775f,3543609,5,4,256,87483.6,CNN,EC-NAS,8,2,0,1,203.0512523651123,109354.5,430.84491713793136,5d4962e8abd1e4647857f09dc771775f
5V9E_5d4abe5387ca865ae966448679b724f9_repeat_1,5d4abe5387ca865ae966448679b724f9,14000266,5,4,256,159458.4,CNN,EC-NAS,6,1,2,0,333.97513580322266,199323.0,477.45590286683046,5d4abe5387ca865ae966448679b724f9
5V9E_5d70ccc29f08167eca15662bb83e841d_repeat_1,5d70ccc29f08167eca15662bb83e841d,11925130,5,4,256,129657.59999999999,CNN,EC-NAS,7,1,0,2,259.680242061615,162072.0,499.29713162095635,5d70ccc29f08167eca15662bb83e841d
5V9E_5d9fa2004ddf5ecab399442544a4512c_repeat_1,5d9fa2004ddf5ecab399442544a4512c,3905290,5,4,256,95486.4,CNN,EC-NAS,8,1,1,1,196.06179571151733,119358.0,487.0219598544195,5d9fa2004ddf5ecab399442544a4512c
5V9E_5de4dd8577f1810beb8f6238500ad755_repeat_1,5de4dd8577f1810beb8f6238500ad755,5969674,5,4,256,101358.0,CNN,EC-NAS,8,2,0,1,214.24942231178284,126697.5,473.0841227310312,5de4dd8577f1810beb8f6238500ad755
5V9E_5df9908d4d7e4d2685e7bb3a575d0a4b_repeat_1,5df9908d4d7e4d2685e7bb3a575d0a4b,6843402,5,4,256,118648.8,CNN,EC-NAS,8,2,0,1,259.9538149833679,148311.0,456.42261494639445,5df9908d4d7e4d2685e7bb3a575d0a4b
5V9E_5e090aa36092d083468c2aa8350b11d1_repeat_1,5e090aa36092d083468c2aa8350b11d1,1814158,5,4,256,94024.8,CNN,EC-NAS,7,0,3,0,202.81730484962463,117531.0,463.59357782469823,5e090aa36092d083468c2aa8350b11d1
5V9E_5e1c682e9aa4480ca7d16314e3c87ee7_repeat_1,5e1c682e9aa4480ca7d16314e3c87ee7,4166026,5,4,256,92343.6,CNN,EC-NAS,8,1,2,0,213.91207575798035,115429.5,431.68951389391106,5e1c682e9aa4480ca7d16314e3c87ee7
5V9E_5e3bdb1beea75eaf8558bfb037cb810e_repeat_1,5e3bdb1beea75eaf8558bfb037cb810e,1466388,5,4,256,59583.6,CNN,EC-NAS,9,0,0,3,140.04461336135864,74479.5,425.4615623541034,5e3bdb1beea75eaf8558bfb037cb810e
5V9E_5e4076488032f06ffae0135e26528784_repeat_1,5e4076488032f06ffae0135e26528784,3817382,5,4,256,109447.2,CNN,EC-NAS,8,2,0,1,235.1002061367035,136809.0,465.5342579170681,5e4076488032f06ffae0135e26528784
5V9E_5e4bd8ccede09545a71a00d1387c629d_repeat_1,5e4bd8ccede09545a71a00d1387c629d,3948968,5,4,256,117558.00000000001,CNN,EC-NAS,7,2,1,0,256.6862602233887,146947.50000000003,457.98322005116967,5e4bd8ccede09545a71a00d1387c629d
5V9E_5e5b3db80bb08280d6f2b027a4a84762_repeat_1,5e5b3db80bb08280d6f2b027a4a84762,5793546,5,4,256,92894.40000000001,CNN,EC-NAS,7,2,1,0,201.59321546554565,116118.00000000001,460.8012218341575,5e5b3db80bb08280d6f2b027a4a84762
5V9E_5eb2d4cbd404b5698575fa03ab3f7b0b_repeat_1,5eb2d4cbd404b5698575fa03ab3f7b0b,1458735,5,4,256,47728.8,CNN,EC-NAS,6,1,1,1,117.40576386451721,59661.0,406.5285930516804,5eb2d4cbd404b5698575fa03ab3f7b0b
5V9E_5ecfe21e6ed01680ff3998775a52626c_repeat_1,5ecfe21e6ed01680ff3998775a52626c,20346506,5,4,256,145497.6,CNN,EC-NAS,5,2,0,1,287.92822909355164,181872.0,505.32592951393434,5ecfe21e6ed01680ff3998775a52626c
5V9E_5ef7ab434cf52f2208aa0c6a5e734a82_repeat_1,5ef7ab434cf52f2208aa0c6a5e734a82,2714634,5,4,256,97866.0,CNN,EC-NAS,8,0,2,1,229.1344335079193,122332.5,427.111711241853,5ef7ab434cf52f2208aa0c6a5e734a82
5V9E_5f07463e5a74195eeba5d13329c0c7ce_repeat_1,5f07463e5a74195eeba5d13329c0c7ce,1918869,5,4,256,60458.4,CNN,EC-NAS,9,1,0,2,152.8525414466858,75573.0,395.5341496306595,5f07463e5a74195eeba5d13329c0c7ce
5V9E_5f2d0bb0b94c82a70f50b2bedd114691_repeat_1,5f2d0bb0b94c82a70f50b2bedd114691,3644554,5,4,256,70009.2,CNN,EC-NAS,7,1,0,2,168.37417149543762,87511.5,415.79536444458176,5f2d0bb0b94c82a70f50b2bedd114691
5V9E_5f58d8e839c38369111bf069126d6570_repeat_1,5f58d8e839c38369111bf069126d6570,5793546,5,4,256,86536.8,CNN,EC-NAS,6,2,1,0,201.2203392982483,108171.0,430.0599049867189,5f58d8e839c38369111bf069126d6570
5V9E_5f62586188bcd63be6a0e0b46d4cf814_repeat_1,5f62586188bcd63be6a0e0b46d4cf814,9168522,5,4,256,141818.4,CNN,EC-NAS,8,3,0,0,297.4729006290436,177273.0,476.74393096012204,5f62586188bcd63be6a0e0b46d4cf814
5V9E_5f638579d6556ddb58e073bfa6e9718e_repeat_1,5f638579d6556ddb58e073bfa6e9718e,21220234,5,4,256,169135.2,CNN,EC-NAS,7,2,0,1,338.4033851623535,211419.0,499.8035108864386,5f638579d6556ddb58e073bfa6e9718e
5V9E_5f9b81ff73dfca5e678520f89fb06cf1_repeat_1,5f9b81ff73dfca5e678520f89fb06cf1,2770826,5,4,256,46357.2,CNN,EC-NAS,5,1,0,2,102.88613724708557,57946.5,450.5679894335147,5f9b81ff73dfca5e678520f89fb06cf1
5V9E_6024ba0a7385450b4eb8fdc0c925cd18_repeat_1,6024ba0a7385450b4eb8fdc0c925cd18,4081418,5,4,256,85827.6,CNN,EC-NAS,6,1,0,2,181.29374957084656,107284.5,473.41731418302436,6024ba0a7385450b4eb8fdc0c925cd18
5V9E_6047adcded92b5d8126a9cc34054624b_repeat_1,6047adcded92b5d8126a9cc34054624b,20510346,5,4,256,138074.4,CNN,EC-NAS,4,2,1,0,274.7936427593231,172593.0,502.4657725467539,6047adcded92b5d8126a9cc34054624b
5V9E_604f9c8b125259e9836b300eb881fb81_repeat_1,604f9c8b125259e9836b300eb881fb81,12088970,5,4,256,118249.2,CNN,EC-NAS,5,1,1,1,239.87611985206604,147811.5,492.95944953972673,604f9c8b125259e9836b300eb881fb81
5V9E_60521e7b099a0457f432a4a5328eea07_repeat_1,60521e7b099a0457f432a4a5328eea07,4602890,5,4,256,97246.8,CNN,EC-NAS,7,1,2,0,228.17496061325073,121558.5,426.1940036655916,60521e7b099a0457f432a4a5328eea07
5V9E_6076ddd0590132a6e22500ac0a005527_repeat_1,6076ddd0590132a6e22500ac0a005527,4342154,5,4,256,93258.0,CNN,EC-NAS,7,1,1,1,210.78749632835388,116572.5,442.4266221879096,6076ddd0590132a6e22500ac0a005527
5V9E_609dc151d6467d441e95ba5756d2d4e2_repeat_1,609dc151d6467d441e95ba5756d2d4e2,998019,5,4,256,64540.799999999996,CNN,EC-NAS,9,0,1,2,148.3863651752472,80676.0,434.95101402191534,609dc151d6467d441e95ba5756d2d4e2
5V9E_60af5e95c717da1f88a23a469c25ddd8_repeat_1,60af5e95c717da1f88a23a469c25ddd8,3468426,5,4,256,75884.40000000001,CNN,EC-NAS,7,1,1,1,164.18326449394226,94855.50000000001,462.1932706350826,60af5e95c717da1f88a23a469c25ddd8
5V9E_60e27b0c59f45765ee55899502f0badd_repeat_1,60e27b0c59f45765ee55899502f0badd,3667594,5,4,256,105663.59999999999,CNN,EC-NAS,6,0,1,2,212.11835265159607,132079.5,498.1351150390661,60e27b0c59f45765ee55899502f0badd
5V9E_60ee177b7fe9a32f97870283c0c56880_repeat_1,60ee177b7fe9a32f97870283c0c56880,5969674,5,4,256,94824.0,CNN,EC-NAS,8,2,0,1,211.3466682434082,118530.0,448.6656959777151,60ee177b7fe9a32f97870283c0c56880
5V9E_60f946c6795e7e98f9fafd5031968d15_repeat_1,60f946c6795e7e98f9fafd5031968d15,8731658,5,4,256,122903.99999999999,CNN,EC-NAS,8,3,0,0,264.63186740875244,153629.99999999997,464.433861286107,60f946c6795e7e98f9fafd5031968d15
5V9E_6121a9c53be4670899be1b8e2d6917f3_repeat_1,6121a9c53be4670899be1b8e2d6917f3,10177674,5,4,256,75553.2,CNN,EC-NAS,4,1,0,2,156.24570393562317,94441.5,483.5537752201472,6121a9c53be4670899be1b8e2d6917f3
5V9E_6141c3a7ab606b05a5941a16131cc7a6_repeat_1,6141c3a7ab606b05a5941a16131cc7a6,13126538,5,4,256,143481.6,CNN,EC-NAS,6,1,2,0,280.00537061691284,179352.0,512.4244570162307,6141c3a7ab606b05a5941a16131cc7a6
5V9E_61708c9402af1b7d6757d3919f0e365d_repeat_1,61708c9402af1b7d6757d3919f0e365d,2101642,5,4,256,79822.79999999999,CNN,EC-NAS,6,0,3,0,183.7209312915802,99778.49999999999,434.47852914110615,61708c9402af1b7d6757d3919f0e365d
5V9E_6191179da4afeabaf39d96faf936f7c6_repeat_1,6191179da4afeabaf39d96faf936f7c6,3948968,5,4,256,115052.40000000001,CNN,EC-NAS,9,2,1,0,266.00840950012207,143815.5,432.51414576029487,6191179da4afeabaf39d96faf936f7c6
5V9E_61c69736a4ebf57307487dd3cc40f188_repeat_1,61c69736a4ebf57307487dd3cc40f188,3468426,5,4,256,74624.40000000001,CNN,EC-NAS,6,1,1,1,159.722971200943,93280.50000000001,467.2114439075713,61c69736a4ebf57307487dd3cc40f188
5V9E_620c43c88aa500e9ce8a944cb5a7afdf_repeat_1,620c43c88aa500e9ce8a944cb5a7afdf,2453898,5,4,256,95745.6,CNN,EC-NAS,8,0,1,2,209.28835129737854,119682.0,457.4817442369487,620c43c88aa500e9ce8a944cb5a7afdf
5V9E_62324aacc1696119644a114388ea19fb_repeat_1,62324aacc1696119644a114388ea19fb,6843402,5,4,256,115707.6,CNN,EC-NAS,9,2,0,1,261.3186774253845,144634.5,442.7835053353142,62324aacc1696119644a114388ea19fb
5V9E_623dc658ed1ce976655fb4a30b5dcc36_repeat_1,623dc658ed1ce976655fb4a30b5dcc36,12962698,5,4,256,145177.2,CNN,EC-NAS,7,1,1,1,295.1914904117584,181471.5,491.806860006345,623dc658ed1ce976655fb4a30b5dcc36
5V9E_62588a52283573db1a13dd8917bbcad4_repeat_1,62588a52283573db1a13dd8917bbcad4,4342154,5,4,256,85986.0,CNN,EC-NAS,8,1,1,1,204.3592917919159,107482.5,420.75894492506484,62588a52283573db1a13dd8917bbcad4
5V9E_62c7f446ef395b39de7b04f52d47a73f_repeat_1,62c7f446ef395b39de7b04f52d47a73f,3468426,4,4,256,62085.600000000006,CNN,EC-NAS,5,1,1,0,152.73440074920654,77607.0,406.4938854341401,62c7f446ef395b39de7b04f52d47a73f
5V9E_62fb51e53865aa050223402ff8752fff_repeat_1,62fb51e53865aa050223402ff8752fff,6406538,5,4,256,104288.40000000001,CNN,EC-NAS,8,2,0,1,228.80098485946655,130360.50000000001,455.8039820678906,62fb51e53865aa050223402ff8752fff
5V9E_6310bd0df28363a64df37a86f5a42ae0_repeat_1,6310bd0df28363a64df37a86f5a42ae0,3643054,5,4,256,108594.0,CNN,EC-NAS,9,2,1,0,233.32039213180542,135742.5,465.42867088382906,6310bd0df28363a64df37a86f5a42ae0
5V9E_633029309fdd6c1205433351ffae9e2e_repeat_1,633029309fdd6c1205433351ffae9e2e,2453898,5,4,256,95320.8,CNN,EC-NAS,9,0,1,2,206.4028079509735,119151.0,461.8192986145876,633029309fdd6c1205433351ffae9e2e
5V9E_6332d1d2c6ffb029ae1b320f34a1243c_repeat_1,6332d1d2c6ffb029ae1b320f34a1243c,1232016,5,4,256,79218.0,CNN,EC-NAS,6,0,3,0,187.5753676891327,99022.5,422.32624131803607,6332d1d2c6ffb029ae1b320f34a1243c
5V9E_63a2450d5404f61d4c6495635455f4e0_repeat_1,63a2450d5404f61d4c6495635455f4e0,4518282,5,4,256,98186.4,CNN,EC-NAS,9,1,0,2,221.27615976333618,122733.0,443.7278742771672,63a2450d5404f61d4c6495635455f4e0
5V9E_63b882b601dd51cfdc8e12775e85f876_repeat_1,63b882b601dd51cfdc8e12775e85f876,4602890,5,4,256,106146.0,CNN,EC-NAS,8,1,2,0,236.92741084098816,132682.5,448.0106359294957,63b882b601dd51cfdc8e12775e85f876
5V9E_63bec4bb10f91f9937d36cb940724bdf_repeat_1,63bec4bb10f91f9937d36cb940724bdf,12962698,5,4,256,144003.6,CNN,EC-NAS,7,1,1,1,290.5815043449402,180004.5,495.57042635809967,63bec4bb10f91f9937d36cb940724bdf
5V9E_64064f355840d3e8aa5124e420ec5def_repeat_1,64064f355840d3e8aa5124e420ec5def,1756298,5,4,256,55515.600000000006,CNN,EC-NAS,5,0,0,3,126.9290497303009,69394.5,437.37505415789104,64064f355840d3e8aa5124e420ec5def
5V9E_642edfca6e06895fcc7dc9ce786feac4_repeat_1,642edfca6e06895fcc7dc9ce786feac4,1143306,5,4,256,58031.99999999999,CNN,EC-NAS,6,0,1,2,122.39661717414856,72539.99999999999,474.13075083137966,642edfca6e06895fcc7dc9ce786feac4
5V9E_645160ff25d41d21e807b29db60d306c_repeat_1,645160ff25d41d21e807b29db60d306c,11051402,5,4,256,107463.59999999999,CNN,EC-NAS,6,1,0,2,210.83283352851868,134329.5,509.70998303005655,645160ff25d41d21e807b29db60d306c
5V9E_645aa70ad05e8fb2a5d1b7d6aa14c13c_repeat_1,645aa70ad05e8fb2a5d1b7d6aa14c13c,4342154,5,4,256,95857.20000000001,CNN,EC-NAS,7,1,1,1,208.70216870307922,119821.50000000001,459.3014082971804,645aa70ad05e8fb2a5d1b7d6aa14c13c
5V9E_645b7346a6f9221bdc0f8b27b0cad558_repeat_1,645b7346a6f9221bdc0f8b27b0cad558,1923492,5,4,256,69098.4,CNN,EC-NAS,8,1,0,2,159.1009111404419,86373.0,434.30549520238327,645b7346a6f9221bdc0f8b27b0cad558
5V9E_64648aa347b4450ddea9f1262ac3bf59_repeat_1,64648aa347b4450ddea9f1262ac3bf59,12088970,5,4,256,121446.0,CNN,EC-NAS,5,1,1,1,244.8370807170868,151807.5,496.0278060998972,64648aa347b4450ddea9f1262ac3bf59
5V9E_6476142c30c184f105ae4ea31ff4e112_repeat_1,6476142c30c184f105ae4ea31ff4e112,1873556,5,4,256,86875.2,CNN,EC-NAS,9,0,1,2,194.1640603542328,108594.0,447.431928656132,6476142c30c184f105ae4ea31ff4e112
5V9E_6482aef3be7a1a478ec3f550a0504bd1_repeat_1,6482aef3be7a1a478ec3f550a0504bd1,1143306,5,4,256,50688.0,CNN,EC-NAS,6,0,1,2,117.31872200965881,63360.0,432.053802937155,6482aef3be7a1a478ec3f550a0504bd1
5V9E_64a028754ee8169e9e453516cd5332a1_repeat_1,64a028754ee8169e9e453516cd5332a1,2332463,5,4,256,67366.8,CNN,EC-NAS,7,1,1,1,159.76228642463684,84208.5,421.66897775200727,64a028754ee8169e9e453516cd5332a1
5V9E_650ca59f412c73a5bf6e38c401bf9a03_repeat_1,650ca59f412c73a5bf6e38c401bf9a03,2771002,5,4,256,81334.79999999999,CNN,EC-NAS,7,2,1,0,181.32850623130798,101668.49999999999,448.5494404076043,650ca59f412c73a5bf6e38c401bf9a03
5V9E_650d5b7864b08898629b1934f8c8e84f_repeat_1,650d5b7864b08898629b1934f8c8e84f,1873037,5,4,256,87084.0,CNN,EC-NAS,9,0,1,2,195.38996267318726,108855.0,445.69331407088833,650d5b7864b08898629b1934f8c8e84f
5V9E_6513981274ae5fb2701a9e0f0f88a695_repeat_1,6513981274ae5fb2701a9e0f0f88a695,2141352,5,4,256,87048.0,CNN,EC-NAS,9,1,2,0,204.09107947349548,108810.0,426.51545684682696,6513981274ae5fb2701a9e0f0f88a695
5V9E_652e120176a9a5f1186df1dc3419e3c1_repeat_1,652e120176a9a5f1186df1dc3419e3c1,3468426,5,4,256,76780.8,CNN,EC-NAS,7,1,1,1,164.2328679561615,95976.0,467.51177736538716,652e120176a9a5f1186df1dc3419e3c1
5V9E_654692dd64411ca0a2cc2ee12897f201_repeat_1,654692dd64411ca0a2cc2ee12897f201,1143306,5,4,256,54252.0,CNN,EC-NAS,5,0,1,2,117.03644704818726,67815.0,463.5479063856313,654692dd64411ca0a2cc2ee12897f201
5V9E_654aa52c85316267004802b148126e1f_repeat_1,654aa52c85316267004802b148126e1f,22257802,5,4,256,190738.80000000002,CNN,EC-NAS,6,2,1,0,371.75711584091187,238423.50000000003,513.0737028894531,654aa52c85316267004802b148126e1f
5V9E_659b53528dcbdea3ddad7ee955536dde_repeat_1,659b53528dcbdea3ddad7ee955536dde,2658367,5,4,256,63745.200000000004,CNN,EC-NAS,7,2,0,1,153.98369526863098,79681.5,413.9736995452268,659b53528dcbdea3ddad7ee955536dde
5V9E_65f66ccb34d49fdf314a430a606204a2_repeat_1,65f66ccb34d49fdf314a430a606204a2,1840906,5,4,256,72964.8,CNN,EC-NAS,7,0,2,1,175.2789444923401,91206.0,416.27817996809455,65f66ccb34d49fdf314a430a606204a2
5V9E_6616b4e567888bd3ed8e7c23c9e42f7e_repeat_1,6616b4e567888bd3ed8e7c23c9e42f7e,1319434,5,4,256,57794.399999999994,CNN,EC-NAS,7,0,0,3,132.39660143852234,72243.0,436.52480027469977,6616b4e567888bd3ed8e7c23c9e42f7e
5V9E_661c511237f6bc239abcc538fe540285_repeat_1,661c511237f6bc239abcc538fe540285,3729162,5,4,256,83332.79999999999,CNN,EC-NAS,6,1,2,0,182.85379099845886,104165.99999999999,455.7346038327548,661c511237f6bc239abcc538fe540285
5V9E_662c964d00506771d46e280406628433_repeat_1,662c964d00506771d46e280406628433,5095946,5,4,256,65718.0,CNN,EC-NAS,6,2,0,1,143.3503556251526,82147.5,458.4432296202059,662c964d00506771d46e280406628433
5V9E_66344e4ea26195131f153b084f6e0bf2_repeat_1,66344e4ea26195131f153b084f6e0bf2,12252810,5,4,256,113504.40000000001,CNN,EC-NAS,4,1,2,0,233.13001203536987,141880.5,486.8716773487723,66344e4ea26195131f153b084f6e0bf2
5V9E_6634a6ce83c228948107a9f5731bb58b_repeat_1,6634a6ce83c228948107a9f5731bb58b,2155680,5,4,256,93794.40000000001,CNN,EC-NAS,8,1,2,0,201.51542210578918,117243.00000000001,465.4452697459599,6634a6ce83c228948107a9f5731bb58b
5V9E_667d5b58cee7b13b2cb3653381bf9edc_repeat_1,667d5b58cee7b13b2cb3653381bf9edc,3905290,5,4,256,85165.2,CNN,EC-NAS,7,1,1,1,177.2987608909607,106456.5,480.34853471072404,667d5b58cee7b13b2cb3653381bf9edc
5V9E_6694634112ae49c38f872b45bc64201d_repeat_1,6694634112ae49c38f872b45bc64201d,2277770,5,4,256,80467.2,CNN,EC-NAS,8,0,2,1,190.67655277252197,100584.0,422.00888798318977,6694634112ae49c38f872b45bc64201d
5V9E_66a0485d7e82761b6df2bd7d7242bbce_repeat_1,66a0485d7e82761b6df2bd7d7242bbce,4705162,5,4,256,110970.0,CNN,EC-NAS,7,0,2,1,250.08712029457092,138712.5,443.72537006020707,66a0485d7e82761b6df2bd7d7242bbce
5V9E_66c1215fd4cd5d0a53a4d25f73ecbe3d_repeat_1,66c1215fd4cd5d0a53a4d25f73ecbe3d,4779018,5,4,256,110700.0,CNN,EC-NAS,7,1,1,1,243.79256987571716,138375.0,454.07454401269763,66c1215fd4cd5d0a53a4d25f73ecbe3d
5V9E_66de412c4b7af3432ecd0d9dc157b027_repeat_1,66de412c4b7af3432ecd0d9dc157b027,5532810,5,4,256,80006.40000000001,CNN,EC-NAS,7,2,0,1,178.35437321662903,100008.00000000001,448.5810948006547,66de412c4b7af3432ecd0d9dc157b027
5V9E_66ea4e36f994d4bf11102cbef10a3cb1_repeat_1,66ea4e36f994d4bf11102cbef10a3cb1,12088970,4,4,256,119217.6,CNN,EC-NAS,4,1,1,0,237.62043571472168,149022.0,501.7144238516937,66ea4e36f994d4bf11102cbef10a3cb1
5V9E_67062f7ce8fea46660ef5b6c2feb8390_repeat_1,67062f7ce8fea46660ef5b6c2feb8390,5969674,5,4,256,98798.4,CNN,EC-NAS,8,2,0,1,215.11088299751282,123498.0,459.2905696972214,67062f7ce8fea46660ef5b6c2feb8390
5V9E_673e162f517593c61ab2c3ce2cd7fdec_repeat_1,673e162f517593c61ab2c3ce2cd7fdec,1734184,5,4,256,64134.0,CNN,EC-NAS,7,1,1,1,147.8188123703003,80167.5,433.86899794146757,673e162f517593c61ab2c3ce2cd7fdec
5V9E_675777ecb1daff61b6917d833406cb82_repeat_1,675777ecb1daff61b6917d833406cb82,4342154,4,4,256,89596.8,CNN,EC-NAS,5,1,1,0,201.50603318214417,111996.0,444.63581851671995,675777ecb1daff61b6917d833406cb82
5V9E_675a5fafbb552af315bb9804ac8a01d9_repeat_1,675a5fafbb552af315bb9804ac8a01d9,5095946,5,4,256,61585.200000000004,CNN,EC-NAS,6,2,0,1,139.00922513008118,76981.5,443.0295898877948,675a5fafbb552af315bb9804ac8a01d9
5V9E_67848998fa467b5229586bebd43ff6bc_repeat_1,67848998fa467b5229586bebd43ff6bc,3905290,4,4,256,67654.8,CNN,EC-NAS,5,1,1,0,165.740549325943,84568.5,408.1970300879783,67848998fa467b5229586bebd43ff6bc
5V9E_67a6411ec169abf4e7959a471a69065e_repeat_1,67a6411ec169abf4e7959a471a69065e,6406538,5,4,256,101858.4,CNN,EC-NAS,6,2,0,1,222.81321907043457,127323.0,457.14702397347907,67a6411ec169abf4e7959a471a69065e
5V9E_67a7130be93201a7164121fd739897ec_repeat_1,67a7130be93201a7164121fd739897ec,5039754,5,4,256,126053.99999999999,CNN,EC-NAS,7,1,2,0,266.16423082351685,157567.49999999997,473.59481629062884,67a7130be93201a7164121fd739897ec
5V9E_67d60e921d6bfd24a0b8b799366ca5ef_repeat_1,67d60e921d6bfd24a0b8b799366ca5ef,1574184,5,4,256,63036.00000000001,CNN,EC-NAS,6,1,2,0,135.4975471496582,78795.00000000001,465.21875359393925,67d60e921d6bfd24a0b8b799366ca5ef
5V9E_680543e4395a320b0efe0362fc9f1624_repeat_1,680543e4395a320b0efe0362fc9f1624,2622373,5,4,256,87112.8,CNN,EC-NAS,8,1,1,1,197.27016496658325,108891.0,441.59135779481176,680543e4395a320b0efe0362fc9f1624
5V9E_6808932dc73180e656d9f0e0884bcbb1_repeat_1,6808932dc73180e656d9f0e0884bcbb1,4166026,5,4,256,93106.8,CNN,EC-NAS,7,1,2,0,217.4928481578827,116383.5,428.0913178920338,6808932dc73180e656d9f0e0884bcbb1
5V9E_680df000a391db7946d89a726e3531f0_repeat_1,680df000a391db7946d89a726e3531f0,2793866,5,4,256,84992.40000000001,CNN,EC-NAS,6,0,1,2,168.80140733718872,106240.50000000001,503.50528079557836,680df000a391db7946d89a726e3531f0
5V9E_680fd1b37f8a85e2c400659e568bada3_repeat_1,680fd1b37f8a85e2c400659e568bada3,3031562,5,4,256,53265.6,CNN,EC-NAS,6,1,1,1,123.11897015571594,66582.0,432.6351977492323,680fd1b37f8a85e2c400659e568bada3
5V9E_6815281645403cc232e185dad7a08449_repeat_1,6815281645403cc232e185dad7a08449,882570,5,4,256,47145.6,CNN,EC-NAS,6,0,0,3,112.35245561599731,58932.0,419.62233705986904,6815281645403cc232e185dad7a08449
5V9E_683d2f0f319573826904fad060a1895a_repeat_1,683d2f0f319573826904fad060a1895a,11051402,4,4,256,102024.0,CNN,EC-NAS,4,1,0,1,201.00676941871643,127530.0,507.564995422986,683d2f0f319573826904fad060a1895a
5V9E_684fb53429fd73b835cb8d409a621955_repeat_1,684fb53429fd73b835cb8d409a621955,8294794,5,4,256,117921.6,CNN,EC-NAS,6,3,0,0,246.37194108963013,147402.0,478.6324265598903,684fb53429fd73b835cb8d409a621955
5V9E_68541d927918c93d63e0cd8edc1a0521_repeat_1,68541d927918c93d63e0cd8edc1a0521,4779018,5,4,256,111571.2,CNN,EC-NAS,9,1,1,1,244.6724648475647,139464.0,456.0022725463237,68541d927918c93d63e0cd8edc1a0521
5V9E_685815992876c38b38d1079f816554dc_repeat_1,685815992876c38b38d1079f816554dc,1466388,5,4,256,67478.4,CNN,EC-NAS,8,0,0,3,143.0429425239563,84348.0,471.7352622181899,685815992876c38b38d1079f816554dc
5V9E_6867411c4e9018acd8a041178f8a6ce5_repeat_1,6867411c4e9018acd8a041178f8a6ce5,4166026,5,4,256,86454.0,CNN,EC-NAS,6,1,2,0,198.27030849456787,108067.5,436.0410827845594,6867411c4e9018acd8a041178f8a6ce5
5V9E_6868fdcad8b842627403f156037b03a7_repeat_1,6868fdcad8b842627403f156037b03a7,6230410,5,4,256,96516.0,CNN,EC-NAS,6,2,1,0,211.54497694969177,120645.0,456.24340219126447,6868fdcad8b842627403f156037b03a7
5V9E_6882c7b2a0ee8e19e7d57a531b6df3ee_repeat_1,6882c7b2a0ee8e19e7d57a531b6df3ee,1696900,5,4,256,73623.6,CNN,EC-NAS,9,0,2,1,182.50921368598938,92029.5,403.3966204395074,6882c7b2a0ee8e19e7d57a531b6df3ee
5V9E_68b061c9685f7c38882d43cd001d5618_repeat_1,68b061c9685f7c38882d43cd001d5618,22257802,5,4,256,172699.2,CNN,EC-NAS,7,2,1,0,369.95422887802124,215874.0,466.8123419585,68b061c9685f7c38882d43cd001d5618
5V9E_68b7eb6620ccdd9bb61ab8e70f57ef26_repeat_1,68b7eb6620ccdd9bb61ab8e70f57ef26,21220234,5,4,256,169268.4,CNN,EC-NAS,6,2,0,1,336.1031036376953,211585.5,503.6204610072987,68b7eb6620ccdd9bb61ab8e70f57ef26
5V9E_68c64c8e57efccba326df5e08fa7ada5_repeat_1,68c64c8e57efccba326df5e08fa7ada5,3644554,5,4,256,73069.2,CNN,EC-NAS,7,1,0,2,153.07037258148193,91336.5,477.3569095554663,68c64c8e57efccba326df5e08fa7ada5
5V9E_69110d2f08114fea621e4df001f475e4_repeat_1,69110d2f08114fea621e4df001f475e4,825367,5,4,256,64206.0,CNN,EC-NAS,8,0,2,1,140.9344437122345,80257.5,455.5735156630578,69110d2f08114fea621e4df001f475e4
5V9E_6923f7e38774866a8a8d5534e7b5ca39_repeat_1,6923f7e38774866a8a8d5534e7b5ca39,6230410,5,4,256,106606.8,CNN,EC-NAS,6,2,1,0,233.8431568145752,133258.5,455.8901849094235,6923f7e38774866a8a8d5534e7b5ca39
5V9E_693200c6c2749d896ea7f55c333d02a5_repeat_1,693200c6c2749d896ea7f55c333d02a5,592660,5,4,256,41263.2,CNN,EC-NAS,7,0,0,3,94.2010600566864,51579.0,438.0332872599254,693200c6c2749d896ea7f55c333d02a5
5V9E_693367c6276ffe799e089d461f6bcddb_repeat_1,693367c6276ffe799e089d461f6bcddb,4342154,5,4,256,95187.59999999999,CNN,EC-NAS,7,1,1,1,208.7781035900116,118984.49999999999,455.92712244826606,693367c6276ffe799e089d461f6bcddb
5V9E_694b2a7b87f8c9e18ec2e291566bdd08_repeat_1,694b2a7b87f8c9e18ec2e291566bdd08,1631906,5,4,256,52884.0,CNN,EC-NAS,8,1,0,2,122.06862187385559,66105.0,433.2317280902029,694b2a7b87f8c9e18ec2e291566bdd08
5V9E_699f6092088beae1a18d26bd1731bf65_repeat_1,699f6092088beae1a18d26bd1731bf65,2714634,5,4,256,102549.6,CNN,EC-NAS,9,0,2,1,225.63108134269714,128187.0,454.5012122875205,699f6092088beae1a18d26bd1731bf65
5V9E_69d014b426ee041acc512dd11bece50e_repeat_1,69d014b426ee041acc512dd11bece50e,3644554,5,4,256,70326.0,CNN,EC-NAS,6,1,0,2,151.7155520915985,87907.5,463.5385036699505,69d014b426ee041acc512dd11bece50e
5V9E_69e75669262e48b405fdd389b479dcc0_repeat_1,69e75669262e48b405fdd389b479dcc0,4566718,5,4,256,109778.4,CNN,EC-NAS,7,3,0,0,237.03469944000244,137223.0,463.13219228810334,69e75669262e48b405fdd389b479dcc0
5V9E_6a14fd133a4de7cd6759bc4ba38634b6_repeat_1,6a14fd133a4de7cd6759bc4ba38634b6,3905290,5,4,256,91990.8,CNN,EC-NAS,8,1,1,1,196.6087028980255,114988.5,467.8877315401069,6a14fd133a4de7cd6759bc4ba38634b6
5V9E_6a33163d3ad3dc6fa9ae3390237d55a2_repeat_1,6a33163d3ad3dc6fa9ae3390237d55a2,1747355,5,4,256,67464.0,CNN,EC-NAS,8,1,1,1,150.5700342655182,84330.0,448.05727998329763,6a33163d3ad3dc6fa9ae3390237d55a2
5V9E_6a49b4702024c3757230745d3efa7d75_repeat_1,6a49b4702024c3757230745d3efa7d75,3644554,5,4,256,74980.8,CNN,EC-NAS,7,1,0,2,169.70151376724243,93726.0,441.83931147981065,6a49b4702024c3757230745d3efa7d75
5V9E_6a7a73a7e8a1f300c113940888a96cc9_repeat_1,6a7a73a7e8a1f300c113940888a96cc9,1749031,5,4,256,66168.0,CNN,EC-NAS,7,1,1,1,146.86114478111267,82710.0,450.5480336451092,6a7a73a7e8a1f300c113940888a96cc9
5V9E_6a8130a1e860a2b79c291e48ecb43d0a_repeat_1,6a8130a1e860a2b79c291e48ecb43d0a,1747355,5,4,256,57772.799999999996,CNN,EC-NAS,6,1,1,1,137.40873003005981,72216.0,420.4449017712448,6a8130a1e860a2b79c291e48ecb43d0a
5V9E_6a8a0c155ba9bd3578e90e3b80cb159f_repeat_1,6a8a0c155ba9bd3578e90e3b80cb159f,12962698,5,4,256,143820.0,CNN,EC-NAS,7,1,1,1,292.15642070770264,179775.0,492.2705434698948,6a8a0c155ba9bd3578e90e3b80cb159f
5V9E_6a93f0007d00fff90ff1677ef215f0e8_repeat_1,6a93f0007d00fff90ff1677ef215f0e8,1580170,5,4,256,65498.399999999994,CNN,EC-NAS,6,0,1,2,135.43928980827332,81873.0,483.5997005944063,6a93f0007d00fff90ff1677ef215f0e8
5V9E_6a96c1c2c8186bff3577841108abb178_repeat_1,6a96c1c2c8186bff3577841108abb178,3292298,5,4,256,67233.6,CNN,EC-NAS,6,1,2,0,150.3634066581726,84042.0,447.1407072655979,6a96c1c2c8186bff3577841108abb178
5V9E_6aabdc2f8df20e82c24c79be46921553_repeat_1,6aabdc2f8df20e82c24c79be46921553,3468426,5,4,256,75056.4,CNN,EC-NAS,6,1,1,1,160.1570041179657,93820.5,468.64263235541193,6aabdc2f8df20e82c24c79be46921553
5V9E_6aac1c92302966994836a3829c57cfec_repeat_1,6aac1c92302966994836a3829c57cfec,3207690,5,4,256,63478.799999999996,CNN,EC-NAS,6,1,0,2,139.36556839942932,79348.5,455.48409645965273,6aac1c92302966994836a3829c57cfec
5V9E_6ac5cc603b8526c53ad634b6e2662ed8_repeat_1,6ac5cc603b8526c53ad634b6e2662ed8,12962698,5,4,256,153446.4,CNN,EC-NAS,7,1,1,1,299.8047602176666,191808.0,511.82109279583693,6ac5cc603b8526c53ad634b6e2662ed8
5V9E_6acbfdf1ecd77f326c9a2f16c3a261c2_repeat_1,6acbfdf1ecd77f326c9a2f16c3a261c2,2714634,5,4,256,103053.59999999999,CNN,EC-NAS,9,0,2,1,230.03350710868835,128816.99999999999,447.9938653081017,6acbfdf1ecd77f326c9a2f16c3a261c2
5V9E_6adf09ef60d9568b0c5ce41d788a41bc_repeat_1,6adf09ef60d9568b0c5ce41d788a41bc,1920138,4,4,256,50551.200000000004,CNN,EC-NAS,3,0,1,1,107.37089014053345,63189.00000000001,470.8091730806699,6adf09ef60d9568b0c5ce41d788a41bc
5V9E_6ae2cacfa42afa41b1514a0f526f309a_repeat_1,6ae2cacfa42afa41b1514a0f526f309a,3468426,5,4,256,67273.2,CNN,EC-NAS,7,1,1,1,159.24817061424255,84091.5,422.4425294213291,6ae2cacfa42afa41b1514a0f526f309a
5V9E_6ae7896d74c6ee4b425ea02081f14a1d_repeat_1,6ae7896d74c6ee4b425ea02081f14a1d,3252023,5,4,256,84204.0,CNN,EC-NAS,7,2,0,1,176.02963256835938,105255.0,478.3512796761659,6ae7896d74c6ee4b425ea02081f14a1d
5V9E_6aedddeffd46f7e2e60d3c7a259260f2_repeat_1,6aedddeffd46f7e2e60d3c7a259260f2,3905290,5,4,256,86839.2,CNN,EC-NAS,7,1,1,1,193.00519943237305,108549.0,449.9319202560008,6aedddeffd46f7e2e60d3c7a259260f2
5V9E_6b1f2c4683c16813c935ea4dddaa504c_repeat_1,6b1f2c4683c16813c935ea4dddaa504c,6667274,5,4,256,110534.4,CNN,EC-NAS,7,2,1,0,249.0490758419037,138168.0,443.82577861950074,6b1f2c4683c16813c935ea4dddaa504c
5V9E_6b23abdfc14c0b2fcb8e081499e39ef0_repeat_1,6b23abdfc14c0b2fcb8e081499e39ef0,2101642,5,4,256,86587.2,CNN,EC-NAS,7,0,3,0,209.81759524345398,108234.0,412.67845005816497,6b23abdfc14c0b2fcb8e081499e39ef0
5V9E_6b5481c51d2091d2fc505b3d49a868f5_repeat_1,6b5481c51d2091d2fc505b3d49a868f5,5793546,5,4,256,90007.2,CNN,EC-NAS,5,2,1,0,194.6436061859131,112509.0,462.420532396168,6b5481c51d2091d2fc505b3d49a868f5
5V9E_6b679c58fe7f5c0d67a7c4e7d9a9599f_repeat_1,6b679c58fe7f5c0d67a7c4e7d9a9599f,6667274,5,4,256,109684.79999999999,CNN,EC-NAS,8,2,1,0,250.12934350967407,137106.0,438.51232510734104,6b679c58fe7f5c0d67a7c4e7d9a9599f
5V9E_6b871f67a713f0830f8cfe82ebb507ec_repeat_1,6b871f67a713f0830f8cfe82ebb507ec,1920138,5,4,256,57384.0,CNN,EC-NAS,5,0,1,2,119.61192584037781,71730.0,479.75149297887725,6b871f67a713f0830f8cfe82ebb507ec
5V9E_6b9a4ff916db97210cb2aa5fa4c3ef26_repeat_1,6b9a4ff916db97210cb2aa5fa4c3ef26,6406538,5,4,256,90532.8,CNN,EC-NAS,7,2,0,1,220.15598511695862,113166.0,411.221161904384,6b9a4ff916db97210cb2aa5fa4c3ef26
5V9E_6b9d414cffcf259b791ec6d3d7e420c9_repeat_1,6b9d414cffcf259b791ec6d3d7e420c9,2538506,5,4,256,99334.8,CNN,EC-NAS,7,0,3,0,219.0423560142517,124168.5,453.49585261736735,6b9d414cffcf259b791ec6d3d7e420c9
5V9E_6bb3a5f158c57162b2a9671a1402725f_repeat_1,6bb3a5f158c57162b2a9671a1402725f,1920138,4,4,256,52772.4,CNN,EC-NAS,3,0,1,1,108.97873139381409,65965.5,484.2449469272818,6bb3a5f158c57162b2a9671a1402725f
5V9E_6bc0f7ba798afc76815635963ba2afe7_repeat_1,6bc0f7ba798afc76815635963ba2afe7,3905290,5,4,256,89470.8,CNN,EC-NAS,6,1,1,1,191.01055526733398,111838.5,468.40762215877925,6bc0f7ba798afc76815635963ba2afe7
5V9E_6bd49c3d81e7deb3caa720a04bfc9cca_repeat_1,6bd49c3d81e7deb3caa720a04bfc9cca,3025304,5,4,256,109166.4,CNN,EC-NAS,9,1,2,0,255.96576404571533,136458.0,426.4882860682218,6bd49c3d81e7deb3caa720a04bfc9cca
5V9E_6c080728a59a68d6df7a8e740bcacc30_repeat_1,6c080728a59a68d6df7a8e740bcacc30,3644554,5,4,256,76269.6,CNN,EC-NAS,7,1,0,2,169.02191066741943,95337.0,451.24090538814204,6c080728a59a68d6df7a8e740bcacc30
5V9E_6c248b16b61c943a69c4a427de4b4586_repeat_1,6c248b16b61c943a69c4a427de4b4586,3530419,5,4,256,98510.4,CNN,EC-NAS,9,2,0,1,208.09879064559937,123138.0,473.38285674022575,6c248b16b61c943a69c4a427de4b4586
5V9E_6c3891bbcb556109f21bb4ca1af788aa_repeat_1,6c3891bbcb556109f21bb4ca1af788aa,1404042,5,4,256,56116.799999999996,CNN,EC-NAS,6,0,2,1,139.42667937278748,70146.0,402.4825108970684,6c3891bbcb556109f21bb4ca1af788aa
5V9E_6c51b01633902590c0499b8558700fd2_repeat_1,6c51b01633902590c0499b8558700fd2,3648834,5,4,256,96782.40000000001,CNN,EC-NAS,8,2,1,0,226.59847450256348,120978.00000000001,427.10967146826545,6c51b01633902590c0499b8558700fd2
5V9E_6c5dd4383eb6a06f066d7caad22ca921_repeat_1,6c5dd4383eb6a06f066d7caad22ca921,1628959,5,4,256,53395.2,CNN,EC-NAS,7,1,0,2,125.89792227745056,66744.0,424.1150213927204,6c5dd4383eb6a06f066d7caad22ca921
5V9E_6c7887377528964de8c27daca4655b7d_repeat_1,6c7887377528964de8c27daca4655b7d,2735394,5,4,256,97462.8,CNN,EC-NAS,8,1,2,0,220.73612928390503,121828.5,441.5353314211916,6c7887377528964de8c27daca4655b7d
5V9E_6c880ba0bf9dee56c031acdb20027da3_repeat_1,6c880ba0bf9dee56c031acdb20027da3,1840906,5,4,256,74703.59999999999,CNN,EC-NAS,6,0,2,1,160.50262570381165,93379.49999999999,465.4353763523877,6c880ba0bf9dee56c031acdb20027da3
5V9E_6cbecb09b5e261f5c151cfa47e31c2ab_repeat_1,6cbecb09b5e261f5c151cfa47e31c2ab,4602890,5,4,256,112539.59999999999,CNN,EC-NAS,8,1,2,0,242.68589615821838,140674.5,463.72534119836166,6cbecb09b5e261f5c151cfa47e31c2ab
5V9E_6cf3a1d5340e7d177a922ff64d924d13_repeat_1,6cf3a1d5340e7d177a922ff64d924d13,4342154,5,4,256,101426.40000000001,CNN,EC-NAS,8,1,1,1,212.1719138622284,126783.00000000001,478.0387665535231,6cf3a1d5340e7d177a922ff64d924d13
5V9E_6d1fd3b8fb4d4b40863c48d291825577_repeat_1,6d1fd3b8fb4d4b40863c48d291825577,940430,5,4,256,63298.8,CNN,EC-NAS,7,0,3,0,157.44637393951416,79123.5,402.0340285786281,6d1fd3b8fb4d4b40863c48d291825577
5V9E_6d219ade55cfb15cf06866534c3b8aa2_repeat_1,6d219ade55cfb15cf06866534c3b8aa2,4342154,5,4,256,87235.2,CNN,EC-NAS,7,1,1,1,202.97401762008667,109044.0,429.78505831855324,6d219ade55cfb15cf06866534c3b8aa2
5V9E_6d3d6cc0a4abbfa0755f1db65e58647a_repeat_1,6d3d6cc0a4abbfa0755f1db65e58647a,6406538,5,4,256,90266.4,CNN,EC-NAS,7,2,0,1,220.14590620994568,112833.0,410.02988224507794,6d3d6cc0a4abbfa0755f1db65e58647a
5V9E_6d94c6c7d85be8603cae122507dd7b28_repeat_1,6d94c6c7d85be8603cae122507dd7b28,2215724,5,4,256,68896.79999999999,CNN,EC-NAS,8,1,0,2,146.51214337348938,86120.99999999999,470.24634554944686,6d94c6c7d85be8603cae122507dd7b28
5V9E_6d9b8157b4d5d475bde9399e176478eb_repeat_1,6d9b8157b4d5d475bde9399e176478eb,2017034,5,4,256,79556.40000000001,CNN,EC-NAS,7,0,1,2,169.93377137184143,99445.50000000001,468.1612098510912,6d9b8157b4d5d475bde9399e176478eb
5V9E_6daf747e2d6714f179af4e31cf1a793a_repeat_1,6daf747e2d6714f179af4e31cf1a793a,3905290,5,4,256,83782.79999999999,CNN,EC-NAS,7,1,1,1,176.14396953582764,104728.49999999999,475.6495508803586,6daf747e2d6714f179af4e31cf1a793a
5V9E_6dcdcc8c78f11f2de5d214fa4feef183_repeat_1,6dcdcc8c78f11f2de5d214fa4feef183,9168522,5,4,256,143820.0,CNN,EC-NAS,9,3,0,0,306.9136300086975,179775.0,468.6008894291346,6dcdcc8c78f11f2de5d214fa4feef183
5V9E_6dd3a673c5d50578e2a67a724c67e3c2_repeat_1,6dd3a673c5d50578e2a67a724c67e3c2,3468426,5,4,256,72936.0,CNN,EC-NAS,6,1,1,1,159.13788294792175,91170.0,458.31953177276137,6dd3a673c5d50578e2a67a724c67e3c2
5V9E_6de42855626a78dc1b39ca5526586adf_repeat_1,6de42855626a78dc1b39ca5526586adf,1143306,5,4,256,55533.6,CNN,EC-NAS,6,0,1,2,121.14831781387329,69417.0,458.3934882638591,6de42855626a78dc1b39ca5526586adf
5V9E_6de8637c0412a2ba7c41625f911597b5_repeat_1,6de8637c0412a2ba7c41625f911597b5,2770826,5,4,256,44190.0,CNN,EC-NAS,5,1,0,2,96.21368026733398,55237.5,459.2901952946413,6de8637c0412a2ba7c41625f911597b5
5V9E_6e1a50a62823c2d9ac528de427d2a6b3_repeat_1,6e1a50a62823c2d9ac528de427d2a6b3,2770826,5,4,256,45723.6,CNN,EC-NAS,6,1,0,2,103.7296097278595,57154.5,440.79602844316537,6e1a50a62823c2d9ac528de427d2a6b3
5V9E_6e2516d2c1feb3e5a6b4fa91747cd722_repeat_1,6e2516d2c1feb3e5a6b4fa91747cd722,3831434,5,4,256,102330.0,CNN,EC-NAS,6,0,2,1,209.92549347877502,127912.5,487.4586611861236,6e2516d2c1feb3e5a6b4fa91747cd722
5V9E_6e906fc81eddbb0a91b7e74fb27e670b_repeat_1,6e906fc81eddbb0a91b7e74fb27e670b,5969674,5,4,256,94816.8,CNN,EC-NAS,7,2,0,1,209.83715057373047,118521.0,451.85897607146654,6e906fc81eddbb0a91b7e74fb27e670b
5V9E_6ead5c77cfa1606866dea35d099d0ced_repeat_1,6ead5c77cfa1606866dea35d099d0ced,1404042,5,4,256,60955.2,CNN,EC-NAS,6,0,2,1,145.35602116584778,76194.0,419.35104931395693,6ead5c77cfa1606866dea35d099d0ced
5V9E_6eaed2112c69a829b4fe8fa5955d3a21_repeat_1,6eaed2112c69a829b4fe8fa5955d3a21,11925130,5,4,256,134154.0,CNN,EC-NAS,7,1,0,2,263.1526885032654,167692.5,509.79528563066657,6eaed2112c69a829b4fe8fa5955d3a21
5V9E_6ed519887232b15a95c625ad0b2c1bb1_repeat_1,6ed519887232b15a95c625ad0b2c1bb1,5532810,4,4,256,78757.2,CNN,EC-NAS,5,2,0,0,170.51525831222534,98446.5,461.87772742184785,6ed519887232b15a95c625ad0b2c1bb1
5V9E_6ed75b7313ad88c2c833421d0252182f_repeat_1,6ed75b7313ad88c2c833421d0252182f,5095946,5,4,256,69933.59999999999,CNN,EC-NAS,5,2,0,1,138.66829180717468,87416.99999999999,504.3229356084246,6ed75b7313ad88c2c833421d0252182f
5V9E_6ef623eb47fa5a4d2e3f7edfa49932fb_repeat_1,6ef623eb47fa5a4d2e3f7edfa49932fb,22257802,5,4,256,180507.6,CNN,EC-NAS,7,2,1,0,372.20612716674805,225634.5,484.9667612245747,6ef623eb47fa5a4d2e3f7edfa49932fb
5V9E_6f099f89ff3c3da2c2b0578f2479c626_repeat_1,6f099f89ff3c3da2c2b0578f2479c626,8731658,5,4,256,111096.0,CNN,EC-NAS,7,3,0,0,256.8559522628784,138870.0,432.5225832660446,6f099f89ff3c3da2c2b0578f2479c626
5V9E_6f26dc0c4fe9591225e8d3d24ed4f8a6_repeat_1,6f26dc0c4fe9591225e8d3d24ed4f8a6,2770826,4,4,256,48679.2,CNN,EC-NAS,4,1,0,1,98.3184449672699,60849.0,495.11767620211293,6f26dc0c4fe9591225e8d3d24ed4f8a6
5V9E_6f48005bc58b0d617774f07eda48f319_repeat_1,6f48005bc58b0d617774f07eda48f319,2769326,5,4,256,78004.8,CNN,EC-NAS,8,2,1,0,182.2718527317047,97506.0,427.9585620650889,6f48005bc58b0d617774f07eda48f319
5V9E_6f6257bc3b12d87b8736e81cd4b7ed8b_repeat_1,6f6257bc3b12d87b8736e81cd4b7ed8b,1756298,3,4,256,53762.399999999994,CNN,EC-NAS,3,0,0,1,113.54577732086182,67203.0,473.48656434907514,6f6257bc3b12d87b8736e81cd4b7ed8b
5V9E_6f67642fc3d78abf3a0a89236aec1db2_repeat_1,6f67642fc3d78abf3a0a89236aec1db2,1574184,5,4,256,60022.8,CNN,EC-NAS,6,1,2,0,138.05954575538635,75028.5,434.7602309683699,6f67642fc3d78abf3a0a89236aec1db2
5V9E_6fa7fc93ac44d94689736a4870246376_repeat_1,6fa7fc93ac44d94689736a4870246376,3503754,5,4,256,119898.0,CNN,EC-NAS,8,0,0,3,228.36028289794922,149872.5,525.0387610247471,6fa7fc93ac44d94689736a4870246376
5V9E_6fb1d8ba260a6def0a35fb7fd6f77358_repeat_1,6fb1d8ba260a6def0a35fb7fd6f77358,967178,5,4,256,48592.799999999996,CNN,EC-NAS,6,0,2,1,111.01592588424683,60740.99999999999,437.7101718780992,6fb1d8ba260a6def0a35fb7fd6f77358
5V9E_6fc5b5144b13a82280b046466f2aad38_repeat_1,6fc5b5144b13a82280b046466f2aad38,4541322,5,4,256,112600.8,CNN,EC-NAS,7,0,1,2,255.90693879127502,140751.0,440.0068264340437,6fc5b5144b13a82280b046466f2aad38
5V9E_6fe713c8e178da8e05df1c52ba8a609b_repeat_1,6fe713c8e178da8e05df1c52ba8a609b,824848,5,4,256,49572.0,CNN,EC-NAS,7,0,2,1,132.91910982131958,61965.0,372.94863068702927,6fe713c8e178da8e05df1c52ba8a609b
5V9E_6ff6e0373ad7141aae35e05710066a0b_repeat_1,6ff6e0373ad7141aae35e05710066a0b,1851442,5,4,256,74358.0,CNN,EC-NAS,7,1,2,0,169.65973949432373,92947.5,438.27722606215474,6ff6e0373ad7141aae35e05710066a0b
5V9E_6ff8ad4528b12c38b16626adf6171af2_repeat_1,6ff8ad4528b12c38b16626adf6171af2,2622759,5,4,256,86644.8,CNN,EC-NAS,8,1,1,1,198.03466176986694,108306.0,437.5234073956639,6ff8ad4528b12c38b16626adf6171af2
5V9E_6ff952442fd53d7a8b4901b25b65c091_repeat_1,6ff952442fd53d7a8b4901b25b65c091,3207690,5,4,256,67100.4,CNN,EC-NAS,6,1,0,2,136.69173908233643,83875.5,490.8884798047817,6ff952442fd53d7a8b4901b25b65c091
5V9E_7001b4ddc1475535b21165df8b3ac585_repeat_1,7001b4ddc1475535b21165df8b3ac585,3468426,5,4,256,78814.8,CNN,EC-NAS,6,1,1,1,162.15493941307068,98518.5,486.0462486389548,7001b4ddc1475535b21165df8b3ac585
5V9E_70233794dd25bd1e496a3868f03c139a_repeat_1,70233794dd25bd1e496a3868f03c139a,8294794,5,4,256,108568.8,CNN,EC-NAS,7,3,0,0,231.16256666183472,135711.0,469.66427812174345,70233794dd25bd1e496a3868f03c139a
5V9E_702ddef6b5b7f659ef1ed38652d91115_repeat_1,702ddef6b5b7f659ef1ed38652d91115,2793866,4,4,256,76964.4,CNN,EC-NAS,4,0,1,1,156.92027473449707,96205.5,490.4681700960614,702ddef6b5b7f659ef1ed38652d91115
5V9E_7036e856ea6b7484f85b23010ab329e8_repeat_1,7036e856ea6b7484f85b23010ab329e8,4779018,5,4,256,101494.8,CNN,EC-NAS,7,1,1,1,234.24666261672974,126868.5,433.2817333071849,7036e856ea6b7484f85b23010ab329e8
5V9E_70482b0343bdeea0153cef830766334b_repeat_1,70482b0343bdeea0153cef830766334b,2793866,5,4,256,76878.0,CNN,EC-NAS,5,0,1,2,161.461528301239,96097.5,476.1381909910366,70482b0343bdeea0153cef830766334b
5V9E_7049d7f6c934c8ea5cd6d40ffb937385_repeat_1,7049d7f6c934c8ea5cd6d40ffb937385,1840906,5,4,256,77115.59999999999,CNN,EC-NAS,7,0,2,1,162.65107607841492,96394.49999999999,474.1167526172539,7049d7f6c934c8ea5cd6d40ffb937385
5V9E_7054f4b7dd4db1016c7517f33f2303b6_repeat_1,7054f4b7dd4db1016c7517f33f2303b6,2770826,5,4,256,45536.4,CNN,EC-NAS,6,1,0,2,104.62587285041809,56920.5,435.23077762135046,7054f4b7dd4db1016c7517f33f2303b6
5V9E_7084d1b42ce59663c81180c03650f806_repeat_1,7084d1b42ce59663c81180c03650f806,1580170,5,4,256,73094.4,CNN,EC-NAS,8,0,1,2,156.89422059059143,91368.0,465.88331759355634,7084d1b42ce59663c81180c03650f806
5V9E_70a17a4852c8a18fafc3c154110ee35a_repeat_1,70a17a4852c8a18fafc3c154110ee35a,3075240,5,4,256,85485.6,CNN,EC-NAS,6,2,1,0,207.2653739452362,106857.0,412.4451584594495,70a17a4852c8a18fafc3c154110ee35a
5V9E_70c3ec5c2de73473dc93d468da7765ff_repeat_1,70c3ec5c2de73473dc93d468da7765ff,2793866,5,4,256,84470.4,CNN,EC-NAS,6,0,1,2,171.8860309123993,105588.0,491.4326053817011,70c3ec5c2de73473dc93d468da7765ff
5V9E_70cec3d45475d0428b47a6143a0c9370_repeat_1,70cec3d45475d0428b47a6143a0c9370,11051402,4,4,256,96422.4,CNN,EC-NAS,4,1,0,1,199.79216980934143,120528.0,482.6135082872086,70cec3d45475d0428b47a6143a0c9370
5V9E_70d9702e6f4a74a9715fef825e40eda0_repeat_1,70d9702e6f4a74a9715fef825e40eda0,3207690,5,4,256,56545.2,CNN,EC-NAS,7,1,0,2,133.74292278289795,70681.5,422.79022189300156,70d9702e6f4a74a9715fef825e40eda0
5V9E_70e2de86d2d7661bdc08bd83429dee6d_repeat_1,70e2de86d2d7661bdc08bd83429dee6d,21384074,5,4,256,151696.80000000002,CNN,EC-NAS,5,2,1,0,318.7195637226105,189621.00000000003,475.9569768112054,70e2de86d2d7661bdc08bd83429dee6d
5V9E_70f3501e2196f3e525286cfa9b6b834c_repeat_1,70f3501e2196f3e525286cfa9b6b834c,21384074,5,4,256,159138.0,CNN,EC-NAS,5,2,1,0,327.5173132419586,198922.5,485.8918706457337,70f3501e2196f3e525286cfa9b6b834c
5V9E_70ff25466d200b6fef6b5bddeced1304_repeat_1,70ff25466d200b6fef6b5bddeced1304,7104138,5,4,256,128224.79999999999,CNN,EC-NAS,8,2,1,0,282.9649968147278,160281.0,453.1472141197576,70ff25466d200b6fef6b5bddeced1304
5V9E_7119ca0d9759eff3b6b0c0a1fb862046_repeat_1,7119ca0d9759eff3b6b0c0a1fb862046,1174802,5,4,256,47451.6,CNN,EC-NAS,7,0,0,3,108.82711100578308,59314.5,436.0273792205916,7119ca0d9759eff3b6b0c0a1fb862046
5V9E_7120c1cf9e6cf2d728bdee88fe83cefa_repeat_1,7120c1cf9e6cf2d728bdee88fe83cefa,20346506,5,4,256,147484.8,CNN,EC-NAS,6,2,0,1,293.9111137390137,184356.0,501.8006911129026,7120c1cf9e6cf2d728bdee88fe83cefa
5V9E_712a6610c1a725cb4ca7bef39e16f496_repeat_1,712a6610c1a725cb4ca7bef39e16f496,4602890,5,4,256,108079.2,CNN,EC-NAS,8,1,2,0,234.07842206954956,135099.0,461.7221828669343,712a6610c1a725cb4ca7bef39e16f496
5V9E_712a8bfd448f1f5df33738224722b12a_repeat_1,712a8bfd448f1f5df33738224722b12a,1698576,5,4,256,82234.79999999999,CNN,EC-NAS,9,0,2,1,188.40300011634827,102793.49999999999,436.48349521619025,712a8bfd448f1f5df33738224722b12a
5V9E_7136d9897752ca56f8a17f11f9268e7e_repeat_1,7136d9897752ca56f8a17f11f9268e7e,6230410,5,4,256,98848.8,CNN,EC-NAS,8,2,1,0,229.05797910690308,123561.0,431.5448882654576,7136d9897752ca56f8a17f11f9268e7e
5V9E_715e999758baa5ccd755f5069a2b7e84_repeat_1,715e999758baa5ccd755f5069a2b7e84,1319434,5,4,256,51217.2,CNN,EC-NAS,7,0,0,3,113.49606966972351,64021.5,451.26849016924876,715e999758baa5ccd755f5069a2b7e84
5V9E_71702962753e818e4501fa6b430a48d3_repeat_1,71702962753e818e4501fa6b430a48d3,14873994,5,4,256,188488.80000000002,CNN,EC-NAS,7,1,2,0,382.0645513534546,235611.00000000003,493.342811659137,71702962753e818e4501fa6b430a48d3
5V9E_719a70b5664cf358a78db07676f96609_repeat_1,719a70b5664cf358a78db07676f96609,6230410,5,4,256,107521.2,CNN,EC-NAS,7,2,1,0,233.4874393939972,134401.5,460.50100287649263,719a70b5664cf358a78db07676f96609
5V9E_71a40f3a984665cb0ace8e692300044b_repeat_1,71a40f3a984665cb0ace8e692300044b,3644554,5,4,256,78778.8,CNN,EC-NAS,8,1,0,2,172.3795931339264,98473.5,457.0076919649915,71a40f3a984665cb0ace8e692300044b
5V9E_71a92fab54a0bf57657ee284bc7e339a_repeat_1,71a92fab54a0bf57657ee284bc7e339a,1404042,5,4,256,65527.2,CNN,EC-NAS,6,0,2,1,148.02753496170044,81909.0,442.6689940959567,71a92fab54a0bf57657ee284bc7e339a
5V9E_71b45bc39119fd3e9d88e3b4c20eb2fb_repeat_1,71b45bc39119fd3e9d88e3b4c20eb2fb,2017034,5,4,256,75798.0,CNN,EC-NAS,7,0,1,2,168.83332085609436,94747.5,448.9516620040109,71b45bc39119fd3e9d88e3b4c20eb2fb
5V9E_71c2b3e556cb58fe4e2c0c3bed77a63c_repeat_1,71c2b3e556cb58fe4e2c0c3bed77a63c,2017034,5,4,256,77043.6,CNN,EC-NAS,7,0,1,2,168.91649913787842,96304.5,456.10464574637564,71c2b3e556cb58fe4e2c0c3bed77a63c
5V9E_71cc78da1e7c14e115e394529b27fe75_repeat_1,71cc78da1e7c14e115e394529b27fe75,2621083,5,4,256,77680.8,CNN,EC-NAS,8,1,1,1,189.45587539672852,97101.0,410.02053822470884,71cc78da1e7c14e115e394529b27fe75
5V9E_71d0a878c326c7b9927ff3ea3a7d85a7_repeat_1,71d0a878c326c7b9927ff3ea3a7d85a7,1143306,5,4,256,47710.799999999996,CNN,EC-NAS,7,0,1,2,119.4894859790802,59638.49999999999,399.28868727708004,71d0a878c326c7b9927ff3ea3a7d85a7
5V9E_71e29ecde1db1f6344801d69c75ed954_repeat_1,71e29ecde1db1f6344801d69c75ed954,882570,5,4,256,42955.2,CNN,EC-NAS,4,0,0,3,81.91782641410828,53694.0,524.3693818590144,71e29ecde1db1f6344801d69c75ed954
5V9E_720553bacb23b8b75cffe2655ab267ce_repeat_1,720553bacb23b8b75cffe2655ab267ce,823691,5,4,256,61635.600000000006,CNN,EC-NAS,8,0,2,1,137.9499695301056,77044.5,446.7967641453442,720553bacb23b8b75cffe2655ab267ce
5V9E_720826c89db998e2f5b80b03e5b710be_repeat_1,720826c89db998e2f5b80b03e5b710be,882570,5,4,256,46026.0,CNN,EC-NAS,7,0,0,3,99.32081007957458,57532.5,463.40741646312136,720826c89db998e2f5b80b03e5b710be
5V9E_723cbb3562e7d6f18043143450900c74_repeat_1,723cbb3562e7d6f18043143450900c74,6616458,5,4,256,164073.6,CNN,EC-NAS,7,0,3,0,344.2835865020752,205092.0,476.5652689603634,723cbb3562e7d6f18043143450900c74
5V9E_7256d706176b8b700e966b2a1809b338_repeat_1,7256d706176b8b700e966b2a1809b338,12962698,5,4,256,153270.0,CNN,EC-NAS,7,1,1,1,298.6854066848755,191587.5,513.1486057559742,7256d706176b8b700e966b2a1809b338
5V9E_72957182e7d7f042156b8f30af460ec2_repeat_1,72957182e7d7f042156b8f30af460ec2,1580170,5,4,256,65149.2,CNN,EC-NAS,6,0,1,2,152.05777144432068,81436.5,428.45031451651795,72957182e7d7f042156b8f30af460ec2
5V9E_7310eac9405e3dc6c67e337bd70d0205_repeat_1,7310eac9405e3dc6c67e337bd70d0205,5969674,5,4,256,84276.0,CNN,EC-NAS,7,2,0,1,204.4184467792511,105345.0,412.2719907514442,7310eac9405e3dc6c67e337bd70d0205
5V9E_7316432e5434614308cf79157bf380dc_repeat_1,7316432e5434614308cf79157bf380dc,1744541,5,4,256,54572.4,CNN,EC-NAS,8,1,1,1,143.30385375022888,68215.5,380.81599741983797,7316432e5434614308cf79157bf380dc
5V9E_7316937f18d5bbde35130af563fa536f_repeat_1,7316937f18d5bbde35130af563fa536f,3984576,5,4,256,101516.4,CNN,EC-NAS,8,3,0,0,223.80521750450134,126895.5,453.59264244122556,7316937f18d5bbde35130af563fa536f
5V9E_731e2263c5d50c0a09dc9594f0c8a165_repeat_1,731e2263c5d50c0a09dc9594f0c8a165,3207690,5,4,256,59741.99999999999,CNN,EC-NAS,5,1,0,2,131.6083071231842,74677.49999999999,453.93791095635027,731e2263c5d50c0a09dc9594f0c8a165
5V9E_73207f347bbe819bf8944a493a9356c0_repeat_1,73207f347bbe819bf8944a493a9356c0,12088970,5,4,256,122407.2,CNN,EC-NAS,5,1,1,1,244.59103274345398,153009.0,500.4566137483468,73207f347bbe819bf8944a493a9356c0
5V9E_734d552ec86ba61f9e0b4c7218e5042a_repeat_1,734d552ec86ba61f9e0b4c7218e5042a,2621083,5,4,256,86781.59999999999,CNN,EC-NAS,7,1,1,1,194.46870064735413,108476.99999999999,446.2497034798834,734d552ec86ba61f9e0b4c7218e5042a
5V9E_7352c88e4d521fe33ff4bb1137bf36c0_repeat_1,7352c88e4d521fe33ff4bb1137bf36c0,3644554,5,4,256,76766.4,CNN,EC-NAS,7,1,0,2,171.59835076332092,95958.0,447.3609429141948,7352c88e4d521fe33ff4bb1137bf36c0
5V9E_736dac6c1b2df3153412efb3258f774c_repeat_1,736dac6c1b2df3153412efb3258f774c,3729162,5,4,256,81871.2,CNN,EC-NAS,6,1,2,0,183.17073893547058,102339.0,446.96658688941847,736dac6c1b2df3153412efb3258f774c
5V9E_737a428b596bb1334c908451e0ea32ea_repeat_1,737a428b596bb1334c908451e0ea32ea,3657382,5,4,256,88412.40000000001,CNN,EC-NAS,9,2,1,0,228.81283926963806,110515.50000000001,386.396149281697,737a428b596bb1334c908451e0ea32ea
5V9E_73884058c267797fc041ffdcc15ae162_repeat_1,73884058c267797fc041ffdcc15ae162,4342154,5,4,256,85640.40000000001,CNN,EC-NAS,7,1,1,1,204.68000316619873,107050.50000000001,418.41117195244817,73884058c267797fc041ffdcc15ae162
5V9E_738b510bbab65ebc03cf6e07c471a84e_repeat_1,738b510bbab65ebc03cf6e07c471a84e,5793546,5,4,256,88495.2,CNN,EC-NAS,6,2,1,0,200.40116047859192,110619.0,441.5902572053898,738b510bbab65ebc03cf6e07c471a84e
5V9E_73a1a9cb31f6f2fea7d65da4eb5d19d1_repeat_1,73a1a9cb31f6f2fea7d65da4eb5d19d1,5532810,5,4,256,81964.8,CNN,EC-NAS,6,2,0,1,175.7732708454132,102456.0,466.3098069790448,73a1a9cb31f6f2fea7d65da4eb5d19d1
5V9E_73d8862fef692639558177c14ed009a4_repeat_1,73d8862fef692639558177c14ed009a4,3905290,5,4,256,92840.4,CNN,EC-NAS,7,1,1,1,195.042094707489,116050.5,476.00186072260846,73d8862fef692639558177c14ed009a4
5V9E_73dc5fbbfba14d1207ae569e8482a20b_repeat_1,73dc5fbbfba14d1207ae569e8482a20b,1580170,5,4,256,73054.79999999999,CNN,EC-NAS,7,0,1,2,159.11980772018433,91318.49999999999,459.1182018549724,73dc5fbbfba14d1207ae569e8482a20b
5V9E_73e2378cfc229e8fe998d142ee767e14_repeat_1,73e2378cfc229e8fe998d142ee767e14,3905290,5,4,256,93733.2,CNN,EC-NAS,8,1,1,1,195.31638956069946,117166.5,479.90442691891997,73e2378cfc229e8fe998d142ee767e14
5V9E_741fdfc112c0a7235400077190707940_repeat_1,741fdfc112c0a7235400077190707940,5532810,5,4,256,77623.20000000001,CNN,EC-NAS,6,2,0,1,173.53726935386658,97029.00000000001,447.29988139732416,741fdfc112c0a7235400077190707940
5V9E_7424674dc185be5a421d0ce3df4642f3_repeat_1,7424674dc185be5a421d0ce3df4642f3,11051402,5,4,256,100314.0,CNN,EC-NAS,6,1,0,2,208.38367199897766,125392.5,481.3908836412679,7424674dc185be5a421d0ce3df4642f3
5V9E_742fa0f1b948fb13286f518b8798eee5_repeat_1,742fa0f1b948fb13286f518b8798eee5,11051402,5,4,256,92797.20000000001,CNN,EC-NAS,5,1,0,2,204.6999273300171,115996.50000000001,453.3328429100633,742fa0f1b948fb13286f518b8798eee5
5V9E_74397a0a2ab0b7d1fccd9be8925a636c_repeat_1,74397a0a2ab0b7d1fccd9be8925a636c,4342154,5,4,256,93499.2,CNN,EC-NAS,8,1,1,1,211.3840618133545,116874.0,442.31906226949536,74397a0a2ab0b7d1fccd9be8925a636c
5V9E_743c8d2dde3692fd737a47fd6ca54da6_repeat_1,743c8d2dde3692fd737a47fd6ca54da6,1664778,5,4,256,69433.2,CNN,EC-NAS,6,0,3,0,167.31703877449036,86791.5,414.9798520734159,743c8d2dde3692fd737a47fd6ca54da6
5V9E_744e67ad7a47eb88a0b3ec717900edc9_repeat_1,744e67ad7a47eb88a0b3ec717900edc9,1227914,5,4,256,52578.0,CNN,EC-NAS,5,0,3,0,132.24862265586853,65722.5,397.5693579570664,744e67ad7a47eb88a0b3ec717900edc9
5V9E_7452918e14a8fc8f5851eae6dc0e5f9c_repeat_1,7452918e14a8fc8f5851eae6dc0e5f9c,4779018,5,4,256,107960.4,CNN,EC-NAS,8,1,1,1,249.1481921672821,134950.5,433.3180147159713,7452918e14a8fc8f5851eae6dc0e5f9c
5V9E_7487f0b5883ca460f07748dd8d28d19a_repeat_1,7487f0b5883ca460f07748dd8d28d19a,3667594,5,4,256,113986.79999999999,CNN,EC-NAS,7,0,1,2,217.5326292514801,142483.5,523.9986313419894,7487f0b5883ca460f07748dd8d28d19a
5V9E_74a37da75b221f5c129d0ecc99b69127_repeat_1,74a37da75b221f5c129d0ecc99b69127,4342154,5,4,256,97383.59999999999,CNN,EC-NAS,7,1,1,1,208.05853128433228,121729.49999999999,468.05867271511113,74a37da75b221f5c129d0ecc99b69127
5V9E_74c871c478cb91fabba15217cd47a77a_repeat_1,74c871c478cb91fabba15217cd47a77a,2608431,5,4,256,81648.0,CNN,EC-NAS,8,1,1,1,191.63285422325134,102060.0,426.0647284670742,74c871c478cb91fabba15217cd47a77a
5V9E_74dcdeaa0864fe029a672c0af451de88_repeat_1,74dcdeaa0864fe029a672c0af451de88,21220234,5,4,256,153061.2,CNN,EC-NAS,7,2,0,1,332.88616824150085,191326.5,459.80042009122417,74dcdeaa0864fe029a672c0af451de88
5V9E_74dd32c3ba350b00f8fb30492560b3c3_repeat_1,74dd32c3ba350b00f8fb30492560b3c3,1404042,5,4,256,62013.600000000006,CNN,EC-NAS,6,0,2,1,145.28826570510864,77517.0,426.83144229878076,74dd32c3ba350b00f8fb30492560b3c3
5V9E_74ec978247f32a0b2d040631efd8db2f_repeat_1,74ec978247f32a0b2d040631efd8db2f,22257802,5,4,256,189248.4,CNN,EC-NAS,7,2,1,0,377.9393119812012,236560.5,500.73753642598916,74ec978247f32a0b2d040631efd8db2f
5V9E_7510d32a1f6ed5e0440fd898bf7b6472_repeat_1,7510d32a1f6ed5e0440fd898bf7b6472,7421066,5,4,256,84837.6,CNN,EC-NAS,5,3,0,0,177.17667055130005,106047.0,478.8305352844746,7510d32a1f6ed5e0440fd898bf7b6472
5V9E_751ead1b6612a3514414af7b84ef3f7c_repeat_1,751ead1b6612a3514414af7b84ef3f7c,20346506,5,4,256,143121.6,CNN,EC-NAS,5,2,0,1,287.1736316680908,178902.0,498.3800189754779,751ead1b6612a3514414af7b84ef3f7c
5V9E_7522344bbd3a7582b3d5d5f3777d7f91_repeat_1,7522344bbd3a7582b3d5d5f3777d7f91,6406538,5,4,256,103690.79999999999,CNN,EC-NAS,7,2,0,1,223.47750997543335,129613.49999999999,463.9876290522416,7522344bbd3a7582b3d5d5f3777d7f91
5V9E_7524a0d30eaf3cc49bd811ecd9d11194_repeat_1,7524a0d30eaf3cc49bd811ecd9d11194,6230410,5,4,256,100692.0,CNN,EC-NAS,6,2,1,0,212.19588541984558,125865.0,474.52380992578287,7524a0d30eaf3cc49bd811ecd9d11194
5V9E_7525c0016b92cf6df053d36236fa0626_repeat_1,7525c0016b92cf6df053d36236fa0626,2538506,5,4,256,89611.2,CNN,EC-NAS,6,0,3,0,207.57271766662598,112014.0,431.70991355386536,7525c0016b92cf6df053d36236fa0626
5V9E_7553231009f6a112ba215f4e23fe6cf3_repeat_1,7553231009f6a112ba215f4e23fe6cf3,824981,5,4,256,45417.6,CNN,EC-NAS,6,0,2,1,126.78634762763977,56772.0,358.2215344935044,7553231009f6a112ba215f4e23fe6cf3
5V9E_758a1c0c477eb388d7224b6167500d07_repeat_1,758a1c0c477eb388d7224b6167500d07,4541322,5,4,256,135234.0,CNN,EC-NAS,8,0,1,2,267.7816126346588,169042.5,505.016004158968,758a1c0c477eb388d7224b6167500d07
5V9E_7594f5cd3fa562e2e54c638d14d627f7_repeat_1,7594f5cd3fa562e2e54c638d14d627f7,2479416,5,4,256,67572.0,CNN,EC-NAS,6,2,1,0,148.54333758354187,84465.0,454.89754774088743,7594f5cd3fa562e2e54c638d14d627f7
5V9E_7597448839a42aa94622fe92b366ab55_repeat_1,7597448839a42aa94622fe92b366ab55,1756298,5,4,256,66888.0,CNN,EC-NAS,6,0,0,3,142.98346734046936,83610.0,467.80233578143435,7597448839a42aa94622fe92b366ab55
5V9E_75a12f29a6268d4b65f297c3d64144d4_repeat_1,75a12f29a6268d4b65f297c3d64144d4,882570,5,4,256,44816.4,CNN,EC-NAS,6,0,0,3,100.28127765655518,56020.5,446.9069506023635,75a12f29a6268d4b65f297c3d64144d4
5V9E_75b58771645d2dd5cfd67f5a86eefe5d_repeat_1,75b58771645d2dd5cfd67f5a86eefe5d,5969674,5,4,256,94676.4,CNN,EC-NAS,7,2,0,1,210.93775749206543,118345.5,448.8357187715021,75b58771645d2dd5cfd67f5a86eefe5d
5V9E_76072feece063d138f8e5d6f48ba2aa5_repeat_1,76072feece063d138f8e5d6f48ba2aa5,5039754,5,4,256,122724.00000000001,CNN,EC-NAS,8,1,2,0,269.8910081386566,153405.00000000003,454.71689051956304,76072feece063d138f8e5d6f48ba2aa5
5V9E_762ec77cf26a95c0516749590e7a500f_repeat_1,762ec77cf26a95c0516749590e7a500f,3468426,5,4,256,59050.8,CNN,EC-NAS,5,1,1,1,151.94482159614563,73813.5,388.633185255574,762ec77cf26a95c0516749590e7a500f
5V9E_7645cac67919768a075026d87a57c633_repeat_1,7645cac67919768a075026d87a57c633,4081418,5,4,256,77086.8,CNN,EC-NAS,7,1,0,2,180.93076872825623,96358.5,426.05688651982854,7645cac67919768a075026d87a57c633
5V9E_7652117cafbfe2e123496ffb9ffd1348_repeat_1,7652117cafbfe2e123496ffb9ffd1348,4705162,5,4,256,130680.0,CNN,EC-NAS,7,0,2,1,257.70150661468506,163350.0,507.0983158643017,7652117cafbfe2e123496ffb9ffd1348
5V9E_7665b905a7869020bba5ab728e730ad6_repeat_1,7665b905a7869020bba5ab728e730ad6,3468426,5,4,256,76467.59999999999,CNN,EC-NAS,6,1,1,1,158.78195238113403,95584.49999999999,481.58873759437176,7665b905a7869020bba5ab728e730ad6
5V9E_76848a959dd45ece9b5ebb379baab84e_repeat_1,76848a959dd45ece9b5ebb379baab84e,2622373,5,4,256,90709.2,CNN,EC-NAS,7,1,1,1,191.2331624031067,113386.5,474.33823119439444,76848a959dd45ece9b5ebb379baab84e
5V9E_76e95ff773019375ce55737d623dea78_repeat_1,76e95ff773019375ce55737d623dea78,2793866,4,4,256,76514.4,CNN,EC-NAS,4,0,1,1,159.88839864730835,95643.0,478.54879182810606,76e95ff773019375ce55737d623dea78
5V9E_76f2d82579703b14ea0ef91b6155e55d_repeat_1,76f2d82579703b14ea0ef91b6155e55d,3031562,5,4,256,56840.4,CNN,EC-NAS,6,1,1,1,126.27362561225891,71050.5,450.13675440456996,76f2d82579703b14ea0ef91b6155e55d
5V9E_771a888531d1c59b6c81308ef2a8dad7_repeat_1,771a888531d1c59b6c81308ef2a8dad7,11215242,5,4,256,100918.8,CNN,EC-NAS,4,1,1,1,195.14796113967896,126148.5,517.1399148145157,771a888531d1c59b6c81308ef2a8dad7
5V9E_7751bd1f0b222d3bc58b9af63f865423_repeat_1,7751bd1f0b222d3bc58b9af63f865423,1404042,5,4,256,58752.00000000001,CNN,EC-NAS,6,0,2,1,139.74998235702515,73440.00000000001,420.40792427367757,7751bd1f0b222d3bc58b9af63f865423
5V9E_777a8a001378568059692f05697956ad_repeat_1,777a8a001378568059692f05697956ad,6667274,5,4,256,101260.8,CNN,EC-NAS,7,2,1,0,243.0872619152069,126576.0,416.5615228136534,777a8a001378568059692f05697956ad
5V9E_77cb31b196bc46d0f6873b8022a1716a_repeat_1,77cb31b196bc46d0f6873b8022a1716a,1319434,5,4,256,58132.799999999996,CNN,EC-NAS,6,0,0,3,131.03166437149048,72666.0,443.65459508463954,77cb31b196bc46d0f6873b8022a1716a
5V9E_77cf06a0fac82b9a4678b94b48aac965_repeat_1,77cf06a0fac82b9a4678b94b48aac965,4166026,5,4,256,90381.6,CNN,EC-NAS,6,1,2,0,196.70182752609253,112977.0,459.48530899140155,77cf06a0fac82b9a4678b94b48aac965
5V9E_77d1463b9217aa674df019d59e9de4c7_repeat_1,77d1463b9217aa674df019d59e9de4c7,2723494,5,4,256,90774.0,CNN,EC-NAS,7,1,2,0,216.36501836776733,113467.5,419.54101769680034,77d1463b9217aa674df019d59e9de4c7
5V9E_782ec0fe08a6723122c1fab07ee7b1b5_repeat_1,782ec0fe08a6723122c1fab07ee7b1b5,4602890,5,4,256,105379.2,CNN,EC-NAS,6,1,2,0,233.42663955688477,131724.0,451.4446174611518,782ec0fe08a6723122c1fab07ee7b1b5
5V9E_783f83871cdca8f73f1a16a65070ace1_repeat_1,783f83871cdca8f73f1a16a65070ace1,4779018,5,4,256,111384.0,CNN,EC-NAS,9,1,1,1,245.19983577728271,139230.0,454.258053015872,783f83871cdca8f73f1a16a65070ace1
5V9E_7851ebafe29712059a58034b5203a7c9_repeat_1,7851ebafe29712059a58034b5203a7c9,13836426,5,4,256,170614.8,CNN,EC-NAS,7,1,1,1,339.91930103302,213268.5,501.9273677060966,7851ebafe29712059a58034b5203a7c9
5V9E_7852ee08f4b652a93c8bdab93b5d94ee_repeat_1,7852ee08f4b652a93c8bdab93b5d94ee,9168522,5,4,256,122853.59999999999,CNN,EC-NAS,8,3,0,0,290.94545912742615,153567.0,422.25646129157656,7852ee08f4b652a93c8bdab93b5d94ee
5V9E_7860e01c72bc410852a79808468f9bdd_repeat_1,7860e01c72bc410852a79808468f9bdd,2912669,5,4,256,89366.4,CNN,EC-NAS,9,1,1,1,221.47392010688782,111708.0,403.50755500634097,7860e01c72bc410852a79808468f9bdd
5V9E_786421170a04816661e1066ff43a2df7_repeat_1,786421170a04816661e1066ff43a2df7,5532810,5,4,256,79549.2,CNN,EC-NAS,6,2,0,1,176.12458324432373,99436.5,451.6643760607097,786421170a04816661e1066ff43a2df7
5V9E_78680755096937cbe9bd72f4c6014e84_repeat_1,78680755096937cbe9bd72f4c6014e84,2959791,5,4,256,85993.2,CNN,EC-NAS,9,2,0,1,191.1146101951599,107491.5,449.95618028462917,78680755096937cbe9bd72f4c6014e84
5V9E_7868dca4d8bbccfc86d73a276b50faf6_repeat_1,7868dca4d8bbccfc86d73a276b50faf6,20346506,5,4,256,152190.0,CNN,EC-NAS,6,2,0,1,293.9842460155487,190237.5,517.6808011404487,7868dca4d8bbccfc86d73a276b50faf6
5V9E_7885bb8dc7dcf5100620c36b6b4aab6d_repeat_1,7885bb8dc7dcf5100620c36b6b4aab6d,6667274,5,4,256,114951.6,CNN,EC-NAS,8,2,1,0,252.57664585113525,143689.5,455.11571195600834,7885bb8dc7dcf5100620c36b6b4aab6d
5V9E_78a591d975771d42eb353bbb8fc11211_repeat_1,78a591d975771d42eb353bbb8fc11211,3029408,5,4,256,114246.0,CNN,EC-NAS,9,1,2,0,254.02540230751038,142807.5,449.74242324670956,78a591d975771d42eb353bbb8fc11211
5V9E_78b5e980199b19d79bf563d777573901_repeat_1,78b5e980199b19d79bf563d777573901,2036127,5,4,256,74462.40000000001,CNN,EC-NAS,7,1,1,1,172.64824533462524,93078.00000000001,431.29543457379293,78b5e980199b19d79bf563d777573901
5V9E_78b73fe76a163ab7aa959afeddae78aa_repeat_1,78b73fe76a163ab7aa959afeddae78aa,6406538,5,4,256,89600.40000000001,CNN,EC-NAS,7,2,0,1,220.79813599586487,112000.50000000001,405.8023388461851,78b73fe76a163ab7aa959afeddae78aa
5V9E_78db719c30742248701a844d34b90946_repeat_1,78db719c30742248701a844d34b90946,12962698,5,4,256,143258.40000000002,CNN,EC-NAS,7,1,1,1,291.21062874794006,179073.00000000003,491.94083545624494,78db719c30742248701a844d34b90946
5V9E_78e264120b42829179e711a1bee1fd97_repeat_1,78e264120b42829179e711a1bee1fd97,3060912,5,4,256,91648.8,CNN,EC-NAS,7,2,1,0,207.6600058078766,114561.0,441.3406406469615,78e264120b42829179e711a1bee1fd97
5V9E_78e4b93fb21089ad4406086cd40fd4b1_repeat_1,78e4b93fb21089ad4406086cd40fd4b1,12252810,5,4,256,118184.4,CNN,EC-NAS,5,1,2,0,237.73723006248474,147730.5,497.1219693648212,78e4b93fb21089ad4406086cd40fd4b1
5V9E_7975efd0ca5d001ddde549b4b961c654_repeat_1,7975efd0ca5d001ddde549b4b961c654,1749031,5,4,256,66391.2,CNN,EC-NAS,7,1,1,1,147.3279206752777,82989.0,450.6355597479137,7975efd0ca5d001ddde549b4b961c654
5V9E_79ac0ca945869f05b1fc34f4110f67d3_repeat_1,79ac0ca945869f05b1fc34f4110f67d3,967178,4,4,256,46681.2,CNN,EC-NAS,4,0,2,0,107.14355659484863,58351.5,435.68835573117786,79ac0ca945869f05b1fc34f4110f67d3
5V9E_79df2f80c4cf400a44e0fdd9e2f2f092_repeat_1,79df2f80c4cf400a44e0fdd9e2f2f092,9168522,5,4,256,143647.2,CNN,EC-NAS,7,3,0,0,296.4557421207428,179559.0,484.5485500547136,79df2f80c4cf400a44e0fdd9e2f2f092
5V9E_79dfff8e369abfc08130f3df77e991cc_repeat_1,79dfff8e369abfc08130f3df77e991cc,3644554,5,4,256,73188.0,CNN,EC-NAS,6,1,0,2,167.0211672782898,91485.0,438.1959555943861,79dfff8e369abfc08130f3df77e991cc
5V9E_79e556b652ec33ab6f69b8e6501ab154_repeat_1,79e556b652ec33ab6f69b8e6501ab154,4081418,5,4,256,75420.0,CNN,EC-NAS,7,1,0,2,178.84014582633972,94275.0,421.71739265542516,79e556b652ec33ab6f69b8e6501ab154
5V9E_79f657eaad6cab07fc679bcb232d1657_repeat_1,79f657eaad6cab07fc679bcb232d1657,12088970,5,4,256,116193.59999999999,CNN,EC-NAS,6,1,1,1,247.22104215621948,145242.0,469.99882771538927,79f657eaad6cab07fc679bcb232d1657
5V9E_79f7cee24bb2acabd4f0aa0529d70384_repeat_1,79f7cee24bb2acabd4f0aa0529d70384,3468426,5,4,256,77259.6,CNN,EC-NAS,7,1,1,1,163.04189705848694,96574.5,473.863475547547,79f7cee24bb2acabd4f0aa0529d70384
5V9E_7a202f53f2e0b99504c4217a1ee4a0a7_repeat_1,7a202f53f2e0b99504c4217a1ee4a0a7,4869002,5,4,256,112100.4,CNN,EC-NAS,6,0,3,0,243.41156125068665,140125.5,460.53851930454994,7a202f53f2e0b99504c4217a1ee4a0a7
5V9E_7a80a2564dc525f68362a93759508772_repeat_1,7a80a2564dc525f68362a93759508772,1404042,5,4,256,62629.2,CNN,EC-NAS,5,0,2,1,144.64888310432434,78286.5,432.97396188555615,7a80a2564dc525f68362a93759508772
5V9E_7a8113b661dcb1886604e48a40a35d5c_repeat_1,7a8113b661dcb1886604e48a40a35d5c,12798858,5,4,256,147387.6,CNN,EC-NAS,7,1,0,2,306.9599919319153,184234.5,480.1524754818571,7a8113b661dcb1886604e48a40a35d5c
5V9E_7a8fea5ba79ecd72fec4ae979b03547f_repeat_1,7a8fea5ba79ecd72fec4ae979b03547f,3905290,5,4,256,92865.59999999999,CNN,EC-NAS,8,1,1,1,196.3512945175171,116081.99999999999,472.9563929190962,7a8fea5ba79ecd72fec4ae979b03547f
5V9E_7a91b87dd19403316c3fe54b7f9c9c1b_repeat_1,7a91b87dd19403316c3fe54b7f9c9c1b,2193162,5,4,256,81968.40000000001,CNN,EC-NAS,8,0,0,3,177.94643425941467,102460.50000000001,460.6352486979563,7a91b87dd19403316c3fe54b7f9c9c1b
5V9E_7a9f4b2b5a5bbea132897ec926ef7271_repeat_1,7a9f4b2b5a5bbea132897ec926ef7271,4342154,5,4,256,84628.8,CNN,EC-NAS,8,1,1,1,203.45308113098145,105786.0,415.96224313514654,7a9f4b2b5a5bbea132897ec926ef7271
5V9E_7aadf9f1c0ccec4c2e17c2eb9628461c_repeat_1,7aadf9f1c0ccec4c2e17c2eb9628461c,13126538,5,4,256,129956.4,CNN,EC-NAS,5,1,2,0,276.75041365623474,162445.5,469.579785927349,7aadf9f1c0ccec4c2e17c2eb9628461c
5V9E_7ada599cd1ea14d24346cc55d8a239bd_repeat_1,7ada599cd1ea14d24346cc55d8a239bd,1580170,5,4,256,73069.2,CNN,EC-NAS,8,0,1,2,159.70892715454102,91336.5,457.514813366038,7ada599cd1ea14d24346cc55d8a239bd
5V9E_7aec6efa210813bd7e932f98fbf5d9ea_repeat_1,7aec6efa210813bd7e932f98fbf5d9ea,418332,5,4,256,35355.6,CNN,EC-NAS,7,0,1,2,85.6727569103241,44194.5,412.68194552216437,7aec6efa210813bd7e932f98fbf5d9ea
5V9E_7af541ea97f4d69758729c66fa181c95_repeat_1,7af541ea97f4d69758729c66fa181c95,1454631,5,4,256,50853.6,CNN,EC-NAS,6,1,1,1,114.29133796691895,63567.0,444.94710539410534,7af541ea97f4d69758729c66fa181c95
5V9E_7b068506fe2c327b0b3091f9950f687b_repeat_1,7b068506fe2c327b0b3091f9950f687b,3667594,5,4,256,104097.6,CNN,EC-NAS,6,0,1,2,216.3074893951416,130122.0,481.2482466098934,7b068506fe2c327b0b3091f9950f687b
5V9E_7b131be59085a1c8db654c9d55c751cc_repeat_1,7b131be59085a1c8db654c9d55c751cc,3060912,5,4,256,93081.6,CNN,EC-NAS,8,2,1,0,211.6220760345459,116352.0,439.8482509206887,7b131be59085a1c8db654c9d55c751cc
5V9E_7b5b9ba194180830032038082cf1b845_repeat_1,7b5b9ba194180830032038082cf1b845,2714634,5,4,256,102139.20000000001,CNN,EC-NAS,9,0,2,1,230.42159914970398,127674.00000000001,443.2709449848084,7b5b9ba194180830032038082cf1b845
5V9E_7b6a9e5106578633104c680cd15ccd57_repeat_1,7b6a9e5106578633104c680cd15ccd57,4602890,5,4,256,96372.0,CNN,EC-NAS,7,1,2,0,227.22904706001282,120465.0,424.1183125436752,7b6a9e5106578633104c680cd15ccd57
5V9E_7b870d82bef1d69c0410d8eeb00ea2c8_repeat_1,7b870d82bef1d69c0410d8eeb00ea2c8,1840906,5,4,256,63478.799999999996,CNN,EC-NAS,6,0,2,1,155.5910120010376,79348.5,407.9850062263023,7b870d82bef1d69c0410d8eeb00ea2c8
5V9E_7b8f7bdb41d7606249e8fef07144113e_repeat_1,7b8f7bdb41d7606249e8fef07144113e,3905290,5,4,256,77335.2,CNN,EC-NAS,6,1,1,1,173.99135398864746,96669.0,444.4772583644929,7b8f7bdb41d7606249e8fef07144113e
5V9E_7ba0f5d2ae2587638f7a726736f985d6_repeat_1,7ba0f5d2ae2587638f7a726736f985d6,940430,5,4,256,64576.799999999996,CNN,EC-NAS,6,0,3,0,153.01112723350525,80721.0,422.03989453297385,7ba0f5d2ae2587638f7a726736f985d6
5V9E_7bb234c262132e27a6d91292f01b4db1_repeat_1,7bb234c262132e27a6d91292f01b4db1,4081418,5,4,256,93729.6,CNN,EC-NAS,7,1,0,2,184.86639976501465,117162.0,507.0126324693971,7bb234c262132e27a6d91292f01b4db1
5V9E_7bb6675b3622dfeba3ad745cfd9ad62b_repeat_1,7bb6675b3622dfeba3ad745cfd9ad62b,1115277,5,4,256,69847.2,CNN,EC-NAS,9,0,2,1,171.49372816085815,87309.0,407.28719789964873,7bb6675b3622dfeba3ad745cfd9ad62b
5V9E_7bce52371db3430367ebcae09f88fe3a_repeat_1,7bce52371db3430367ebcae09f88fe3a,12088970,5,4,256,126075.59999999999,CNN,EC-NAS,6,1,1,1,252.14143824577332,157594.5,500.01935769521776,7bce52371db3430367ebcae09f88fe3a
5V9E_7be8934ff1bab26fb6f22857c3586331_repeat_1,7be8934ff1bab26fb6f22857c3586331,4705162,5,4,256,125625.6,CNN,EC-NAS,7,0,2,1,254.07387161254883,157032.0,494.44517534480434,7be8934ff1bab26fb6f22857c3586331
5V9E_7bfbfbcd031c8e1f8dc461bb15d9fa2a_repeat_1,7bfbfbcd031c8e1f8dc461bb15d9fa2a,2017034,5,4,256,73807.2,CNN,EC-NAS,7,0,1,2,165.15953660011292,92259.0,446.8842763751708,7bfbfbcd031c8e1f8dc461bb15d9fa2a
5V9E_7bfcb823c7b45ab2b32b3ece101cebf6_repeat_1,7bfcb823c7b45ab2b32b3ece101cebf6,4518282,5,4,256,91998.0,CNN,EC-NAS,8,1,0,2,216.0768325328827,114997.5,425.76521935085145,7bfcb823c7b45ab2b32b3ece101cebf6
5V9E_7c307f964e169ddcdf95852487233a59_repeat_1,7c307f964e169ddcdf95852487233a59,4779018,5,4,256,113137.19999999998,CNN,EC-NAS,9,1,1,1,248.4702000617981,141421.49999999997,455.3350863478242,7c307f964e169ddcdf95852487233a59
5V9E_7c63f058e45726f0e292be1f009e9ae3_repeat_1,7c63f058e45726f0e292be1f009e9ae3,29641610,5,4,256,190141.2,CNN,EC-NAS,6,3,0,0,368.7219798564911,237676.5,515.6763371524642,7c63f058e45726f0e292be1f009e9ae3
5V9E_7c65f6bd01b87407734781b6038050bc_repeat_1,7c65f6bd01b87407734781b6038050bc,3207690,4,4,256,61905.6,CNN,EC-NAS,4,1,0,1,128.2721664905548,77382.0,482.6113232020475,7c65f6bd01b87407734781b6038050bc
5V9E_7c69055881aa9f64fa3451536c4d4d8d_repeat_1,7c69055881aa9f64fa3451536c4d4d8d,4342154,5,4,256,95252.4,CNN,EC-NAS,7,1,1,1,211.36933135986328,119065.5,450.6443739363003,7c69055881aa9f64fa3451536c4d4d8d
5V9E_7c73cc645186a2d125f5c818e9263b75_repeat_1,7c73cc645186a2d125f5c818e9263b75,2017034,5,4,256,80035.2,CNN,EC-NAS,8,0,1,2,171.9690945148468,100044.0,465.404555544079,7c73cc645186a2d125f5c818e9263b75
5V9E_7c9cac0ec83026e41cd16708e50a9810_repeat_1,7c9cac0ec83026e41cd16708e50a9810,2277770,5,4,256,86360.4,CNN,EC-NAS,6,0,2,1,189.70376682281494,107950.5,455.23819292772083,7c9cac0ec83026e41cd16708e50a9810
5V9E_7cb9fc92003fb6d5663423001409b318_repeat_1,7cb9fc92003fb6d5663423001409b318,12252810,5,4,256,102340.79999999999,CNN,EC-NAS,4,1,2,0,225.88436079025269,127925.99999999999,453.0672227238858,7cb9fc92003fb6d5663423001409b318
5V9E_7cc888ead039d3c6fb4fabbeee348fad_repeat_1,7cc888ead039d3c6fb4fabbeee348fad,2453898,5,4,256,83354.40000000001,CNN,EC-NAS,9,0,1,2,202.08692240715027,104193.00000000001,412.4680558599607,7cc888ead039d3c6fb4fabbeee348fad
5V9E_7d077503c6679bb829c1b0e296f02639_repeat_1,7d077503c6679bb829c1b0e296f02639,1990295,5,4,256,92685.6,CNN,EC-NAS,9,0,2,1,218.52760314941406,115857.0,424.13680772688474,7d077503c6679bb829c1b0e296f02639
5V9E_7d0ef749e81ff3d08f5522188bd171f6_repeat_1,7d0ef749e81ff3d08f5522188bd171f6,22257802,5,4,256,192132.0,CNN,EC-NAS,7,2,1,0,377.6524932384491,240165.0,508.75342660239824,7d0ef749e81ff3d08f5522188bd171f6
5V9E_7d220c901c79b758c3eb2bf42e1d95f7_repeat_1,7d220c901c79b758c3eb2bf42e1d95f7,2277770,5,4,256,86302.8,CNN,EC-NAS,6,0,2,1,190.15890669822693,107878.5,453.8456888425343,7d220c901c79b758c3eb2bf42e1d95f7
5V9E_7d30e6863666e6892a614d3d2d5e974b_repeat_1,7d30e6863666e6892a614d3d2d5e974b,5356682,5,4,256,75646.8,CNN,EC-NAS,5,2,1,0,165.35666370391846,94558.5,457.47657400399885,7d30e6863666e6892a614d3d2d5e974b
5V9E_7d42127242b0884165004e06ecaf871e_repeat_1,7d42127242b0884165004e06ecaf871e,3905290,5,4,256,87084.0,CNN,EC-NAS,7,1,1,1,193.94777750968933,108855.0,449.00746540212054,7d42127242b0884165004e06ecaf871e
5V9E_7d59a5aadeb3e761a8417b9b5cdd068b_repeat_1,7d59a5aadeb3e761a8417b9b5cdd068b,7104138,5,4,256,128840.40000000001,CNN,EC-NAS,8,2,1,0,283.86501026153564,161050.5,453.8791162788765,7d59a5aadeb3e761a8417b9b5cdd068b
5V9E_7d62a6b5b745ce419e70e4c57c86330f_repeat_1,7d62a6b5b745ce419e70e4c57c86330f,1840906,5,4,256,66636.0,CNN,EC-NAS,6,0,2,1,154.0080921649933,83295.0,432.6785629459713,7d62a6b5b745ce419e70e4c57c86330f
5V9E_7d75c5e19b8ba821d35c2ae3077e19dc_repeat_1,7d75c5e19b8ba821d35c2ae3077e19dc,4081418,5,4,256,80413.2,CNN,EC-NAS,8,1,0,2,182.10442733764648,100516.5,441.5774024587713,7d75c5e19b8ba821d35c2ae3077e19dc
5V9E_7d9228765122e168a5585ce661a7478a_repeat_1,7d9228765122e168a5585ce661a7478a,3667594,5,4,256,107866.8,CNN,EC-NAS,7,0,1,2,218.4924771785736,134833.5,493.6865625439388,7d9228765122e168a5585ce661a7478a
5V9E_7d9dc7e8dfe3fa5abe3104da97de13da_repeat_1,7d9dc7e8dfe3fa5abe3104da97de13da,1814158,5,4,256,94996.8,CNN,EC-NAS,9,0,3,0,244.98257899284363,118746.0,387.76961362128134,7d9dc7e8dfe3fa5abe3104da97de13da
5V9E_7da6f8b2fa9fc021071a28621aaef776_repeat_1,7da6f8b2fa9fc021071a28621aaef776,1840906,5,4,256,76831.2,CNN,EC-NAS,7,0,2,1,179.0913438796997,96039.0,429.00565898712284,7da6f8b2fa9fc021071a28621aaef776
5V9E_7dadb571f060337fb22f22029a04228a_repeat_1,7dadb571f060337fb22f22029a04228a,1404042,4,4,256,62442.0,CNN,EC-NAS,5,0,2,0,142.64136576652527,78052.5,437.755202808453,7dadb571f060337fb22f22029a04228a
5V9E_7dc7a55ceb2a0bb1a70a217fe202d0bb_repeat_1,7dc7a55ceb2a0bb1a70a217fe202d0bb,3468426,5,4,256,77061.6,CNN,EC-NAS,7,1,1,1,162.63493418693542,96327.0,473.83177781118087,7dc7a55ceb2a0bb1a70a217fe202d0bb
5V9E_7de223b2f53b11ec2ef71e4732253b51_repeat_1,7de223b2f53b11ec2ef71e4732253b51,2770826,5,4,256,56595.6,CNN,EC-NAS,5,1,0,2,145.26912713050842,70744.5,389.591381995123,7de223b2f53b11ec2ef71e4732253b51
5V9E_7defb5ab44e3f2b0b7ef270d6c62a463_repeat_1,7defb5ab44e3f2b0b7ef270d6c62a463,4779018,5,4,256,98719.2,CNN,EC-NAS,8,1,1,1,237.36387062072754,123399.0,415.8981724634021,7defb5ab44e3f2b0b7ef270d6c62a463
5V9E_7eaf5bd0fb53835ab8749d0c3888bdc1_repeat_1,7eaf5bd0fb53835ab8749d0c3888bdc1,5532810,5,4,256,72813.6,CNN,EC-NAS,6,2,0,1,171.71101999282837,91017.0,424.04733256515,7eaf5bd0fb53835ab8749d0c3888bdc1
5V9E_7eb7a23216c8dd5912830a479a709019_repeat_1,7eb7a23216c8dd5912830a479a709019,967178,5,4,256,48873.6,CNN,EC-NAS,6,0,2,1,111.0270082950592,61092.0,440.1955952025316,7eb7a23216c8dd5912830a479a709019
5V9E_7ee2bdc0a01eb9a8ff9aa88c59634214_repeat_1,7ee2bdc0a01eb9a8ff9aa88c59634214,1732508,5,4,256,61624.8,CNN,EC-NAS,8,1,1,1,148.2826156616211,77031.0,415.59018719110645,7ee2bdc0a01eb9a8ff9aa88c59634214
5V9E_7eed396ac1242057a6faaf1de7979207_repeat_1,7eed396ac1242057a6faaf1de7979207,1851442,5,4,256,79214.4,CNN,EC-NAS,8,1,2,0,173.9348533153534,99018.0,455.4256866298094,7eed396ac1242057a6faaf1de7979207
5V9E_7ef54637e572ad2e661344c6c8d15adf_repeat_1,7ef54637e572ad2e661344c6c8d15adf,5039754,5,4,256,126486.0,CNN,EC-NAS,9,1,2,0,275.2140727043152,158107.5,459.59132379067756,7ef54637e572ad2e661344c6c8d15adf
5V9E_7f017b7816d72a20075efcbadcb9fb46_repeat_1,7f017b7816d72a20075efcbadcb9fb46,7104138,5,4,256,127087.2,CNN,EC-NAS,9,2,1,0,286.05933928489685,158859.0,444.26866229118025,7f017b7816d72a20075efcbadcb9fb46
5V9E_7f1e4127f3a48286d10980537ab6ade9_repeat_1,7f1e4127f3a48286d10980537ab6ade9,4779018,5,4,256,109393.2,CNN,EC-NAS,7,1,1,1,241.25266575813293,136741.5,453.4383056710834,7f1e4127f3a48286d10980537ab6ade9
5V9E_7f34b023146d26db7a9cce0e041f859e_repeat_1,7f34b023146d26db7a9cce0e041f859e,1627283,5,4,256,49510.799999999996,CNN,EC-NAS,6,1,0,2,118.15906071662903,61888.49999999999,419.01822593814956,7f34b023146d26db7a9cce0e041f859e
5V9E_7f6fb1906330766d8b893811aaa8cc57_repeat_1,7f6fb1906330766d8b893811aaa8cc57,3644554,5,4,256,64353.6,CNN,EC-NAS,6,1,0,2,147.47693300247192,80442.0,436.3638345999597,7f6fb1906330766d8b893811aaa8cc57
5V9E_7f791f13382d69b6e79f68aa10f46d07_repeat_1,7f791f13382d69b6e79f68aa10f46d07,2489497,5,4,256,80168.40000000001,CNN,EC-NAS,9,1,0,2,172.38283610343933,100210.50000000001,465.06022184189203,7f791f13382d69b6e79f68aa10f46d07
5V9E_7f8123ebd1b7bca970c58f7219759b42_repeat_1,7f8123ebd1b7bca970c58f7219759b42,5095946,5,4,256,68310.0,CNN,EC-NAS,5,2,0,1,140.54339718818665,85387.5,486.042043715034,7f8123ebd1b7bca970c58f7219759b42
5V9E_7fa718ab3791e8e498ee5239cf61b6f7_repeat_1,7fa718ab3791e8e498ee5239cf61b6f7,3905290,5,4,256,89668.8,CNN,EC-NAS,6,1,1,1,190.9884901046753,112086.0,469.49844962309044,7fa718ab3791e8e498ee5239cf61b6f7
5V9E_7fd3d1bacd98c156763ccdf29c1c2b1f_repeat_1,7fd3d1bacd98c156763ccdf29c1c2b1f,1406990,5,4,256,70077.6,CNN,EC-NAS,8,0,2,1,159.27965354919434,87597.0,439.96579876007945,7fd3d1bacd98c156763ccdf29c1c2b1f
5V9E_7ff5677efc315010feca4dbe8d8a7a70_repeat_1,7ff5677efc315010feca4dbe8d8a7a70,4602890,5,4,256,103964.4,CNN,EC-NAS,7,1,2,0,229.06553721427917,129955.5,453.86312259947937,7ff5677efc315010feca4dbe8d8a7a70
5V9E_80085ddd7dff0364c3e10ac6a704758f_repeat_1,80085ddd7dff0364c3e10ac6a704758f,967178,5,4,256,46036.8,CNN,EC-NAS,5,0,2,1,108.8687219619751,57546.0,422.8652561575896,80085ddd7dff0364c3e10ac6a704758f
5V9E_80289734d6e9b0ebb61d8b41267c089d_repeat_1,80289734d6e9b0ebb61d8b41267c089d,3831434,5,4,256,90536.40000000001,CNN,EC-NAS,6,0,2,1,201.87574362754822,113170.50000000001,448.4758712123218,80289734d6e9b0ebb61d8b41267c089d
5V9E_803a5c5374e7431184d573e8d3e35358_repeat_1,803a5c5374e7431184d573e8d3e35358,3468426,5,4,256,69213.6,CNN,EC-NAS,6,1,1,1,158.02367901802063,86517.0,437.995118390498,803a5c5374e7431184d573e8d3e35358
5V9E_803ac1772aed7b0f80e9680b316f9c93_repeat_1,803ac1772aed7b0f80e9680b316f9c93,4518282,5,4,256,100033.2,CNN,EC-NAS,8,1,0,2,217.31962299346924,125041.5,460.30449814928187,803ac1772aed7b0f80e9680b316f9c93
5V9E_80408aae1846d5985c4c3098a212782b_repeat_1,80408aae1846d5985c4c3098a212782b,21384074,5,4,256,161337.6,CNN,EC-NAS,6,2,1,0,330.5623869895935,201672.0,488.07004774284593,80408aae1846d5985c4c3098a212782b
5V9E_806de34edcef48ced064834e26e29fc2_repeat_1,806de34edcef48ced064834e26e29fc2,21384074,5,4,256,165002.4,CNN,EC-NAS,5,2,1,0,326.2631325721741,206253.0,505.73412539493444,806de34edcef48ced064834e26e29fc2
5V9E_8071c47a103d4b4ced785c2fc1adb837_repeat_1,8071c47a103d4b4ced785c2fc1adb837,12798858,5,4,256,153662.4,CNN,EC-NAS,7,1,0,2,302.8759341239929,192078.0,507.3443700452373,8071c47a103d4b4ced785c2fc1adb837
5V9E_807867bd931b14cbbbd261a8dc4237b7_repeat_1,807867bd931b14cbbbd261a8dc4237b7,5356682,5,4,256,73357.2,CNN,EC-NAS,5,2,1,0,161.07628178596497,91696.5,455.4190051237687,807867bd931b14cbbbd261a8dc4237b7
5V9E_80a65501c1be33356bcd9159830d8c2d_repeat_1,80a65501c1be33356bcd9159830d8c2d,2491173,5,4,256,80442.0,CNN,EC-NAS,8,1,0,2,176.6069691181183,100552.5,455.4859890393044,80a65501c1be33356bcd9159830d8c2d
5V9E_80ad935d4722a32b3fe83d7d1e790ede_repeat_1,80ad935d4722a32b3fe83d7d1e790ede,5039754,5,4,256,110109.59999999999,CNN,EC-NAS,9,1,2,0,264.98965406417847,137637.0,415.52414711757876,80ad935d4722a32b3fe83d7d1e790ede
5V9E_80c3c5ff69e9aa581464e562ef991943_repeat_1,80c3c5ff69e9aa581464e562ef991943,9168522,5,4,256,132084.0,CNN,EC-NAS,8,3,0,0,293.6051309108734,165105.0,449.8695223418808,80c3c5ff69e9aa581464e562ef991943
5V9E_811a24d7ccc4b6ed0d9a50da26da5dae_repeat_1,811a24d7ccc4b6ed0d9a50da26da5dae,5356682,5,4,256,74635.2,CNN,EC-NAS,6,2,1,0,163.05011320114136,93294.0,457.7439324309377,811a24d7ccc4b6ed0d9a50da26da5dae
5V9E_814bd3a3ef62ac98bb28c6fdc2bf9612_repeat_1,814bd3a3ef62ac98bb28c6fdc2bf9612,3905290,5,4,256,77364.0,CNN,EC-NAS,6,1,1,1,171.5200424194336,96705.0,451.0493287473353,814bd3a3ef62ac98bb28c6fdc2bf9612
5V9E_8151bdafb530028d5e8883dbe53688b5_repeat_1,8151bdafb530028d5e8883dbe53688b5,22257802,5,4,256,186760.8,CNN,EC-NAS,6,2,1,0,372.9356791973114,233451.0,500.78555208762765,8151bdafb530028d5e8883dbe53688b5
5V9E_8159c7755ba5090b5bc6b3d92d6a5c86_repeat_1,8159c7755ba5090b5bc6b3d92d6a5c86,1404042,5,4,256,61830.0,CNN,EC-NAS,7,0,2,1,147.8029909133911,77287.5,418.3271232733771,8159c7755ba5090b5bc6b3d92d6a5c86
5V9E_81653de2d99676fa3d377640124a73ab_repeat_1,81653de2d99676fa3d377640124a73ab,1580170,4,4,256,57088.8,CNN,EC-NAS,5,0,1,1,128.5861735343933,71361.0,443.9730838147252,81653de2d99676fa3d377640124a73ab
5V9E_818948ebf492928e6bf7d05b2960b463_repeat_1,818948ebf492928e6bf7d05b2960b463,2502687,5,4,256,85111.2,CNN,EC-NAS,9,1,0,2,177.05651926994324,106389.0,480.7007409325498,818948ebf492928e6bf7d05b2960b463
5V9E_819575980f193116a3d751dcb12a4d19_repeat_1,819575980f193116a3d751dcb12a4d19,2781083,5,4,256,77173.2,CNN,EC-NAS,9,1,0,2,198.94329524040222,96466.5,387.915561098675,819575980f193116a3d751dcb12a4d19
5V9E_81a4348f3bb21624dad11c2fe1a1a702_repeat_1,81a4348f3bb21624dad11c2fe1a1a702,418332,5,4,256,32302.8,CNN,EC-NAS,6,0,1,2,82.43977522850037,40378.5,391.8351294683365,81a4348f3bb21624dad11c2fe1a1a702
5V9E_81bc718c27fd21f875caa9f4a5d61a15_repeat_1,81bc718c27fd21f875caa9f4a5d61a15,6843402,5,4,256,122954.4,CNN,EC-NAS,8,2,0,1,257.9298779964447,153693.0,476.6970036782431,81bc718c27fd21f875caa9f4a5d61a15
5V9E_81d9caf674ca28478144178cadabb49f_repeat_1,81d9caf674ca28478144178cadabb49f,6667274,5,4,256,108126.0,CNN,EC-NAS,7,2,1,0,246.1203577518463,135157.5,439.32164323042014,81d9caf674ca28478144178cadabb49f
5V9E_81e16e4efd17a58210b51a7add2271d2_repeat_1,81e16e4efd17a58210b51a7add2271d2,2017034,5,4,256,80229.6,CNN,EC-NAS,8,0,1,2,172.2455599308014,100287.0,465.78617197582196,81e16e4efd17a58210b51a7add2271d2
5V9E_81f5a40841c2dfc0dcad2cf76c88e80e_repeat_1,81f5a40841c2dfc0dcad2cf76c88e80e,706442,4,4,256,38606.399999999994,CNN,EC-NAS,4,0,1,1,81.35462284088135,48257.99999999999,474.5446374388447,81f5a40841c2dfc0dcad2cf76c88e80e
5V9E_81f966cd234c81cb125148e085fe5303_repeat_1,81f966cd234c81cb125148e085fe5303,13126538,5,4,256,145447.2,CNN,EC-NAS,5,1,2,0,279.4218418598175,181809.0,520.5291004880323,81f966cd234c81cb125148e085fe5303
5V9E_81f9be7818b723c48001f9c08e5000e6_repeat_1,81f9be7818b723c48001f9c08e5000e6,2797220,5,4,256,93052.8,CNN,EC-NAS,9,1,0,2,204.71597480773926,116316.0,454.5458657410167,81f9be7818b723c48001f9c08e5000e6
5V9E_820ec13f301e1957e69dc793a57cf0be_repeat_1,820ec13f301e1957e69dc793a57cf0be,3468426,5,4,256,65602.8,CNN,EC-NAS,7,1,1,1,156.79941964149475,82003.5,418.3867526422856,820ec13f301e1957e69dc793a57cf0be
5V9E_821fa1bcb600b593adf257cdb6cd1351_repeat_1,821fa1bcb600b593adf257cdb6cd1351,12088970,5,4,256,111571.2,CNN,EC-NAS,6,1,1,1,243.58151745796204,139464.0,458.0446052080091,821fa1bcb600b593adf257cdb6cd1351
5V9E_82588aa7304f42657467a94fcda117f5_repeat_1,82588aa7304f42657467a94fcda117f5,11925130,5,4,256,128296.80000000002,CNN,EC-NAS,7,1,0,2,258.04278445243835,160371.00000000003,497.1919686583885,82588aa7304f42657467a94fcda117f5
5V9E_825f47a5ce46eee6863663d5a860bf8c_repeat_1,825f47a5ce46eee6863663d5a860bf8c,2493744,5,4,256,66823.2,CNN,EC-NAS,6,2,1,0,147.0846769809723,83529.0,454.3178893382934,825f47a5ce46eee6863663d5a860bf8c
5V9E_827fbedb2d1fccaff12cfab4f53d388f_repeat_1,827fbedb2d1fccaff12cfab4f53d388f,14873994,5,4,256,188740.80000000002,CNN,EC-NAS,8,1,2,0,386.79907989501953,235926.00000000003,487.9556591789873,827fbedb2d1fccaff12cfab4f53d388f
5V9E_8281c36a30ad3bf43b716a6a4a5416cb_repeat_1,8281c36a30ad3bf43b716a6a4a5416cb,4705162,5,4,256,115250.40000000001,CNN,EC-NAS,6,0,2,1,249.63574600219727,144063.0,461.6742667894428,8281c36a30ad3bf43b716a6a4a5416cb
5V9E_829adc381bee66af22b61281bb1c5467_repeat_1,829adc381bee66af22b61281bb1c5467,1580170,5,4,256,63212.40000000001,CNN,EC-NAS,8,0,1,2,153.51158833503723,79015.50000000001,411.7760794842386,829adc381bee66af22b61281bb1c5467
5V9E_82b0b8ae4998f247d49cca416e0f40a7_repeat_1,82b0b8ae4998f247d49cca416e0f40a7,3031562,5,4,256,62982.0,CNN,EC-NAS,6,1,1,1,126.85569024085999,78727.5,496.4854148869202,82b0b8ae4998f247d49cca416e0f40a7
5V9E_82bd20355c081914b008f309f71d247f_repeat_1,82bd20355c081914b008f309f71d247f,2630026,5,4,256,80449.2,CNN,EC-NAS,6,0,0,3,171.9066026210785,100561.5,467.98202496810694,82bd20355c081914b008f309f71d247f
5V9E_82c3f9e8228ba83956de57b8b5eb02a8_repeat_1,82c3f9e8228ba83956de57b8b5eb02a8,2725170,5,4,256,85762.8,CNN,EC-NAS,9,1,2,0,219.01274991035461,107203.5,391.58816112351485,82c3f9e8228ba83956de57b8b5eb02a8
5V9E_82cbd3e13b0a92b484eb8a01c548dec5_repeat_1,82cbd3e13b0a92b484eb8a01c548dec5,2017034,5,4,256,73281.59999999999,CNN,EC-NAS,7,0,1,2,168.7861442565918,91601.99999999999,434.1683396037293,82cbd3e13b0a92b484eb8a01c548dec5
5V9E_82cfb9b8c695165ae3d73cac266e794f_repeat_1,82cfb9b8c695165ae3d73cac266e794f,3729162,5,4,256,79113.59999999999,CNN,EC-NAS,6,1,2,0,182.20100855827332,98891.99999999999,434.2105492500449,82cfb9b8c695165ae3d73cac266e794f
5V9E_82df9ed5d12a2f095597c8d91e8b0efd_repeat_1,82df9ed5d12a2f095597c8d91e8b0efd,882570,5,4,256,55850.4,CNN,EC-NAS,8,0,0,3,122.09125232696533,69813.0,457.4480065978057,82df9ed5d12a2f095597c8d91e8b0efd
5V9E_82e0f5501db6ca4c1922030c29e68ea2_repeat_1,82e0f5501db6ca4c1922030c29e68ea2,2793866,5,4,256,77724.0,CNN,EC-NAS,6,0,1,2,170.98297357559204,97155.0,454.5715773602335,82e0f5501db6ca4c1922030c29e68ea2
5V9E_82e63bfa68c8214e5945c9cff5e37a17_repeat_1,82e63bfa68c8214e5945c9cff5e37a17,3831434,5,4,256,88891.2,CNN,EC-NAS,5,0,2,1,201.04955458641052,111114.0,442.13577186411925,82e63bfa68c8214e5945c9cff5e37a17
5V9E_836995d3cefd675186abbf1ce3962a60_repeat_1,836995d3cefd675186abbf1ce3962a60,1580170,5,4,256,62823.600000000006,CNN,EC-NAS,6,0,1,2,134.53620076179504,78529.5,466.9642790882226,836995d3cefd675186abbf1ce3962a60
5V9E_83703e11ade9ffa32eaca984c4066245_repeat_1,83703e11ade9ffa32eaca984c4066245,3644554,5,4,256,75261.6,CNN,EC-NAS,7,1,0,2,165.02740740776062,94077.0,456.0551558205036,83703e11ade9ffa32eaca984c4066245
5V9E_837109981c8b9c145bf2f6619fd2628b_repeat_1,837109981c8b9c145bf2f6619fd2628b,23131530,5,4,256,192787.2,CNN,EC-NAS,7,2,1,0,413.4843144416809,240984.0,466.2503346960488,837109981c8b9c145bf2f6619fd2628b
5V9E_83b1ee98d00d20aac7baafa67eb05404_repeat_1,83b1ee98d00d20aac7baafa67eb05404,3984576,5,4,256,89557.2,CNN,EC-NAS,9,3,0,0,222.00719022750854,111946.5,403.397745398352,83b1ee98d00d20aac7baafa67eb05404
5V9E_83cc69dd0b87e6cb289790ac94b96556_repeat_1,83cc69dd0b87e6cb289790ac94b96556,650520,5,4,256,48186.0,CNN,EC-NAS,7,0,3,0,128.30293464660645,60232.5,375.56428567064347,83cc69dd0b87e6cb289790ac94b96556
5V9E_83dd7133310638b34697810ec15207a9_repeat_1,83dd7133310638b34697810ec15207a9,4342154,5,4,256,96386.4,CNN,EC-NAS,7,1,1,1,208.61175107955933,120483.0,462.03725102350836,83dd7133310638b34697810ec15207a9
5V9E_84047e346ce21417853a532a4046ac18_repeat_1,84047e346ce21417853a532a4046ac18,3831434,5,4,256,94172.40000000001,CNN,EC-NAS,5,0,2,1,203.36531901359558,117715.50000000001,463.0701068243809,84047e346ce21417853a532a4046ac18
5V9E_842dff1b9c5aca2c13ffaa2db0b1eb29_repeat_1,842dff1b9c5aca2c13ffaa2db0b1eb29,3644554,4,4,256,65116.8,CNN,EC-NAS,5,1,0,1,144.82583808898926,81396.0,449.6214270825661,842dff1b9c5aca2c13ffaa2db0b1eb29
5V9E_8435fcaebcb530cd82216b4785ceaa0d_repeat_1,8435fcaebcb530cd82216b4785ceaa0d,882570,5,4,256,51019.200000000004,CNN,EC-NAS,6,0,0,3,98.26974701881409,63774.00000000001,519.175041635471,8435fcaebcb530cd82216b4785ceaa0d
5V9E_84510c417a5ae235d49ff7ce83ed62e4_repeat_1,84510c417a5ae235d49ff7ce83ed62e4,2502687,5,4,256,68774.4,CNN,EC-NAS,8,1,0,2,169.3422212600708,85968.0,406.12671481601916,84510c417a5ae235d49ff7ce83ed62e4
5V9E_847b6fff57a01c3756769fd5339972f2_repeat_1,847b6fff57a01c3756769fd5339972f2,6406538,5,4,256,89416.8,CNN,EC-NAS,7,2,0,1,221.6164426803589,111771.0,403.47547735421125,847b6fff57a01c3756769fd5339972f2
5V9E_8481b63b0bb5c96d28a05049cc9e0b41_repeat_1,8481b63b0bb5c96d28a05049cc9e0b41,2913959,5,4,256,95871.59999999999,CNN,EC-NAS,9,1,1,1,225.91872143745422,119839.49999999999,424.3632373182588,8481b63b0bb5c96d28a05049cc9e0b41
5V9E_84e4a1f05c6e97473b73df71e53201c3_repeat_1,84e4a1f05c6e97473b73df71e53201c3,4779018,5,4,256,106988.4,CNN,EC-NAS,9,1,1,1,244.38261008262634,133735.5,437.7905611361912,84e4a1f05c6e97473b73df71e53201c3
5V9E_84eadd8c415052ea2bb8e66025ae44b6_repeat_1,84eadd8c415052ea2bb8e66025ae44b6,2618269,5,4,256,89449.2,CNN,EC-NAS,7,1,1,1,192.5303852558136,111811.5,464.59783416082377,84eadd8c415052ea2bb8e66025ae44b6
5V9E_852f21047c2aa03cb1fde04587083228_repeat_1,852f21047c2aa03cb1fde04587083228,19472778,4,4,256,108964.8,CNN,EC-NAS,3,2,0,0,227.56315755844116,136206.0,478.8332222539865,852f21047c2aa03cb1fde04587083228
5V9E_855c3536b46edd021a40df485e1b5bc0_repeat_1,855c3536b46edd021a40df485e1b5bc0,2036127,5,4,256,71989.2,CNN,EC-NAS,8,1,1,1,175.60185384750366,89986.5,409.9569476215037,855c3536b46edd021a40df485e1b5bc0
5V9E_85718dce1eb4b3faf5afb197457e35ee_repeat_1,85718dce1eb4b3faf5afb197457e35ee,1756298,4,4,256,65300.399999999994,CNN,EC-NAS,6,0,0,2,140.48391222953796,81625.5,464.8247544053661,85718dce1eb4b3faf5afb197457e35ee
5V9E_85c83000b3d1e4c54dc93f49eb301bfd_repeat_1,85c83000b3d1e4c54dc93f49eb301bfd,1291541,5,4,256,55616.399999999994,CNN,EC-NAS,7,0,1,2,128.20179152488708,69520.5,433.8192106247088,85c83000b3d1e4c54dc93f49eb301bfd
5V9E_85cec548e4f43454c7f75f06a31bfb91_repeat_1,85cec548e4f43454c7f75f06a31bfb91,4081418,5,4,256,83674.8,CNN,EC-NAS,8,1,0,2,184.343768119812,104593.5,453.90631239357424,85cec548e4f43454c7f75f06a31bfb91
5V9E_85ebc3f06517a73f65eabcd6948002aa_repeat_1,85ebc3f06517a73f65eabcd6948002aa,1865770,5,4,256,69192.0,CNN,EC-NAS,7,1,2,0,169.62640261650085,86490.0,407.90819667638914,85ebc3f06517a73f65eabcd6948002aa
5V9E_85f2c7bed16df045d96568f573168b7c_repeat_1,85f2c7bed16df045d96568f573168b7c,12962698,5,4,256,148100.4,CNN,EC-NAS,6,1,1,1,291.4473822116852,185125.5,508.15484728708645,85f2c7bed16df045d96568f573168b7c
5V9E_86352b668497a8b5d94dc67e19427023_repeat_1,86352b668497a8b5d94dc67e19427023,12962698,5,4,256,150411.6,CNN,EC-NAS,6,1,1,1,293.0804762840271,188014.5,513.2092110231004,86352b668497a8b5d94dc67e19427023
5V9E_864ae8d12d74ed29a80da7f817308f4c_repeat_1,864ae8d12d74ed29a80da7f817308f4c,3468426,5,4,256,75247.2,CNN,EC-NAS,7,1,1,1,163.68966126441956,94059.0,459.6942740228892,864ae8d12d74ed29a80da7f817308f4c
5V9E_866edb4b9dc9f62f185cc56a08c0a648_repeat_1,866edb4b9dc9f62f185cc56a08c0a648,6843402,5,4,256,109918.8,CNN,EC-NAS,8,2,0,1,255.14698719978333,137398.5,430.80579240362414,866edb4b9dc9f62f185cc56a08c0a648
5V9E_86a75385c30570e0e2eced1271b7ad86_repeat_1,86a75385c30570e0e2eced1271b7ad86,3207690,5,4,256,65617.2,CNN,EC-NAS,6,1,0,2,136.07857298851013,82021.5,482.20082382507366,86a75385c30570e0e2eced1271b7ad86
5V9E_86b719f7176a32543d0cf6fe0a868349_repeat_1,86b719f7176a32543d0cf6fe0a868349,13836426,5,4,256,156412.8,CNN,EC-NAS,8,1,1,1,338.4525592327118,195516.0,462.1409876604134,86b719f7176a32543d0cf6fe0a868349
5V9E_86c96e6abead964a7144ebf59f90fcf8_repeat_1,86c96e6abead964a7144ebf59f90fcf8,2668205,5,4,256,59724.0,CNN,EC-NAS,7,2,0,1,152.61680793762207,74655.0,391.3330438965186,86c96e6abead964a7144ebf59f90fcf8
5V9E_86d1da647f1f31dde8b6ed5629f25227_repeat_1,86d1da647f1f31dde8b6ed5629f25227,3833519,5,4,256,97722.0,CNN,EC-NAS,8,2,0,1,231.5733573436737,122152.5,421.99154998203267,86d1da647f1f31dde8b6ed5629f25227
5V9E_86e1b0b8f2fef300e75b014d3248650b_repeat_1,86e1b0b8f2fef300e75b014d3248650b,3543609,5,4,256,92826.0,CNN,EC-NAS,9,2,0,1,209.02319765090942,116032.5,444.09424907482816,86e1b0b8f2fef300e75b014d3248650b
5V9E_86f906c770bc64a34e77f0a50034994f_repeat_1,86f906c770bc64a34e77f0a50034994f,4342154,5,4,256,95738.4,CNN,EC-NAS,8,1,1,1,210.94152116775513,119673.0,453.8622812142436,86f906c770bc64a34e77f0a50034994f
5V9E_870a95e3ccd87b7d35ba44e14738478d_repeat_1,870a95e3ccd87b7d35ba44e14738478d,1583127,5,4,256,70905.6,CNN,EC-NAS,8,0,1,2,162.893404006958,88632.0,435.28834351679006,870a95e3ccd87b7d35ba44e14738478d
5V9E_871cb9e60821fb9d8fbe45862d48a8f1_repeat_1,871cb9e60821fb9d8fbe45862d48a8f1,2038941,5,4,256,68421.59999999999,CNN,EC-NAS,7,1,1,1,170.20336270332336,85526.99999999999,401.999108086153,871cb9e60821fb9d8fbe45862d48a8f1
5V9E_87602782d18ed8811eeb48cd90c58446_repeat_1,87602782d18ed8811eeb48cd90c58446,1617445,5,4,256,56926.8,CNN,EC-NAS,8,1,0,2,128.363778591156,71158.5,443.48024516568836,87602782d18ed8811eeb48cd90c58446
5V9E_876b64e5df88930f25ec16cff23cfef4_repeat_1,876b64e5df88930f25ec16cff23cfef4,1733027,5,4,256,58967.99999999999,CNN,EC-NAS,7,1,1,1,140.87318658828735,73709.99999999999,418.58923921653366,876b64e5df88930f25ec16cff23cfef4
5V9E_879b952a092d0456fa7987fe9fafc6a9_repeat_1,879b952a092d0456fa7987fe9fafc6a9,2493744,5,4,256,64123.200000000004,CNN,EC-NAS,6,2,1,0,142.1147289276123,80154.0,451.2072779779347,879b952a092d0456fa7987fe9fafc6a9
5V9E_87b570a974243ea07f977eacdc025c4b_repeat_1,87b570a974243ea07f977eacdc025c4b,3207690,5,4,256,64468.8,CNN,EC-NAS,6,1,0,2,139.09768319129944,80586.0,463.47860381928007,87b570a974243ea07f977eacdc025c4b
5V9E_87de03f0f8de3fa049eaff73c80a8ad7_repeat_1,87de03f0f8de3fa049eaff73c80a8ad7,4518282,5,4,256,101937.6,CNN,EC-NAS,8,1,0,2,218.56400108337402,127422.0,466.3970255610146,87de03f0f8de3fa049eaff73c80a8ad7
5V9E_87ec913ca9b1904d103a649869a8daff_repeat_1,87ec913ca9b1904d103a649869a8daff,3644554,5,4,256,72738.0,CNN,EC-NAS,7,1,0,2,153.16209864616394,90922.5,474.90861409544794,87ec913ca9b1904d103a649869a8daff
5V9E_880b82eda2a936d94592d29371c118fc_repeat_1,880b82eda2a936d94592d29371c118fc,4541322,5,4,256,129654.0,CNN,EC-NAS,7,0,1,2,259.6405830383301,162067.5,499.35953186817295,880b82eda2a936d94592d29371c118fc
5V9E_8810708382e7993dff9f4fb2742d3635_repeat_1,8810708382e7993dff9f4fb2742d3635,2957706,5,4,256,75182.4,CNN,EC-NAS,4,0,2,1,152.00300526618958,93978.0,494.61127343067744,8810708382e7993dff9f4fb2742d3635
5V9E_88545f5845b81db3fef23482e1fc84b4_repeat_1,88545f5845b81db3fef23482e1fc84b4,2714634,5,4,256,101538.0,CNN,EC-NAS,8,0,2,1,228.24434113502502,126922.5,444.86535567570564,88545f5845b81db3fef23482e1fc84b4
5V9E_886b588110286ae2a015abe91fc5977a_repeat_1,886b588110286ae2a015abe91fc5977a,3905290,5,4,256,73155.59999999999,CNN,EC-NAS,6,1,1,1,168.5798134803772,91444.49999999999,433.9523130894634,886b588110286ae2a015abe91fc5977a
5V9E_88869bea971c8e869c32233eab76b7eb_repeat_1,88869bea971c8e869c32233eab76b7eb,6843402,5,4,256,112100.4,CNN,EC-NAS,9,2,0,1,256.50379705429077,140125.5,437.0321269601837,88869bea971c8e869c32233eab76b7eb
5V9E_88e82447183b34c14c398690db205314_repeat_1,88e82447183b34c14c398690db205314,6406538,5,4,256,100339.2,CNN,EC-NAS,8,2,0,1,223.69675421714783,125424.0,448.550093411719,88e82447183b34c14c398690db205314
5V9E_890e2c135dd72a87bc8de6bb26ae721e_repeat_1,890e2c135dd72a87bc8de6bb26ae721e,11051402,5,4,256,101898.0,CNN,EC-NAS,5,1,0,2,207.01289463043213,127372.5,492.23020711783425,890e2c135dd72a87bc8de6bb26ae721e
5V9E_893395a777685e31f8320c96efe5f4f4_repeat_1,893395a777685e31f8320c96efe5f4f4,1744408,5,4,256,59083.2,CNN,EC-NAS,7,1,1,1,144.27300596237183,73854.0,409.52359456217073,893395a777685e31f8320c96efe5f4f4
5V9E_8937889a2f3846ad2c0d2eeda5b4f093_repeat_1,8937889a2f3846ad2c0d2eeda5b4f093,1988486,5,4,256,84805.20000000001,CNN,EC-NAS,9,0,2,1,216.5273871421814,106006.50000000001,391.66038587217236,8937889a2f3846ad2c0d2eeda5b4f093
5V9E_894bba17519cce2c043f8c23fc86a1b2_repeat_1,894bba17519cce2c043f8c23fc86a1b2,4779018,5,4,256,106693.2,CNN,EC-NAS,9,1,1,1,242.15794253349304,133366.5,440.5934361836725,894bba17519cce2c043f8c23fc86a1b2
5V9E_895c592f439643c3ffb2765c6d7d91ec_repeat_1,895c592f439643c3ffb2765c6d7d91ec,3240509,5,4,256,80006.40000000001,CNN,EC-NAS,8,2,0,1,178.05063724517822,100008.00000000001,449.3463277518635,895c592f439643c3ffb2765c6d7d91ec
5V9E_89643be7a411ac22131c5d7e4051a136_repeat_1,89643be7a411ac22131c5d7e4051a136,5969674,5,4,256,85122.0,CNN,EC-NAS,6,2,0,1,185.06221199035645,106402.5,459.964241670448,89643be7a411ac22131c5d7e4051a136
5V9E_89678ac5eeab4b0b40398c6aeaf86d1c_repeat_1,89678ac5eeab4b0b40398c6aeaf86d1c,6843402,5,4,256,110887.2,CNN,EC-NAS,8,2,0,1,255.44115471839905,138609.0,434.10076235461423,89678ac5eeab4b0b40398c6aeaf86d1c
5V9E_898a4b763c7a0a16101d9836d8207969_repeat_1,898a4b763c7a0a16101d9836d8207969,4166026,5,4,256,96624.0,CNN,EC-NAS,7,1,2,0,218.60495734214783,120780.0,442.0027851828159,898a4b763c7a0a16101d9836d8207969
5V9E_898ae15d567418c416dc4b507bacd9f9_repeat_1,898ae15d567418c416dc4b507bacd9f9,998019,5,4,256,60098.4,CNN,EC-NAS,8,0,1,2,143.10383892059326,75123.0,419.9635764722422,898ae15d567418c416dc4b507bacd9f9
5V9E_898fa7d36b379f387ba9dc5c50c12c73_repeat_1,898fa7d36b379f387ba9dc5c50c12c73,2793866,5,4,256,79952.4,CNN,EC-NAS,5,0,1,2,163.9742956161499,99940.5,487.59105626629355,898fa7d36b379f387ba9dc5c50c12c73
5V9E_899874fd7dd9b1ebd92ae355bab91624_repeat_1,899874fd7dd9b1ebd92ae355bab91624,1574184,5,4,256,58899.6,CNN,EC-NAS,7,1,2,0,138.82590699195862,73624.5,424.26951335107583,899874fd7dd9b1ebd92ae355bab91624
5V9E_89affbc794f6441feef70489802989bc_repeat_1,89affbc794f6441feef70489802989bc,3065016,5,4,256,93808.8,CNN,EC-NAS,8,2,1,0,208.07646441459656,117261.0,450.83811022992046,89affbc794f6441feef70489802989bc
5V9E_89bcdafec298c7806623a6a6f3965a2f_repeat_1,89bcdafec298c7806623a6a6f3965a2f,14000266,5,4,256,171662.4,CNN,EC-NAS,7,1,2,0,342.54762291908264,214578.0,501.13440734793966,89bcdafec298c7806623a6a6f3965a2f
5V9E_89c18cead179036b40e53ed538b9cdd1_repeat_1,89c18cead179036b40e53ed538b9cdd1,2606755,5,4,256,77166.0,CNN,EC-NAS,8,1,1,1,189.29797768592834,96457.5,407.6430236778817,89c18cead179036b40e53ed538b9cdd1
5V9E_89d845cd7534d4684b17f59771382c37_repeat_1,89d845cd7534d4684b17f59771382c37,4081418,5,4,256,83919.59999999999,CNN,EC-NAS,7,1,0,2,183.531635761261,104899.49999999999,457.2486898616383,89d845cd7534d4684b17f59771382c37
5V9E_89e7e76320aefd0552c1bfa7f0010ec3_repeat_1,89e7e76320aefd0552c1bfa7f0010ec3,11215242,5,4,256,93891.6,CNN,EC-NAS,5,1,1,1,200.3513321876526,117364.5,468.6347676094286,89e7e76320aefd0552c1bfa7f0010ec3
5V9E_8a696966ceb485f331e4334bd16b93b7_repeat_1,8a696966ceb485f331e4334bd16b93b7,2909855,5,4,256,92725.2,CNN,EC-NAS,8,1,1,1,220.11903047561646,115906.5,421.2502653661814,8a696966ceb485f331e4334bd16b93b7
5V9E_8a6d6c50e4b6c2af5f82953bc51973a4_repeat_1,8a6d6c50e4b6c2af5f82953bc51973a4,6230410,5,4,256,99878.40000000001,CNN,EC-NAS,7,2,1,0,212.42222261428833,124848.00000000001,470.188094121193,8a6d6c50e4b6c2af5f82953bc51973a4
5V9E_8a78729f49cf73d5583a5e66e3466798_repeat_1,8a78729f49cf73d5583a5e66e3466798,2453898,5,4,256,90396.0,CNN,EC-NAS,9,0,1,2,209.89968156814575,112995.0,430.6628734482008,8a78729f49cf73d5583a5e66e3466798
5V9E_8a7eadedb6f1fe61565b27a68b161090_repeat_1,8a7eadedb6f1fe61565b27a68b161090,1143306,5,4,256,50328.0,CNN,EC-NAS,6,0,1,2,120.38281512260437,62910.0,418.0663157672733,8a7eadedb6f1fe61565b27a68b161090
5V9E_8ae92a5feb7e7cdcc32a0639dd6c0e24_repeat_1,8ae92a5feb7e7cdcc32a0639dd6c0e24,1143306,5,4,256,57625.200000000004,CNN,EC-NAS,7,0,1,2,122.1197988986969,72031.5,471.87434404311733,8ae92a5feb7e7cdcc32a0639dd6c0e24
5V9E_8b0645f510795311bbdf13fbc804cf5a_repeat_1,8b0645f510795311bbdf13fbc804cf5a,4276808,5,4,256,85312.8,CNN,EC-NAS,7,3,0,0,204.24408268928528,106641.0,417.7002284555074,8b0645f510795311bbdf13fbc804cf5a
5V9E_8b262dd1aa44845009264e4cf7a90288_repeat_1,8b262dd1aa44845009264e4cf7a90288,708242,5,4,256,44697.6,CNN,EC-NAS,7,0,1,2,111.33388423919678,55872.0,401.47346250822295,8b262dd1aa44845009264e4cf7a90288
5V9E_8b41d6be7b4355f03fda3ce89cfcb436_repeat_1,8b41d6be7b4355f03fda3ce89cfcb436,5969674,5,4,256,81543.6,CNN,EC-NAS,7,2,0,1,189.36579203605652,101929.5,430.61420504329294,8b41d6be7b4355f03fda3ce89cfcb436
5V9E_8b5ecae657cb9121aec98237818ce370_repeat_1,8b5ecae657cb9121aec98237818ce370,4166026,5,4,256,90680.4,CNN,EC-NAS,6,1,2,0,196.48250913619995,113350.5,461.51894333322633,8b5ecae657cb9121aec98237818ce370
5V9E_8b7c30a1fd76ef68a261047bea3f3d64_repeat_1,8b7c30a1fd76ef68a261047bea3f3d64,5969674,5,4,256,83570.4,CNN,EC-NAS,7,2,0,1,189.49194955825806,104463.0,441.02348513917644,8b7c30a1fd76ef68a261047bea3f3d64
5V9E_8b8de6b476b2985acc2976ef048859d0_repeat_1,8b8de6b476b2985acc2976ef048859d0,1580170,5,4,256,61912.8,CNN,EC-NAS,7,0,1,2,139.5677707195282,77391.0,443.6038469398381,8b8de6b476b2985acc2976ef048859d0
5V9E_8b9b18d43c82415afd42f9ed17a88eb1_repeat_1,8b9b18d43c82415afd42f9ed17a88eb1,11051402,5,4,256,101073.6,CNN,EC-NAS,6,1,0,2,211.69291830062866,126342.0,477.4538553834082,8b9b18d43c82415afd42f9ed17a88eb1
5V9E_8ba7c8b64f5dad0a31e8f78bc14b2272_repeat_1,8ba7c8b64f5dad0a31e8f78bc14b2272,2024094,5,4,256,80308.8,CNN,EC-NAS,7,1,1,1,173.7839765548706,100386.0,462.1185542652333,8ba7c8b64f5dad0a31e8f78bc14b2272
5V9E_8bb7c4fd74154bce299cf3b37849d7bb_repeat_1,8bb7c4fd74154bce299cf3b37849d7bb,1756298,5,4,256,62125.200000000004,CNN,EC-NAS,7,0,0,3,143.21588325500488,77656.5,433.78708134894634,8bb7c4fd74154bce299cf3b37849d7bb
5V9E_8bca5ff9ebeefebb12733f8b17bf0c2a_repeat_1,8bca5ff9ebeefebb12733f8b17bf0c2a,9168522,5,4,256,129502.79999999999,CNN,EC-NAS,9,3,0,0,298.6244604587555,161878.5,433.66440847161033,8bca5ff9ebeefebb12733f8b17bf0c2a
5V9E_8bcd55146e9b935695fe5f19fd08b199_repeat_1,8bcd55146e9b935695fe5f19fd08b199,4705162,5,4,256,113806.8,CNN,EC-NAS,6,0,2,1,251.1504294872284,142258.5,453.14196847028427,8bcd55146e9b935695fe5f19fd08b199
5V9E_8c190becad86f7cd87955a480622735c_repeat_1,8c190becad86f7cd87955a480622735c,4166026,5,4,256,85449.6,CNN,EC-NAS,7,1,2,0,200.04275631904602,106812.0,427.1566817631595,8c190becad86f7cd87955a480622735c
5V9E_8c1952b65f7fae6b29f23d1235f7b8c5_repeat_1,8c1952b65f7fae6b29f23d1235f7b8c5,2771002,5,4,256,79466.4,CNN,EC-NAS,8,2,1,0,181.153546333313,99333.0,438.6687515009284,8c1952b65f7fae6b29f23d1235f7b8c5
5V9E_8c3cd4659745614f771ccb25ac405bfe_repeat_1,8c3cd4659745614f771ccb25ac405bfe,3729162,5,4,256,78271.2,CNN,EC-NAS,5,1,2,0,180.37410044670105,97839.0,433.9381308411761,8c3cd4659745614f771ccb25ac405bfe
5V9E_8c408de72013023412c462bd14f50f9f_repeat_1,8c408de72013023412c462bd14f50f9f,3659058,5,4,256,95659.2,CNN,EC-NAS,8,2,1,0,228.3365559577942,119574.0,418.93948868039195,8c408de72013023412c462bd14f50f9f
5V9E_8c4ec8489ec6ac4e4e0ba4f877bab9a0_repeat_1,8c4ec8489ec6ac4e4e0ba4f877bab9a0,4342154,5,4,256,101617.2,CNN,EC-NAS,8,1,1,1,212.30692791938782,127021.5,478.63346239263416,8c4ec8489ec6ac4e4e0ba4f877bab9a0
5V9E_8c5cf206dd870eca1f6dc2e8f70d0750_repeat_1,8c5cf206dd870eca1f6dc2e8f70d0750,4342154,5,4,256,85791.6,CNN,EC-NAS,6,1,1,1,201.8457407951355,107239.5,425.0354734364927,8c5cf206dd870eca1f6dc2e8f70d0750
5V9E_8c9eadfd0bf7e2ac96afe53057b99760_repeat_1,8c9eadfd0bf7e2ac96afe53057b99760,4166026,5,4,256,91000.79999999999,CNN,EC-NAS,6,1,2,0,214.1999442577362,113750.99999999999,424.84044669266217,8c9eadfd0bf7e2ac96afe53057b99760
5V9E_8cb3a764fd692371153c2c8503f840e0_repeat_1,8cb3a764fd692371153c2c8503f840e0,11051402,4,4,256,95223.59999999999,CNN,EC-NAS,4,1,0,1,198.08260655403137,119029.49999999999,480.7267112270439,8cb3a764fd692371153c2c8503f840e0
5V9E_8cca79ebad9b132b2e94a4635e7275ea_repeat_1,8cca79ebad9b132b2e94a4635e7275ea,4081418,5,4,256,91609.2,CNN,EC-NAS,7,1,0,2,184.08564615249634,114511.5,497.64444928047806,8cca79ebad9b132b2e94a4635e7275ea
5V9E_8cde6d91c55887e02d1e539a4158519d_repeat_1,8cde6d91c55887e02d1e539a4158519d,12252810,5,4,256,119473.20000000001,CNN,EC-NAS,4,1,2,0,229.4609398841858,149341.5,520.6690082429753,8cde6d91c55887e02d1e539a4158519d
5V9E_8ce1eccad5c5797faaea4ab6a71c05fc_repeat_1,8ce1eccad5c5797faaea4ab6a71c05fc,2975370,5,4,256,114235.20000000001,CNN,EC-NAS,8,0,3,0,254.36126971244812,142794.0,449.1061085248604,8ce1eccad5c5797faaea4ab6a71c05fc
5V9E_8ce7a157bb8325e06b4979c5ad77d620_repeat_1,8ce7a157bb8325e06b4979c5ad77d620,3031562,5,4,256,50727.6,CNN,EC-NAS,5,1,1,1,121.07585644721985,63409.5,418.9737036641446,8ce7a157bb8325e06b4979c5ad77d620
5V9E_8d0b342eaf36d959db1f55270629cc6f_repeat_1,8d0b342eaf36d959db1f55270629cc6f,4166026,5,4,256,97621.2,CNN,EC-NAS,8,1,2,0,224.4753258228302,122026.5,434.8861044845912,8d0b342eaf36d959db1f55270629cc6f
5V9E_8d3ffe0d1458f92482106e2c9fb13c94_repeat_1,8d3ffe0d1458f92482106e2c9fb13c94,3207690,4,4,256,56462.4,CNN,EC-NAS,5,1,0,1,129.70909690856934,70578.0,435.3002321787792,8d3ffe0d1458f92482106e2c9fb13c94
5V9E_8d42a29dc90a11f21d261eb80f67c8f9_repeat_1,8d42a29dc90a11f21d261eb80f67c8f9,2362158,5,4,256,51951.6,CNN,EC-NAS,7,2,0,1,125.87514662742615,64939.5,412.7232530959419,8d42a29dc90a11f21d261eb80f67c8f9
5V9E_8d6812e2edad848ca32882563568e9cc_repeat_1,8d6812e2edad848ca32882563568e9cc,3822005,5,4,256,106387.2,CNN,EC-NAS,9,2,0,1,235.22377800941467,132984.0,452.280806389148,8d6812e2edad848ca32882563568e9cc
5V9E_8dd13a561a5d593fdc828306b10a4e60_repeat_1,8dd13a561a5d593fdc828306b10a4e60,706442,5,4,256,36878.4,CNN,EC-NAS,5,0,1,2,89.09794640541077,46098.0,413.90852974542224,8dd13a561a5d593fdc828306b10a4e60
5V9E_8defd2120043a5b2743d2a6639d14523_repeat_1,8defd2120043a5b2743d2a6639d14523,535071,5,4,256,45378.0,CNN,EC-NAS,7,0,2,1,104.06923389434814,56722.5,436.0366488915262,8defd2120043a5b2743d2a6639d14523
5V9E_8e22211cc3e8ca3c481e869fabb76557_repeat_1,8e22211cc3e8ca3c481e869fabb76557,3667594,5,4,256,103870.8,CNN,EC-NAS,7,0,1,2,218.791090965271,129838.5,474.7487639544133,8e22211cc3e8ca3c481e869fabb76557
5V9E_8e67860ae8b67e10bc246c4cc897feb9_repeat_1,8e67860ae8b67e10bc246c4cc897feb9,2898341,5,4,256,97146.0,CNN,EC-NAS,9,1,1,1,223.0472114086151,121432.5,435.54007865192153,8e67860ae8b67e10bc246c4cc897feb9
5V9E_8ec4c06192d611a8a35dbc4aed34f366_repeat_1,8ec4c06192d611a8a35dbc4aed34f366,1404042,5,4,256,66510.0,CNN,EC-NAS,7,0,2,1,148.07967114448547,83137.5,449.1501060608403,8ec4c06192d611a8a35dbc4aed34f366
5V9E_8ed5f83752c19efff2fdbab570b71efd_repeat_1,8ed5f83752c19efff2fdbab570b71efd,1699095,5,4,256,74001.6,CNN,EC-NAS,8,0,2,1,180.9975016117096,92502.0,408.8542623022178,8ed5f83752c19efff2fdbab570b71efd
5V9E_8ee9a383f296df8684f74e44b6a8d6b7_repeat_1,8ee9a383f296df8684f74e44b6a8d6b7,4568394,5,4,256,104706.0,CNN,EC-NAS,9,3,0,0,243.371431350708,130882.5,430.231270033969,8ee9a383f296df8684f74e44b6a8d6b7
5V9E_8eef92fd8c74217207b794a1017f1472_repeat_1,8eef92fd8c74217207b794a1017f1472,1840906,5,4,256,68659.2,CNN,EC-NAS,6,0,2,1,157.72556567192078,85824.0,435.3079965667424,8eef92fd8c74217207b794a1017f1472
5V9E_8efb313f459cc6c1dacb707d27e646ed_repeat_1,8efb313f459cc6c1dacb707d27e646ed,2215724,5,4,256,64202.399999999994,CNN,EC-NAS,7,1,0,2,143.04380440711975,80253.0,448.8303444256299,8efb313f459cc6c1dacb707d27e646ed
5V9E_8f036f5f8a50331d0792d45a9f15b366_repeat_1,8f036f5f8a50331d0792d45a9f15b366,1742732,5,4,256,63799.200000000004,CNN,EC-NAS,8,1,1,1,146.49686241149902,79749.0,435.49874686594103,8f036f5f8a50331d0792d45a9f15b366
5V9E_8f043bf41775f3aaa181412f31c0ed49_repeat_1,8f043bf41775f3aaa181412f31c0ed49,20510346,5,4,256,143074.8,CNN,EC-NAS,5,2,1,0,280.98792266845703,178843.5,509.1848740019216,8f043bf41775f3aaa181412f31c0ed49
5V9E_8f11ff0955287d8093b05ce5dc1f249b_repeat_1,8f11ff0955287d8093b05ce5dc1f249b,2101642,5,4,256,81831.6,CNN,EC-NAS,7,0,3,0,199.7694616317749,102289.5,409.6301773633255,8f11ff0955287d8093b05ce5dc1f249b
5V9E_8f44388617d6e435e6cf0fac1ba04259_repeat_1,8f44388617d6e435e6cf0fac1ba04259,1404042,5,4,256,60292.799999999996,CNN,EC-NAS,6,0,2,1,145.59730052947998,75366.0,414.1065787671808,8f44388617d6e435e6cf0fac1ba04259
5V9E_8f7262431bf7cf64b2d5c39349f9679e_repeat_1,8f7262431bf7cf64b2d5c39349f9679e,3831434,5,4,256,96814.8,CNN,EC-NAS,6,0,2,1,205.9347710609436,121018.5,470.12361973272095,8f7262431bf7cf64b2d5c39349f9679e
5V9E_8f78322b62723455648175fd25ca1988_repeat_1,8f78322b62723455648175fd25ca1988,3729162,5,4,256,69609.59999999999,CNN,EC-NAS,5,1,2,0,179.24433827400208,87011.99999999999,388.35034160795186,8f78322b62723455648175fd25ca1988
5V9E_8f7fbc47afdf09c9769b39d15e5121d1_repeat_1,8f7fbc47afdf09c9769b39d15e5121d1,2622373,5,4,256,90043.2,CNN,EC-NAS,9,1,1,1,195.45325541496277,112554.0,460.6891801767698,8f7fbc47afdf09c9769b39d15e5121d1
5V9E_8f8261e9ae3b56e4aa0ffb2c15f539f9_repeat_1,8f8261e9ae3b56e4aa0ffb2c15f539f9,4779018,5,4,256,109422.0,CNN,EC-NAS,8,1,1,1,247.61083507537842,136777.5,441.91119490667455,8f8261e9ae3b56e4aa0ffb2c15f539f9
5V9E_8f96c7118a3507f69e0f14ad76ba0ef4_repeat_1,8f96c7118a3507f69e0f14ad76ba0ef4,3644554,5,4,256,74786.40000000001,CNN,EC-NAS,8,1,0,2,169.52143740653992,93483.00000000001,441.1619034390918,8f96c7118a3507f69e0f14ad76ba0ef4
5V9E_8fb886a30e5f599008b931eeb793e964_repeat_1,8fb886a30e5f599008b931eeb793e964,5532810,5,4,256,75474.0,CNN,EC-NAS,6,2,0,1,175.64676189422607,94342.5,429.6919521092578,8fb886a30e5f599008b931eeb793e964
5V9E_8fbc985b47eddbcbae9ab11e5de8980f_repeat_1,8fbc985b47eddbcbae9ab11e5de8980f,1840906,5,4,256,74948.40000000001,CNN,EC-NAS,8,0,2,1,178.15831565856934,93685.50000000001,420.68426457081307,8fbc985b47eddbcbae9ab11e5de8980f
5V9E_8fc0cb04b0b674777272573706ca1a34_repeat_1,8fc0cb04b0b674777272573706ca1a34,2975370,5,4,256,108939.6,CNN,EC-NAS,8,0,3,0,256.9067225456238,136174.5,424.0433995675358,8fc0cb04b0b674777272573706ca1a34
5V9E_8fc4b45420426441d65a8778bb026fd1_repeat_1,8fc4b45420426441d65a8778bb026fd1,4705162,5,4,256,112748.4,CNN,EC-NAS,6,0,2,1,247.1276822090149,140935.5,456.2354123672798,8fc4b45420426441d65a8778bb026fd1
5V9E_8fcda4ab779bbf8b2fab72c370a270b1_repeat_1,8fcda4ab779bbf8b2fab72c370a270b1,4342154,5,4,256,86252.40000000001,CNN,EC-NAS,7,1,1,1,206.21132445335388,107815.50000000001,418.271887970492,8fcda4ab779bbf8b2fab72c370a270b1
5V9E_8fdd8589c9afaf7fecb9e90537c0e098_repeat_1,8fdd8589c9afaf7fecb9e90537c0e098,1918869,5,4,256,66232.8,CNN,EC-NAS,8,1,0,2,154.0421712398529,82791.0,429.9653755001386,8fdd8589c9afaf7fecb9e90537c0e098
5V9E_8ff20e6c97d9e3ded9b7a8612f623b7e_repeat_1,8ff20e6c97d9e3ded9b7a8612f623b7e,14000266,5,4,256,158893.2,CNN,EC-NAS,6,1,2,0,328.5198907852173,198616.5,483.66386467564803,8ff20e6c97d9e3ded9b7a8612f623b7e
5V9E_8ffc0fcf52a9cd55f54d76d5ad5be9ab_repeat_1,8ffc0fcf52a9cd55f54d76d5ad5be9ab,1918869,5,4,256,62280.0,CNN,EC-NAS,8,1,0,2,151.3088629245758,77850.0,411.6084067794841,8ffc0fcf52a9cd55f54d76d5ad5be9ab
5V9E_9018052602458f76ad130860a69da2f5_repeat_1,9018052602458f76ad130860a69da2f5,3694666,5,4,256,81180.0,CNN,EC-NAS,7,3,0,0,189.90657424926758,101475.0,427.47335273103687,9018052602458f76ad130860a69da2f5
5V9E_90636326202bbf148410239b8760b870_repeat_1,90636326202bbf148410239b8760b870,2017034,5,4,256,73371.6,CNN,EC-NAS,8,0,1,2,168.73940992355347,91714.5,434.82195435696167,90636326202bbf148410239b8760b870
5V9E_907802d27f786475545b76371b5b5da9_repeat_1,907802d27f786475545b76371b5b5da9,12088970,5,4,256,120142.8,CNN,EC-NAS,5,1,1,1,246.61298608779907,150178.5,487.17142558432346,907802d27f786475545b76371b5b5da9
5V9E_907898c9e4e38e5c1b2c46fc185cf6ae_repeat_1,907898c9e4e38e5c1b2c46fc185cf6ae,5532810,5,4,256,72975.6,CNN,EC-NAS,7,2,0,1,174.48795795440674,91219.5,418.2271421794525,907898c9e4e38e5c1b2c46fc185cf6ae
5V9E_909c2e3d6dc9114764ac1683f7c7e408_repeat_1,909c2e3d6dc9114764ac1683f7c7e408,1143306,5,4,256,48366.0,CNN,EC-NAS,6,0,1,2,119.95252823829651,60457.5,403.20950888101817,909c2e3d6dc9114764ac1683f7c7e408
5V9E_90b0bf847b1e6f25bf41a7857859efa7_repeat_1,90b0bf847b1e6f25bf41a7857859efa7,5039754,5,4,256,112100.4,CNN,EC-NAS,7,1,2,0,263.0647523403168,140125.5,426.13234575409786,90b0bf847b1e6f25bf41a7857859efa7
5V9E_90c27586a8327162d48ac608a2a069ea_repeat_1,90c27586a8327162d48ac608a2a069ea,3235886,5,4,256,79056.0,CNN,EC-NAS,7,2,0,1,174.33316016197205,98820.0,453.4765498804099,90c27586a8327162d48ac608a2a069ea
5V9E_90df3386265fdcbc228be7274b62f848_repeat_1,90df3386265fdcbc228be7274b62f848,3031562,5,4,256,54694.8,CNN,EC-NAS,6,1,1,1,124.63852953910828,68368.5,438.8273850971438,90df3386265fdcbc228be7274b62f848
5V9E_90e3f5faec3240ddfee38a004cead72a_repeat_1,90e3f5faec3240ddfee38a004cead72a,1920138,5,4,256,55738.8,CNN,EC-NAS,4,0,1,2,115.92758011817932,69673.5,480.8070688888576,90e3f5faec3240ddfee38a004cead72a
5V9E_90ece241023a0eeb9959710c9da542d8_repeat_1,90ece241023a0eeb9959710c9da542d8,1756298,5,4,256,55933.200000000004,CNN,EC-NAS,5,0,0,3,128.22896432876587,69916.5,436.1978613240066,90ece241023a0eeb9959710c9da542d8
5V9E_911f8bef7eb62344899651de68b972a5_repeat_1,911f8bef7eb62344899651de68b972a5,1627283,5,4,256,58118.399999999994,CNN,EC-NAS,7,1,0,2,126.5167088508606,72648.0,459.37331541330764,911f8bef7eb62344899651de68b972a5
5V9E_9125dba9ab79d39f91f6dd0af8356221_repeat_1,9125dba9ab79d39f91f6dd0af8356221,6406538,5,4,256,90493.2,CNN,EC-NAS,7,2,0,1,221.19122433662415,113116.5,409.11749673342,9125dba9ab79d39f91f6dd0af8356221
5V9E_9130232489f5c1945dbb033265aa033b_repeat_1,9130232489f5c1945dbb033265aa033b,6230410,5,4,256,93420.0,CNN,EC-NAS,7,2,1,0,214.1636049747467,116775.0,436.20857059730434,9130232489f5c1945dbb033265aa033b
5V9E_917393a2535f918702f65772184632fa_repeat_1,917393a2535f918702f65772184632fa,882570,5,4,256,49957.200000000004,CNN,EC-NAS,8,0,0,3,120.760977268219,62446.50000000001,413.68661574377126,917393a2535f918702f65772184632fa
5V9E_91a8e916c92d2a22c459962024b59fed_repeat_1,91a8e916c92d2a22c459962024b59fed,3905290,5,4,256,80200.8,CNN,EC-NAS,6,1,1,1,189.9721646308899,100251.0,422.1713226031177,91a8e916c92d2a22c459962024b59fed
5V9E_91f3f46045b1f6e0b74d70db9d819a93_repeat_1,91f3f46045b1f6e0b74d70db9d819a93,2606755,5,4,256,79286.4,CNN,EC-NAS,7,1,1,1,186.6984293460846,99108.0,424.6763096920653,91f3f46045b1f6e0b74d70db9d819a93
5V9E_91f68ed91c03495fba92e751bf33d9fb_repeat_1,91f68ed91c03495fba92e751bf33d9fb,5039754,5,4,256,120585.59999999999,CNN,EC-NAS,8,1,2,0,271.0999844074249,150732.0,444.8012059594105,91f68ed91c03495fba92e751bf33d9fb
5V9E_91f9ebbd95aeedfb6e3f3050ef9bba6e_repeat_1,91f9ebbd95aeedfb6e3f3050ef9bba6e,2793866,5,4,256,75254.4,CNN,EC-NAS,5,0,1,2,162.9804482460022,94068.0,461.73882088243636,91f9ebbd95aeedfb6e3f3050ef9bba6e
5V9E_92010f3eeffe4894b91669356a503e2f_repeat_1,92010f3eeffe4894b91669356a503e2f,4541322,5,4,256,128116.8,CNN,EC-NAS,8,0,1,2,266.22294330596924,160146.0,481.2387633050685,92010f3eeffe4894b91669356a503e2f
5V9E_9205f3085fe97cb7a47783c3bbc01eab_repeat_1,9205f3085fe97cb7a47783c3bbc01eab,5532810,4,4,256,72457.2,CNN,EC-NAS,4,2,0,0,164.82124996185303,90571.5,439.6107905793083,9205f3085fe97cb7a47783c3bbc01eab
5V9E_921cea05fb2daf42fa64d2be34724b37_repeat_1,921cea05fb2daf42fa64d2be34724b37,825367,5,4,256,49982.4,CNN,EC-NAS,7,0,2,1,131.76430201530457,62478.0,379.33187696159536,921cea05fb2daf42fa64d2be34724b37
5V9E_921e3592b64036251615cd083f1b432c_repeat_1,921e3592b64036251615cd083f1b432c,3905290,5,4,256,80629.2,CNN,EC-NAS,7,1,1,1,193.7478756904602,100786.5,416.15527247801475,921e3592b64036251615cd083f1b432c
5V9E_9227766ab9d833b2509efd52e87794d0_repeat_1,9227766ab9d833b2509efd52e87794d0,3905290,5,4,256,85860.0,CNN,EC-NAS,7,1,1,1,191.99573874473572,107325.0,447.1974251165727,9227766ab9d833b2509efd52e87794d0
5V9E_923f6f017a94c5013c59191cdde55950_repeat_1,923f6f017a94c5013c59191cdde55950,4342154,5,4,256,91569.6,CNN,EC-NAS,7,1,1,1,205.37649011611938,114462.0,445.8621332374839,923f6f017a94c5013c59191cdde55950
5V9E_92482da227cd6e54542ec1f5dde076f0_repeat_1,92482da227cd6e54542ec1f5dde076f0,999309,5,4,256,60048.0,CNN,EC-NAS,8,0,1,2,146.14802837371826,75060.0,410.8710919209253,92482da227cd6e54542ec1f5dde076f0
5V9E_924cb4ec0760bc1396d99b2cac57586b_repeat_1,924cb4ec0760bc1396d99b2cac57586b,1143306,5,4,256,51660.0,CNN,EC-NAS,6,0,1,2,118.96159744262695,64575.0,434.2577866350079,924cb4ec0760bc1396d99b2cac57586b
5V9E_924cc34a4cd90912345532a6f0c5abaf_repeat_1,924cc34a4cd90912345532a6f0c5abaf,3468426,5,4,256,66556.8,CNN,EC-NAS,6,1,1,1,159.0255262851715,83196.0,418.5290346447114,924cc34a4cd90912345532a6f0c5abaf
5V9E_924d1133a9fa2704e4c80961c7b55090_repeat_1,924d1133a9fa2704e4c80961c7b55090,4342154,5,4,256,85950.0,CNN,EC-NAS,7,1,1,1,204.06292963027954,107437.5,421.19360020815094,924d1133a9fa2704e4c80961c7b55090
5V9E_926d8eaa4130bf68a73dad7fcff093c2_repeat_1,926d8eaa4130bf68a73dad7fcff093c2,6230410,5,4,256,106686.0,CNN,EC-NAS,8,2,1,0,230.93569040298462,133357.5,461.9727674567412,926d8eaa4130bf68a73dad7fcff093c2
5V9E_9295d4d5e9c59c40b40af9455a9f8965_repeat_1,9295d4d5e9c59c40b40af9455a9f8965,2538506,5,4,256,92959.2,CNN,EC-NAS,8,0,3,0,217.15467858314514,116199.0,428.0782740050768,9295d4d5e9c59c40b40af9455a9f8965
5V9E_929863bb2021136b264355a9e51cf05b_repeat_1,929863bb2021136b264355a9e51cf05b,826657,5,4,256,58190.4,CNN,EC-NAS,8,0,2,1,141.36716675758362,72738.0,411.62599021160895,929863bb2021136b264355a9e51cf05b
5V9E_92ae23eee000bc1c795346597623bd4b_repeat_1,92ae23eee000bc1c795346597623bd4b,2624049,5,4,256,84841.2,CNN,EC-NAS,8,1,1,1,194.22158455848694,106051.5,436.82683463253966,92ae23eee000bc1c795346597623bd4b
5V9E_92b44b991ac13a8115b114e8c9777aab_repeat_1,92b44b991ac13a8115b114e8c9777aab,21220234,5,4,256,161409.6,CNN,EC-NAS,6,2,0,1,334.99645733833313,201762.0,481.82479684250126,92b44b991ac13a8115b114e8c9777aab
5V9E_92d69905c646f870cb66d16e07c4e2aa_repeat_1,92d69905c646f870cb66d16e07c4e2aa,1698709,5,4,256,73782.0,CNN,EC-NAS,7,0,2,1,176.79300594329834,92227.5,417.3355139606802,92d69905c646f870cb66d16e07c4e2aa
5V9E_92ead01c13737c592461c95b60d14b2f_repeat_1,92ead01c13737c592461c95b60d14b2f,3031562,5,4,256,55756.8,CNN,EC-NAS,5,1,1,1,123.89612126350403,69696.0,450.02861616156366,92ead01c13737c592461c95b60d14b2f
5V9E_93154ffaaff82bc94bda766d4f00ba31_repeat_1,93154ffaaff82bc94bda766d4f00ba31,3905290,5,4,256,76122.0,CNN,EC-NAS,7,1,1,1,171.9339861869812,95152.5,442.7396914837768,93154ffaaff82bc94bda766d4f00ba31
5V9E_93410f1d3e235e658b01bf6df0776800_repeat_1,93410f1d3e235e658b01bf6df0776800,882570,5,4,256,44550.0,CNN,EC-NAS,7,0,0,3,99.86606121063232,55687.5,446.09749758766844,93410f1d3e235e658b01bf6df0776800
5V9E_9356645ae93df380444ea4ea52aa9663_repeat_1,9356645ae93df380444ea4ea52aa9663,5793546,5,4,256,81788.4,CNN,EC-NAS,6,2,1,0,198.52082014083862,102235.5,411.9890293722141,9356645ae93df380444ea4ea52aa9663
5V9E_939d34d0f394cfa18fbb5027b44d870d_repeat_1,939d34d0f394cfa18fbb5027b44d870d,2793866,5,4,256,78966.0,CNN,EC-NAS,5,0,1,2,166.37062573432922,98707.5,474.63907556672734,939d34d0f394cfa18fbb5027b44d870d
5V9E_93a96df5b79cf5b84c0fe94c1e2fb7a1_repeat_1,93a96df5b79cf5b84c0fe94c1e2fb7a1,8731658,5,4,256,113130.0,CNN,EC-NAS,7,3,0,0,260.40050506591797,141412.5,434.44616196639936,93a96df5b79cf5b84c0fe94c1e2fb7a1
5V9E_93b8f7332e209a6f46f8eb71d1de627a_repeat_1,93b8f7332e209a6f46f8eb71d1de627a,4166026,5,4,256,84873.6,CNN,EC-NAS,7,1,2,0,200.06626534461975,106092.0,424.2274421117566,93b8f7332e209a6f46f8eb71d1de627a
5V9E_93bb9d3b06a56d6a7361f8a60335d20d_repeat_1,93bb9d3b06a56d6a7361f8a60335d20d,12798858,5,4,256,148579.2,CNN,EC-NAS,7,1,0,2,300.82077050209045,185724.0,493.9127034081163,93bb9d3b06a56d6a7361f8a60335d20d
5V9E_93f774143331be9a9448b5c5555a6a20_repeat_1,93f774143331be9a9448b5c5555a6a20,2038941,5,4,256,69879.6,CNN,EC-NAS,8,1,1,1,176.1628589630127,87349.5,396.676123510643,93f774143331be9a9448b5c5555a6a20
5V9E_941f75b2c08f8f28c08a14e6b15dec7f_repeat_1,941f75b2c08f8f28c08a14e6b15dec7f,2656691,5,4,256,61952.399999999994,CNN,EC-NAS,6,2,0,1,148.38648056983948,77440.5,417.5070381215863,941f75b2c08f8f28c08a14e6b15dec7f
5V9E_943b349b968d695fe5435d6b7173df52_repeat_1,943b349b968d695fe5435d6b7173df52,21384074,5,4,256,144658.80000000002,CNN,EC-NAS,5,2,1,0,318.09642148017883,180823.50000000003,454.7639967996747,943b349b968d695fe5435d6b7173df52
5V9E_94594368b4c851067305ff66eefecd09_repeat_1,94594368b4c851067305ff66eefecd09,11925130,5,4,256,118990.8,CNN,EC-NAS,6,1,0,2,253.6158730983734,148738.5,469.17725829347216,94594368b4c851067305ff66eefecd09
5V9E_9459a6b30a02db900fbcbc394d989013_repeat_1,9459a6b30a02db900fbcbc394d989013,1732508,5,4,256,69933.59999999999,CNN,EC-NAS,7,1,1,1,146.6416199207306,87416.99999999999,476.90144201764605,9459a6b30a02db900fbcbc394d989013
5V9E_9468dd9a2d80b463ed46f0c3d0be7f38_repeat_1,9468dd9a2d80b463ed46f0c3d0be7f38,14000266,5,4,256,159170.40000000002,CNN,EC-NAS,6,1,2,0,329.1126341819763,198963.00000000003,483.6350339318481,9468dd9a2d80b463ed46f0c3d0be7f38
5V9E_947997a39874cf58b7d1370177b3c29c_repeat_1,947997a39874cf58b7d1370177b3c29c,1664778,5,4,256,67528.8,CNN,EC-NAS,6,0,3,0,168.03010487556458,84411.0,401.88512677539984,947997a39874cf58b7d1370177b3c29c
5V9E_949c4addcb63398bc80c63b5e34c093e_repeat_1,949c4addcb63398bc80c63b5e34c093e,4705162,5,4,256,119469.6,CNN,EC-NAS,7,0,2,1,252.5686674118042,149337.0,473.0182932992598,949c4addcb63398bc80c63b5e34c093e
5V9E_949fe2a495abb2fb74a17d5c36cab032_repeat_1,949fe2a495abb2fb74a17d5c36cab032,1840906,5,4,256,73782.0,CNN,EC-NAS,6,0,2,1,173.9773223400116,92227.5,424.0897549613079,949fe2a495abb2fb74a17d5c36cab032
5V9E_94a85a8d0be4043e7abddd67b0f66995_repeat_1,94a85a8d0be4043e7abddd67b0f66995,5095946,5,4,256,64015.2,CNN,EC-NAS,6,2,0,1,137.58670830726624,80019.0,465.2716878511093,94a85a8d0be4043e7abddd67b0f66995
5V9E_94e559df79d04b77c682dcb81f95dff0_repeat_1,94e559df79d04b77c682dcb81f95dff0,6843402,5,4,256,105663.59999999999,CNN,EC-NAS,8,2,0,1,255.04858589172363,132079.5,414.28812330234837,94e559df79d04b77c682dcb81f95dff0
5V9E_94ea65a39481b049ef8c2e408b656e56_repeat_1,94ea65a39481b049ef8c2e408b656e56,2155680,5,4,256,80989.2,CNN,EC-NAS,8,1,2,0,197.33344984054565,101236.5,410.41800092910216,94ea65a39481b049ef8c2e408b656e56
5V9E_94f52353388f8f190f12dfd267c04dcb_repeat_1,94f52353388f8f190f12dfd267c04dcb,2507310,5,4,256,80053.2,CNN,EC-NAS,8,1,0,2,176.3317310810089,100066.5,453.99202689856537,94f52353388f8f190f12dfd267c04dcb
5V9E_95000ce507cc3a679842e61171a9c5be_repeat_1,95000ce507cc3a679842e61171a9c5be,942106,5,4,256,61394.4,CNN,EC-NAS,7,0,3,0,157.36625289916992,76743.0,390.1370139335881,95000ce507cc3a679842e61171a9c5be
5V9E_950378b1b9e731487a9b6444f51183ac_repeat_1,950378b1b9e731487a9b6444f51183ac,2793866,5,4,256,76881.6,CNN,EC-NAS,5,0,1,2,165.53777074813843,96102.0,464.4353953332707,950378b1b9e731487a9b6444f51183ac
5V9E_950f56d918bd3d0aa38fa2a7c8eb4b2c_repeat_1,950f56d918bd3d0aa38fa2a7c8eb4b2c,4342154,5,4,256,89604.0,CNN,EC-NAS,7,1,1,1,204.52308559417725,112005.0,438.1119116195801,950f56d918bd3d0aa38fa2a7c8eb4b2c
5V9E_951ba807ad571d4f62b0d262bd6e37e6_repeat_1,951ba807ad571d4f62b0d262bd6e37e6,1458735,5,4,256,50083.200000000004,CNN,EC-NAS,6,1,1,1,113.10065031051636,62604.00000000001,442.8197350103402,951ba807ad571d4f62b0d262bd6e37e6
5V9E_954f9e7eb3b4b25f60893283ac377fdd_repeat_1,954f9e7eb3b4b25f60893283ac377fdd,22257802,5,4,256,170496.0,CNN,EC-NAS,6,2,1,0,365.5511577129364,213120.0,466.4080427667221,954f9e7eb3b4b25f60893283ac377fdd
5V9E_958084bec83ef7aae97e8e899a558799_repeat_1,958084bec83ef7aae97e8e899a558799,1815834,5,4,256,84916.8,CNN,EC-NAS,8,0,3,0,208.82150554656982,106146.0,406.64777211398126,958084bec83ef7aae97e8e899a558799
5V9E_95a9f27ff0db2a4f7b17d368a54caa33_repeat_1,95a9f27ff0db2a4f7b17d368a54caa33,3644554,5,4,256,76550.40000000001,CNN,EC-NAS,8,1,0,2,172.1919972896576,95688.00000000001,444.5642143939396,95a9f27ff0db2a4f7b17d368a54caa33
5V9E_95adeed0325f5f51829944341f30e211_repeat_1,95adeed0325f5f51829944341f30e211,5532810,5,4,256,81954.0,CNN,EC-NAS,7,2,0,1,178.50903820991516,102442.5,459.10280410355114,95adeed0325f5f51829944341f30e211
5V9E_95bf64254de500ae7ff90784cc1351a1_repeat_1,95bf64254de500ae7ff90784cc1351a1,1580170,5,4,256,63460.8,CNN,EC-NAS,7,0,1,2,153.21136283874512,79326.0,414.2042654290104,95bf64254de500ae7ff90784cc1351a1
5V9E_95cbf1ef098b81547dae606adcfe201b_repeat_1,95cbf1ef098b81547dae606adcfe201b,4166026,5,4,256,92948.40000000001,CNN,EC-NAS,7,1,2,0,219.83164238929749,116185.50000000001,422.8162924580197,95cbf1ef098b81547dae606adcfe201b
5V9E_95eb822992dfd728bc66538284236bfd_repeat_1,95eb822992dfd728bc66538284236bfd,6406538,5,4,256,93967.2,CNN,EC-NAS,7,2,0,1,221.08932375907898,117459.0,425.0191660199569,95eb822992dfd728bc66538284236bfd
5V9E_95ed2193ebee7cab771a8c72b911dae7_repeat_1,95ed2193ebee7cab771a8c72b911dae7,1319434,5,4,256,57726.0,CNN,EC-NAS,7,0,0,3,129.14891004562378,72157.5,446.9724133142698,95ed2193ebee7cab771a8c72b911dae7
5V9E_95f6a566e20bc2f52226a35a47d954cf_repeat_1,95f6a566e20bc2f52226a35a47d954cf,1859990,5,4,256,66337.2,CNN,EC-NAS,6,1,2,0,161.35427117347717,82921.5,411.1276355906237,95f6a566e20bc2f52226a35a47d954cf
5V9E_9608c5ac63ca7997283984b9424b91a1_repeat_1,9608c5ac63ca7997283984b9424b91a1,3468426,5,4,256,68263.2,CNN,EC-NAS,6,1,1,1,159.43650245666504,85329.0,428.1528944010421,9608c5ac63ca7997283984b9424b91a1
5V9E_966a38844d80893953857b2fdb047c1c_repeat_1,966a38844d80893953857b2fdb047c1c,4602890,5,4,256,103269.6,CNN,EC-NAS,8,1,2,0,234.5846209526062,129087.0,440.223231943512,966a38844d80893953857b2fdb047c1c
5V9E_966a8c35823cdad5d48795e9a414ce46_repeat_1,966a8c35823cdad5d48795e9a414ce46,4166026,5,4,256,98438.4,CNN,EC-NAS,7,1,2,0,219.96623492240906,123048.0,447.5159564135977,966a8c35823cdad5d48795e9a414ce46
5V9E_96794a104891b22bf4f2abbdd7c3e90f_repeat_1,96794a104891b22bf4f2abbdd7c3e90f,11215242,4,4,256,90450.0,CNN,EC-NAS,3,1,1,0,185.81066155433655,113062.5,486.7858455665082,96794a104891b22bf4f2abbdd7c3e90f
5V9E_968ad36c82f9a23fe6676c895edd9d3c_repeat_1,968ad36c82f9a23fe6676c895edd9d3c,12088970,5,4,256,119005.20000000001,CNN,EC-NAS,6,1,1,1,250.267493724823,148756.5,475.512014080622,968ad36c82f9a23fe6676c895edd9d3c
5V9E_96922d5a33946044e2697bbf1e1e5bda_repeat_1,96922d5a33946044e2697bbf1e1e5bda,6667274,5,4,256,101991.59999999999,CNN,EC-NAS,7,2,1,0,243.6955542564392,127489.49999999999,418.5205606692148,96922d5a33946044e2697bbf1e1e5bda
5V9E_969eef7d9b9bd0ee27f922ece00363cb_repeat_1,969eef7d9b9bd0ee27f922ece00363cb,11925130,5,4,256,117489.59999999999,CNN,EC-NAS,6,1,0,2,253.7509262561798,146862.0,463.01151185310664,969eef7d9b9bd0ee27f922ece00363cb
5V9E_96cbf7260d2d668dc99ee743215f7f8a_repeat_1,96cbf7260d2d668dc99ee743215f7f8a,2658367,5,4,256,60332.4,CNN,EC-NAS,7,2,0,1,155.2740602493286,75415.5,388.55427560226286,96cbf7260d2d668dc99ee743215f7f8a
5V9E_96ef7886ceb9245af3aa73007011d545_repeat_1,96ef7886ceb9245af3aa73007011d545,2785330,5,4,256,69652.8,CNN,EC-NAS,7,2,1,0,178.81383275985718,87066.0,389.5269114528857,96ef7886ceb9245af3aa73007011d545
5V9E_971c63dfe435455c4ae2b5320be49df2_repeat_1,971c63dfe435455c4ae2b5320be49df2,2453898,5,4,256,92826.0,CNN,EC-NAS,9,0,1,2,206.79349994659424,116032.5,448.8825810481128,971c63dfe435455c4ae2b5320be49df2
5V9E_9727e115f126645b8c03b48d63320bbe_repeat_1,9727e115f126645b8c03b48d63320bbe,11925130,5,4,256,131252.4,CNN,EC-NAS,7,1,0,2,259.1865360736847,164065.5,506.40130459047447,9727e115f126645b8c03b48d63320bbe
5V9E_973124a8baba7799ce23a0ff034a7bc6_repeat_1,973124a8baba7799ce23a0ff034a7bc6,3647158,5,4,256,94330.8,CNN,EC-NAS,7,2,1,0,221.87807154655457,117913.5,425.1470158474289,973124a8baba7799ce23a0ff034a7bc6
5V9E_97712fa83076002444f5c1a1cbf06fd2_repeat_1,97712fa83076002444f5c1a1cbf06fd2,1583646,5,4,256,76993.2,CNN,EC-NAS,8,0,1,2,161.7543601989746,96241.5,475.98840553843735,97712fa83076002444f5c1a1cbf06fd2
5V9E_97cad5887e7ca9ee1c5e58bdeec1553f_repeat_1,97cad5887e7ca9ee1c5e58bdeec1553f,6667274,5,4,256,106509.6,CNN,EC-NAS,7,2,1,0,244.86524391174316,133137.0,434.97230680230507,97cad5887e7ca9ee1c5e58bdeec1553f
5V9E_97d0e4e2c6056628b5ccdaf94c0c77c6_repeat_1,97d0e4e2c6056628b5ccdaf94c0c77c6,3667594,4,4,256,102114.0,CNN,EC-NAS,5,0,1,1,206.27997159957886,127642.5,495.0262461651826,97d0e4e2c6056628b5ccdaf94c0c77c6
5V9E_97dbc5ef49e841b197a426523765b52a_repeat_1,97dbc5ef49e841b197a426523765b52a,3644554,5,4,256,70682.4,CNN,EC-NAS,8,1,0,2,168.70857548713684,88353.0,418.9615127500686,97dbc5ef49e841b197a426523765b52a
5V9E_97f22bffa74bdca32ff2aff31a90f932_repeat_1,97f22bffa74bdca32ff2aff31a90f932,417813,5,4,256,36313.200000000004,CNN,EC-NAS,6,0,1,2,80.76339602470398,45391.50000000001,449.62448073496677,97f22bffa74bdca32ff2aff31a90f932
5V9E_97f9c5e8c602d0eb4eccb717636ef4b0_repeat_1,97f9c5e8c602d0eb4eccb717636ef4b0,3207690,5,4,256,60570.0,CNN,EC-NAS,6,1,0,2,136.21305179595947,75712.5,444.6710443778245,97f9c5e8c602d0eb4eccb717636ef4b0
5V9E_9870009b3c9d272756257bf4c0efdb46_repeat_1,9870009b3c9d272756257bf4c0efdb46,1628959,5,4,256,55515.600000000006,CNN,EC-NAS,7,1,0,2,127.53102612495422,69394.5,435.31054118239524,9870009b3c9d272756257bf4c0efdb46
5V9E_98a097441d65a8c926ef46518722044b_repeat_1,98a097441d65a8c926ef46518722044b,1633582,5,4,256,56595.6,CNN,EC-NAS,7,1,0,2,124.25207304954529,70744.5,455.49018709275464,98a097441d65a8c926ef46518722044b
5V9E_98a839f70a1dd747a1d1933f7d52dc0d_repeat_1,98a839f70a1dd747a1d1933f7d52dc0d,2770826,5,4,256,42426.0,CNN,EC-NAS,6,1,0,2,104.45760893821716,53032.5,406.15518994976634,98a839f70a1dd747a1d1933f7d52dc0d
5V9E_98bc836e09f3b507040724f58e69fc47_repeat_1,98bc836e09f3b507040724f58e69fc47,967178,5,4,256,45421.2,CNN,EC-NAS,5,0,2,1,106.710684299469,56776.5,425.6480997960016,98bc836e09f3b507040724f58e69fc47
5V9E_98de15cf3fec0215a7bcc30cf8a70595_repeat_1,98de15cf3fec0215a7bcc30cf8a70595,8294794,5,4,256,117727.20000000001,CNN,EC-NAS,6,3,0,0,237.51912212371826,147159.0,495.6535665312817,98de15cf3fec0215a7bcc30cf8a70595
5V9E_98dfddb4bb25be2dc6f77b6d8c831249_repeat_1,98dfddb4bb25be2dc6f77b6d8c831249,3729162,5,4,256,71319.59999999999,CNN,EC-NAS,6,1,2,0,180.93503308296204,89149.49999999999,394.1724208119422,98dfddb4bb25be2dc6f77b6d8c831249
5V9E_98f2b37d4a351f4c627c0ae86ecd9f08_repeat_1,98f2b37d4a351f4c627c0ae86ecd9f08,8294794,5,4,256,103536.0,CNN,EC-NAS,8,3,0,0,249.33956623077393,129420.0,415.2409566004186,98f2b37d4a351f4c627c0ae86ecd9f08
5V9E_98f3842c830f57d0d1614660323340e6_repeat_1,98f3842c830f57d0d1614660323340e6,4342154,5,4,256,88873.2,CNN,EC-NAS,6,1,1,1,203.97280073165894,111091.5,435.7110344183544,98f3842c830f57d0d1614660323340e6
5V9E_9918d9db137a6e7322e431e36e87c0ed_repeat_1,9918d9db137a6e7322e431e36e87c0ed,2775106,5,4,256,84679.20000000001,CNN,EC-NAS,8,2,1,0,186.23244857788086,105849.00000000001,454.69627149635994,9918d9db137a6e7322e431e36e87c0ed
5V9E_994355fd3ee528f1c6150ab755d43a32_repeat_1,994355fd3ee528f1c6150ab755d43a32,1319434,5,4,256,59446.8,CNN,EC-NAS,8,0,0,3,130.3286328315735,74308.5,456.1300054211755,994355fd3ee528f1c6150ab755d43a32
5V9E_995c19c7d69b92a7f3154eac6d1e8b92_repeat_1,995c19c7d69b92a7f3154eac6d1e8b92,6406538,5,4,256,98398.8,CNN,EC-NAS,7,2,0,1,223.39700961112976,122998.5,440.46605713874214,995c19c7d69b92a7f3154eac6d1e8b92
5V9E_997848c019fed76cadfca556024d05f9_repeat_1,997848c019fed76cadfca556024d05f9,2040231,5,4,256,71049.6,CNN,EC-NAS,9,1,1,1,177.30786967277527,88812.0,400.71317833282455,997848c019fed76cadfca556024d05f9
5V9E_99a95460925457bf661e7db08e70700c_repeat_1,99a95460925457bf661e7db08e70700c,4779018,5,4,256,122094.0,CNN,EC-NAS,8,1,1,1,255.79226207733154,152617.5,477.31701892955755,99a95460925457bf661e7db08e70700c
5V9E_99c581980b4f95b65d05949bdef2f37a_repeat_1,99c581980b4f95b65d05949bdef2f37a,3207690,5,4,256,58442.399999999994,CNN,EC-NAS,7,1,0,2,135.77566266059875,73053.0,430.4335464455782,99c581980b4f95b65d05949bdef2f37a
5V9E_99ca0a180249abb4dbad4fb0032b9e1d_repeat_1,99ca0a180249abb4dbad4fb0032b9e1d,2908046,5,4,256,85788.0,CNN,EC-NAS,8,1,1,1,220.48999881744385,107235.0,389.0788718767636,99ca0a180249abb4dbad4fb0032b9e1d
5V9E_99e020928d6249ce9b34d674ea1e1832_repeat_1,99e020928d6249ce9b34d674ea1e1832,2714634,5,4,256,100911.6,CNN,EC-NAS,8,0,2,1,227.56643748283386,126139.5,443.43797405367445,99e020928d6249ce9b34d674ea1e1832
5V9E_9a0404ca5253909b5ab5b01cdbad3871_repeat_1,9a0404ca5253909b5ab5b01cdbad3871,20346506,5,4,256,141912.0,CNN,EC-NAS,5,2,0,1,288.53979659080505,177390.0,491.82816955143835,9a0404ca5253909b5ab5b01cdbad3871
5V9E_9a0e0f03bf1500581e31e674fdd8a2de_repeat_1,9a0e0f03bf1500581e31e674fdd8a2de,1581970,5,4,256,72561.6,CNN,EC-NAS,8,0,1,2,159.7450783252716,90702.0,454.2337126171154,9a0e0f03bf1500581e31e674fdd8a2de
5V9E_9a139edd1b7d93c245803034df291581_repeat_1,9a139edd1b7d93c245803034df291581,3292298,5,4,256,63558.0,CNN,EC-NAS,5,1,2,0,152.36429905891418,79447.5,417.1449636992997,9a139edd1b7d93c245803034df291581
5V9E_9a1c62119af128ba256cf5a0a00f2342_repeat_1,9a1c62119af128ba256cf5a0a00f2342,1464712,5,4,256,60631.2,CNN,EC-NAS,7,0,0,3,137.97454953193665,75789.0,439.4375644326046,9a1c62119af128ba256cf5a0a00f2342
5V9E_9a3cf5fa06305ca97d4c81646982ac8f_repeat_1,9a3cf5fa06305ca97d4c81646982ac8f,11051402,5,4,256,109540.8,CNN,EC-NAS,5,1,0,2,214.39200854301453,136926.0,510.9369549006408,9a3cf5fa06305ca97d4c81646982ac8f
5V9E_9a4acdf771c99a9ac2ea7e7d2e32840d_repeat_1,9a4acdf771c99a9ac2ea7e7d2e32840d,2443808,5,4,256,82839.6,CNN,EC-NAS,8,1,2,0,190.37003445625305,103549.5,435.1504176411572,9a4acdf771c99a9ac2ea7e7d2e32840d
5V9E_9aa24069bee60363d90b31f2df616c8c_repeat_1,9aa24069bee60363d90b31f2df616c8c,13836426,5,4,256,151315.2,CNN,EC-NAS,7,1,1,1,334.7474069595337,189144.0,452.02799739175254,9aa24069bee60363d90b31f2df616c8c
5V9E_9ab33b94a2bb0ae833fdc1c6d29d3558_repeat_1,9ab33b94a2bb0ae833fdc1c6d29d3558,708109,5,4,256,48499.2,CNN,EC-NAS,7,0,1,2,113.14955282211304,60624.0,428.6291796154735,9ab33b94a2bb0ae833fdc1c6d29d3558
5V9E_9addf6234ec974fc932c96251c0831ae_repeat_1,9addf6234ec974fc932c96251c0831ae,22093962,5,4,256,189273.6,CNN,EC-NAS,7,2,0,1,382.5477521419525,236592.0,494.77117285416955,9addf6234ec974fc932c96251c0831ae
5V9E_9af56dde3d531fa58533db00150a6692_repeat_1,9af56dde3d531fa58533db00150a6692,1319434,5,4,256,57866.40000000001,CNN,EC-NAS,8,0,0,3,131.45125365257263,72333.00000000001,440.21185338362505,9af56dde3d531fa58533db00150a6692
5V9E_9b0661f40a2aba9d8bcbf08fb5b5b5c4_repeat_1,9b0661f40a2aba9d8bcbf08fb5b5b5c4,3648834,5,4,256,97790.40000000001,CNN,EC-NAS,9,2,1,0,238.3169641494751,122238.00000000001,410.3375533882043,9b0661f40a2aba9d8bcbf08fb5b5b5c4
5V9E_9b093c7469f62bebbb7020c12f260417_repeat_1,9b093c7469f62bebbb7020c12f260417,1227914,5,4,256,52851.6,CNN,EC-NAS,6,0,3,0,131.91781425476074,66064.5,400.6403555014379,9b093c7469f62bebbb7020c12f260417
5V9E_9b9461b745234fd909e0854596a5e5db_repeat_1,9b9461b745234fd909e0854596a5e5db,2714634,5,4,256,113241.59999999999,CNN,EC-NAS,8,0,2,1,241.47326946258545,141552.0,468.96122395669954,9b9461b745234fd909e0854596a5e5db
5V9E_9baa83c0f43c529db5933a8ed0f9cade_repeat_1,9baa83c0f43c529db5933a8ed0f9cade,5578890,5,4,256,128894.40000000001,CNN,EC-NAS,7,0,2,1,295.53237080574036,161118.0,436.14308526873697,9baa83c0f43c529db5933a8ed0f9cade
5V9E_9bca0f5446291eede90b581fe4f784dc_repeat_1,9bca0f5446291eede90b581fe4f784dc,11925130,5,4,256,117565.2,CNN,EC-NAS,6,1,0,2,254.80258703231812,146956.5,461.39719917792087,9bca0f5446291eede90b581fe4f784dc
5V9E_9be5d4d5e865bcd930032ed5f3157083_repeat_1,9be5d4d5e865bcd930032ed5f3157083,6667274,5,4,256,107269.2,CNN,EC-NAS,8,2,1,0,250.0089225769043,134086.5,429.06148666355426,9be5d4d5e865bcd930032ed5f3157083
5V9E_9c11b142bb6dbf9ba90bbe3241cda861_repeat_1,9c11b142bb6dbf9ba90bbe3241cda861,4566718,5,4,256,108057.6,CNN,EC-NAS,9,3,0,0,250.1532003879547,135072.0,431.96569075437327,9c11b142bb6dbf9ba90bbe3241cda861
5V9E_9c1898e554a625ece6174027947ca679_repeat_1,9c1898e554a625ece6174027947ca679,3729162,5,4,256,82184.4,CNN,EC-NAS,7,1,2,0,182.95147252082825,102730.5,449.21420345848077,9c1898e554a625ece6174027947ca679
5V9E_9c25a8937ecebb9757e5a8164adec561_repeat_1,9c25a8937ecebb9757e5a8164adec561,12088970,5,4,256,112701.6,CNN,EC-NAS,5,1,1,1,244.68044877052307,140877.0,460.6072964403411,9c25a8937ecebb9757e5a8164adec561
5V9E_9c33affca4d459442ac219b8e70d8bc3_repeat_1,9c33affca4d459442ac219b8e70d8bc3,1750321,5,4,256,61127.99999999999,CNN,EC-NAS,8,1,1,1,147.058678150177,76409.99999999999,415.6708109233499,9c33affca4d459442ac219b8e70d8bc3
5V9E_9c4852e40048b5aad2642e1c4c54b2c6_repeat_1,9c4852e40048b5aad2642e1c4c54b2c6,1907355,5,4,256,75661.2,CNN,EC-NAS,8,1,0,2,166.00711154937744,94576.5,455.77083592286465,9c4852e40048b5aad2642e1c4c54b2c6
5V9E_9c5d37f14ce5cdde6789bb239b193c47_repeat_1,9c5d37f14ce5cdde6789bb239b193c47,3644730,5,4,256,88693.2,CNN,EC-NAS,9,2,1,0,228.99583411216736,110866.5,387.3135960916916,9c5d37f14ce5cdde6789bb239b193c47
5V9E_9c71ae3a4499aeb9f7555b6e2f03fa65_repeat_1,9c71ae3a4499aeb9f7555b6e2f03fa65,3468426,5,4,256,68907.59999999999,CNN,EC-NAS,7,1,1,1,157.3614056110382,86134.49999999999,437.8939024624881,9c71ae3a4499aeb9f7555b6e2f03fa65
5V9E_9c9acaafba22ea6eef8a084f137819e5_repeat_1,9c9acaafba22ea6eef8a084f137819e5,3729162,5,4,256,78595.2,CNN,EC-NAS,7,1,2,0,183.56137371063232,98244.0,428.16851067969304,9c9acaafba22ea6eef8a084f137819e5
5V9E_9cb301aa08f4a437a521882e7c4b7556_repeat_1,9cb301aa08f4a437a521882e7c4b7556,1114758,5,4,256,71877.6,CNN,EC-NAS,9,0,2,1,177.63423371315002,89847.0,404.6382192076245,9cb301aa08f4a437a521882e7c4b7556
5V9E_9cb987991dd1ee3eed3e4e1d970a6d36_repeat_1,9cb987991dd1ee3eed3e4e1d970a6d36,14873994,5,4,256,181976.4,CNN,EC-NAS,7,1,2,0,378.2839434146881,227470.5,481.0576900445153,9cb987991dd1ee3eed3e4e1d970a6d36
5V9E_9cccb7ec4c8ecad0645f8b95159e74e0_repeat_1,9cccb7ec4c8ecad0645f8b95159e74e0,4081418,5,4,256,79362.0,CNN,EC-NAS,7,1,0,2,185.78488397598267,99202.5,427.17145927899884,9cccb7ec4c8ecad0645f8b95159e74e0
5V9E_9cdb1f8dfbf0bbaa62fd6202f68b31ef_repeat_1,9cdb1f8dfbf0bbaa62fd6202f68b31ef,1920138,5,4,256,56685.6,CNN,EC-NAS,5,0,1,2,121.40397000312805,70857.0,466.91718564507784,9cdb1f8dfbf0bbaa62fd6202f68b31ef
5V9E_9cff417c45feaa8cc2faa3a11376d42d_repeat_1,9cff417c45feaa8cc2faa3a11376d42d,5793546,5,4,256,108316.8,CNN,EC-NAS,7,2,1,0,210.68285965919495,135396.0,514.1225070478707,9cff417c45feaa8cc2faa3a11376d42d
5V9E_9d04832215910c137e6fdf06df5d60b5_repeat_1,9d04832215910c137e6fdf06df5d60b5,2017034,5,4,256,72799.2,CNN,EC-NAS,7,0,1,2,165.34268498420715,90999.0,440.2928379138967,9d04832215910c137e6fdf06df5d60b5
5V9E_9d1723e2d01b5759fd8c943f93a8766e_repeat_1,9d1723e2d01b5759fd8c943f93a8766e,6230410,5,4,256,86065.2,CNN,EC-NAS,6,2,1,0,207.9759328365326,107581.5,413.8228824180659,9d1723e2d01b5759fd8c943f93a8766e
5V9E_9d25e82532805747312a2025e24cc2b4_repeat_1,9d25e82532805747312a2025e24cc2b4,2793866,5,4,256,79012.79999999999,CNN,EC-NAS,5,0,1,2,164.7471480369568,98765.99999999999,479.60041154870555,9d25e82532805747312a2025e24cc2b4
5V9E_9d2e9dd0584c2b37c7f9a130f3e6c4c8_repeat_1,9d2e9dd0584c2b37c7f9a130f3e6c4c8,2331173,5,4,256,76903.2,CNN,EC-NAS,8,1,1,1,174.29093384742737,96129.0,441.234654622485,9d2e9dd0584c2b37c7f9a130f3e6c4c8
5V9E_9d4ea93d5a4baee21bda9b250848ed62_repeat_1,9d4ea93d5a4baee21bda9b250848ed62,6230410,5,4,256,104760.0,CNN,EC-NAS,8,2,1,0,234.80542039871216,130950.0,446.1566509926045,9d4ea93d5a4baee21bda9b250848ed62
5V9E_9d73ea0bd0d6c0b462233a7b303f380e_repeat_1,9d73ea0bd0d6c0b462233a7b303f380e,5793546,5,4,256,83934.0,CNN,EC-NAS,6,2,1,0,199.93020582199097,104917.5,419.8165037389654,9d73ea0bd0d6c0b462233a7b303f380e
5V9E_9d8848046dadecbe36b135f8965cea93_repeat_1,9d8848046dadecbe36b135f8965cea93,13836426,5,4,256,167522.4,CNN,EC-NAS,7,1,1,1,340.0946214199066,209403.0,492.5758581555576,9d8848046dadecbe36b135f8965cea93
5V9E_9d9739bad85d51c844212091988f15da_repeat_1,9d9739bad85d51c844212091988f15da,3541933,5,4,256,104277.59999999999,CNN,EC-NAS,7,2,0,1,207.67178511619568,130346.99999999999,502.12694970409683,9d9739bad85d51c844212091988f15da
5V9E_9da16b100408ab76f951af28765c39b5_repeat_1,9da16b100408ab76f951af28765c39b5,3667594,5,4,256,99115.2,CNN,EC-NAS,7,0,1,2,217.6768548488617,123894.0,455.3318269359325,9da16b100408ab76f951af28765c39b5
5V9E_9dd080a3faec08e6d413a54b96e24ed4_repeat_1,9dd080a3faec08e6d413a54b96e24ed4,4705162,5,4,256,113497.2,CNN,EC-NAS,6,0,2,1,247.62212371826172,141871.5,458.34838299478554,9dd080a3faec08e6d413a54b96e24ed4
5V9E_9df23a5ace8263829fd761cdd818b5f7_repeat_1,9df23a5ace8263829fd761cdd818b5f7,1698576,5,4,256,78850.8,CNN,EC-NAS,8,0,2,1,184.00193572044373,98563.5,428.5324482661907,9df23a5ace8263829fd761cdd818b5f7
5V9E_9df8f3ba3fbcbeac7a3fffc1739f5cc6_repeat_1,9df8f3ba3fbcbeac7a3fffc1739f5cc6,3468426,5,4,256,75823.2,CNN,EC-NAS,7,1,1,1,167.91366815567017,94779.0,451.5606194113125,9df8f3ba3fbcbeac7a3fffc1739f5cc6
5V9E_9dfafd21e1cea621064a04af667c034e_repeat_1,9dfafd21e1cea621064a04af667c034e,999828,5,4,256,65138.399999999994,CNN,EC-NAS,8,0,1,2,142.14040303230286,81423.0,458.2680125452904,9dfafd21e1cea621064a04af667c034e
5V9E_9e0457b47c82b9a084298a043277357d_repeat_1,9e0457b47c82b9a084298a043277357d,2443808,5,4,256,77212.79999999999,CNN,EC-NAS,7,1,2,0,188.05857372283936,96515.99999999999,410.57846218591544,9e0457b47c82b9a084298a043277357d
5V9E_9e1ddbf9b17f1a002c8e94326188d965_repeat_1,9e1ddbf9b17f1a002c8e94326188d965,12252810,5,4,256,112377.6,CNN,EC-NAS,5,1,2,0,236.9672236442566,140472.0,474.23267349709573,9e1ddbf9b17f1a002c8e94326188d965
5V9E_9e5e9c9389164734a0745c48991edd95_repeat_1,9e5e9c9389164734a0745c48991edd95,533262,5,4,256,42465.6,CNN,EC-NAS,7,0,2,1,109.65830111503601,53082.0,387.25385646319523,9e5e9c9389164734a0745c48991edd95
5V9E_9e892851a440308f084fe31bc51d74e3_repeat_1,9e892851a440308f084fe31bc51d74e3,12088970,5,4,256,113439.59999999999,CNN,EC-NAS,6,1,1,1,242.34994506835938,141799.5,468.0818061171923,9e892851a440308f084fe31bc51d74e3
5V9E_9e91849dcde9d87cef4d9a6eefb02dbb_repeat_1,9e91849dcde9d87cef4d9a6eefb02dbb,2607912,5,4,256,82350.0,CNN,EC-NAS,9,1,1,1,194.83382940292358,102937.5,422.6678716543478,9e91849dcde9d87cef4d9a6eefb02dbb
5V9E_9ef54fab6fea2a8c70109e4c4aa7d3fe_repeat_1,9ef54fab6fea2a8c70109e4c4aa7d3fe,999309,5,4,256,65041.2,CNN,EC-NAS,8,0,1,2,142.14838528633118,81301.5,457.5584862887238,9ef54fab6fea2a8c70109e4c4aa7d3fe
5V9E_9f052efaa5a0e591e2ccc013722aea1e_repeat_1,9f052efaa5a0e591e2ccc013722aea1e,11925130,5,4,256,137250.0,CNN,EC-NAS,7,1,0,2,262.5614550113678,171562.5,522.7347631588104,9f052efaa5a0e591e2ccc013722aea1e
5V9E_9f0bbfa29dd0b5998e1a56b739ca3aeb_repeat_1,9f0bbfa29dd0b5998e1a56b739ca3aeb,3527472,5,4,256,90075.6,CNN,EC-NAS,8,2,0,1,202.63591265678406,112594.5,444.51942806686077,9f0bbfa29dd0b5998e1a56b739ca3aeb
5V9E_9f1eab27fb31b957b1cab101224ab41a_repeat_1,9f1eab27fb31b957b1cab101224ab41a,3468426,5,4,256,70743.59999999999,CNN,EC-NAS,6,1,1,1,160.40106391906738,88429.49999999999,441.0419623880716,9f1eab27fb31b957b1cab101224ab41a
5V9E_9f217c636575306d3be9cb2f01eecb08_repeat_1,9f217c636575306d3be9cb2f01eecb08,1580170,5,4,256,65300.399999999994,CNN,EC-NAS,6,0,1,2,148.85238552093506,81625.5,438.69233114047705,9f217c636575306d3be9cb2f01eecb08
5V9E_9f65aa1995510826fbca4f495e9f7e52_repeat_1,9f65aa1995510826fbca4f495e9f7e52,2155680,5,4,256,90820.8,CNN,EC-NAS,7,1,2,0,204.37362957000732,113526.0,444.38609908275726,9f65aa1995510826fbca4f495e9f7e52
5V9E_9f71850ca18585279cd0f4860a0aed83_repeat_1,9f71850ca18585279cd0f4860a0aed83,445706,5,4,256,29984.399999999998,CNN,EC-NAS,6,0,0,3,64.7251386642456,37480.5,463.2574084628958,9f71850ca18585279cd0f4860a0aed83
5V9E_9f9502fd9236c3e0ed4f238d784173cb_repeat_1,9f9502fd9236c3e0ed4f238d784173cb,3031562,5,4,256,49561.2,CNN,EC-NAS,5,1,1,1,121.0543794631958,61951.5,409.41269716778896,9f9502fd9236c3e0ed4f238d784173cb
5V9E_9f979fe821d9ad7be44be81c1990cec2_repeat_1,9f979fe821d9ad7be44be81c1990cec2,1698709,5,4,256,79722.0,CNN,EC-NAS,9,0,2,1,184.34830164909363,99652.5,432.45312968356257,9f979fe821d9ad7be44be81c1990cec2
5V9E_9fb45519077c7082c72953446e167bb8_repeat_1,9fb45519077c7082c72953446e167bb8,5969674,5,4,256,94989.6,CNN,EC-NAS,7,2,0,1,195.59873628616333,118737.0,485.6350393850657,9fb45519077c7082c72953446e167bb8
5V9E_9fbc9008b74ffec0cbf8b9c3cf1b1c4c_repeat_1,9fbc9008b74ffec0cbf8b9c3cf1b1c4c,12962698,5,4,256,151650.0,CNN,EC-NAS,7,1,1,1,293.06769490242004,189562.5,517.457238166402,9fbc9008b74ffec0cbf8b9c3cf1b1c4c
5V9E_9fc4d01113c198cc71fc7c77116077ec_repeat_1,9fc4d01113c198cc71fc7c77116077ec,12088970,5,4,256,113209.20000000001,CNN,EC-NAS,5,1,1,1,243.88033771514893,141511.5,464.1997836341682,9fc4d01113c198cc71fc7c77116077ec
5V9E_9fc62d2672b04626a403f7e6a531dbc0_repeat_1,9fc62d2672b04626a403f7e6a531dbc0,1697419,5,4,256,76989.59999999999,CNN,EC-NAS,9,0,2,1,183.85025811195374,96236.99999999999,418.7625341984451,9fc62d2672b04626a403f7e6a531dbc0
5V9E_9ff7dd7bf976f53a0445f5386a1eec45_repeat_1,9ff7dd7bf976f53a0445f5386a1eec45,5356682,5,4,256,74599.2,CNN,EC-NAS,5,2,1,0,162.44381070137024,93249.0,459.23079296101946,9ff7dd7bf976f53a0445f5386a1eec45
5V9E_a0118fe6a77c32c88f6dbe1f99687685_repeat_1,a0118fe6a77c32c88f6dbe1f99687685,1319434,5,4,256,46724.399999999994,CNN,EC-NAS,6,0,0,3,106.57780814170837,58405.49999999999,438.40646392234044,a0118fe6a77c32c88f6dbe1f99687685
5V9E_a05c0efdac251392b3299fdadd52ccc1_repeat_1,a05c0efdac251392b3299fdadd52ccc1,31389066,5,4,256,218354.4,CNN,EC-NAS,8,3,0,0,462.2516839504242,272943.0,472.3712375343519,a05c0efdac251392b3299fdadd52ccc1
5V9E_a06946693885ea740b9343df9db4a50f_repeat_1,a06946693885ea740b9343df9db4a50f,1581970,5,4,256,61891.2,CNN,EC-NAS,7,0,1,2,154.85783648490906,77364.0,399.6646305079389,a06946693885ea740b9343df9db4a50f
5V9E_a07ddbaafdb440a1a80e1e83cc0637a1_repeat_1,a07ddbaafdb440a1a80e1e83cc0637a1,11925130,5,4,256,131796.0,CNN,EC-NAS,6,1,0,2,259.9432182312012,164745.0,507.01842077979023,a07ddbaafdb440a1a80e1e83cc0637a1
5V9E_a0807b634ca234cdee0e35ea8067ca61_repeat_1,a0807b634ca234cdee0e35ea8067ca61,4276808,5,4,256,95274.0,CNN,EC-NAS,7,3,0,0,207.51517343521118,119092.5,459.1182342131031,a0807b634ca234cdee0e35ea8067ca61
5V9E_a097a1e1b8f3ea81354edf5496145d45_repeat_1,a097a1e1b8f3ea81354edf5496145d45,1699095,5,4,256,78775.2,CNN,EC-NAS,8,0,2,1,185.18140482902527,98469.0,425.39476397606853,a097a1e1b8f3ea81354edf5496145d45
5V9E_a099bda42bd1f6f28679520fca1050d5_repeat_1,a099bda42bd1f6f28679520fca1050d5,942106,5,4,256,61243.2,CNN,EC-NAS,7,0,3,0,155.7730119228363,76554.0,393.15667870848785,a099bda42bd1f6f28679520fca1050d5
5V9E_a0a18d87879aad6f389749b979803117_repeat_1,a0a18d87879aad6f389749b979803117,1923492,5,4,256,64951.2,CNN,EC-NAS,8,1,0,2,155.33718419075012,81189.0,418.13040669155924,a0a18d87879aad6f389749b979803117
5V9E_a0d479afc551522c2aeb5af21251e1be_repeat_1,a0d479afc551522c2aeb5af21251e1be,1748645,5,4,256,58298.4,CNN,EC-NAS,7,1,1,1,140.37645435333252,72873.0,415.3004167868556,a0d479afc551522c2aeb5af21251e1be
5V9E_a0eadf6171fe607c37127bf30e8ad73d_repeat_1,a0eadf6171fe607c37127bf30e8ad73d,3729162,5,4,256,71517.6,CNN,EC-NAS,6,1,2,0,179.91501593589783,89397.0,397.50767676601885,a0eadf6171fe607c37127bf30e8ad73d
5V9E_a0f76a3b02ed1092065c568cc71b9d37_repeat_1,a0f76a3b02ed1092065c568cc71b9d37,1840906,5,4,256,76197.6,CNN,EC-NAS,7,0,2,1,177.71882724761963,95247.0,428.7536733169648,a0f76a3b02ed1092065c568cc71b9d37
5V9E_a114f3e29bff0b22684a5b361669246f_repeat_1,a114f3e29bff0b22684a5b361669246f,3468426,5,4,256,72450.0,CNN,EC-NAS,7,1,1,1,166.72633981704712,90562.5,434.5444161942327,a114f3e29bff0b22684a5b361669246f
5V9E_a12fac6257be73166709ad37bb5b0997_repeat_1,a12fac6257be73166709ad37bb5b0997,14000266,5,4,256,159267.6,CNN,EC-NAS,6,1,2,0,328.3649778366089,199084.5,485.0322377535949,a12fac6257be73166709ad37bb5b0997
5V9E_a136a95f1bff8f0dfb48db6d62400724_repeat_1,a136a95f1bff8f0dfb48db6d62400724,1404042,5,4,256,58543.2,CNN,EC-NAS,6,0,2,1,144.37579798698425,73179.0,405.49178474689904,a136a95f1bff8f0dfb48db6d62400724
5V9E_a13ecf9d213d4db9f92ae088e169c0a3_repeat_1,a13ecf9d213d4db9f92ae088e169c0a3,2034318,5,4,256,71877.6,CNN,EC-NAS,9,1,1,1,177.63846921920776,89847.0,404.62857125447465,a13ecf9d213d4db9f92ae088e169c0a3
5V9E_a14d88b31b29ce3b52c1ea89d8faa133_repeat_1,a14d88b31b29ce3b52c1ea89d8faa133,4518282,5,4,256,102715.2,CNN,EC-NAS,8,1,0,2,222.26645135879517,128394.0,462.1264224630611,a14d88b31b29ce3b52c1ea89d8faa133
5V9E_a156b81251a61697ec3aaa109e60bcbd_repeat_1,a156b81251a61697ec3aaa109e60bcbd,2141352,5,4,256,84585.59999999999,CNN,EC-NAS,7,1,2,0,190.17264556884766,105731.99999999999,444.7832113129946,a156b81251a61697ec3aaa109e60bcbd
5V9E_a15dcbf7129436e986b45d3ba0b45bfb_repeat_1,a15dcbf7129436e986b45d3ba0b45bfb,4869002,5,4,256,107614.8,CNN,EC-NAS,5,0,3,0,235.2592897415161,134518.5,457.4306082375682,a15dcbf7129436e986b45d3ba0b45bfb
5V9E_a16f772ea56343a57deb8f8eaea126c7_repeat_1,a16f772ea56343a57deb8f8eaea126c7,3468426,5,4,256,70653.6,CNN,EC-NAS,6,1,1,1,158.14847898483276,88317.0,446.7548499582854,a16f772ea56343a57deb8f8eaea126c7
5V9E_a174412976878a25cd70ba42336bb219_repeat_1,a174412976878a25cd70ba42336bb219,11925130,5,4,256,134798.4,CNN,EC-NAS,7,1,0,2,262.52086782455444,168498.0,513.4768946828533,a174412976878a25cd70ba42336bb219
5V9E_a1ec1076e88f16dc3bdca46d6e79307f_repeat_1,a1ec1076e88f16dc3bdca46d6e79307f,21220234,5,4,256,165063.6,CNN,EC-NAS,6,2,0,1,339.23878741264343,206329.5,486.57054005802667,a1ec1076e88f16dc3bdca46d6e79307f
5V9E_a2188798c0679bcaf9a6c10739b38045_repeat_1,a2188798c0679bcaf9a6c10739b38045,1583127,5,4,256,73875.6,CNN,EC-NAS,8,0,1,2,161.48722791671753,92344.5,457.47023435252265,a2188798c0679bcaf9a6c10739b38045
5V9E_a2193374d95ee8c3705d8c70065389e6_repeat_1,a2193374d95ee8c3705d8c70065389e6,12962698,4,4,256,138265.19999999998,CNN,EC-NAS,5,1,1,0,282.71358823776245,172831.49999999997,489.064571893583,a2193374d95ee8c3705d8c70065389e6
5V9E_a21bad17bceb2ba129d4f14e7f79e7cf_repeat_1,a21bad17bceb2ba129d4f14e7f79e7cf,3644554,5,4,256,83800.8,CNN,EC-NAS,6,1,0,2,171.54549765586853,104751.0,488.5048056936468,a21bad17bceb2ba129d4f14e7f79e7cf
5V9E_a231016611ca0fd1992262e6b788a2cc_repeat_1,a231016611ca0fd1992262e6b788a2cc,11051402,5,4,256,92127.59999999999,CNN,EC-NAS,5,1,0,2,204.03333854675293,115159.49999999999,451.53209106015555,a231016611ca0fd1992262e6b788a2cc
5V9E_a2665426349cd9c96a54dab7c5cd65c4_repeat_1,a2665426349cd9c96a54dab7c5cd65c4,3729162,5,4,256,75783.6,CNN,EC-NAS,7,1,2,0,184.13267993927002,94729.5,411.57061323929395,a2665426349cd9c96a54dab7c5cd65c4
5V9E_a26f72e025fa74aab2aee20a5ea94a0c_repeat_1,a26f72e025fa74aab2aee20a5ea94a0c,2608431,5,4,256,81176.4,CNN,EC-NAS,9,1,1,1,199.70661163330078,101470.5,406.47827999332975,a26f72e025fa74aab2aee20a5ea94a0c
5V9E_a277c9b9fce2611c9e9b711adb54f383_repeat_1,a277c9b9fce2611c9e9b711adb54f383,3692990,5,4,256,87393.59999999999,CNN,EC-NAS,6,3,0,0,191.39192056655884,109241.99999999999,456.6211559051043,a277c9b9fce2611c9e9b711adb54f383
5V9E_a29e5842c1f412b4f03ffb1222c17cc0_repeat_1,a29e5842c1f412b4f03ffb1222c17cc0,5969674,5,4,256,93855.6,CNN,EC-NAS,7,2,0,1,207.37271285057068,117319.5,452.5937801065986,a29e5842c1f412b4f03ffb1222c17cc0
5V9E_a2ad5d223d38468ec54307471ba91019_repeat_1,a2ad5d223d38468ec54307471ba91019,2793866,5,4,256,80532.0,CNN,EC-NAS,6,0,1,2,171.6064329147339,100665.0,469.28310688687264,a2ad5d223d38468ec54307471ba91019
5V9E_a2b867fe3f4b37f5b69b7574a6e52154_repeat_1,a2b867fe3f4b37f5b69b7574a6e52154,21384074,5,4,256,165787.2,CNN,EC-NAS,6,2,1,0,325.09100675582886,207234.0,509.9716588731117,a2b867fe3f4b37f5b69b7574a6e52154
5V9E_a2bf72fb2862b50b2c94c32c968265ab_repeat_1,a2bf72fb2862b50b2c94c32c968265ab,2630026,4,4,256,95130.0,CNN,EC-NAS,5,0,0,2,172.37365126609802,118912.5,551.8824907476443,a2bf72fb2862b50b2c94c32c968265ab
5V9E_a2c4b0dbedd515a95b96425df87d2ee6_repeat_1,a2c4b0dbedd515a95b96425df87d2ee6,30515338,5,4,256,194184.0,CNN,EC-NAS,7,3,0,0,411.5580313205719,242730.0,471.8265353173139,a2c4b0dbedd515a95b96425df87d2ee6
5V9E_a2d3f154183c31727a9efe194ff05894_repeat_1,a2d3f154183c31727a9efe194ff05894,1700385,5,4,256,70207.2,CNN,EC-NAS,8,0,2,1,180.75658512115479,87759.0,388.40742622429264,a2d3f154183c31727a9efe194ff05894
5V9E_a2f6913b4c0fc5054f83ccb2b4acfb52_repeat_1,a2f6913b4c0fc5054f83ccb2b4acfb52,3905290,5,4,256,77014.8,CNN,EC-NAS,6,1,1,1,173.04616165161133,96268.5,445.05350055120897,a2f6913b4c0fc5054f83ccb2b4acfb52
5V9E_a32c8cfab0286301be9bc9338d92f528_repeat_1,a32c8cfab0286301be9bc9338d92f528,5742730,5,4,256,144442.8,CNN,EC-NAS,6,0,3,0,296.0696167945862,180553.5,487.8676899163711,a32c8cfab0286301be9bc9338d92f528
5V9E_a33d2a90da486e6f78913a4ee76c61fd_repeat_1,a33d2a90da486e6f78913a4ee76c61fd,3530419,5,4,256,88455.59999999999,CNN,EC-NAS,7,2,0,1,198.143625497818,110569.49999999999,446.4216286431788,a33d2a90da486e6f78913a4ee76c61fd
5V9E_a36983566ee75ab640f7b3bceb9d17bb_repeat_1,a36983566ee75ab640f7b3bceb9d17bb,2017034,5,4,256,76759.2,CNN,EC-NAS,8,0,1,2,171.388103723526,95949.0,447.8677243773219,a36983566ee75ab640f7b3bceb9d17bb
5V9E_a379ddbc6cca5875e7947caa53f4cfdb_repeat_1,a379ddbc6cca5875e7947caa53f4cfdb,2151576,5,4,256,81302.4,CNN,EC-NAS,7,1,2,0,193.45409178733826,101628.0,420.2671509754094,a379ddbc6cca5875e7947caa53f4cfdb
5V9E_a3a94c9f316f673c9ad967e4ffed0de3_repeat_1,a3a94c9f316f673c9ad967e4ffed0de3,706442,5,4,256,42310.799999999996,CNN,EC-NAS,6,0,1,2,91.53108549118042,52888.49999999999,462.2560715078256,a3a94c9f316f673c9ad967e4ffed0de3
5V9E_a3f58973b2a131153f24ae4152b0d77a_repeat_1,a3f58973b2a131153f24ae4152b0d77a,1143306,5,4,256,48232.8,CNN,EC-NAS,7,0,1,2,121.10897588729858,60291.0,398.2594984940209,a3f58973b2a131153f24ae4152b0d77a
5V9E_a3f6a72005a417c293e500d9d997bbf7_repeat_1,a3f6a72005a417c293e500d9d997bbf7,1143306,5,4,256,49129.2,CNN,EC-NAS,7,0,1,2,121.524649143219,61411.5,404.2735391245635,a3f6a72005a417c293e500d9d997bbf7
5V9E_a4162e7e5968a7985b0359cb65a895e8_repeat_1,a4162e7e5968a7985b0359cb65a895e8,2199587,5,4,256,61945.2,CNN,EC-NAS,8,1,0,2,144.75144600868225,77431.5,427.9418389802096,a4162e7e5968a7985b0359cb65a895e8
5V9E_a44a6d18aae096bbda9190d7e47a7dc1_repeat_1,a44a6d18aae096bbda9190d7e47a7dc1,13126538,5,4,256,136998.0,CNN,EC-NAS,5,1,2,0,287.04792976379395,171247.5,477.26524316943494,a44a6d18aae096bbda9190d7e47a7dc1
5V9E_a4565f287b4924d6867e7651acee580e_repeat_1,a4565f287b4924d6867e7651acee580e,2975370,5,4,256,108633.6,CNN,EC-NAS,7,0,3,0,246.09481763839722,135792.0,441.42985635570057,a4565f287b4924d6867e7651acee580e
5V9E_a457c9183365e45f46e540eadb06ac13_repeat_1,a457c9183365e45f46e540eadb06ac13,3905290,5,4,256,81288.0,CNN,EC-NAS,7,1,1,1,197.39835667610168,101610.0,411.7967412128981,a457c9183365e45f46e540eadb06ac13
5V9E_a47b64273cd0620c87d9598efee09140_repeat_1,a47b64273cd0620c87d9598efee09140,13836426,5,4,256,164916.0,CNN,EC-NAS,7,1,1,1,340.13891887664795,206145.0,484.8489568457972,a47b64273cd0620c87d9598efee09140
5V9E_a47f4f10264bcff0ba01b12fe697c19d_repeat_1,a47f4f10264bcff0ba01b12fe697c19d,3468426,5,4,256,84880.8,CNN,EC-NAS,6,1,1,1,161.7145369052887,106101.0,524.8804567873333,a47f4f10264bcff0ba01b12fe697c19d
5V9E_a4875a6522b8a3329777f01eaa191faf_repeat_1,a4875a6522b8a3329777f01eaa191faf,1756298,5,4,256,63295.200000000004,CNN,EC-NAS,7,0,0,3,141.78673267364502,79119.0,446.41130242904006,a4875a6522b8a3329777f01eaa191faf
5V9E_a4c219ef9ab66f5d4fa16d6beb29d986_repeat_1,a4c219ef9ab66f5d4fa16d6beb29d986,2277770,5,4,256,79473.59999999999,CNN,EC-NAS,8,0,2,1,191.37689995765686,99341.99999999999,415.272689742513,a4c219ef9ab66f5d4fa16d6beb29d986
5V9E_a4c96cfc67fd81b73dae29d5c9369bd8_repeat_1,a4c96cfc67fd81b73dae29d5c9369bd8,1859990,5,4,256,67788.0,CNN,EC-NAS,8,1,2,0,168.20658469200134,84735.0,403.0044372170378,a4c96cfc67fd81b73dae29d5c9369bd8
5V9E_a4d187e1d2d3e29a5a7a50547743794b_repeat_1,a4d187e1d2d3e29a5a7a50547743794b,1143306,5,4,256,57880.799999999996,CNN,EC-NAS,6,0,1,2,127.87227439880371,72351.0,452.6454250706711,a4d187e1d2d3e29a5a7a50547743794b
5V9E_a4f2a1d6d8af08161fe4eaa34c9c3ac6_repeat_1,a4f2a1d6d8af08161fe4eaa34c9c3ac6,5969674,5,4,256,90032.4,CNN,EC-NAS,6,2,0,1,188.50306868553162,112540.5,477.61768881436967,a4f2a1d6d8af08161fe4eaa34c9c3ac6
5V9E_a4f7b93a9c603174458df688a1ee1a72_repeat_1,a4f7b93a9c603174458df688a1ee1a72,4166026,5,4,256,89589.59999999999,CNN,EC-NAS,6,1,2,0,216.1520972251892,111986.99999999999,414.47481264391683,a4f7b93a9c603174458df688a1ee1a72
5V9E_a4f8afdf2b75a58b32865f3dbfc3d785_repeat_1,a4f8afdf2b75a58b32865f3dbfc3d785,4166026,5,4,256,92826.0,CNN,EC-NAS,7,1,2,0,215.7293734550476,116032.5,430.2891095140668,a4f8afdf2b75a58b32865f3dbfc3d785
5V9E_a50c1648669ad4ee8e6a86bf6958c2b8_repeat_1,a50c1648669ad4ee8e6a86bf6958c2b8,967178,5,4,256,51627.6,CNN,EC-NAS,5,0,2,1,110.61730337142944,64534.5,466.7226412729071,a50c1648669ad4ee8e6a86bf6958c2b8
5V9E_a51e1007a60efd63c172740ddfbf5a7c_repeat_1,a51e1007a60efd63c172740ddfbf5a7c,2453898,5,4,256,80056.8,CNN,EC-NAS,8,0,1,2,198.79997539520264,100071.0,402.7002510480789,a51e1007a60efd63c172740ddfbf5a7c
5V9E_a552d71c2c785e7be98e8dc840ebcda9_repeat_1,a552d71c2c785e7be98e8dc840ebcda9,1143306,5,4,256,46656.0,CNN,EC-NAS,6,0,1,2,119.5381555557251,58320.0,390.30215735803597,a552d71c2c785e7be98e8dc840ebcda9
5V9E_a57b390c4618425daa69ebedbb3d0dd6_repeat_1,a57b390c4618425daa69ebedbb3d0dd6,1615769,5,4,256,49428.0,CNN,EC-NAS,6,1,0,2,117.55217218399048,61785.0,420.47713012598535,a57b390c4618425daa69ebedbb3d0dd6
5V9E_a580847f898367f13f5d028da0fe8691_repeat_1,a580847f898367f13f5d028da0fe8691,11925130,5,4,256,134776.8,CNN,EC-NAS,6,1,0,2,258.8616123199463,168471.0,520.6519375048138,a580847f898367f13f5d028da0fe8691
5V9E_a593645decc9ad7bbcc2c5e4beb3d2b4_repeat_1,a593645decc9ad7bbcc2c5e4beb3d2b4,4518282,5,4,256,100897.2,CNN,EC-NAS,9,1,0,2,217.6402404308319,126121.5,463.596253157357,a593645decc9ad7bbcc2c5e4beb3d2b4
5V9E_a5ebb6434fe8bdc423854c88bb17bced_repeat_1,a5ebb6434fe8bdc423854c88bb17bced,3644554,5,4,256,75686.40000000001,CNN,EC-NAS,7,1,0,2,170.65882205963135,94608.00000000001,443.49538504111894,a5ebb6434fe8bdc423854c88bb17bced
5V9E_a5ef38166f79784fd07f7d3ad7945cca_repeat_1,a5ef38166f79784fd07f7d3ad7945cca,2332463,5,4,256,74383.2,CNN,EC-NAS,7,1,1,1,161.684672832489,92979.0,460.05102831895266,a5ef38166f79784fd07f7d3ad7945cca
5V9E_a6117bc821941225ab5fd33509cefa23_repeat_1,a6117bc821941225ab5fd33509cefa23,4602890,5,4,256,111160.8,CNN,EC-NAS,8,1,2,0,240.5528163909912,138951.0,462.1055852421232,a6117bc821941225ab5fd33509cefa23
5V9E_a63860b9aa38429806dc5ac68e3e8c6e_repeat_1,a63860b9aa38429806dc5ac68e3e8c6e,21220234,5,4,256,155109.6,CNN,EC-NAS,6,2,0,1,325.64825344085693,193887.0,476.31024690316804,a63860b9aa38429806dc5ac68e3e8c6e
5V9E_a6522dbdd005d7725663a6baf828783a_repeat_1,a6522dbdd005d7725663a6baf828783a,1143306,5,4,256,46890.0,CNN,EC-NAS,6,0,1,2,118.92943167686462,58612.5,394.2674184082688,a6522dbdd005d7725663a6baf828783a
5V9E_a65887fcf7406501ca7c42968f4813ed_repeat_1,a65887fcf7406501ca7c42968f4813ed,1756298,5,4,256,69537.6,CNN,EC-NAS,7,0,0,3,146.12683534622192,86922.0,475.8715251393959,a65887fcf7406501ca7c42968f4813ed
5V9E_a665a46e9e40bd76877d6f6698370890_repeat_1,a665a46e9e40bd76877d6f6698370890,2211101,5,4,256,66175.2,CNN,EC-NAS,7,1,0,2,145.46719455718994,82719.0,454.9149394228775,a665a46e9e40bd76877d6f6698370890
5V9E_a66662d3b37b3150167f6a4afe270786_repeat_1,a66662d3b37b3150167f6a4afe270786,5039754,5,4,256,114534.00000000001,CNN,EC-NAS,9,1,2,0,266.99919533729553,143167.50000000003,428.96758492216117,a66662d3b37b3150167f6a4afe270786
5V9E_a671a89b3e1dd314b4ecfd51d4aebe8c_repeat_1,a671a89b3e1dd314b4ecfd51d4aebe8c,1319434,5,4,256,48074.4,CNN,EC-NAS,6,0,0,3,114.52572250366211,60093.0,419.7694539622988,a671a89b3e1dd314b4ecfd51d4aebe8c
5V9E_a68c713f9efcadda744c29a7dd3e21f9_repeat_1,a68c713f9efcadda744c29a7dd3e21f9,6667274,5,4,256,107413.2,CNN,EC-NAS,8,2,1,0,246.00785660743713,134266.5,436.625079707933,a68c713f9efcadda744c29a7dd3e21f9
5V9E_a6a4c66cdd64789c73aae44ce88ee90d_repeat_1,a6a4c66cdd64789c73aae44ce88ee90d,2793866,4,4,256,83419.20000000001,CNN,EC-NAS,4,0,1,1,158.97471952438354,104274.00000000001,524.7324873386876,a6a4c66cdd64789c73aae44ce88ee90d
5V9E_a6afe6b6c48254bc4b817711a37c43de_repeat_1,a6afe6b6c48254bc4b817711a37c43de,4342154,5,4,256,85824.0,CNN,EC-NAS,8,1,1,1,206.3322184085846,107280.0,415.95055130967967,a6afe6b6c48254bc4b817711a37c43de
5V9E_a6b5b9d3cf43200312ce17b3b8886f45_repeat_1,a6b5b9d3cf43200312ce17b3b8886f45,22257802,5,4,256,176983.19999999998,CNN,EC-NAS,7,2,1,0,372.6594524383545,221228.99999999997,474.9193904568317,a6b5b9d3cf43200312ce17b3b8886f45
5V9E_a6d50a673185f4234492869e633fe90b_repeat_1,a6d50a673185f4234492869e633fe90b,708109,5,4,256,47300.4,CNN,EC-NAS,7,0,1,2,113.70027923583984,59125.5,416.0095324118631,a6d50a673185f4234492869e633fe90b
5V9E_a6e52a757d8de8eabd6afbe053272ece_repeat_1,a6e52a757d8de8eabd6afbe053272ece,1580170,5,4,256,74761.2,CNN,EC-NAS,8,0,1,2,162.8085012435913,93451.5,459.19715143218207,a6e52a757d8de8eabd6afbe053272ece
5V9E_a7195a1affa7f9b47257388fc04ba8f1_repeat_1,a7195a1affa7f9b47257388fc04ba8f1,5793546,5,4,256,91544.4,CNN,EC-NAS,6,2,1,0,195.7742989063263,114430.5,467.60172561671124,a7195a1affa7f9b47257388fc04ba8f1
5V9E_a728be72ed5f3ea7b4b96c2f3a729561_repeat_1,a728be72ed5f3ea7b4b96c2f3a729561,1840906,5,4,256,80989.2,CNN,EC-NAS,8,0,2,1,183.22789692878723,101236.5,442.01347806484404,a728be72ed5f3ea7b4b96c2f3a729561
5V9E_a75631830c3342cdd28580003d2764e3_repeat_1,a75631830c3342cdd28580003d2764e3,2606236,5,4,256,84391.2,CNN,EC-NAS,7,1,1,1,189.32763266563416,105489.0,445.74158991910474,a75631830c3342cdd28580003d2764e3
5V9E_a7566f2090f0f83d77330a8c572c6402_repeat_1,a7566f2090f0f83d77330a8c572c6402,19472778,5,4,256,135439.2,CNN,EC-NAS,4,2,0,1,239.48844599723816,169299.0,565.5354246257122,a7566f2090f0f83d77330a8c572c6402
5V9E_a78d031fcf9723a6e96c29666590ac80_repeat_1,a78d031fcf9723a6e96c29666590ac80,4541322,5,4,256,123148.8,CNN,EC-NAS,7,0,1,2,257.8994104862213,153936.0,477.50710157819236,a78d031fcf9723a6e96c29666590ac80
5V9E_a794607a35d74ad8f534dcb9b64bedf6_repeat_1,a794607a35d74ad8f534dcb9b64bedf6,3207690,5,4,256,57268.799999999996,CNN,EC-NAS,6,1,0,2,134.08467054367065,71586.0,427.10922708608854,a794607a35d74ad8f534dcb9b64bedf6
5V9E_a798222a6a784f5adb09538e28fd155f_repeat_1,a798222a6a784f5adb09538e28fd155f,1454631,5,4,256,53017.200000000004,CNN,EC-NAS,7,1,1,1,116.06956815719604,66271.5,456.7708904387188,a798222a6a784f5adb09538e28fd155f
5V9E_a7ab9dc4aa12c5635200cdbd77730ea0_repeat_1,a7ab9dc4aa12c5635200cdbd77730ea0,2505634,5,4,256,84394.79999999999,CNN,EC-NAS,9,1,0,2,180.32998824119568,105493.49999999999,468.00202685711884,a7ab9dc4aa12c5635200cdbd77730ea0
5V9E_a7b3edad57c9ef465203d073c567bdba_repeat_1,a7b3edad57c9ef465203d073c567bdba,23131530,5,4,256,205812.0,CNN,EC-NAS,7,2,1,0,420.0333468914032,257265.0,489.98966754230423,a7b3edad57c9ef465203d073c567bdba
5V9E_a7df1face60ef7a113e083404a4a9ee2_repeat_1,a7df1face60ef7a113e083404a4a9ee2,6667274,5,4,256,106506.0,CNN,EC-NAS,7,2,1,0,248.92900466918945,133132.5,427.8569311018601,a7df1face60ef7a113e083404a4a9ee2
5V9E_a7e2249020bbfb23860217805de01972_repeat_1,a7e2249020bbfb23860217805de01972,4779018,5,4,256,108626.4,CNN,EC-NAS,7,1,1,1,237.11953926086426,135783.0,458.1081775825144,a7e2249020bbfb23860217805de01972
5V9E_a7fc36957210067d2bd388784560630e_repeat_1,a7fc36957210067d2bd388784560630e,1457445,5,4,256,52963.2,CNN,EC-NAS,7,1,1,1,119.5073630809784,66204.0,443.17938773456194,a7fc36957210067d2bd388784560630e
5V9E_a81e6871117afbcf83648b4aa7db1709_repeat_1,a81e6871117afbcf83648b4aa7db1709,3015080,5,4,256,99367.20000000001,CNN,EC-NAS,9,1,2,0,246.1254117488861,124209.00000000001,403.72588630296,a81e6871117afbcf83648b4aa7db1709
5V9E_a83c59315fe1e948e38ba49e6e54b790_repeat_1,a83c59315fe1e948e38ba49e6e54b790,3905290,4,4,256,68749.2,CNN,EC-NAS,5,1,1,0,167.1478350162506,85936.5,411.30775037149596,a83c59315fe1e948e38ba49e6e54b790
5V9E_a84dbf1946177f7f9e514f9d094cda0c_repeat_1,a84dbf1946177f7f9e514f9d094cda0c,706442,5,4,256,36993.6,CNN,EC-NAS,5,0,1,2,85.7399914264679,46242.0,431.4626043755364,a84dbf1946177f7f9e514f9d094cda0c
5V9E_a874ed6a4bc0b759e8eb31999f773ced_repeat_1,a874ed6a4bc0b759e8eb31999f773ced,1581451,5,4,256,74667.59999999999,CNN,EC-NAS,8,0,1,2,167.11216926574707,93334.49999999999,446.81126651681006,a874ed6a4bc0b759e8eb31999f773ced
5V9E_a8c70be0e1ac2de3ec2b130ddf6f3dfe_repeat_1,a8c70be0e1ac2de3ec2b130ddf6f3dfe,2770826,5,4,256,47620.8,CNN,EC-NAS,6,1,0,2,102.89954710006714,59526.0,462.7892089135243,a8c70be0e1ac2de3ec2b130ddf6f3dfe
5V9E_a8cf112410fe52bd5c51acffb3c3ee46_repeat_1,a8cf112410fe52bd5c51acffb3c3ee46,1341996,5,4,256,40640.4,CNN,EC-NAS,7,1,0,2,96.03892111778259,50800.5,423.1659365493956,a8cf112410fe52bd5c51acffb3c3ee46
5V9E_a93691ed744e527cb08afd304d39f63d_repeat_1,a93691ed744e527cb08afd304d39f63d,2453898,5,4,256,85269.59999999999,CNN,EC-NAS,7,0,1,2,197.71545433998108,106586.99999999999,431.2743294885532,a93691ed744e527cb08afd304d39f63d
5V9E_a956fef95230eec8c302be74bd26a780_repeat_1,a956fef95230eec8c302be74bd26a780,1840906,5,4,256,73195.2,CNN,EC-NAS,7,0,2,1,164.53329920768738,91494.0,444.86557038892795,a956fef95230eec8c302be74bd26a780
5V9E_a977921eaca9cb2f5ba62d521ce84f63_repeat_1,a977921eaca9cb2f5ba62d521ce84f63,3367472,5,4,256,82814.4,CNN,EC-NAS,7,2,1,0,194.87388038635254,103518.0,424.9640836207194,a977921eaca9cb2f5ba62d521ce84f63
5V9E_a985ebe55be99e994a3689533fbe57da_repeat_1,a985ebe55be99e994a3689533fbe57da,2616460,5,4,256,77187.6,CNN,EC-NAS,8,1,1,1,191.0230565071106,96484.5,404.0747824445307,a985ebe55be99e994a3689533fbe57da
5V9E_a9ad75bd6c40694dff16705c714a7b5e_repeat_1,a9ad75bd6c40694dff16705c714a7b5e,3905290,5,4,256,86464.8,CNN,EC-NAS,8,1,1,1,195.07278656959534,108081.0,443.24378361792816,a9ad75bd6c40694dff16705c714a7b5e
5V9E_a9bd75f0d87cf512cea4e7604915388e_repeat_1,a9bd75f0d87cf512cea4e7604915388e,1227914,5,4,256,81662.4,CNN,EC-NAS,5,0,3,0,202.61990475654602,102078.0,403.0324666183209,a9bd75f0d87cf512cea4e7604915388e
5V9E_a9d2da962742e022b628ae0a268a156e_repeat_1,a9d2da962742e022b628ae0a268a156e,2630026,5,4,256,83174.4,CNN,EC-NAS,6,0,0,3,171.35314393043518,103968.0,485.3975718926207,a9d2da962742e022b628ae0a268a156e
5V9E_a9d7e128150406967e5196bfd7f91bbc_repeat_1,a9d7e128150406967e5196bfd7f91bbc,3644554,5,4,256,76276.79999999999,CNN,EC-NAS,7,1,0,2,171.00825119018555,95345.99999999999,446.0416352376431,a9d7e128150406967e5196bfd7f91bbc
5V9E_a9f1015b64d959e85a6279bf82503c58_repeat_1,a9f1015b64d959e85a6279bf82503c58,3905290,5,4,256,87357.59999999999,CNN,EC-NAS,6,1,1,1,213.70015001296997,109196.99999999999,408.78586184753755,a9f1015b64d959e85a6279bf82503c58
5V9E_aa0dc0893eac6c3077556feea47a0a3e_repeat_1,aa0dc0893eac6c3077556feea47a0a3e,2507310,5,4,256,84474.0,CNN,EC-NAS,9,1,0,2,179.98929643630981,105592.5,469.3279082286517,aa0dc0893eac6c3077556feea47a0a3e
5V9E_aae34dfb0fc5d8bb2cffb56284154185_repeat_1,aae34dfb0fc5d8bb2cffb56284154185,706433,5,4,256,42919.200000000004,CNN,EC-NAS,6,0,1,2,106.34660243988037,53649.00000000001,403.5784784404654,aae34dfb0fc5d8bb2cffb56284154185
5V9E_aaea520a5404a58520c4a27ff5ec44d9_repeat_1,aaea520a5404a58520c4a27ff5ec44d9,7104138,5,4,256,121687.2,CNN,EC-NAS,9,2,1,0,280.9650800228119,152109.0,433.1043558513395,aaea520a5404a58520c4a27ff5ec44d9
5V9E_ab173d05fbe3c9ca08508c6edad9a09b_repeat_1,ab173d05fbe3c9ca08508c6edad9a09b,4518282,5,4,256,101721.6,CNN,EC-NAS,8,1,0,2,219.06257820129395,127152.0,464.3495061330341,ab173d05fbe3c9ca08508c6edad9a09b
5V9E_ab69132fffe6718536f7e73f7057427f_repeat_1,ab69132fffe6718536f7e73f7057427f,4342154,5,4,256,107758.8,CNN,EC-NAS,7,1,1,1,213.76701712608337,134698.5,504.09460471837923,ab69132fffe6718536f7e73f7057427f
5V9E_ab80b98cd42ca90b0f4175c5fc0ec4c2_repeat_1,ab80b98cd42ca90b0f4175c5fc0ec4c2,825367,5,4,256,61480.799999999996,CNN,EC-NAS,7,0,2,1,135.09007358551025,76851.0,455.109678810586,ab80b98cd42ca90b0f4175c5fc0ec4c2
5V9E_ab92c12c4ef1b91edab647c78b365a67_repeat_1,ab92c12c4ef1b91edab647c78b365a67,1341996,5,4,256,42069.6,CNN,EC-NAS,6,1,0,2,91.65521693229675,52587.0,458.9984226547157,ab92c12c4ef1b91edab647c78b365a67
5V9E_abb7b8b5da940ceb1f92a8ff783f27a7_repeat_1,abb7b8b5da940ceb1f92a8ff783f27a7,1404042,5,4,256,62967.6,CNN,EC-NAS,7,0,2,1,144.66128730773926,78709.5,435.27609336178836,abb7b8b5da940ceb1f92a8ff783f27a7
5V9E_ac6948a887490d5db24dcbe37c0718d5_repeat_1,ac6948a887490d5db24dcbe37c0718d5,5095946,5,4,256,67348.8,CNN,EC-NAS,5,2,0,1,141.5891671180725,84186.0,475.6635085213632,ac6948a887490d5db24dcbe37c0718d5
5V9E_ac895237c098009987d4711dc35c54e3_repeat_1,ac895237c098009987d4711dc35c54e3,1232016,5,4,256,70855.20000000001,CNN,EC-NAS,9,0,3,0,187.80600500106812,88569.00000000001,377.2786711457764,ac895237c098009987d4711dc35c54e3
5V9E_ac89592da8c019230550d68d20ffe7a6_repeat_1,ac89592da8c019230550d68d20ffe7a6,1633582,5,4,256,52426.799999999996,CNN,EC-NAS,7,1,0,2,122.68290853500366,65533.49999999999,427.33580925041144,ac89592da8c019230550d68d20ffe7a6
5V9E_ac9bd0e2514c031187b612db767fb038_repeat_1,ac9bd0e2514c031187b612db767fb038,1143306,4,4,256,59472.0,CNN,EC-NAS,4,0,1,1,153.5227084159851,74340.0,387.38243100072646,ac9bd0e2514c031187b612db767fb038
5V9E_acacaa189351983a12736f3dbf4a7ce3_repeat_1,acacaa189351983a12736f3dbf4a7ce3,30515338,5,4,256,213073.19999999998,CNN,EC-NAS,6,3,0,0,419.06511187553406,266341.5,508.448911545957,acacaa189351983a12736f3dbf4a7ce3
5V9E_accc89fbbf20834663bf78d836746304_repeat_1,accc89fbbf20834663bf78d836746304,2770826,5,4,256,44658.0,CNN,EC-NAS,5,1,0,2,100.12365174293518,55822.5,446.02847801294973,accc89fbbf20834663bf78d836746304
5V9E_ad07628d74923011ce9d4e352f516352_repeat_1,ad07628d74923011ce9d4e352f516352,2624049,5,4,256,82854.0,CNN,EC-NAS,8,1,1,1,197.27950310707092,103567.5,419.98280964359515,ad07628d74923011ce9d4e352f516352
5V9E_ad0ae41a3419883685d228e79a6c5cf4_repeat_1,ad0ae41a3419883685d228e79a6c5cf4,5793546,5,4,256,85248.0,CNN,EC-NAS,6,2,1,0,199.05965995788574,106560.0,428.25351966358016,ad0ae41a3419883685d228e79a6c5cf4
5V9E_ad2859522901c0c097208bf02b902122_repeat_1,ad2859522901c0c097208bf02b902122,2277770,5,4,256,89290.79999999999,CNN,EC-NAS,7,0,2,1,196.29705500602722,111613.49999999999,454.8759022251167,ad2859522901c0c097208bf02b902122
5V9E_ad2934e3e33398a4eb5796753f3703b7_repeat_1,ad2934e3e33398a4eb5796753f3703b7,3905290,5,4,256,80362.8,CNN,EC-NAS,8,1,1,1,191.54672002792358,100453.5,419.5467298436891,ad2934e3e33398a4eb5796753f3703b7
5V9E_ad31f6858a2be5732cb4e83d0165575e_repeat_1,ad31f6858a2be5732cb4e83d0165575e,1746217,5,4,256,70635.59999999999,CNN,EC-NAS,8,1,1,1,190.16563320159912,88294.49999999999,371.44250941029657,ad31f6858a2be5732cb4e83d0165575e
5V9E_ad3a2d33ffd8459076863739d5d658d8_repeat_1,ad3a2d33ffd8459076863739d5d658d8,1404042,5,4,256,60836.4,CNN,EC-NAS,6,0,2,1,144.2813856601715,76045.5,421.6510655316899,ad3a2d33ffd8459076863739d5d658d8
5V9E_ad4cb8f1e40a1e7c24428c9067b345c2_repeat_1,ad4cb8f1e40a1e7c24428c9067b345c2,3905290,5,4,256,81414.0,CNN,EC-NAS,6,1,1,1,178.19690608978271,101767.5,456.87661916520807,ad4cb8f1e40a1e7c24428c9067b345c2
5V9E_ad52c5492d83f94d09c26585a7bd2445_repeat_1,ad52c5492d83f94d09c26585a7bd2445,3292298,5,4,256,63136.8,CNN,EC-NAS,5,1,2,0,145.2885217666626,78921.0,434.5615140981299,ad52c5492d83f94d09c26585a7bd2445
5V9E_ad6b257a2deee68e0350623eb1846a8a_repeat_1,ad6b257a2deee68e0350623eb1846a8a,2797220,5,4,256,98578.8,CNN,EC-NAS,9,1,0,2,240.56650710105896,123223.5,409.7777416645464,ad6b257a2deee68e0350623eb1846a8a
5V9E_adaa0bbb3eec41da79dc1fb95ed05c74_repeat_1,adaa0bbb3eec41da79dc1fb95ed05c74,11051402,5,4,256,112633.20000000001,CNN,EC-NAS,5,1,0,2,211.10282254219055,140791.5,533.5466321275235,adaa0bbb3eec41da79dc1fb95ed05c74
5V9E_add5897967fd30139e3f4adc5e815562_repeat_1,add5897967fd30139e3f4adc5e815562,21220234,5,4,256,167900.4,CNN,EC-NAS,6,2,0,1,338.678498506546,209875.5,495.7515777954082,add5897967fd30139e3f4adc5e815562
5V9E_ae02eb303483a5b659bddbad4f4eaedd_repeat_1,ae02eb303483a5b659bddbad4f4eaedd,1864094,5,4,256,60876.00000000001,CNN,EC-NAS,7,1,2,0,162.7842161655426,76095.00000000001,373.9674609367069,ae02eb303483a5b659bddbad4f4eaedd
5V9E_ae0401d99d86d0f838e80db250a19b39_repeat_1,ae0401d99d86d0f838e80db250a19b39,4705162,5,4,256,129006.0,CNN,EC-NAS,6,0,2,1,255.21838569641113,161257.5,505.4729879588533,ae0401d99d86d0f838e80db250a19b39
5V9E_ae0a5049d2e17fd48399952d979cf61b_repeat_1,ae0a5049d2e17fd48399952d979cf61b,3532095,5,4,256,99273.6,CNN,EC-NAS,9,2,0,1,212.29921746253967,124092.0,467.6117094850662,ae0a5049d2e17fd48399952d979cf61b
5V9E_ae1ba5bf0c912840b47ec779327bdc32_repeat_1,ae1ba5bf0c912840b47ec779327bdc32,1442598,5,4,256,47865.6,CNN,EC-NAS,6,1,1,1,117.79667472839355,59832.0,406.3408420514823,ae1ba5bf0c912840b47ec779327bdc32
5V9E_ae49673b7f7005b3541e3c17d52e1a7c_repeat_1,ae49673b7f7005b3541e3c17d52e1a7c,4779018,5,4,256,103039.20000000001,CNN,EC-NAS,8,1,1,1,240.43495202064514,128799.00000000001,428.55333275817765,ae49673b7f7005b3541e3c17d52e1a7c
5V9E_ae4d58413ec847d85d1a767d53066e79_repeat_1,ae4d58413ec847d85d1a767d53066e79,2017034,5,4,256,70056.0,CNN,EC-NAS,6,0,1,2,166.27225470542908,87570.0,421.33307282151475,ae4d58413ec847d85d1a767d53066e79
5V9E_ae5f31d3b8964da4494b7a40dce7c8d2_repeat_1,ae5f31d3b8964da4494b7a40dce7c8d2,5969674,5,4,256,88261.2,CNN,EC-NAS,6,2,0,1,188.94295930862427,110326.5,467.13145767888545,ae5f31d3b8964da4494b7a40dce7c8d2
5V9E_ae618123eb4069a717e5c562344421fa_repeat_1,ae618123eb4069a717e5c562344421fa,940430,5,4,256,67784.4,CNN,EC-NAS,8,0,3,0,169.02958726882935,84730.5,401.0209164872053,ae618123eb4069a717e5c562344421fa
5V9E_aebbdc1c97a30fccee5568b77140360d_repeat_1,aebbdc1c97a30fccee5568b77140360d,823172,5,4,256,50238.0,CNN,EC-NAS,8,0,2,1,133.54786705970764,62797.5,376.17972571242336,aebbdc1c97a30fccee5568b77140360d
5V9E_aec75e0f80a1c1f8764af4a367229ca1_repeat_1,aec75e0f80a1c1f8764af4a367229ca1,4518282,5,4,256,104864.4,CNN,EC-NAS,7,1,0,2,222.17247605323792,131080.5,471.9954598465741,aec75e0f80a1c1f8764af4a367229ca1
5V9E_aecb2e39324aa06f0a8cad68adbc9a22_repeat_1,aecb2e39324aa06f0a8cad68adbc9a22,4342154,5,4,256,97092.0,CNN,EC-NAS,7,1,1,1,211.06066417694092,121365.0,460.01939953436204,aecb2e39324aa06f0a8cad68adbc9a22
5V9E_aed6c55f69f51f50a3ccaccfc9671bba_repeat_1,aed6c55f69f51f50a3ccaccfc9671bba,20510346,5,4,256,146574.0,CNN,EC-NAS,4,2,1,0,278.3079025745392,183217.5,526.6612936394902,aed6c55f69f51f50a3ccaccfc9671bba
5V9E_aedb0f9f695111f2cf5f949839a6277c_repeat_1,aedb0f9f695111f2cf5f949839a6277c,3667594,5,4,256,110516.40000000001,CNN,EC-NAS,7,0,1,2,217.19569444656372,138145.5,508.83329101714844,aedb0f9f695111f2cf5f949839a6277c
5V9E_aee408ac42c666104cef833c43908b67_repeat_1,aee408ac42c666104cef833c43908b67,2017034,5,4,256,78116.4,CNN,EC-NAS,7,0,1,2,169.8285689353943,97645.5,459.972079430975,aee408ac42c666104cef833c43908b67
5V9E_aef0f1e5464c91724713f859b5630b90_repeat_1,aef0f1e5464c91724713f859b5630b90,1291541,5,4,256,52959.6,CNN,EC-NAS,7,0,1,2,132.5396707057953,66199.5,399.5754608260419,aef0f1e5464c91724713f859b5630b90
5V9E_af130d6a2d773da5b1630fe9b21c2396_repeat_1,af130d6a2d773da5b1630fe9b21c2396,4081418,5,4,256,87300.0,CNN,EC-NAS,8,1,0,2,189.61056971549988,109125.0,460.41737088279837,af130d6a2d773da5b1630fe9b21c2396
5V9E_af20a1d40ebf9324fc00f6dc11e27943_repeat_1,af20a1d40ebf9324fc00f6dc11e27943,3468426,5,4,256,75585.6,CNN,EC-NAS,6,1,1,1,197.96216225624084,94482.0,381.81841993705103,af20a1d40ebf9324fc00f6dc11e27943
5V9E_af3dd21ad0cde87dd787d0e102963859_repeat_1,af3dd21ad0cde87dd787d0e102963859,2101642,5,4,256,84834.0,CNN,EC-NAS,8,0,3,0,207.160076379776,106042.5,409.5094068438079,af3dd21ad0cde87dd787d0e102963859
5V9E_af7ede7ea2f1e5676774062dc4b0f57e_repeat_1,af7ede7ea2f1e5676774062dc4b0f57e,2193162,5,4,256,83707.2,CNN,EC-NAS,9,0,0,3,188.7076117992401,104634.0,443.5814708367639,af7ede7ea2f1e5676774062dc4b0f57e
5V9E_afa284265fc7bfa1babcbb5265ae8b53_repeat_1,afa284265fc7bfa1babcbb5265ae8b53,2770826,5,4,256,48315.600000000006,CNN,EC-NAS,5,1,0,2,103.06782388687134,60394.50000000001,468.77481427212314,afa284265fc7bfa1babcbb5265ae8b53
5V9E_afc0ca16c31f4d2f5bd4a33ea1a4beb1_repeat_1,afc0ca16c31f4d2f5bd4a33ea1a4beb1,3817382,5,4,256,106912.79999999999,CNN,EC-NAS,9,2,0,1,235.85107016563416,133641.0,453.30640189555623,afc0ca16c31f4d2f5bd4a33ea1a4beb1
5V9E_aff390a98bcfc1db36a87f7f5aee44ad_repeat_1,aff390a98bcfc1db36a87f7f5aee44ad,29641610,5,4,256,190926.0,CNN,EC-NAS,6,3,0,0,374.3629024028778,238657.5,510.0024569061903,aff390a98bcfc1db36a87f7f5aee44ad
5V9E_affba3d634aa89a8ae507ca275e0b029_repeat_1,affba3d634aa89a8ae507ca275e0b029,5969674,5,4,256,96674.4,CNN,EC-NAS,6,2,0,1,206.70161604881287,120843.0,467.7002620877923,affba3d634aa89a8ae507ca275e0b029
5V9E_b00e42f48333d7fb2308b23364352143_repeat_1,b00e42f48333d7fb2308b23364352143,5793546,5,4,256,94071.6,CNN,EC-NAS,7,2,1,0,206.55591654777527,117589.5,455.42922019491874,b00e42f48333d7fb2308b23364352143
5V9E_b01e08cce2207cb25b96eed5f75e183c_repeat_1,b01e08cce2207cb25b96eed5f75e183c,14000266,5,4,256,171608.40000000002,CNN,EC-NAS,7,1,2,0,342.9556972980499,214510.50000000003,500.3806653512497,b01e08cce2207cb25b96eed5f75e183c
5V9E_b0461c9e80eab947d35dcf0c2f1d3017_repeat_1,b0461c9e80eab947d35dcf0c2f1d3017,2630026,5,4,256,92041.2,CNN,EC-NAS,7,0,0,3,185.3071300983429,115051.5,496.6954048187651,b0461c9e80eab947d35dcf0c2f1d3017
5V9E_b04974b918af830a2e31bb5981ea2764_repeat_1,b04974b918af830a2e31bb5981ea2764,1696900,5,4,256,79268.4,CNN,EC-NAS,7,0,2,1,181.00105047225952,99085.5,437.9444196217457,b04974b918af830a2e31bb5981ea2764
5V9E_b04cfad1ce1c3d3046997833e3b7e585_repeat_1,b04cfad1ce1c3d3046997833e3b7e585,1580161,5,4,256,71344.8,CNN,EC-NAS,8,0,1,2,166.57014751434326,89181.0,428.3168446726419,b04cfad1ce1c3d3046997833e3b7e585
5V9E_b07cb0a954e57b780a52bb9627c82e23_repeat_1,b07cb0a954e57b780a52bb9627c82e23,2797220,5,4,256,87022.8,CNN,EC-NAS,9,1,0,2,201.94163417816162,108778.5,430.9304535152208,b07cb0a954e57b780a52bb9627c82e23
5V9E_b07e77b0b5a0ead5c5dee1345e487994_repeat_1,b07e77b0b5a0ead5c5dee1345e487994,3065016,5,4,256,93639.59999999999,CNN,EC-NAS,7,2,1,0,208.82955837249756,117049.49999999999,448.40204006451677,b07e77b0b5a0ead5c5dee1345e487994
5V9E_b07fc813959e90a45c9475974d3c39a0_repeat_1,b07fc813959e90a45c9475974d3c39a0,12798858,5,4,256,146016.0,CNN,EC-NAS,8,1,0,2,307.065217256546,182520.0,475.5211329520495,b07fc813959e90a45c9475974d3c39a0
5V9E_b08d50d1bce3df96075d34d373503749_repeat_1,b08d50d1bce3df96075d34d373503749,3729162,5,4,256,80128.8,CNN,EC-NAS,6,1,2,0,185.88794898986816,100161.0,431.0596810359526,b08d50d1bce3df96075d34d373503749
5V9E_b09021965e92a20c1c10a6ca31935786_repeat_1,b09021965e92a20c1c10a6ca31935786,1664778,5,4,256,73008.0,CNN,EC-NAS,7,0,3,0,171.05144548416138,91260.0,426.8189596021872,b09021965e92a20c1c10a6ca31935786
5V9E_b0c49542f357074f2b3dd48186a18c19_repeat_1,b0c49542f357074f2b3dd48186a18c19,1452822,5,4,256,55465.200000000004,CNN,EC-NAS,6,1,1,1,115.74348473548889,69331.5,479.2079668825924,b0c49542f357074f2b3dd48186a18c19
5V9E_b0ce7b01349895717c5821d41a675ac9_repeat_1,b0ce7b01349895717c5821d41a675ac9,1143306,5,4,256,56804.4,CNN,EC-NAS,7,0,1,2,122.35160756111145,71005.5,464.27179121146963,b0ce7b01349895717c5821d41a675ac9
5V9E_b0d4cf4ca15ade7cbf32b141609760fb_repeat_1,b0d4cf4ca15ade7cbf32b141609760fb,6406538,5,4,256,109576.8,CNN,EC-NAS,7,2,0,1,227.58291912078857,136971.0,481.4807737914752,b0d4cf4ca15ade7cbf32b141609760fb
5V9E_b0d76823ff2ad20dfc1af3c5b7b951e2_repeat_1,b0d76823ff2ad20dfc1af3c5b7b951e2,6616458,5,4,256,151977.59999999998,CNN,EC-NAS,7,0,3,0,333.24894070625305,189971.99999999997,456.04826133254767,b0d76823ff2ad20dfc1af3c5b7b951e2
5V9E_b0f2b42971423579e91372fd6246f48b_repeat_1,b0f2b42971423579e91372fd6246f48b,3207690,5,4,256,62049.600000000006,CNN,EC-NAS,5,1,0,2,134.09973049163818,77562.0,462.71233933515714,b0f2b42971423579e91372fd6246f48b
5V9E_b12a7b8c9330fbdcd133dbce1a2d69d2_repeat_1,b12a7b8c9330fbdcd133dbce1a2d69d2,3667594,5,4,256,105696.0,CNN,EC-NAS,6,0,1,2,214.30759835243225,132120.0,493.1976318738883,b12a7b8c9330fbdcd133dbce1a2d69d2
5V9E_b135f9abda2b0672d5ec007cb2ba52dd_repeat_1,b135f9abda2b0672d5ec007cb2ba52dd,3207690,5,4,256,63064.799999999996,CNN,EC-NAS,6,1,0,2,138.61241555213928,78831.0,454.9722313747434,b135f9abda2b0672d5ec007cb2ba52dd
5V9E_b15c4844b2e9135b26082d92f44a673a_repeat_1,b15c4844b2e9135b26082d92f44a673a,4342154,5,4,256,93909.6,CNN,EC-NAS,7,1,1,1,209.03892850875854,117387.0,449.2445530118821,b15c4844b2e9135b26082d92f44a673a
5V9E_b15fe2259dc6ada4a4f2af7e0793986b_repeat_1,b15fe2259dc6ada4a4f2af7e0793986b,12962698,5,4,256,149562.0,CNN,EC-NAS,7,1,1,1,304.84600496292114,186952.5,490.61492545454695,b15fe2259dc6ada4a4f2af7e0793986b
5V9E_b16e2b292598cc0f7a7e82a0527e8125_repeat_1,b16e2b292598cc0f7a7e82a0527e8125,5793546,5,4,256,83473.2,CNN,EC-NAS,6,2,1,0,199.05472421646118,104341.5,419.3479975347253,b16e2b292598cc0f7a7e82a0527e8125
5V9E_b1750a490368d6cea709a91d0b12ac29_repeat_1,b1750a490368d6cea709a91d0b12ac29,999828,5,4,256,64256.4,CNN,EC-NAS,8,0,1,2,149.4757833480835,80320.5,429.8783291897287,b1750a490368d6cea709a91d0b12ac29
5V9E_b19477dfee8d56046d1363658830c792_repeat_1,b19477dfee8d56046d1363658830c792,4342154,5,4,256,93715.2,CNN,EC-NAS,6,1,1,1,246.4224874973297,117144.0,380.3029542951737,b19477dfee8d56046d1363658830c792
5V9E_b19981b2791f8db816b1569ef631268a_repeat_1,b19981b2791f8db816b1569ef631268a,2017034,5,4,256,80330.40000000001,CNN,EC-NAS,8,0,1,2,172.4002764225006,100413.00000000001,465.9528491887951,b19981b2791f8db816b1569ef631268a
5V9E_b21471fc608527222a40cbf1e6955269_repeat_1,b21471fc608527222a40cbf1e6955269,6230410,5,4,256,100965.6,CNN,EC-NAS,6,2,1,0,213.49932050704956,126207.0,472.90829666442056,b21471fc608527222a40cbf1e6955269
5V9E_b2155d87fd6346e3ce76a34f5fc84561_repeat_1,b2155d87fd6346e3ce76a34f5fc84561,1580170,5,4,256,72993.59999999999,CNN,EC-NAS,7,0,1,2,158.48335146903992,91241.99999999999,460.5758227813567,b2155d87fd6346e3ce76a34f5fc84561
5V9E_b26696c1d671d9f0885296144c8e76e3_repeat_1,b26696c1d671d9f0885296144c8e76e3,3075240,5,4,256,91688.4,CNN,EC-NAS,8,2,1,0,214.99423789978027,114610.5,426.46910398938513,b26696c1d671d9f0885296144c8e76e3
5V9E_b2a940893bf6cc53c3cdde337dbb9626_repeat_1,b2a940893bf6cc53c3cdde337dbb9626,418332,5,4,256,30704.4,CNN,EC-NAS,6,0,1,2,81.82074403762817,38380.5,375.2642482190029,b2a940893bf6cc53c3cdde337dbb9626
5V9E_b2c696ec518fa54d98a5973337258b71_repeat_1,b2c696ec518fa54d98a5973337258b71,998019,5,4,256,59760.0,CNN,EC-NAS,7,0,1,2,139.99092435836792,74700.0,426.8848160972077,b2c696ec518fa54d98a5973337258b71
5V9E_b2d0fa2785846188fa085df0376c27f6_repeat_1,b2d0fa2785846188fa085df0376c27f6,1404042,5,4,256,63666.0,CNN,EC-NAS,6,0,2,1,149.90691804885864,79582.5,424.7035482328411,b2d0fa2785846188fa085df0376c27f6
5V9E_b317c5c512b895db16b9924215ccbeb3_repeat_1,b317c5c512b895db16b9924215ccbeb3,4602890,5,4,256,101628.0,CNN,EC-NAS,7,1,2,0,238.88460755348206,127035.0,425.4271593336012,b317c5c512b895db16b9924215ccbeb3
5V9E_b31a306fb738bf434a7a637c9ffe68ba_repeat_1,b31a306fb738bf434a7a637c9ffe68ba,1580170,5,4,256,58658.4,CNN,EC-NAS,6,0,1,2,132.9596095085144,73323.0,441.17458088836867,b31a306fb738bf434a7a637c9ffe68ba
5V9E_b31f6bcffe192a75aeba61d79133edaf_repeat_1,b31f6bcffe192a75aeba61d79133edaf,1580170,5,4,256,64807.200000000004,CNN,EC-NAS,6,0,1,2,136.0984833240509,81009.0,476.1787083673362,b31f6bcffe192a75aeba61d79133edaf
5V9E_b3228f8f9d66be86357414e78a16c4b4_repeat_1,b3228f8f9d66be86357414e78a16c4b4,5532810,5,4,256,82191.6,CNN,EC-NAS,6,2,0,1,177.0468509197235,102739.5,464.2364412189815,b3228f8f9d66be86357414e78a16c4b4
5V9E_b3241e85f05ac2f2f350c9360ef53ae4_repeat_1,b3241e85f05ac2f2f350c9360ef53ae4,2618269,5,4,256,88815.59999999999,CNN,EC-NAS,9,1,1,1,195.78617811203003,111019.49999999999,453.6357002136237,b3241e85f05ac2f2f350c9360ef53ae4
5V9E_b32f5b6550a9edfee789c97753847c4f_repeat_1,b32f5b6550a9edfee789c97753847c4f,3468426,5,4,256,76215.59999999999,CNN,EC-NAS,7,1,1,1,163.09877562522888,95269.49999999999,467.29719280744007,b32f5b6550a9edfee789c97753847c4f
5V9E_b361d164a404fb646b893313ad6182fd_repeat_1,b361d164a404fb646b893313ad6182fd,4779018,5,4,256,108954.0,CNN,EC-NAS,8,1,1,1,242.3308048248291,136192.5,449.60854266447194,b361d164a404fb646b893313ad6182fd
5V9E_b3688091a9ebca97387c9794e59c15b5_repeat_1,b3688091a9ebca97387c9794e59c15b5,21384074,5,4,256,165247.19999999998,CNN,EC-NAS,5,2,1,0,328.19857931137085,206558.99999999997,503.49760912043894,b3688091a9ebca97387c9794e59c15b5
5V9E_b389c47bd74f978cea2838bd58a398cf_repeat_1,b389c47bd74f978cea2838bd58a398cf,22093962,5,4,256,196923.6,CNN,EC-NAS,8,2,0,1,401.4928584098816,246154.5,490.47846275502593,b389c47bd74f978cea2838bd58a398cf
5V9E_b38c4b572eb7550f80928efd5bb221a8_repeat_1,b38c4b572eb7550f80928efd5bb221a8,1116567,5,4,256,69228.0,CNN,EC-NAS,9,0,2,1,170.5596604347229,86535.0,405.88729963199677,b38c4b572eb7550f80928efd5bb221a8
5V9E_b3a930374162721681ea6e6e305a56c3_repeat_1,b3a930374162721681ea6e6e305a56c3,2943654,5,4,256,88671.6,CNN,EC-NAS,8,2,0,1,191.2334394454956,110839.5,463.68250373529855,b3a930374162721681ea6e6e305a56c3
5V9E_b3b6068931078dc03cabd87e0778dfee_repeat_1,b3b6068931078dc03cabd87e0778dfee,6667274,5,4,256,117313.2,CNN,EC-NAS,7,2,1,0,252.48334217071533,146641.5,464.6373855455354,b3b6068931078dc03cabd87e0778dfee
5V9E_b3fe27c05f6d427c54bebfa225866c6f_repeat_1,b3fe27c05f6d427c54bebfa225866c6f,12088970,5,4,256,119250.0,CNN,EC-NAS,5,1,1,1,242.84334516525269,149062.5,491.057310707244,b3fe27c05f6d427c54bebfa225866c6f
5V9E_b4158fd0466ea8b5ad694bf9213f444c_repeat_1,b4158fd0466ea8b5ad694bf9213f444c,2277770,5,4,256,87966.0,CNN,EC-NAS,8,0,2,1,195.087260723114,109957.5,450.9059160190348,b4158fd0466ea8b5ad694bf9213f444c
5V9E_b42496c2ea055923a51b1719f381d499_repeat_1,b42496c2ea055923a51b1719f381d499,3831434,5,4,256,98157.59999999999,CNN,EC-NAS,5,0,2,1,202.70363807678223,122696.99999999999,484.2419254597632,b42496c2ea055923a51b1719f381d499
5V9E_b494f2f65273494b10f7c25d19551101_repeat_1,b494f2f65273494b10f7c25d19551101,2447912,5,4,256,90082.8,CNN,EC-NAS,7,1,2,0,196.9951629638672,112603.5,457.2843243695429,b494f2f65273494b10f7c25d19551101
5V9E_b49ac8c578b4561d79ac7087988f1c61_repeat_1,b49ac8c578b4561d79ac7087988f1c61,10177674,3,4,256,74448.0,CNN,EC-NAS,2,1,0,0,145.0990355014801,93060.0,513.0840445816788,b49ac8c578b4561d79ac7087988f1c61
5V9E_b49adf6583c2a0a526da0c8e28841a06_repeat_1,b49adf6583c2a0a526da0c8e28841a06,1114758,5,4,256,69415.2,CNN,EC-NAS,8,0,2,1,168.07080602645874,86769.0,413.01164456290064,b49adf6583c2a0a526da0c8e28841a06
5V9E_b4f77b2909c45d71ff6b373f4d8ad8cd_repeat_1,b4f77b2909c45d71ff6b373f4d8ad8cd,3468426,5,4,256,73738.8,CNN,EC-NAS,6,1,1,1,160.34181928634644,92173.5,459.8850152018892,b4f77b2909c45d71ff6b373f4d8ad8cd
5V9E_b4fe931ad9f2d22209c30d27b6aab510_repeat_1,b4fe931ad9f2d22209c30d27b6aab510,2277770,5,4,256,92210.40000000001,CNN,EC-NAS,7,0,2,1,199.44126439094543,115263.00000000001,462.3436392744125,b4fe931ad9f2d22209c30d27b6aab510
5V9E_b50d9417fc6bfb4efedead5bac82e93e_repeat_1,b50d9417fc6bfb4efedead5bac82e93e,14000266,5,4,256,162270.0,CNN,EC-NAS,7,1,2,0,334.1199667453766,202837.5,485.6638816909179,b50d9417fc6bfb4efedead5bac82e93e
5V9E_b5248bdb7915d3e3032439f9e4089ae8_repeat_1,b5248bdb7915d3e3032439f9e4089ae8,2277770,5,4,256,86734.8,CNN,EC-NAS,7,0,2,1,194.08003735542297,108418.5,446.902222309246,b5248bdb7915d3e3032439f9e4089ae8
5V9E_b55775b4e393270aaf6446f09775974d_repeat_1,b55775b4e393270aaf6446f09775974d,3468426,5,4,256,77202.0,CNN,EC-NAS,7,1,1,1,162.34114789962769,96502.5,475.5541093483734,b55775b4e393270aaf6446f09775974d
5V9E_b5f8d8b4b81f2e20a14b022b48d62f76_repeat_1,b5f8d8b4b81f2e20a14b022b48d62f76,1699095,5,4,256,87066.0,CNN,EC-NAS,9,0,2,1,198.2586534023285,108832.5,439.1535930757887,b5f8d8b4b81f2e20a14b022b48d62f76
5V9E_b5fb4f6193360330b6ff6a52cbf0cad7_repeat_1,b5fb4f6193360330b6ff6a52cbf0cad7,20346506,4,4,256,142099.2,CNN,EC-NAS,4,2,0,0,279.58615279197693,177624.0,508.2483469978121,b5fb4f6193360330b6ff6a52cbf0cad7
5V9E_b5ff70b5f49fc8d58976fe286850afdf_repeat_1,b5ff70b5f49fc8d58976fe286850afdf,5532810,5,4,256,83847.59999999999,CNN,EC-NAS,6,2,0,1,176.16308450698853,104809.49999999999,475.965780428156,b5ff70b5f49fc8d58976fe286850afdf
5V9E_b614793f5b3b2bbc4dbb2732e7569850_repeat_1,b614793f5b3b2bbc4dbb2732e7569850,4342154,5,4,256,94942.8,CNN,EC-NAS,8,1,1,1,211.08564949035645,118678.5,449.7832999506559,b614793f5b3b2bbc4dbb2732e7569850
5V9E_b62ec6f77ecf31088e1e4730c6e81f9d_repeat_1,b62ec6f77ecf31088e1e4730c6e81f9d,1840906,5,4,256,82659.59999999999,CNN,EC-NAS,6,0,2,1,162.96118807792664,103324.49999999999,507.2348881039876,b62ec6f77ecf31088e1e4730c6e81f9d
5V9E_b680304cf88bef1e5598539d4a67c766_repeat_1,b680304cf88bef1e5598539d4a67c766,3905290,5,4,256,82364.4,CNN,EC-NAS,6,1,1,1,172.3266806602478,102955.5,477.95500780512486,b680304cf88bef1e5598539d4a67c766
5V9E_b6f6d4ca2bc1edd7782747be84f388a9_repeat_1,b6f6d4ca2bc1edd7782747be84f388a9,3729162,5,4,256,79473.59999999999,CNN,EC-NAS,7,1,2,0,186.50289368629456,99341.99999999999,426.1252918342265,b6f6d4ca2bc1edd7782747be84f388a9
5V9E_b702a2eb4de7f6fe72454f8cee33f7bd_repeat_1,b702a2eb4de7f6fe72454f8cee33f7bd,11925130,5,4,256,128736.0,CNN,EC-NAS,6,1,0,2,255.22457337379456,160920.0,504.40284138101765,b702a2eb4de7f6fe72454f8cee33f7bd
5V9E_b736cbe2f892ce939e1bf4edb067bdea_repeat_1,b736cbe2f892ce939e1bf4edb067bdea,707723,5,4,256,49215.600000000006,CNN,EC-NAS,7,0,1,2,118.41434860229492,61519.50000000001,415.6219291067078,b736cbe2f892ce939e1bf4edb067bdea
5V9E_b73b86ec0a7b43f7a55db08d2d4fd1eb_repeat_1,b73b86ec0a7b43f7a55db08d2d4fd1eb,1143306,5,4,256,54014.4,CNN,EC-NAS,6,0,1,2,122.96703815460205,67518.0,439.25917717957583,b73b86ec0a7b43f7a55db08d2d4fd1eb
5V9E_b7dde1aded3f9ecc2c6e7a928f488c39_repeat_1,b7dde1aded3f9ecc2c6e7a928f488c39,12088970,5,4,256,115736.4,CNN,EC-NAS,6,1,1,1,247.89363646507263,144670.5,466.8792698771308,b7dde1aded3f9ecc2c6e7a928f488c39
5V9E_b7e53e438d1214f201ca760bd07f0898_repeat_1,b7e53e438d1214f201ca760bd07f0898,2737822,5,4,256,90568.8,CNN,EC-NAS,7,1,2,0,217.62779808044434,113211.0,416.163747457124,b7e53e438d1214f201ca760bd07f0898
5V9E_b7e94fec8d2b8521b17bc02490587154_repeat_1,b7e94fec8d2b8521b17bc02490587154,2024094,5,4,256,85107.59999999999,CNN,EC-NAS,8,1,1,1,182.83272457122803,106384.49999999999,465.4943484520669,b7e94fec8d2b8521b17bc02490587154
5V9E_b7f12ab9fe159ba55bb7d4d41c1e8e9d_repeat_1,b7f12ab9fe159ba55bb7d4d41c1e8e9d,1143306,5,4,256,53215.2,CNN,EC-NAS,6,0,1,2,118.83831071853638,66519.0,447.79498865511476,b7f12ab9fe159ba55bb7d4d41c1e8e9d
5V9E_b7fc649dfde2964b3f79520f094be940_repeat_1,b7fc649dfde2964b3f79520f094be940,1143306,5,4,256,51415.2,CNN,EC-NAS,6,0,1,2,121.04372191429138,64269.0,424.76552428225943,b7fc649dfde2964b3f79520f094be940
5V9E_b803e4c51290f5f3e139c705a8b4e1bf_repeat_1,b803e4c51290f5f3e139c705a8b4e1bf,3468426,5,4,256,67341.6,CNN,EC-NAS,5,1,1,1,155.60511255264282,84177.0,432.77241277800334,b803e4c51290f5f3e139c705a8b4e1bf
5V9E_b810a7eef148d3fd7afe7af192644b58_repeat_1,b810a7eef148d3fd7afe7af192644b58,2483520,5,4,256,69667.2,CNN,EC-NAS,7,2,1,0,155.15148901939392,87084.0,449.026950629469,b810a7eef148d3fd7afe7af192644b58
5V9E_b8125afb98d2941af16fa6fcbf7b4c9c_repeat_1,b8125afb98d2941af16fa6fcbf7b4c9c,4081418,5,4,256,83059.2,CNN,EC-NAS,7,1,0,2,187.28790879249573,103824.0,443.48404835906854,b8125afb98d2941af16fa6fcbf7b4c9c
5V9E_b81d2b5a951aff5f772c9e5b0be8db25_repeat_1,b81d2b5a951aff5f772c9e5b0be8db25,12962698,5,4,256,147340.8,CNN,EC-NAS,6,1,1,1,292.55651092529297,184176.0,503.63192920913946,b81d2b5a951aff5f772c9e5b0be8db25
5V9E_b83a8369f1234da6c70d620bacc6e5fd_repeat_1,b83a8369f1234da6c70d620bacc6e5fd,3644554,5,4,256,70426.8,CNN,EC-NAS,7,1,0,2,152.47324395179749,88033.5,461.89612140910805,b83a8369f1234da6c70d620bacc6e5fd
5V9E_b876d2f782c22f74399abe917c291c58_repeat_1,b876d2f782c22f74399abe917c291c58,3905290,5,4,256,95583.6,CNN,EC-NAS,6,1,1,1,195.95784521102905,119479.5,487.77633728858893,b876d2f782c22f74399abe917c291c58
5V9E_b879d3d0cafd4b4383c9e973e919b2c9_repeat_1,b879d3d0cafd4b4383c9e973e919b2c9,3905290,5,4,256,89283.6,CNN,EC-NAS,8,1,1,1,194.8408637046814,111604.5,458.23857635596596,b879d3d0cafd4b4383c9e973e919b2c9
5V9E_b87de9b43093c049904012e54eddea8d_repeat_1,b87de9b43093c049904012e54eddea8d,4166026,5,4,256,83181.6,CNN,EC-NAS,6,1,2,0,198.04365301132202,103977.0,420.0164899768061,b87de9b43093c049904012e54eddea8d
5V9E_b8921f0c676e302e5b14a8cd2687c4a8_repeat_1,b8921f0c676e302e5b14a8cd2687c4a8,1746217,5,4,256,61495.2,CNN,EC-NAS,7,1,1,1,144.9824001789093,76869.0,424.1563108633495,b8921f0c676e302e5b14a8cd2687c4a8
5V9E_b8a30080fea8f9d9ca13adc5f5af93cc_repeat_1,b8a30080fea8f9d9ca13adc5f5af93cc,4518282,5,4,256,101872.8,CNN,EC-NAS,7,1,0,2,222.5291886329651,127341.0,457.79522509304087,b8a30080fea8f9d9ca13adc5f5af93cc
5V9E_b8a8a67c4c5341fbff97b31cd7f08029_repeat_1,b8a8a67c4c5341fbff97b31cd7f08029,20346506,5,4,256,141980.4,CNN,EC-NAS,5,2,0,1,288.139173746109,177475.5,492.7493827170637,b8a8a67c4c5341fbff97b31cd7f08029
5V9E_b8c821682443b314c913878f9febe926_repeat_1,b8c821682443b314c913878f9febe926,13126538,5,4,256,147387.6,CNN,EC-NAS,5,1,2,0,281.6657395362854,184234.5,523.2713081919319,b8c821682443b314c913878f9febe926
5V9E_b8e3c1711770427fd9bde40996e95f3b_repeat_1,b8e3c1711770427fd9bde40996e95f3b,1989005,5,4,256,90291.59999999999,CNN,EC-NAS,9,0,2,1,218.12948632240295,112864.49999999999,413.9357843008252,b8e3c1711770427fd9bde40996e95f3b
5V9E_b8e7a837d6b56b0d7b5ece2804754e64_repeat_1,b8e7a837d6b56b0d7b5ece2804754e64,1617445,5,4,256,62265.6,CNN,EC-NAS,7,1,0,2,126.99931192398071,77832.0,490.2829712752378,b8e7a837d6b56b0d7b5ece2804754e64
5V9E_b8ee9ac7dd82aec6111396de509353ae_repeat_1,b8ee9ac7dd82aec6111396de509353ae,1756298,5,4,256,74448.0,CNN,EC-NAS,7,0,0,3,161.04086661338806,93060.0,462.2925942067105,b8ee9ac7dd82aec6111396de509353ae
5V9E_b8f8a274a3602342b8b9cedc08687ae0_repeat_1,b8f8a274a3602342b8b9cedc08687ae0,3207690,5,4,256,61041.6,CNN,EC-NAS,6,1,0,2,135.29139804840088,76302.0,451.18611294239264,b8f8a274a3602342b8b9cedc08687ae0
5V9E_b9004ebdd029b077bc3e6cdb7da692d4_repeat_1,b9004ebdd029b077bc3e6cdb7da692d4,2957706,5,4,256,74268.0,CNN,EC-NAS,5,0,2,1,157.86693000793457,92835.0,470.44685037117785,b9004ebdd029b077bc3e6cdb7da692d4
5V9E_b91d9b1ff991a3f277168a1b81981544_repeat_1,b91d9b1ff991a3f277168a1b81981544,4342154,5,4,256,100771.2,CNN,EC-NAS,8,1,1,1,216.7877116203308,125964.0,464.838155478502,b91d9b1ff991a3f277168a1b81981544
5V9E_b925064fdef1c0de435dc3065dc41f87_repeat_1,b925064fdef1c0de435dc3065dc41f87,1406990,5,4,256,71874.0,CNN,EC-NAS,7,0,2,1,159.19096612930298,89842.5,451.49546954580507,b925064fdef1c0de435dc3065dc41f87
5V9E_b954edfc630ef8ca36760f8dedb517d5_repeat_1,b954edfc630ef8ca36760f8dedb517d5,4705162,5,4,256,127260.0,CNN,EC-NAS,6,0,2,1,255.41895985603333,159075.0,498.24022489062673,b954edfc630ef8ca36760f8dedb517d5
5V9E_b95f1b946e42b2dd786ac8591b78153d_repeat_1,b95f1b946e42b2dd786ac8591b78153d,3367472,5,4,256,93916.8,CNN,EC-NAS,8,2,1,0,206.48107886314392,117396.0,454.84458196892825,b95f1b946e42b2dd786ac8591b78153d
5V9E_b968fd5d7268bd7b3c221357c88f0122_repeat_1,b968fd5d7268bd7b3c221357c88f0122,4869002,5,4,256,129275.99999999999,CNN,EC-NAS,6,0,3,0,251.83930253982544,161594.99999999997,513.3273428580771,b968fd5d7268bd7b3c221357c88f0122
5V9E_b9d1a04a1f64242b645908cc62b4575c_repeat_1,b9d1a04a1f64242b645908cc62b4575c,6667274,5,4,256,110941.2,CNN,EC-NAS,7,2,1,0,245.06747817993164,138676.5,452.696542290877,b9d1a04a1f64242b645908cc62b4575c
5V9E_b9d626506f441e7dff83e31537491aa6_repeat_1,b9d626506f441e7dff83e31537491aa6,11215242,5,4,256,98596.8,CNN,EC-NAS,4,1,1,1,195.60288739204407,123246.0,504.0661787491094,b9d626506f441e7dff83e31537491aa6
5V9E_b9f7000e55a3adc7b70fd4334c74d4b2_repeat_1,b9f7000e55a3adc7b70fd4334c74d4b2,14873994,5,4,256,185688.0,CNN,EC-NAS,8,1,2,0,385.78967094421387,232110.0,481.31926276183515,b9f7000e55a3adc7b70fd4334c74d4b2
5V9E_ba0e34c55a4779bb6bf6c82b102bd210_repeat_1,ba0e34c55a4779bb6bf6c82b102bd210,706442,5,4,256,36946.799999999996,CNN,EC-NAS,5,0,1,2,89.7961196899414,46183.49999999999,411.45207752377553,ba0e34c55a4779bb6bf6c82b102bd210
5V9E_ba4ec75b2b4c68a375c1e1b7cc10f9fb_repeat_1,ba4ec75b2b4c68a375c1e1b7cc10f9fb,2331173,5,4,256,70185.59999999999,CNN,EC-NAS,7,1,1,1,169.5738286972046,87731.99999999999,413.894057468769,ba4ec75b2b4c68a375c1e1b7cc10f9fb
5V9E_ba9417f3156736a36233e71a36e93a5f_repeat_1,ba9417f3156736a36233e71a36e93a5f,2714634,5,4,256,97092.0,CNN,EC-NAS,8,0,2,1,229.45522499084473,121365.0,423.1413775993725,ba9417f3156736a36233e71a36e93a5f
5V9E_ba9861a88803c667b323a9e5e13c4249_repeat_1,ba9861a88803c667b323a9e5e13c4249,7421066,5,4,256,87300.0,CNN,EC-NAS,6,3,0,0,180.19002628326416,109125.0,484.4885247020374,ba9861a88803c667b323a9e5e13c4249
5V9E_baae1a0418546c68d48b40964d16cba7_repeat_1,baae1a0418546c68d48b40964d16cba7,3468426,5,4,256,79596.0,CNN,EC-NAS,6,1,1,1,163.42749166488647,99495.0,487.04167939635425,baae1a0418546c68d48b40964d16cba7
5V9E_bab88f7a7f95c9d4eb1434958014fa08_repeat_1,bab88f7a7f95c9d4eb1434958014fa08,4705162,5,4,256,130280.4,CNN,EC-NAS,7,0,2,1,257.0066919326782,162850.5,506.9144270925302,bab88f7a7f95c9d4eb1434958014fa08
5V9E_bac2efb9df41e589e726ddfd29ac9738_repeat_1,bac2efb9df41e589e726ddfd29ac9738,1923492,5,4,256,63540.0,CNN,EC-NAS,7,1,0,2,151.52578949928284,79425.0,419.33455822911736,bac2efb9df41e589e726ddfd29ac9738
5V9E_bacd9f70d10d1038abdc23221b0f075c_repeat_1,bacd9f70d10d1038abdc23221b0f075c,2453898,5,4,256,90702.0,CNN,EC-NAS,8,0,1,2,204.0780520439148,113377.5,444.44759782635606,bacd9f70d10d1038abdc23221b0f075c
5V9E_baf57845cc170afb2b4ca486392c3fd0_repeat_1,baf57845cc170afb2b4ca486392c3fd0,2725170,5,4,256,100126.8,CNN,EC-NAS,8,1,2,0,231.03993320465088,125158.5,433.37443277093377,baf57845cc170afb2b4ca486392c3fd0
5V9E_bb194242ef82fb4d160656cbe09deeb8_repeat_1,bb194242ef82fb4d160656cbe09deeb8,5578890,5,4,256,143906.40000000002,CNN,EC-NAS,7,0,2,1,303.47550344467163,179883.00000000003,474.1944518307272,bb194242ef82fb4d160656cbe09deeb8
5V9E_bb1bd3c11abe75f5c7d50a3bfb547d4f_repeat_1,bb1bd3c11abe75f5c7d50a3bfb547d4f,2897822,5,4,256,102769.2,CNN,EC-NAS,8,1,1,1,226.12499618530273,128461.5,454.4796096570575,bb1bd3c11abe75f5c7d50a3bfb547d4f
5V9E_bb282615f92f3f45747172187ef55c95_repeat_1,bb282615f92f3f45747172187ef55c95,3948968,5,4,256,111981.6,CNN,EC-NAS,9,2,1,0,268.129079580307,139977.0,417.64063851366234,bb282615f92f3f45747172187ef55c95
5V9E_bb505365ca984af545b4f48d9d790efd_repeat_1,bb505365ca984af545b4f48d9d790efd,4869002,5,4,256,119955.6,CNN,EC-NAS,5,0,3,0,245.0210735797882,149944.5,489.57258348204033,bb505365ca984af545b4f48d9d790efd
5V9E_bb5afdb8c5f4bc13d079262ce7fd5c6e_repeat_1,bb5afdb8c5f4bc13d079262ce7fd5c6e,20346506,5,4,256,144370.8,CNN,EC-NAS,6,2,0,1,290.2347469329834,180463.5,497.4276909488577,bb5afdb8c5f4bc13d079262ce7fd5c6e
5V9E_bb60c46f5b7c352b7900043c5ef7e0a7_repeat_1,bb60c46f5b7c352b7900043c5ef7e0a7,2793866,4,4,256,71881.2,CNN,EC-NAS,4,0,1,1,157.93400764465332,89851.5,455.134401209716,bb60c46f5b7c352b7900043c5ef7e0a7
5V9E_bb72986aeca0f91a8f73695f67a4d9ce_repeat_1,bb72986aeca0f91a8f73695f67a4d9ce,1143306,5,4,256,54666.0,CNN,EC-NAS,7,0,1,2,125.42404794692993,68332.5,435.84943154705513,bb72986aeca0f91a8f73695f67a4d9ce
5V9E_bb77abfba9af06e3be0ec65b0c72d6a5_repeat_1,bb77abfba9af06e3be0ec65b0c72d6a5,22257802,5,4,256,189126.0,CNN,EC-NAS,6,2,1,0,379.90514969825745,236407.5,497.8242599507134,bb77abfba9af06e3be0ec65b0c72d6a5
5V9E_bb9ca5417916d86ba45d875da68c7445_repeat_1,bb9ca5417916d86ba45d875da68c7445,4705162,4,4,256,114969.59999999999,CNN,EC-NAS,5,0,2,0,249.1740849018097,143712.0,461.40271788418636,bb9ca5417916d86ba45d875da68c7445
5V9E_bba82ec06a4c1fe4a76d2b3db43ce73d_repeat_1,bba82ec06a4c1fe4a76d2b3db43ce73d,2502687,5,4,256,77886.0,CNN,EC-NAS,8,1,0,2,176.4898591041565,97357.5,441.30580870391617,bba82ec06a4c1fe4a76d2b3db43ce73d
5V9E_bbbbfa97c6e5128b8d43e62125b02030_repeat_1,bbbbfa97c6e5128b8d43e62125b02030,13126538,5,4,256,145252.80000000002,CNN,EC-NAS,5,1,2,0,337.2402651309967,181566.00000000003,430.7101346382183,bbbbfa97c6e5128b8d43e62125b02030
5V9E_bbe1ee0e36293286d99d3c8195ed49c7_repeat_1,bbe1ee0e36293286d99d3c8195ed49c7,6843402,5,4,256,120445.2,CNN,EC-NAS,7,2,0,1,259.74068117141724,150556.5,463.71326762060636,bbe1ee0e36293286d99d3c8195ed49c7
5V9E_bbeea5c5c25c4277b46229a5b4a97126_repeat_1,bbeea5c5c25c4277b46229a5b4a97126,3729162,5,4,256,78800.4,CNN,EC-NAS,6,1,2,0,180.62900161743164,98500.5,436.2555253828926,bbeea5c5c25c4277b46229a5b4a97126
5V9E_bbf9bd515d5ab61dbcc78c5b1ca2c009_repeat_1,bbf9bd515d5ab61dbcc78c5b1ca2c009,3729162,5,4,256,80683.20000000001,CNN,EC-NAS,6,1,2,0,184.35348463058472,100854.00000000001,437.6548681012263,bbf9bd515d5ab61dbcc78c5b1ca2c009
5V9E_bbfdbe195acd7f6f70496688e68c65dd_repeat_1,bbfdbe195acd7f6f70496688e68c65dd,8294794,5,4,256,115326.0,CNN,EC-NAS,7,3,0,0,247.8863844871521,144157.5,465.2373313628983,bbfdbe195acd7f6f70496688e68c65dd
5V9E_bc05148076ca46b4f713ba598d56d2ac_repeat_1,bc05148076ca46b4f713ba598d56d2ac,2616460,5,4,256,86554.79999999999,CNN,EC-NAS,7,1,1,1,200.0650351047516,108193.49999999999,432.633318234148,bc05148076ca46b4f713ba598d56d2ac
5V9E_bc2f0cf981993ece23da91ab8a22571f_repeat_1,bc2f0cf981993ece23da91ab8a22571f,1988486,5,4,256,87184.8,CNN,EC-NAS,8,0,2,1,217.3100049495697,108981.0,401.20011971023905,bc2f0cf981993ece23da91ab8a22571f
5V9E_bc4b26d477bca5525afcdf562dd6443e_repeat_1,bc4b26d477bca5525afcdf562dd6443e,3468426,5,4,256,71812.8,CNN,EC-NAS,7,1,1,1,166.58041429519653,89766.0,431.0999003324653,bc4b26d477bca5525afcdf562dd6443e
5V9E_bc7811d50248bd0a20560f03d78726ac_repeat_1,bc7811d50248bd0a20560f03d78726ac,5969674,5,4,256,83044.8,CNN,EC-NAS,7,2,0,1,190.29021549224854,103806.0,436.4112983170321,bc7811d50248bd0a20560f03d78726ac
5V9E_bc9d6a78e90e8e76db17079a263a4612_repeat_1,bc9d6a78e90e8e76db17079a263a4612,882570,5,4,256,47916.0,CNN,EC-NAS,5,0,0,3,87.99223732948303,59895.0,544.5480357611623,bc9d6a78e90e8e76db17079a263a4612
5V9E_bc9edfe4879f406d48c5ba5c63a4b1f3_repeat_1,bc9edfe4879f406d48c5ba5c63a4b1f3,4779018,5,4,256,106372.8,CNN,EC-NAS,8,1,1,1,241.61158800125122,132966.0,440.2636515904574,bc9edfe4879f406d48c5ba5c63a4b1f3
5V9E_bcb5d075ac0af852e2d556b3c19609e5_repeat_1,bcb5d075ac0af852e2d556b3c19609e5,2453898,5,4,256,91926.0,CNN,EC-NAS,8,0,1,2,205.07424020767212,114907.5,448.25717704432054,bcb5d075ac0af852e2d556b3c19609e5
5V9E_bcb71c5bbc7f2bf742fda5193dabd515_repeat_1,bcb71c5bbc7f2bf742fda5193dabd515,1840906,5,4,256,74142.0,CNN,EC-NAS,7,0,2,1,181.55588030815125,92677.5,408.37013857199355,bcb71c5bbc7f2bf742fda5193dabd515
5V9E_bccc32b183313948588d0049560c68c9_repeat_1,bccc32b183313948588d0049560c68c9,4166026,5,4,256,97905.6,CNN,EC-NAS,7,1,2,0,226.5138247013092,122382.0,432.22792308196864,bccc32b183313948588d0049560c68c9
5V9E_bcd0471bc7eb24ef5d3f5bd786161c37_repeat_1,bcd0471bc7eb24ef5d3f5bd786161c37,1840906,5,4,256,78184.8,CNN,EC-NAS,7,0,2,1,183.68987345695496,97731.0,425.6347861131358,bcd0471bc7eb24ef5d3f5bd786161c37
5V9E_bcdd8291406808c843b87193b2120a00_repeat_1,bcdd8291406808c843b87193b2120a00,3729162,5,4,256,83530.8,CNN,EC-NAS,6,1,2,0,189.48874950408936,104413.5,440.8219496862389,bcdd8291406808c843b87193b2120a00
5V9E_bce637b42a97ffd878015bb681c21f0e_repeat_1,bce637b42a97ffd878015bb681c21f0e,2793866,5,4,256,74386.8,CNN,EC-NAS,5,0,1,2,161.48797225952148,92983.5,460.63368657856245,bce637b42a97ffd878015bb681c21f0e
5V9E_bd0a76721830835dc8331c8368163a11_repeat_1,bd0a76721830835dc8331c8368163a11,5578890,5,4,256,151030.8,CNN,EC-NAS,8,0,2,1,309.08369278907776,188788.5,488.6404670435497,bd0a76721830835dc8331c8368163a11
5V9E_bd1fa67eb69b2145876e7eecc2a889c2_repeat_1,bd1fa67eb69b2145876e7eecc2a889c2,2277770,5,4,256,89100.0,CNN,EC-NAS,7,0,2,1,206.6396996974945,111375.0,431.1852956156824,bd1fa67eb69b2145876e7eecc2a889c2
5V9E_bd27b5dd19c77f85060793140634f09f_repeat_1,bd27b5dd19c77f85060793140634f09f,2739498,5,4,256,98366.40000000001,CNN,EC-NAS,8,1,2,0,224.7387034893036,122958.00000000001,437.69229986984305,bd27b5dd19c77f85060793140634f09f
5V9E_bd2e48f41db9b35d3d4fc1a1b38e336c_repeat_1,bd2e48f41db9b35d3d4fc1a1b38e336c,2193162,5,4,256,83412.0,CNN,EC-NAS,8,0,0,3,184.68195629119873,104265.0,451.6521357856935,bd2e48f41db9b35d3d4fc1a1b38e336c
5V9E_bd411c52a9ffc8481fe34c852e84b263_repeat_1,bd411c52a9ffc8481fe34c852e84b263,4342154,5,4,256,96703.2,CNN,EC-NAS,7,1,1,1,216.9188048839569,120879.0,445.80367318422407,bd411c52a9ffc8481fe34c852e84b263
5V9E_bd4fcbc58bd9785041cf069f718c968a_repeat_1,bd4fcbc58bd9785041cf069f718c968a,3015080,5,4,256,117208.79999999999,CNN,EC-NAS,9,1,2,0,260.3031532764435,146511.0,450.27806434416703,bd4fcbc58bd9785041cf069f718c968a
5V9E_bd87cf180a6220eef48b5d75d240d182_repeat_1,bd87cf180a6220eef48b5d75d240d182,999309,5,4,256,61056.0,CNN,EC-NAS,9,0,1,2,149.17443013191223,76320.0,409.2926646075289,bd87cf180a6220eef48b5d75d240d182
5V9E_bd90eaeb2d4879b83f2d95771b3af983_repeat_1,bd90eaeb2d4879b83f2d95771b3af983,2105744,5,4,256,91915.2,CNN,EC-NAS,7,0,3,0,226.0471863746643,114894.0,406.61952698519406,bd90eaeb2d4879b83f2d95771b3af983
5V9E_bdbecd4bebb9e85bcf3484e4d7baa0e0_repeat_1,bdbecd4bebb9e85bcf3484e4d7baa0e0,5793546,5,4,256,91461.6,CNN,EC-NAS,7,2,1,0,203.71394634246826,114327.0,448.9707339243322,bdbecd4bebb9e85bcf3484e4d7baa0e0
5V9E_be0b44013f8b541b53d3000d7630ee13_repeat_1,be0b44013f8b541b53d3000d7630ee13,999828,5,4,256,57538.8,CNN,EC-NAS,7,0,1,2,143.67829203605652,71923.5,400.46968254300003,be0b44013f8b541b53d3000d7630ee13
5V9E_be1924b6e6f1da486360922465d5eb3d_repeat_1,be1924b6e6f1da486360922465d5eb3d,3031562,5,4,256,55724.4,CNN,EC-NAS,5,1,1,1,128.569650888443,69655.5,433.41799262059766,be1924b6e6f1da486360922465d5eb3d
5V9E_be43018f9db0e45958cc91fab56ba2c8_repeat_1,be43018f9db0e45958cc91fab56ba2c8,2793866,5,4,256,85158.0,CNN,EC-NAS,5,0,1,2,169.02980089187622,106447.5,503.80465190557294,be43018f9db0e45958cc91fab56ba2c8
5V9E_be457cefc47219a265425217dfb484fd_repeat_1,be457cefc47219a265425217dfb484fd,11051402,5,4,256,115012.79999999999,CNN,EC-NAS,6,1,0,2,217.7023286819458,143766.0,528.3030305478679,be457cefc47219a265425217dfb484fd
5V9E_be51cc351eb10727571e73df5115301c_repeat_1,be51cc351eb10727571e73df5115301c,4166026,5,4,256,95832.0,CNN,EC-NAS,7,1,2,0,224.31478714942932,119790.0,427.2210549194006,be51cc351eb10727571e73df5115301c
5V9E_be53dd3ae2faea1958bd85d88a28056e_repeat_1,be53dd3ae2faea1958bd85d88a28056e,12088970,5,4,256,118152.0,CNN,EC-NAS,6,1,1,1,248.8872194290161,147690.0,474.7210414060556,be53dd3ae2faea1958bd85d88a28056e
5V9E_be69001d8d234276ea2056075e43b923_repeat_1,be69001d8d234276ea2056075e43b923,1851442,5,4,256,61297.200000000004,CNN,EC-NAS,7,1,2,0,162.51705265045166,76621.5,377.17395805743865,be69001d8d234276ea2056075e43b923
5V9E_be7c9352a02adc5da0bb0d5429693b4f_repeat_1,be7c9352a02adc5da0bb0d5429693b4f,6406538,5,4,256,106552.8,CNN,EC-NAS,7,2,0,1,228.3212833404541,133191.0,466.6792269256701,be7c9352a02adc5da0bb0d5429693b4f
5V9E_be85eee094336d4f0c4626bbcc04062c_repeat_1,be85eee094336d4f0c4626bbcc04062c,4779018,5,4,256,111866.40000000001,CNN,EC-NAS,9,1,1,1,250.445787191391,139833.0,446.66912250558863,be85eee094336d4f0c4626bbcc04062c
5V9E_be8ea74f18135d23945c9a3584564887_repeat_1,be8ea74f18135d23945c9a3584564887,3031562,5,4,256,58626.0,CNN,EC-NAS,6,1,1,1,135.98905515670776,73282.5,431.10822361727566,be8ea74f18135d23945c9a3584564887
5V9E_be9c08a93125c1a0bfe6b50e032e5ec1_repeat_1,be9c08a93125c1a0bfe6b50e032e5ec1,417813,5,4,256,38689.2,CNN,EC-NAS,7,0,1,2,87.38266229629517,48361.5,442.7560225713143,be9c08a93125c1a0bfe6b50e032e5ec1
5V9E_beaf8810ed430725e0a72ca2f0cebd17_repeat_1,beaf8810ed430725e0a72ca2f0cebd17,3905290,5,4,256,94024.8,CNN,EC-NAS,7,1,1,1,205.2895302772522,117531.0,458.0106928639543,beaf8810ed430725e0a72ca2f0cebd17
5V9E_beb1171ff15741ec7f59ac14944b595d_repeat_1,beb1171ff15741ec7f59ac14944b595d,1580170,5,4,256,72313.2,CNN,EC-NAS,7,0,1,2,158.79220724105835,90391.5,455.3951434796998,beb1171ff15741ec7f59ac14944b595d
5V9E_bebbba5c4def0aaf1a99dd42e274722d_repeat_1,bebbba5c4def0aaf1a99dd42e274722d,2619945,5,4,256,80496.0,CNN,EC-NAS,9,1,1,1,197.57788252830505,100620.0,407.41402311803864,bebbba5c4def0aaf1a99dd42e274722d
5V9E_bebc5576d7d2ea4c790774b12c0839c2_repeat_1,bebc5576d7d2ea4c790774b12c0839c2,1174802,5,4,256,43099.2,CNN,EC-NAS,7,0,0,3,105.19405961036682,53874.0,409.71134833694157,bebc5576d7d2ea4c790774b12c0839c2
5V9E_bebd53cc61eddbb18461be7d35449cc6_repeat_1,bebd53cc61eddbb18461be7d35449cc6,1748645,5,4,256,65131.200000000004,CNN,EC-NAS,8,1,1,1,151.8227994441986,81414.0,428.99485609826684,bebd53cc61eddbb18461be7d35449cc6
5V9E_bebf9ff9e280af60b96b91c93f94f2e4_repeat_1,bebf9ff9e280af60b96b91c93f94f2e4,5793546,5,4,256,90212.40000000001,CNN,EC-NAS,7,2,1,0,202.11812496185303,112765.50000000001,446.33503312494287,bebf9ff9e280af60b96b91c93f94f2e4
5V9E_bed0664cd033875b2f5059277b8d1a9e_repeat_1,bed0664cd033875b2f5059277b8d1a9e,3905290,5,4,256,83653.2,CNN,EC-NAS,6,1,1,1,175.9444499015808,104566.5,475.4523376372124,bed0664cd033875b2f5059277b8d1a9e
5V9E_bee32ef775df0c9b428baabb68b21fd1_repeat_1,bee32ef775df0c9b428baabb68b21fd1,3667594,5,4,256,98420.4,CNN,EC-NAS,6,0,1,2,212.1582579612732,123025.5,463.9008678981772,bee32ef775df0c9b428baabb68b21fd1
5V9E_beeb0e9c1b0bc406d7c29587170122a8_repeat_1,beeb0e9c1b0bc406d7c29587170122a8,2017034,5,4,256,80892.0,CNN,EC-NAS,7,0,1,2,178.09770369529724,101115.0,454.20012903926056,beeb0e9c1b0bc406d7c29587170122a8
5V9E_bef71f0468192583599545e6d890371a_repeat_1,bef71f0468192583599545e6d890371a,7421066,5,4,256,81219.6,CNN,EC-NAS,5,3,0,0,184.7733120918274,101524.5,439.5634795983742,bef71f0468192583599545e6d890371a
5V9E_bf09220e8f6b8438f8d90f14a72294de_repeat_1,bf09220e8f6b8438f8d90f14a72294de,1581837,5,4,256,76975.20000000001,CNN,EC-NAS,8,0,1,2,161.62450623512268,96219.00000000001,476.2594596145006,bf09220e8f6b8438f8d90f14a72294de
5V9E_bf23bd6a747112d030ad99196572a06a_repeat_1,bf23bd6a747112d030ad99196572a06a,2773430,5,4,256,66085.2,CNN,EC-NAS,7,2,1,0,171.25901865959167,82606.5,385.87865630221967,bf23bd6a747112d030ad99196572a06a
5V9E_bf289a86769e4ef288cd9fa4b55fa599_repeat_1,bf289a86769e4ef288cd9fa4b55fa599,2769326,5,4,256,71679.6,CNN,EC-NAS,6,2,1,0,177.03209733963013,89599.5,404.8960673074166,bf289a86769e4ef288cd9fa4b55fa599
5V9E_bf33bdf32cf061f344f4eb19e319ab2a_repeat_1,bf33bdf32cf061f344f4eb19e319ab2a,4342154,5,4,256,102571.2,CNN,EC-NAS,8,1,1,1,212.20991945266724,128214.0,483.34781081182297,bf33bdf32cf061f344f4eb19e319ab2a
5V9E_bf4117e4bf6199d97f6689a1a188ca80_repeat_1,bf4117e4bf6199d97f6689a1a188ca80,1524248,5,4,256,77612.4,CNN,EC-NAS,8,0,3,0,183.74387288093567,97015.5,422.3944928508833,bf4117e4bf6199d97f6689a1a188ca80
5V9E_bf430ef7ce12f7f2515286be9a63e563_repeat_1,bf430ef7ce12f7f2515286be9a63e563,3905290,5,4,256,79995.6,CNN,EC-NAS,6,1,1,1,171.47447872161865,99994.5,466.51607047524186,bf430ef7ce12f7f2515286be9a63e563
5V9E_bf4bb6021bbe750c9eb29df70ae05e46_repeat_1,bf4bb6021bbe750c9eb29df70ae05e46,4779018,5,4,256,115534.80000000002,CNN,EC-NAS,8,1,1,1,254.40529131889343,144418.50000000003,454.1367807290564,bf4bb6021bbe750c9eb29df70ae05e46
5V9E_bf64769928d6bcaa9b536d14ade0b33c_repeat_1,bf64769928d6bcaa9b536d14ade0b33c,3031562,5,4,256,56707.2,CNN,EC-NAS,5,1,1,1,140.1408953666687,70884.0,404.6441964826158,bf64769928d6bcaa9b536d14ade0b33c
5V9E_bf6896ea07a3024bafec1f57958f40f0_repeat_1,bf6896ea07a3024bafec1f57958f40f0,2739498,5,4,256,92073.6,CNN,EC-NAS,8,1,2,0,220.03658270835876,115092.0,418.44678219728735,bf6896ea07a3024bafec1f57958f40f0
5V9E_bf79a1b1423701f71f169614bc748132_repeat_1,bf79a1b1423701f71f169614bc748132,3367472,5,4,256,79524.0,CNN,EC-NAS,7,2,1,0,191.61947774887085,99405.0,415.01000281516843,bf79a1b1423701f71f169614bc748132
5V9E_bf9b49f4690d1c56b593e118f77c557f_repeat_1,bf9b49f4690d1c56b593e118f77c557f,3729162,5,4,256,81108.0,CNN,EC-NAS,6,1,2,0,187.19540357589722,101385.0,433.27986932710803,bf9b49f4690d1c56b593e118f77c557f
5V9E_bfd7e6f7d7dc7956df2ad970b42e9b80_repeat_1,bfd7e6f7d7dc7956df2ad970b42e9b80,4602890,5,4,256,109728.0,CNN,EC-NAS,8,1,2,0,234.25132989883423,137160.0,468.4199660569187,bfd7e6f7d7dc7956df2ad970b42e9b80
5V9E_bfd984b3044ca337c95425237f5507ed_repeat_1,bfd984b3044ca337c95425237f5507ed,3644554,5,4,256,71546.4,CNN,EC-NAS,6,1,0,2,151.78025150299072,89433.0,471.3814827127904,bfd984b3044ca337c95425237f5507ed
5V9E_bfddeaacc4653fd411094af7b96d2c94_repeat_1,bfddeaacc4653fd411094af7b96d2c94,1580170,5,4,256,66733.20000000001,CNN,EC-NAS,7,0,1,2,137.31664180755615,83416.50000000001,485.98042539901286,bfddeaacc4653fd411094af7b96d2c94
5V9E_bffcb362b0eff8d0a519671428456a90_repeat_1,bffcb362b0eff8d0a519671428456a90,1337373,5,4,256,50590.799999999996,CNN,EC-NAS,6,1,0,2,103.74725532531738,63238.49999999999,487.63506891207703,bffcb362b0eff8d0a519671428456a90
5V9E_c014d2ea49963f66d9acee88cc165624_repeat_1,c014d2ea49963f66d9acee88cc165624,3207690,5,4,256,60703.2,CNN,EC-NAS,7,1,0,2,139.84929275512695,75879.0,434.06154442475423,c014d2ea49963f66d9acee88cc165624
5V9E_c0646cf065053553b2a4984de310b7c5_repeat_1,c0646cf065053553b2a4984de310b7c5,1734703,5,4,256,58561.200000000004,CNN,EC-NAS,7,1,1,1,144.59349966049194,73201.5,405.0057584711811,c0646cf065053553b2a4984de310b7c5
5V9E_c077b3dac0d74b0b17b8fc71e27c80cb_repeat_1,c077b3dac0d74b0b17b8fc71e27c80cb,1756298,5,4,256,61415.99999999999,CNN,EC-NAS,7,0,0,3,141.68203401565552,76769.99999999999,433.4776842151608,c077b3dac0d74b0b17b8fc71e27c80cb
5V9E_c089bcc353cbc170d969017ba75716df_repeat_1,c089bcc353cbc170d969017ba75716df,1232016,5,4,256,78490.8,CNN,EC-NAS,7,0,3,0,189.83925652503967,98113.5,413.4592677866241,c089bcc353cbc170d969017ba75716df
5V9E_c0b8afec899c9d26841ec5e93c7b3aca_repeat_1,c0b8afec899c9d26841ec5e93c7b3aca,2770826,5,4,256,46252.8,CNN,EC-NAS,5,1,0,2,100.57424092292786,57816.0,459.8871398437349,c0b8afec899c9d26841ec5e93c7b3aca
5V9E_c0e487f7ae24fa58cd2847826b4f9082_repeat_1,c0e487f7ae24fa58cd2847826b4f9082,1617445,5,4,256,59695.2,CNN,EC-NAS,7,1,0,2,127.04875874519348,74619.0,469.86055266957413,c0e487f7ae24fa58cd2847826b4f9082
5V9E_c120e842edd1c70ca09b3cecc3519343_repeat_1,c120e842edd1c70ca09b3cecc3519343,3729162,5,4,256,82098.0,CNN,EC-NAS,7,1,2,0,183.17135334014893,102622.5,448.2032725256123,c120e842edd1c70ca09b3cecc3519343
5V9E_c122367432b22688bc63c2f329bf5286_repeat_1,c122367432b22688bc63c2f329bf5286,706442,4,4,256,36259.2,CNN,EC-NAS,4,0,1,1,86.01925683021545,45324.0,421.52421836854853,c122367432b22688bc63c2f329bf5286
5V9E_c133f137e0db7b7e492d14bb422ae49d_repeat_1,c133f137e0db7b7e492d14bb422ae49d,3292298,5,4,256,60328.799999999996,CNN,EC-NAS,5,1,2,0,147.50834250450134,75411.0,408.98568159396825,c133f137e0db7b7e492d14bb422ae49d
5V9E_c154f2b51f9d6c17d9d5ecf829ccf6bf_repeat_1,c154f2b51f9d6c17d9d5ecf829ccf6bf,301074,5,4,256,24145.2,CNN,EC-NAS,6,0,0,3,60.24288082122803,30181.5,400.7975659671949,c154f2b51f9d6c17d9d5ecf829ccf6bf
5V9E_c15f2bcef481ce0c4974d9c13fd0f615_repeat_1,c15f2bcef481ce0c4974d9c13fd0f615,1143306,5,4,256,51829.2,CNN,EC-NAS,7,0,1,2,117.89449834823608,64786.5,439.6235679031197,c15f2bcef481ce0c4974d9c13fd0f615
5V9E_c170110589fad278eee1538b670070a8_repeat_1,c170110589fad278eee1538b670070a8,2378295,5,4,256,60102.00000000001,CNN,EC-NAS,6,2,0,1,126.72010779380798,75127.50000000001,474.2893692751168,c170110589fad278eee1538b670070a8
5V9E_c18167dbad42bf4b495860c48908c0c8_repeat_1,c18167dbad42bf4b495860c48908c0c8,3031562,5,4,256,57009.6,CNN,EC-NAS,5,1,1,1,122.88341617584229,71262.0,463.9324147566101,c18167dbad42bf4b495860c48908c0c8
5V9E_c18df6f2c5a403854e052b497b26a6fd_repeat_1,c18df6f2c5a403854e052b497b26a6fd,12962698,5,4,256,145764.0,CNN,EC-NAS,6,1,1,1,296.1289255619049,182205.0,492.231549901492,c18df6f2c5a403854e052b497b26a6fd
5V9E_c1914b9afd3acb4b8853bfa4fe00d9f7_repeat_1,c1914b9afd3acb4b8853bfa4fe00d9f7,1664778,5,4,256,68734.8,CNN,EC-NAS,6,0,3,0,167.31875872612,85918.5,410.8015175543486,c1914b9afd3acb4b8853bfa4fe00d9f7
5V9E_c1aa4fc60f557ca598e34f245cf9bb0a_repeat_1,c1aa4fc60f557ca598e34f245cf9bb0a,14000266,5,4,256,176083.19999999998,CNN,EC-NAS,7,1,2,0,348.62610125541687,220103.99999999997,505.07750098434155,c1aa4fc60f557ca598e34f245cf9bb0a
5V9E_c1c5cb2c2ca55d25775a28c04d6eea6f_repeat_1,c1c5cb2c2ca55d25775a28c04d6eea6f,6843402,5,4,256,112791.59999999999,CNN,EC-NAS,8,2,0,1,260.6639907360077,140989.5,432.70878989277725,c1c5cb2c2ca55d25775a28c04d6eea6f
5V9E_c1cbd1900be252f0b2747d17b6eaf1d9_repeat_1,c1cbd1900be252f0b2747d17b6eaf1d9,3207690,5,4,256,60058.8,CNN,EC-NAS,6,1,0,2,134.48947596549988,75073.5,446.5687710420307,c1cbd1900be252f0b2747d17b6eaf1d9
5V9E_c1dba24fc08f29b230d7d3c098c9517c_repeat_1,c1dba24fc08f29b230d7d3c098c9517c,28767882,5,4,256,139953.6,CNN,EC-NAS,4,3,0,0,309.4505846500397,174942.0,452.2647781010811,c1dba24fc08f29b230d7d3c098c9517c
5V9E_c1dd8673d96a4da11a71da035a708755_repeat_1,c1dd8673d96a4da11a71da035a708755,1865770,5,4,256,71085.6,CNN,EC-NAS,7,1,2,0,174.46487164497375,88857.0,407.44935831354763,c1dd8673d96a4da11a71da035a708755
5V9E_c1fba443ceff84c9e1693916a94af138_repeat_1,c1fba443ceff84c9e1693916a94af138,3292298,5,4,256,66661.2,CNN,EC-NAS,6,1,2,0,148.3354833126068,83326.5,449.3948346769876,c1fba443ceff84c9e1693916a94af138
5V9E_c21977251ad72caa37d964ae27002c5d_repeat_1,c21977251ad72caa37d964ae27002c5d,5356682,5,4,256,77637.59999999999,CNN,EC-NAS,5,2,1,0,164.07107090950012,97046.99999999999,473.19493661880267,c21977251ad72caa37d964ae27002c5d
5V9E_c2553d3c6983aceccbfe4677e7a2b15f_repeat_1,c2553d3c6983aceccbfe4677e7a2b15f,2538506,5,4,256,96696.0,CNN,EC-NAS,7,0,3,0,218.12139081954956,120870.0,443.31277935044886,c2553d3c6983aceccbfe4677e7a2b15f
5V9E_c262a6ab1c66d82a21690f9dc633382a_repeat_1,c262a6ab1c66d82a21690f9dc633382a,4342154,5,4,256,103550.40000000001,CNN,EC-NAS,7,1,1,1,215.18636894226074,129438.00000000001,481.2126367901345,c262a6ab1c66d82a21690f9dc633382a
5V9E_c27da7177e5ac504001d727bde6be012_repeat_1,c27da7177e5ac504001d727bde6be012,2040231,5,4,256,82584.0,CNN,EC-NAS,8,1,1,1,183.27284145355225,103230.0,450.60686212435724,c27da7177e5ac504001d727bde6be012
5V9E_c282d3b713e67747dfb1143c4d991a00_repeat_1,c282d3b713e67747dfb1143c4d991a00,2453898,5,4,256,89402.4,CNN,EC-NAS,8,0,1,2,207.57451128959656,111753.0,430.70027935785754,c282d3b713e67747dfb1143c4d991a00
5V9E_c2832d1e31cbe6718792eaad83898997_repeat_1,c2832d1e31cbe6718792eaad83898997,1664778,5,4,256,62010.0,CNN,EC-NAS,5,0,3,0,156.66368699073792,77512.5,395.81603874589064,c2832d1e31cbe6718792eaad83898997
5V9E_c287c2029ed18228dbf20f5379c59356_repeat_1,c287c2029ed18228dbf20f5379c59356,12962698,5,4,256,157521.6,CNN,EC-NAS,6,1,1,1,296.7822630405426,196902.0,530.7648724899757,c287c2029ed18228dbf20f5379c59356
5V9E_c28ac811509068234b2a90093d0d196f_repeat_1,c28ac811509068234b2a90093d0d196f,3468426,5,4,256,76251.59999999999,CNN,EC-NAS,7,1,1,1,160.2639124393463,95314.49999999999,475.787710654189,c28ac811509068234b2a90093d0d196f
5V9E_c29f8e7a053c3e33e7a95195f1f52ae0_repeat_1,c29f8e7a053c3e33e7a95195f1f52ae0,4705162,5,4,256,130957.2,CNN,EC-NAS,7,0,2,1,260.66230487823486,163696.5,502.40175717457504,c29f8e7a053c3e33e7a95195f1f52ae0
5V9E_c2a84e2ea75184016192287c24334c3e_repeat_1,c2a84e2ea75184016192287c24334c3e,5532810,5,4,256,78901.2,CNN,EC-NAS,6,2,0,1,174.03832364082336,98626.5,453.35532053753076,c2a84e2ea75184016192287c24334c3e
5V9E_c2ae8fbf37863fd666e293b4e633dfaf_repeat_1,c2ae8fbf37863fd666e293b4e633dfaf,2608431,5,4,256,91454.4,CNN,EC-NAS,8,1,1,1,204.07598304748535,114318.0,448.1389658611614,c2ae8fbf37863fd666e293b4e633dfaf
5V9E_c2b22d3746fd4e2e9e2798aef348e8cf_repeat_1,c2b22d3746fd4e2e9e2798aef348e8cf,12088970,5,4,256,120254.40000000001,CNN,EC-NAS,5,1,1,1,249.54358053207397,150318.0,481.89738940026007,c2b22d3746fd4e2e9e2798aef348e8cf
5V9E_c2da20a4ee3df0a2c03ae3006aa31da3_repeat_1,c2da20a4ee3df0a2c03ae3006aa31da3,650520,5,4,256,50940.0,CNN,EC-NAS,6,0,3,0,128.05441331863403,63675.0,397.7996437596219,c2da20a4ee3df0a2c03ae3006aa31da3
5V9E_c2e64d4da6d3053792e52de5bc5c2047_repeat_1,c2e64d4da6d3053792e52de5bc5c2047,5578890,5,4,256,133408.8,CNN,EC-NAS,7,0,2,1,291.4710512161255,166761.0,457.70857669524617,c2e64d4da6d3053792e52de5bc5c2047
5V9E_c2fdfa8fd144d4edce2b19d72179ced8_repeat_1,c2fdfa8fd144d4edce2b19d72179ced8,4081418,4,4,256,95119.2,CNN,EC-NAS,5,1,0,1,182.31551957130432,118899.0,521.7284859986837,c2fdfa8fd144d4edce2b19d72179ced8
5V9E_c307175dfc3948d6313a6b34d2e823bc_repeat_1,c307175dfc3948d6313a6b34d2e823bc,3207690,5,4,256,68083.20000000001,CNN,EC-NAS,6,1,0,2,136.81559991836548,85104.00000000001,497.6274638317823,c307175dfc3948d6313a6b34d2e823bc
5V9E_c3209d63cfd1da10057cfccce3ceaf4c_repeat_1,c3209d63cfd1da10057cfccce3ceaf4c,4081418,5,4,256,87152.40000000001,CNN,EC-NAS,8,1,0,2,190.2418396472931,108940.50000000001,458.11373650286333,c3209d63cfd1da10057cfccce3ceaf4c
5V9E_c3363ad5e5c5c9db8596f6f85897d602_repeat_1,c3363ad5e5c5c9db8596f6f85897d602,6406538,5,4,256,110188.8,CNN,EC-NAS,8,2,0,1,227.70634531974792,137736.0,483.9074635591362,c3363ad5e5c5c9db8596f6f85897d602
5V9E_c33f0e4101e20e69c5634e9deaca71cb_repeat_1,c33f0e4101e20e69c5634e9deaca71cb,20346506,5,4,256,158824.8,CNN,EC-NAS,6,2,0,1,297.86666917800903,198531.0,533.2076946987453,c33f0e4101e20e69c5634e9deaca71cb
5V9E_c34df9e09804460814e8f3c50d9965fc_repeat_1,c34df9e09804460814e8f3c50d9965fc,3657382,5,4,256,99176.40000000001,CNN,EC-NAS,7,2,1,0,230.26262092590332,123970.50000000001,430.7099415493676,c34df9e09804460814e8f3c50d9965fc
5V9E_c3bc74d750a31680d1d6b0082316b59f_repeat_1,c3bc74d750a31680d1d6b0082316b59f,3468426,5,4,256,78825.59999999999,CNN,EC-NAS,7,1,1,1,169.07388257980347,98531.99999999999,466.21984896333134,c3bc74d750a31680d1d6b0082316b59f
5V9E_c3d02ef66a69a9c71358a67a9b42c7b7_repeat_1,c3d02ef66a69a9c71358a67a9b42c7b7,823172,5,4,256,45766.8,CNN,EC-NAS,7,0,2,1,128.92214179039001,57208.5,354.9956536900437,c3d02ef66a69a9c71358a67a9b42c7b7
5V9E_c3d0c446a3abcbc2ff99fc77a16c0c62_repeat_1,c3d0c446a3abcbc2ff99fc77a16c0c62,21220234,5,4,256,184017.6,CNN,EC-NAS,6,2,0,1,340.686842918396,230022.0,540.1370901901174,c3d0c446a3abcbc2ff99fc77a16c0c62
5V9E_c3d9800d4691ce5eb2983690dfa31f2c_repeat_1,c3d9800d4691ce5eb2983690dfa31f2c,4602890,5,4,256,111196.8,CNN,EC-NAS,7,1,2,0,233.59621047973633,138996.0,476.0214207740581,c3d9800d4691ce5eb2983690dfa31f2c
5V9E_c3dd431b87ad69a05092c5c52053cc61_repeat_1,c3dd431b87ad69a05092c5c52053cc61,7421066,5,4,256,90489.59999999999,CNN,EC-NAS,5,3,0,0,181.81248712539673,113111.99999999999,497.7083886300339,c3dd431b87ad69a05092c5c52053cc61
5V9E_c4634593d48353b001ffe5076707dd20_repeat_1,c4634593d48353b001ffe5076707dd20,4518282,5,4,256,102128.4,CNN,EC-NAS,9,1,0,2,222.47943568229675,127660.5,459.04647180892954,c4634593d48353b001ffe5076707dd20
5V9E_c4744ff457ef7741992882503729cfcb_repeat_1,c4744ff457ef7741992882503729cfcb,6843402,5,4,256,118519.2,CNN,EC-NAS,8,2,0,1,263.87451791763306,148149.0,449.1498494636572,c4744ff457ef7741992882503729cfcb
5V9E_c4824bb5d2c8716c9f06e3ebf4c2e4e8_repeat_1,c4824bb5d2c8716c9f06e3ebf4c2e4e8,5969674,5,4,256,95724.0,CNN,EC-NAS,6,2,0,1,191.7314419746399,119655.0,499.2608359596091,c4824bb5d2c8716c9f06e3ebf4c2e4e8
5V9E_c49e4ac9841c77d6b5c8868bf48f8829_repeat_1,c49e4ac9841c77d6b5c8868bf48f8829,3031562,5,4,256,56376.0,CNN,EC-NAS,5,1,1,1,129.22393798828125,70470.0,436.2659185104891,c49e4ac9841c77d6b5c8868bf48f8829
5V9E_c4bf66d1a0b0bae871e3067e91c94df4_repeat_1,c4bf66d1a0b0bae871e3067e91c94df4,1989005,5,4,256,88549.2,CNN,EC-NAS,8,0,2,1,202.6836130619049,110686.5,436.88386378308115,c4bf66d1a0b0bae871e3067e91c94df4
5V9E_c4c4ee48a41ce52ad1691269dae667ce_repeat_1,c4c4ee48a41ce52ad1691269dae667ce,1583646,5,4,256,83664.0,CNN,EC-NAS,9,0,1,2,169.06994366645813,104580.0,494.8484525732893,c4c4ee48a41ce52ad1691269dae667ce
5V9E_c4ecc3c13cc205f2679e307cff86071c_repeat_1,c4ecc3c13cc205f2679e307cff86071c,2501011,5,4,256,83203.2,CNN,EC-NAS,8,1,0,2,173.72327780723572,104004.0,478.9409977189281,c4ecc3c13cc205f2679e307cff86071c
5V9E_c518af639825a9c1ac44c085874ba878_repeat_1,c518af639825a9c1ac44c085874ba878,1849766,5,4,256,77263.2,CNN,EC-NAS,7,1,2,0,173.10374188423157,96579.0,446.340438161482,c518af639825a9c1ac44c085874ba878
5V9E_c52338ce90fe83a2cf00da22020f1bc7_repeat_1,c52338ce90fe83a2cf00da22020f1bc7,3207690,5,4,256,63860.4,CNN,EC-NAS,7,1,0,2,140.226309299469,79825.5,455.4095470317126,c52338ce90fe83a2cf00da22020f1bc7
5V9E_c52efdf64580d34ab6ff9f9eb60c5ae2_repeat_1,c52efdf64580d34ab6ff9f9eb60c5ae2,4602890,5,4,256,102006.0,CNN,EC-NAS,7,1,2,0,238.53224992752075,127507.5,427.6402877640028,c52efdf64580d34ab6ff9f9eb60c5ae2
5V9E_c5453a3fdd4b75e46341fdbbc5e0dfc1_repeat_1,c5453a3fdd4b75e46341fdbbc5e0dfc1,5532810,5,4,256,86511.6,CNN,EC-NAS,7,2,0,1,179.97479915618896,108139.5,480.68729847517125,c5453a3fdd4b75e46341fdbbc5e0dfc1
5V9E_c54a4831f6c893673ead390d3d544426_repeat_1,c54a4831f6c893673ead390d3d544426,2017034,5,4,256,83948.4,CNN,EC-NAS,7,0,1,2,176.64160323143005,104935.5,475.2470452275818,c54a4831f6c893673ead390d3d544426
5V9E_c596dbf90860424f45073c2bea3f511f_repeat_1,c596dbf90860424f45073c2bea3f511f,2957706,5,4,256,67356.0,CNN,EC-NAS,5,0,2,1,154.47986221313477,84195.0,436.0179963590944,c596dbf90860424f45073c2bea3f511f
5V9E_c599c0f3b6039dae6373c28a40b2886a_repeat_1,c599c0f3b6039dae6373c28a40b2886a,2141352,5,4,256,94402.8,CNN,EC-NAS,8,1,2,0,211.58631086349487,118003.5,446.16686029799,c599c0f3b6039dae6373c28a40b2886a
5V9E_c59a0ed79aeed758107f1cb22dd90432_repeat_1,c59a0ed79aeed758107f1cb22dd90432,10177674,5,4,256,82648.8,CNN,EC-NAS,4,1,0,2,158.84812879562378,103311.0,520.3007465472704,c59a0ed79aeed758107f1cb22dd90432
5V9E_c5ac33420027086f6aa021c56f5f9c70_repeat_1,c5ac33420027086f6aa021c56f5f9c70,4342154,5,4,256,103104.0,CNN,EC-NAS,7,1,1,1,215.6559362411499,128880.0,478.094884829451,c5ac33420027086f6aa021c56f5f9c70
5V9E_c5b895f656f7091b40ad56c785c42c90_repeat_1,c5b895f656f7091b40ad56c785c42c90,2652068,5,4,256,66830.40000000001,CNN,EC-NAS,6,2,0,1,150.73659014701843,83538.00000000001,443.35884163770777,c5b895f656f7091b40ad56c785c42c90
5V9E_c5cb06a6eecbbfdcb1146f27d9b2898e_repeat_1,c5cb06a6eecbbfdcb1146f27d9b2898e,21384074,5,4,256,165927.6,CNN,EC-NAS,5,2,1,0,330.5225260257721,207409.5,502.0160108151358,c5cb06a6eecbbfdcb1146f27d9b2898e
5V9E_c62854506f42b8aa8fde9ff411af0c04_repeat_1,c62854506f42b8aa8fde9ff411af0c04,2619945,5,4,256,87148.8,CNN,EC-NAS,8,1,1,1,199.32287454605103,108936.0,437.22427844008126,c62854506f42b8aa8fde9ff411af0c04
5V9E_c6641b4a4985f371fde1e5d69470aac8_repeat_1,c6641b4a4985f371fde1e5d69470aac8,6843402,5,4,256,135669.59999999998,CNN,EC-NAS,9,2,0,1,271.4653580188751,169586.99999999997,499.7676351417436,c6641b4a4985f371fde1e5d69470aac8
5V9E_c668305f81208738281150bdc8530331_repeat_1,c668305f81208738281150bdc8530331,3905290,5,4,256,73256.4,CNN,EC-NAS,7,1,1,1,169.02356004714966,91570.5,433.409401503346,c668305f81208738281150bdc8530331
5V9E_c66fbabde178b5ddff417cf5bc5f35d6_repeat_1,c66fbabde178b5ddff417cf5bc5f35d6,2362158,5,4,256,59533.2,CNN,EC-NAS,6,2,0,1,131.64346599578857,74416.5,452.2305725519604,c66fbabde178b5ddff417cf5bc5f35d6
5V9E_c6705a91351a406fb50dd5d79bb718f3_repeat_1,c6705a91351a406fb50dd5d79bb718f3,4342154,4,4,256,95731.2,CNN,EC-NAS,6,1,1,0,205.87521648406982,119664.0,464.9962323532394,c6705a91351a406fb50dd5d79bb718f3
5V9E_c67c15426c7b84abfa0e0d4f3ef9781a_repeat_1,c67c15426c7b84abfa0e0d4f3ef9781a,824848,5,4,256,65325.6,CNN,EC-NAS,7,0,2,1,141.94702339172363,81657.0,460.2111297517273,c67c15426c7b84abfa0e0d4f3ef9781a
5V9E_c68128e32b3c48cfeaaf0a766d6e49fe_repeat_1,c68128e32b3c48cfeaaf0a766d6e49fe,1756298,5,4,256,80416.8,CNN,EC-NAS,9,0,0,3,171.23607635498047,100521.0,469.62533662177697,c68128e32b3c48cfeaaf0a766d6e49fe
5V9E_c68584dabc88fc590234848058cd2439_repeat_1,c68584dabc88fc590234848058cd2439,6667274,5,4,256,120898.8,CNN,EC-NAS,8,2,1,0,260.3973741531372,151123.5,464.28578780099593,c68584dabc88fc590234848058cd2439
5V9E_c688f11d5e6b0690bb94e4c66aec2401_repeat_1,c688f11d5e6b0690bb94e4c66aec2401,3643054,5,4,256,104331.6,CNN,EC-NAS,7,2,1,0,234.09690380096436,130414.5,445.6769752440024,c688f11d5e6b0690bb94e4c66aec2401
5V9E_c6a3908ac1a467c0b3e281e6a6aef3b5_repeat_1,c6a3908ac1a467c0b3e281e6a6aef3b5,1325859,5,4,256,45846.0,CNN,EC-NAS,6,1,0,2,99.11746883392334,57307.5,462.54207799452024,c6a3908ac1a467c0b3e281e6a6aef3b5
5V9E_c6f6fea5b969bda628eda40ca6de954f_repeat_1,c6f6fea5b969bda628eda40ca6de954f,1581451,5,4,256,65970.0,CNN,EC-NAS,7,0,1,2,149.73890829086304,82462.5,440.5668556889395,c6f6fea5b969bda628eda40ca6de954f
5V9E_c70963b3f721dabfadc228ef8158c71d_repeat_1,c70963b3f721dabfadc228ef8158c71d,3667594,5,4,256,109501.2,CNN,EC-NAS,6,0,1,2,220.8102993965149,136876.5,495.90621587521963,c70963b3f721dabfadc228ef8158c71d
5V9E_c74c8d67773abccbc200595da0a84f13_repeat_1,c74c8d67773abccbc200595da0a84f13,3995274,5,4,256,96818.40000000001,CNN,EC-NAS,5,0,3,0,197.14765405654907,121023.00000000001,491.0958766581569,c74c8d67773abccbc200595da0a84f13
5V9E_c74ff178b57122c475ff309fd62aca04_repeat_1,c74ff178b57122c475ff309fd62aca04,8731658,5,4,256,120355.20000000001,CNN,EC-NAS,6,3,0,0,266.99763798713684,150444.0,450.7725270805518,c74ff178b57122c475ff309fd62aca04
5V9E_c76f2535e0d32a074c118535bc98fe6f_repeat_1,c76f2535e0d32a074c118535bc98fe6f,6230410,5,4,256,107175.59999999999,CNN,EC-NAS,6,2,1,0,232.31063532829285,133969.5,461.34607590626825,c76f2535e0d32a074c118535bc98fe6f
5V9E_c770b7c682c03a804243b5e75aaeb5ea_repeat_1,c770b7c682c03a804243b5e75aaeb5ea,2151576,5,4,256,91443.6,CNN,EC-NAS,8,1,2,0,207.97639870643616,114304.5,439.68258210430366,c770b7c682c03a804243b5e75aaeb5ea
5V9E_c771d2cee59f8fcafbbd979331fab93c_repeat_1,c771d2cee59f8fcafbbd979331fab93c,30515338,5,4,256,214426.8,CNN,EC-NAS,7,3,0,0,424.6562077999115,268033.5,504.9421062532379,c771d2cee59f8fcafbbd979331fab93c
5V9E_c782d1c66c64956ac8e3e4a69bbf364d_repeat_1,c782d1c66c64956ac8e3e4a69bbf364d,1840906,5,4,256,90896.40000000001,CNN,EC-NAS,6,0,2,1,184.98287630081177,113620.50000000001,491.3773740450868,c782d1c66c64956ac8e3e4a69bbf364d
5V9E_c7961a234fe57cf82069456b2fac7eee_repeat_1,c7961a234fe57cf82069456b2fac7eee,3905290,5,4,256,76305.59999999999,CNN,EC-NAS,7,1,1,1,185.94018125534058,95381.99999999999,410.3771411043967,c7961a234fe57cf82069456b2fac7eee
5V9E_c79ab67b59abd0c4103bf4df2714d5e6_repeat_1,c79ab67b59abd0c4103bf4df2714d5e6,4602890,5,4,256,110692.8,CNN,EC-NAS,6,1,2,0,236.32005500793457,138366.0,468.4020575244172,c79ab67b59abd0c4103bf4df2714d5e6
5V9E_c7c282d3e0d0531952cb882e0997c202_repeat_1,c7c282d3e0d0531952cb882e0997c202,3532095,5,4,256,101480.4,CNN,EC-NAS,8,2,0,1,209.16584539413452,126850.5,485.16716392573016,c7c282d3e0d0531952cb882e0997c202
5V9E_c7de025024f95e604a5bfa89f4fc41a0_repeat_1,c7de025024f95e604a5bfa89f4fc41a0,5356682,5,4,256,78638.4,CNN,EC-NAS,6,2,1,0,170.19515299797058,98298.0,462.04841098464,c7de025024f95e604a5bfa89f4fc41a0
5V9E_c7e0f34b266629249dc683794e38bf46_repeat_1,c7e0f34b266629249dc683794e38bf46,29641610,5,4,256,190036.80000000002,CNN,EC-NAS,5,3,0,0,365.38967418670654,237546.00000000003,520.093515020611,c7e0f34b266629249dc683794e38bf46
5V9E_c81301674400392d34dd81448c22e69a_repeat_1,c81301674400392d34dd81448c22e69a,2775106,5,4,256,83469.59999999999,CNN,EC-NAS,7,2,1,0,187.35569620132446,104336.99999999999,445.5140766593352,c81301674400392d34dd81448c22e69a
5V9E_c82d8d7a1a03775b7880ea41ea004c1e_repeat_1,c82d8d7a1a03775b7880ea41ea004c1e,6406538,5,4,256,106498.8,CNN,EC-NAS,8,2,0,1,228.5041172504425,133123.5,466.06950142292794,c82d8d7a1a03775b7880ea41ea004c1e
5V9E_c84320eadfd1a21b50eb9295eb4e4964_repeat_1,c84320eadfd1a21b50eb9295eb4e4964,3530419,5,4,256,102056.4,CNN,EC-NAS,8,2,0,1,215.37002515792847,127570.5,473.8653855157567,c84320eadfd1a21b50eb9295eb4e4964
5V9E_c859d2d2ef7473d90a6de8f4ccdf3844_repeat_1,c859d2d2ef7473d90a6de8f4ccdf3844,5578890,5,4,256,137451.6,CNN,EC-NAS,8,0,2,1,307.1376359462738,171814.5,447.524444786844,c859d2d2ef7473d90a6de8f4ccdf3844
5V9E_c86974daf13990391e81aa133ff89818_repeat_1,c86974daf13990391e81aa133ff89818,20346506,5,4,256,145537.19999999998,CNN,EC-NAS,6,2,0,1,292.2697916030884,181921.49999999997,497.9549860481103,c86974daf13990391e81aa133ff89818
5V9E_c8758e17492cfbb97cb94d2f41a50e91_repeat_1,c8758e17492cfbb97cb94d2f41a50e91,12088970,5,4,256,120528.00000000001,CNN,EC-NAS,6,1,1,1,248.3528184890747,150660.00000000003,485.3095718150755,c8758e17492cfbb97cb94d2f41a50e91
5V9E_c887c45af759a358d9eb4191c87f7610_repeat_1,c887c45af759a358d9eb4191c87f7610,3644730,5,4,256,103917.59999999999,CNN,EC-NAS,8,2,1,0,238.77936220169067,129896.99999999999,435.20344070700514,c887c45af759a358d9eb4191c87f7610
5V9E_c89315c072ad822ce7010bca146fbecc_repeat_1,c89315c072ad822ce7010bca146fbecc,5356682,5,4,256,78112.79999999999,CNN,EC-NAS,6,2,1,0,165.767480134964,97640.99999999999,471.21908311812655,c89315c072ad822ce7010bca146fbecc
5V9E_c90265cf332f92a8e283b7060c51bc79_repeat_1,c90265cf332f92a8e283b7060c51bc79,1404042,5,4,256,70833.59999999999,CNN,EC-NAS,7,0,2,1,154.52992939949036,88541.99999999999,458.38110633494927,c90265cf332f92a8e283b7060c51bc79
5V9E_c90994ab1c1f30967e897f1fa84e27b5_repeat_1,c90994ab1c1f30967e897f1fa84e27b5,23131530,5,4,256,215679.6,CNN,EC-NAS,7,2,1,0,439.2287459373474,269599.5,491.04163148457735,c90994ab1c1f30967e897f1fa84e27b5
5V9E_c931cb895a34e52827d5b1f9a2359169_repeat_1,c931cb895a34e52827d5b1f9a2359169,535071,5,4,256,42044.4,CNN,EC-NAS,6,0,2,1,109.38723278045654,52555.5,384.3629547187136,c931cb895a34e52827d5b1f9a2359169
5V9E_c94ff1402abc834ffcd80485218d60f0_repeat_1,c94ff1402abc834ffcd80485218d60f0,1404042,5,4,256,57455.99999999999,CNN,EC-NAS,6,0,2,1,136.6117537021637,71819.99999999999,420.5787455540876,c94ff1402abc834ffcd80485218d60f0
5V9E_c97f4d27ba8161d807cc3a45a2a4f32e_repeat_1,c97f4d27ba8161d807cc3a45a2a4f32e,14000266,5,4,256,160340.4,CNN,EC-NAS,6,1,2,0,333.81544041633606,200425.5,480.32649358586514,c97f4d27ba8161d807cc3a45a2a4f32e
5V9E_c98fe62d1dec0a9bd1fbe092a5d7b529_repeat_1,c98fe62d1dec0a9bd1fbe092a5d7b529,2669881,5,4,256,75384.0,CNN,EC-NAS,7,2,0,1,159.6941373348236,94230.0,472.0523950227785,c98fe62d1dec0a9bd1fbe092a5d7b529
5V9E_c999d52625d3b2267cde86f21c7d8943_repeat_1,c999d52625d3b2267cde86f21c7d8943,5532810,5,4,256,84632.4,CNN,EC-NAS,6,2,0,1,179.4887182712555,105790.5,471.5193289870051,c999d52625d3b2267cde86f21c7d8943
5V9E_c9ae550f3476ff7aff2ecfcc51a11333_repeat_1,c9ae550f3476ff7aff2ecfcc51a11333,21220234,5,4,256,173894.4,CNN,EC-NAS,6,2,0,1,338.9612150192261,217368.0,513.0215266373075,c9ae550f3476ff7aff2ecfcc51a11333
5V9E_c9edd3ba7e7bb36a69fe695a6c19b162_repeat_1,c9edd3ba7e7bb36a69fe695a6c19b162,999309,5,4,256,60411.600000000006,CNN,EC-NAS,7,0,1,2,145.06983351707458,75514.5,416.43116653118386,c9edd3ba7e7bb36a69fe695a6c19b162
5V9E_ca0eb3d8d58c1bd95d52ff61c3b9dac2_repeat_1,ca0eb3d8d58c1bd95d52ff61c3b9dac2,6667274,5,4,256,116287.2,CNN,EC-NAS,7,2,1,0,256.7084550857544,145359.0,452.9932602381711,ca0eb3d8d58c1bd95d52ff61c3b9dac2
5V9E_ca1fa2e87b788b5c7fd40f722b91fe6c_repeat_1,ca1fa2e87b788b5c7fd40f722b91fe6c,21220234,5,4,256,184809.6,CNN,EC-NAS,7,2,0,1,345.51696372032166,231012.0,534.8785136627732,ca1fa2e87b788b5c7fd40f722b91fe6c
5V9E_ca4786187f796b467caa8d7f4a200774_repeat_1,ca4786187f796b467caa8d7f4a200774,20346506,5,4,256,133693.2,CNN,EC-NAS,6,2,0,1,285.482430934906,167116.5,468.30622662900026,ca4786187f796b467caa8d7f4a200774
5V9E_ca485081f28d269a39e74b90d200f527_repeat_1,ca485081f28d269a39e74b90d200f527,3817382,5,4,256,109386.0,CNN,EC-NAS,9,2,0,1,243.284903049469,136732.5,449.6209942700707,ca485081f28d269a39e74b90d200f527
5V9E_ca548741288594b4f10bdf4055a25741_repeat_1,ca548741288594b4f10bdf4055a25741,11215242,5,4,256,97801.2,CNN,EC-NAS,5,1,1,1,203.46816086769104,122251.5,480.67078201781675,ca548741288594b4f10bdf4055a25741
5V9E_ca8614a3a3c669ac1753e0d7f8a5a8f7_repeat_1,ca8614a3a3c669ac1753e0d7f8a5a8f7,3031562,5,4,256,58291.200000000004,CNN,EC-NAS,6,1,1,1,129.6844997406006,72864.0,449.48471187070214,ca8614a3a3c669ac1753e0d7f8a5a8f7
5V9E_caa708f19208b3191c8b2640128853f7_repeat_1,caa708f19208b3191c8b2640128853f7,3984576,5,4,256,98384.4,CNN,EC-NAS,8,3,0,0,224.546448469162,122980.5,438.14721039113465,caa708f19208b3191c8b2640128853f7
5V9E_cadfae8b3fbe174b6960711ca5e4d4c2_repeat_1,cadfae8b3fbe174b6960711ca5e4d4c2,13126538,5,4,256,142045.19999999998,CNN,EC-NAS,6,1,2,0,288.59527134895325,177556.49999999997,492.1951747027999,cadfae8b3fbe174b6960711ca5e4d4c2
5V9E_cae2c64bcbe370d2ed5319704fcd07e6_repeat_1,cae2c64bcbe370d2ed5319704fcd07e6,6616458,5,4,256,173192.4,CNN,EC-NAS,8,0,3,0,349.4821524620056,216490.5,495.5686543072577,cae2c64bcbe370d2ed5319704fcd07e6
5V9E_caefce2999e0e0a502724f137055415d_repeat_1,caefce2999e0e0a502724f137055415d,30515338,5,4,256,208530.0,CNN,EC-NAS,6,3,0,0,416.39635491371155,260662.5,500.7968910852089,caefce2999e0e0a502724f137055415d
5V9E_cb1516f1783294828fbca6694f56b182_repeat_1,cb1516f1783294828fbca6694f56b182,5969674,5,4,256,85143.59999999999,CNN,EC-NAS,8,2,0,1,214.75106072425842,106429.49999999999,396.47580651219624,cb1516f1783294828fbca6694f56b182
5V9E_cb22906f90ae0089d0d8050aaef91298_repeat_1,cb22906f90ae0089d0d8050aaef91298,2101642,5,4,256,82411.2,CNN,EC-NAS,6,0,3,0,186.89056301116943,103014.0,440.95966469465196,cb22906f90ae0089d0d8050aaef91298
5V9E_cb30972e6dc79817a9a1661e301e3d02_repeat_1,cb30972e6dc79817a9a1661e301e3d02,1559856,5,4,256,59349.600000000006,CNN,EC-NAS,6,1,2,0,134.2880139350891,74187.0,441.9575378386925,cb30972e6dc79817a9a1661e301e3d02
5V9E_cb75762e5971ea3cdccb647d2fb3c5ba_repeat_1,cb75762e5971ea3cdccb647d2fb3c5ba,1840906,5,4,256,80503.2,CNN,EC-NAS,7,0,2,1,183.33751821517944,100629.0,439.09834050177915,cb75762e5971ea3cdccb647d2fb3c5ba
5V9E_cb84642551060780096039b88342c74e_repeat_1,cb84642551060780096039b88342c74e,3029408,5,4,256,107701.2,CNN,EC-NAS,8,1,2,0,256.10082268714905,134626.5,420.5421867448158,cb84642551060780096039b88342c74e
5V9E_cb8571516c13bb90ca531c78d2eb8ca7_repeat_1,cb8571516c13bb90ca531c78d2eb8ca7,882570,5,4,256,46195.2,CNN,EC-NAS,7,0,0,3,101.34798264503479,57744.0,455.8077900948054,cb8571516c13bb90ca531c78d2eb8ca7
5V9E_cbb861a7ddff3ab4dbf4a5109a3caf61_repeat_1,cbb861a7ddff3ab4dbf4a5109a3caf61,11925130,5,4,256,130118.40000000001,CNN,EC-NAS,6,1,0,2,259.6065163612366,162648.0,501.21392106715535,cbb861a7ddff3ab4dbf4a5109a3caf61
5V9E_cbc788142e3f53b7636f3b03bae5fd7a_repeat_1,cbc788142e3f53b7636f3b03bae5fd7a,4779018,5,4,256,118508.4,CNN,EC-NAS,9,1,1,1,257.1118154525757,148135.5,460.92164139325166,cbc788142e3f53b7636f3b03bae5fd7a
5V9E_cc39fabec515be89e14d32ceb13a7237_repeat_1,cc39fabec515be89e14d32ceb13a7237,2378295,5,4,256,52149.600000000006,CNN,EC-NAS,7,2,0,1,121.90873408317566,65187.00000000001,427.77574873691555,cc39fabec515be89e14d32ceb13a7237
5V9E_cc46f18bda4e396c989680f741fab700_repeat_1,cc46f18bda4e396c989680f741fab700,2783654,5,4,256,84294.0,CNN,EC-NAS,8,2,1,0,185.5829267501831,105367.5,454.2120413558831,cc46f18bda4e396c989680f741fab700
5V9E_cc48153f90d545408dd9f1608760708e_repeat_1,cc48153f90d545408dd9f1608760708e,3831434,5,4,256,94032.0,CNN,EC-NAS,5,0,2,1,203.2602949142456,117540.0,462.6186341000419,cc48153f90d545408dd9f1608760708e
5V9E_cc58032af53a9f2e997b7411160fcd2c_repeat_1,cc58032af53a9f2e997b7411160fcd2c,21384074,5,4,256,159746.4,CNN,EC-NAS,6,2,1,0,333.06790590286255,199683.0,479.621113799506,cc58032af53a9f2e997b7411160fcd2c
5V9E_cc6d064ee40945e1653c745ed30ac9e7_repeat_1,cc6d064ee40945e1653c745ed30ac9e7,1865770,5,4,256,79617.6,CNN,EC-NAS,8,1,2,0,178.1551637649536,99522.0,446.900321705198,cc6d064ee40945e1653c745ed30ac9e7
5V9E_ccb3be4f3a5a26f06c9b5a866bfec035_repeat_1,ccb3be4f3a5a26f06c9b5a866bfec035,22257802,5,4,256,183740.4,CNN,EC-NAS,6,2,1,0,375.2595913410187,229675.5,489.63545300305236,ccb3be4f3a5a26f06c9b5a866bfec035
5V9E_ccddef4f5055d0f5ad2e9ea32281464d_repeat_1,ccddef4f5055d0f5ad2e9ea32281464d,1664778,5,4,256,78030.0,CNN,EC-NAS,6,0,3,0,173.28570246696472,97537.5,450.2968155429654,ccddef4f5055d0f5ad2e9ea32281464d
5V9E_ccf491bf845b789e20509d37ce558265_repeat_1,ccf491bf845b789e20509d37ce558265,22257802,5,4,256,197985.6,CNN,EC-NAS,6,2,1,0,381.98679971694946,247482.0,518.3048213883476,ccf491bf845b789e20509d37ce558265
5V9E_ccf91df12c722606f23dfdc0e616d75d_repeat_1,ccf91df12c722606f23dfdc0e616d75d,3292298,5,4,256,55504.799999999996,CNN,EC-NAS,5,1,2,0,139.83278441429138,69381.0,396.9369574702341,ccf91df12c722606f23dfdc0e616d75d
5V9E_cd0159abc5752668574fa292563da812_repeat_1,cd0159abc5752668574fa292563da812,13126538,5,4,256,138715.19999999998,CNN,EC-NAS,5,1,2,0,284.4219493865967,173393.99999999997,487.70919508554954,cd0159abc5752668574fa292563da812
5V9E_cd0c51cca29f03c616f2bb436adddcb2_repeat_1,cd0c51cca29f03c616f2bb436adddcb2,22257802,5,4,256,192981.6,CNN,EC-NAS,7,2,1,0,375.74418115615845,241227.0,513.5983727178393,cd0c51cca29f03c616f2bb436adddcb2
5V9E_cd1d5ecee2acf20816616c6bcf708dac_repeat_1,cd1d5ecee2acf20816616c6bcf708dac,4705162,5,4,256,126118.8,CNN,EC-NAS,6,0,2,1,252.07875633239746,157648.5,500.3150675406243,cd1d5ecee2acf20816616c6bcf708dac
5V9E_cd33aadc3211bfaef453df6fca07dd87_repeat_1,cd33aadc3211bfaef453df6fca07dd87,5793546,5,4,256,96879.6,CNN,EC-NAS,7,2,1,0,206.56982612609863,121099.5,468.99201987448424,cd33aadc3211bfaef453df6fca07dd87
5V9E_cd3ef8ccc1407bedece72bc94bd41997_repeat_1,cd3ef8ccc1407bedece72bc94bd41997,13126538,5,4,256,135162.0,CNN,EC-NAS,6,1,2,0,289.13838291168213,168952.5,467.4647434868082,cd3ef8ccc1407bedece72bc94bd41997
5V9E_cd9184f13d1d9ddd7b744e76327bd10d_repeat_1,cd9184f13d1d9ddd7b744e76327bd10d,4602890,5,4,256,105472.8,CNN,EC-NAS,7,1,2,0,240.5265507698059,131841.0,438.50793046519817,cd9184f13d1d9ddd7b744e76327bd10d
5V9E_cd9f6a377acb0d756ab3eb46f3f2286c_repeat_1,cd9f6a377acb0d756ab3eb46f3f2286c,22257802,5,4,256,198550.8,CNN,EC-NAS,7,2,1,0,386.20789194107056,248188.5,514.1034249768667,cd9f6a377acb0d756ab3eb46f3f2286c
5V9E_ce365d42808396bddaf1acff3cb3faf9_repeat_1,ce365d42808396bddaf1acff3cb3faf9,2912669,5,4,256,87458.4,CNN,EC-NAS,9,1,1,1,217.29160571098328,109323.0,402.49322892080454,ce365d42808396bddaf1acff3cb3faf9
5V9E_ce49e06d9a1914df23e00fcee5e560fd_repeat_1,ce49e06d9a1914df23e00fcee5e560fd,2975370,5,4,256,109699.2,CNN,EC-NAS,9,0,3,0,257.6930010318756,137124.0,425.6972426908507,ce49e06d9a1914df23e00fcee5e560fd
5V9E_ce5489d6a999a67124340cb3f658aadf_repeat_1,ce5489d6a999a67124340cb3f658aadf,1292060,5,4,256,66337.2,CNN,EC-NAS,8,0,1,2,135.54168558120728,82921.5,489.42286437964725,ce5489d6a999a67124340cb3f658aadf
5V9E_ce6e90a7ba4b1b72be5f36fb26b64196_repeat_1,ce6e90a7ba4b1b72be5f36fb26b64196,3240509,5,4,256,82940.40000000001,CNN,EC-NAS,7,2,0,1,179.1539123058319,103675.50000000001,462.95611930825856,ce6e90a7ba4b1b72be5f36fb26b64196
5V9E_ce80ca4911c14602f370237dbbf72cf8_repeat_1,ce80ca4911c14602f370237dbbf72cf8,8731658,5,4,256,123512.4,CNN,EC-NAS,7,3,0,0,267.1671030521393,154390.5,462.30392360804916,ce80ca4911c14602f370237dbbf72cf8
5V9E_ce9bc2765d63f261e5ad257382c09e92_repeat_1,ce9bc2765d63f261e5ad257382c09e92,2040231,5,4,256,69570.0,CNN,EC-NAS,6,1,1,1,168.9402289390564,86962.5,411.8024489306021,ce9bc2765d63f261e5ad257382c09e92
5V9E_ceaaa1beaca7f28cda45639aba99b66d_repeat_1,ceaaa1beaca7f28cda45639aba99b66d,3468426,5,4,256,74721.6,CNN,EC-NAS,5,1,1,1,158.70546650886536,93402.0,470.81932112165794,ceaaa1beaca7f28cda45639aba99b66d
5V9E_cef7bc97d34211add3e80068dd478853_repeat_1,cef7bc97d34211add3e80068dd478853,1404042,5,4,256,69012.0,CNN,EC-NAS,6,0,2,1,150.51937246322632,86265.0,458.492477550426,cef7bc97d34211add3e80068dd478853
5V9E_cefa59722e332b4846df381d3f9e3763_repeat_1,cefa59722e332b4846df381d3f9e3763,3525796,5,4,256,77774.40000000001,CNN,EC-NAS,8,2,0,1,198.6635594367981,97218.00000000001,391.48800223094156,cefa59722e332b4846df381d3f9e3763
5V9E_cf03685ff0d505fd5ecd5a7cbe5e6cd2_repeat_1,cf03685ff0d505fd5ecd5a7cbe5e6cd2,1920138,5,4,256,55850.4,CNN,EC-NAS,4,0,1,2,124.76827311515808,69813.0,447.6330288586381,cf03685ff0d505fd5ecd5a7cbe5e6cd2
5V9E_cf238ea9b7ab280851e4278e94260589_repeat_1,cf238ea9b7ab280851e4278e94260589,2328359,5,4,256,78541.2,CNN,EC-NAS,7,1,1,1,164.94313025474548,98176.5,476.17139239868607,cf238ea9b7ab280851e4278e94260589
5V9E_cf401ffe8f6595f807934cf9f62f127f_repeat_1,cf401ffe8f6595f807934cf9f62f127f,14873994,5,4,256,187264.80000000002,CNN,EC-NAS,7,1,2,0,384.52628469467163,234081.00000000003,487.00129862044497,cf401ffe8f6595f807934cf9f62f127f
5V9E_cf404457b72da0769eeb25e115f571c8_repeat_1,cf404457b72da0769eeb25e115f571c8,3235886,5,4,256,82738.8,CNN,EC-NAS,8,2,0,1,179.24539995193481,103423.5,461.5951093985489,cf404457b72da0769eeb25e115f571c8
5V9E_cf5a37cfed7d9c3e86f1abe7fd0771c8_repeat_1,cf5a37cfed7d9c3e86f1abe7fd0771c8,3468426,5,4,256,68155.2,CNN,EC-NAS,7,1,1,1,160.34674334526062,85194.0,425.04885710866836,cf5a37cfed7d9c3e86f1abe7fd0771c8
5V9E_cfacd4ca013fed5568df62f9de3b61f9_repeat_1,cfacd4ca013fed5568df62f9de3b61f9,1580170,5,4,256,64972.8,CNN,EC-NAS,6,0,1,2,137.26100778579712,81216.0,473.352199929884,cfacd4ca013fed5568df62f9de3b61f9
5V9E_cfb7f46f5cbc7fcbb5bbc104c2009f66_repeat_1,cfb7f46f5cbc7fcbb5bbc104c2009f66,3468426,5,4,256,79426.8,CNN,EC-NAS,6,1,1,1,167.46224975585938,99283.5,474.29674518164603,cfb7f46f5cbc7fcbb5bbc104c2009f66
5V9E_cfe46e494025bc2b13cd320219b602e2_repeat_1,cfe46e494025bc2b13cd320219b602e2,2783654,5,4,256,71053.2,CNN,EC-NAS,7,2,1,0,170.98401713371277,88816.5,415.5546301408689,cfe46e494025bc2b13cd320219b602e2
5V9E_d048217dba5830a8c982253a84bfc343_repeat_1,d048217dba5830a8c982253a84bfc343,1583646,5,4,256,67356.0,CNN,EC-NAS,8,0,1,2,166.40214467048645,84195.0,404.77843680067934,d048217dba5830a8c982253a84bfc343
5V9E_d04fbc738502c2fd0646fafcc14a33cb_repeat_1,d04fbc738502c2fd0646fafcc14a33cb,533781,5,4,256,46825.2,CNN,EC-NAS,7,0,2,1,108.64156103134155,58531.5,431.0063253462603,d04fbc738502c2fd0646fafcc14a33cb
5V9E_d067f46eba479874f0b013cc23367f6e_repeat_1,d067f46eba479874f0b013cc23367f6e,3692990,5,4,256,87678.0,CNN,EC-NAS,7,3,0,0,193.46588897705078,109597.5,453.19617046496757,d067f46eba479874f0b013cc23367f6e
5V9E_d06d3c4e1dfc01e231521dd8b6be24ec_repeat_1,d06d3c4e1dfc01e231521dd8b6be24ec,2735394,5,4,256,104364.0,CNN,EC-NAS,8,1,2,0,225.7822184562683,130455.0,462.2330346187746,d06d3c4e1dfc01e231521dd8b6be24ec
5V9E_d06d7cb8510ad07b37d425464e4e5171_repeat_1,d06d7cb8510ad07b37d425464e4e5171,20346506,5,4,256,132426.0,CNN,EC-NAS,5,2,0,1,282.9253776073456,165532.5,468.0598153474439,d06d7cb8510ad07b37d425464e4e5171
5V9E_d0938d84ed89b18eb57ed5757e79386e_repeat_1,d0938d84ed89b18eb57ed5757e79386e,4779018,5,4,256,116787.59999999999,CNN,EC-NAS,9,1,1,1,248.20980596542358,145984.5,470.5196861411224,d0938d84ed89b18eb57ed5757e79386e
5V9E_d0a42926ac54f770e3b760b33e6ba3a8_repeat_1,d0a42926ac54f770e3b760b33e6ba3a8,1292060,5,4,256,65480.4,CNN,EC-NAS,7,0,1,2,135.05297255516052,81850.5,484.8497501471538,d0a42926ac54f770e3b760b33e6ba3a8
5V9E_d0a5ff67e269a1ac4f305c618a88ac85_repeat_1,d0a5ff67e269a1ac4f305c618a88ac85,11215242,4,4,256,86065.2,CNN,EC-NAS,3,1,1,0,182.9525225162506,107581.5,470.4236859721643,d0a5ff67e269a1ac4f305c618a88ac85
5V9E_d0aa50d5b1fb5e7532f98d423bcd0d48_repeat_1,d0aa50d5b1fb5e7532f98d423bcd0d48,3905290,5,4,256,86644.8,CNN,EC-NAS,7,1,1,1,197.44485878944397,108306.0,438.83036778586563,d0aa50d5b1fb5e7532f98d423bcd0d48
5V9E_d0d034ec52002dd0d6a0061309c4b216_repeat_1,d0d034ec52002dd0d6a0061309c4b216,2785330,5,4,256,81932.40000000001,CNN,EC-NAS,7,2,1,0,182.63782858848572,102415.50000000001,448.6058591104241,d0d034ec52002dd0d6a0061309c4b216
5V9E_d0e858cc6dc8a867800b8b7636f6a7c6_repeat_1,d0e858cc6dc8a867800b8b7636f6a7c6,3905290,5,4,256,88758.0,CNN,EC-NAS,7,1,1,1,196.45451164245605,110947.5,451.799244812143,d0e858cc6dc8a867800b8b7636f6a7c6
5V9E_d0f8792195f64bc36b7f26fc000dfd30_repeat_1,d0f8792195f64bc36b7f26fc000dfd30,12088970,5,4,256,126856.79999999999,CNN,EC-NAS,6,1,1,1,251.2923185825348,158571.0,504.81765903375583,d0f8792195f64bc36b7f26fc000dfd30
5V9E_d0fb40efe1ae6994de0689c93ecc96d8_repeat_1,d0fb40efe1ae6994de0689c93ecc96d8,6843402,5,4,256,106066.8,CNN,EC-NAS,8,2,0,1,253.8666787147522,132583.5,417.80512723049407,d0fb40efe1ae6994de0689c93ecc96d8
5V9E_d1080b5413f35763b51a74f00d6e596d_repeat_1,d1080b5413f35763b51a74f00d6e596d,4081418,5,4,256,88732.8,CNN,EC-NAS,7,1,0,2,189.05969524383545,110916.0,469.3374750528339,d1080b5413f35763b51a74f00d6e596d
5V9E_d1256c62d2efb0b34a5b800fc82e4051_repeat_1,d1256c62d2efb0b34a5b800fc82e4051,1871747,5,4,256,94341.6,CNN,EC-NAS,9,0,1,2,201.06662273406982,117927.0,469.2056728121203,d1256c62d2efb0b34a5b800fc82e4051
5V9E_d1269d9156ddc027c40473008192958a_repeat_1,d1269d9156ddc027c40473008192958a,1920138,3,4,256,44607.6,CNN,EC-NAS,2,0,1,0,96.7856035232544,55759.5,460.8908595510515,d1269d9156ddc027c40473008192958a
5V9E_d177a617804128f037865b481cb94042_repeat_1,d177a617804128f037865b481cb94042,2326550,5,4,256,75340.79999999999,CNN,EC-NAS,7,1,1,1,168.1595904827118,94175.99999999999,448.0315382770015,d177a617804128f037865b481cb94042
5V9E_d1816d4dd30475f33534805afd1460d9_repeat_1,d1816d4dd30475f33534805afd1460d9,2714634,5,4,256,105170.4,CNN,EC-NAS,8,0,2,1,230.37237668037415,131463.0,456.52348391542057,d1816d4dd30475f33534805afd1460d9
5V9E_d18898a057969acfbb9a74cc5c427278_repeat_1,d18898a057969acfbb9a74cc5c427278,706442,5,4,256,38793.600000000006,CNN,EC-NAS,5,0,1,2,88.1354455947876,48492.00000000001,440.15889110446943,d18898a057969acfbb9a74cc5c427278
5V9E_d1bee6187407bfd3de9fcb729cb29e8f_repeat_1,d1bee6187407bfd3de9fcb729cb29e8f,3503754,5,4,256,111762.0,CNN,EC-NAS,7,0,0,3,225.76140975952148,139702.5,495.04474710291555,d1bee6187407bfd3de9fcb729cb29e8f
5V9E_d1f74c99e25086728773cc5f1e8c39e1_repeat_1,d1f74c99e25086728773cc5f1e8c39e1,20346506,5,4,256,130834.8,CNN,EC-NAS,5,2,0,1,281.84469985961914,163543.5,464.2088358062651,d1f74c99e25086728773cc5f1e8c39e1
5V9E_d201d9349a9f6997dd5e5f9a36dd4ec1_repeat_1,d201d9349a9f6997dd5e5f9a36dd4ec1,3667594,5,4,256,106567.2,CNN,EC-NAS,6,0,1,2,220.0202443599701,133209.0,484.35179367243967,d201d9349a9f6997dd5e5f9a36dd4ec1
5V9E_d2045fdfc1a94039713acfc73cc2995e_repeat_1,d2045fdfc1a94039713acfc73cc2995e,5969674,5,4,256,96098.4,CNN,EC-NAS,8,2,0,1,218.49960589408875,120123.0,439.81040426489767,d2045fdfc1a94039713acfc73cc2995e
5V9E_d226e4d188df51b2843f228c90f49334_repeat_1,d226e4d188df51b2843f228c90f49334,2507310,5,4,256,71460.0,CNN,EC-NAS,8,1,0,2,165.49991250038147,89325.0,431.7827056243023,d226e4d188df51b2843f228c90f49334
5V9E_d246382ee596c4ce5b997f901edd1b35_repeat_1,d246382ee596c4ce5b997f901edd1b35,2723494,5,4,256,105339.59999999999,CNN,EC-NAS,8,1,2,0,226.52090215682983,131674.5,465.03258196927453,d246382ee596c4ce5b997f901edd1b35
5V9E_d2a6f067291469274117651128405c40_repeat_1,d2a6f067291469274117651128405c40,3503754,5,4,256,110523.59999999999,CNN,EC-NAS,7,0,0,3,222.6809196472168,138154.5,496.3317026671952,d2a6f067291469274117651128405c40
5V9E_d2ab2239c2f1dac67c177092d1c5f978_repeat_1,d2ab2239c2f1dac67c177092d1c5f978,3644554,5,4,256,69930.0,CNN,EC-NAS,7,1,0,2,155.973623752594,87412.5,448.3450362794882,d2ab2239c2f1dac67c177092d1c5f978
5V9E_d2df64e938fdc7df30c1a654d5436732_repeat_1,d2df64e938fdc7df30c1a654d5436732,533781,5,4,256,45313.2,CNN,EC-NAS,6,0,2,1,106.56059980392456,56641.5,425.23409293282845,d2df64e938fdc7df30c1a654d5436732
5V9E_d2e1236cec99783bda51f4a3631fa4fa_repeat_1,d2e1236cec99783bda51f4a3631fa4fa,3065016,5,4,256,85147.2,CNN,EC-NAS,8,2,1,0,208.1232602596283,106434.0,409.1190955483837,d2e1236cec99783bda51f4a3631fa4fa
5V9E_d2e401b52b8b8665d5fb8c274477e9f2_repeat_1,d2e401b52b8b8665d5fb8c274477e9f2,11215242,5,4,256,102355.2,CNN,EC-NAS,5,1,1,1,205.71293210983276,127944.0,497.56327397711317,d2e401b52b8b8665d5fb8c274477e9f2
5V9E_d2fc85c84cfce21684e2650a10e5a99e_repeat_1,d2fc85c84cfce21684e2650a10e5a99e,2040231,5,4,256,80006.40000000001,CNN,EC-NAS,7,1,1,1,180.95351600646973,100008.00000000001,442.13785819524776,d2fc85c84cfce21684e2650a10e5a99e
5V9E_d30f6cb405f0a8a3942d8d33cf2fbb02_repeat_1,d30f6cb405f0a8a3942d8d33cf2fbb02,2653744,5,4,256,66153.6,CNN,EC-NAS,7,2,0,1,149.7599904537201,82692.0,441.7307973883937,d30f6cb405f0a8a3942d8d33cf2fbb02
5V9E_d32d0b26d534203b48d866facd98cc3e_repeat_1,d32d0b26d534203b48d866facd98cc3e,11051402,3,4,256,102718.8,CNN,EC-NAS,3,1,0,0,193.80466723442078,128398.5,530.0120036621935,d32d0b26d534203b48d866facd98cc3e
5V9E_d33a7e98165bc5842e5bbe2b0942e2a5_repeat_1,d33a7e98165bc5842e5bbe2b0942e2a5,417813,5,4,256,33195.6,CNN,EC-NAS,6,0,1,2,82.75967144966125,41494.5,401.10840725354126,d33a7e98165bc5842e5bbe2b0942e2a5
5V9E_d359c3110a26fadd4bc7bb599437752f_repeat_1,d359c3110a26fadd4bc7bb599437752f,3729162,5,4,256,80809.20000000001,CNN,EC-NAS,5,1,2,0,182.90204453468323,101011.50000000001,441.8168217068584,d359c3110a26fadd4bc7bb599437752f
5V9E_d361dd8459334e866bd97976404951a8_repeat_1,d361dd8459334e866bd97976404951a8,1290251,5,4,256,54774.0,CNN,EC-NAS,7,0,1,2,133.37113499641418,68467.5,410.6885646693541,d361dd8459334e866bd97976404951a8
5V9E_d37c8ea2ad425d3e8bebe3197d480050_repeat_1,d37c8ea2ad425d3e8bebe3197d480050,4081418,5,4,256,81104.40000000001,CNN,EC-NAS,8,1,0,2,193.6188941001892,101380.50000000001,418.8868053240304,d37c8ea2ad425d3e8bebe3197d480050
5V9E_d37ea15e9e8562fb91fbdbd0ff17e59a_repeat_1,d37ea15e9e8562fb91fbdbd0ff17e59a,3403080,5,4,256,69912.0,CNN,EC-NAS,6,3,0,0,163.98487210273743,87390.0,426.33200918801674,d37ea15e9e8562fb91fbdbd0ff17e59a
5V9E_d3ce4b357bab991e98b34e3a8722b3bb_repeat_1,d3ce4b357bab991e98b34e3a8722b3bb,1748645,5,4,256,63291.6,CNN,EC-NAS,6,1,1,1,149.4395763874054,79114.5,423.52636115565264,d3ce4b357bab991e98b34e3a8722b3bb
5V9E_d3d908eee72c89f6f1fec9f89d7369c1_repeat_1,d3d908eee72c89f6f1fec9f89d7369c1,2017034,5,4,256,77821.2,CNN,EC-NAS,8,0,1,2,164.45681619644165,97276.5,473.2014263674151,d3d908eee72c89f6f1fec9f89d7369c1
5V9E_d3fccdd0c7a1c3a4a85c1f40079ba557_repeat_1,d3fccdd0c7a1c3a4a85c1f40079ba557,1840906,5,4,256,88218.0,CNN,EC-NAS,8,0,2,1,184.90302085876465,110272.5,477.10415757557564,d3fccdd0c7a1c3a4a85c1f40079ba557
5V9E_d4075f56234a8adca57b987509ad3004_repeat_1,d4075f56234a8adca57b987509ad3004,5356682,5,4,256,74404.8,CNN,EC-NAS,6,2,1,0,166.27094841003418,93006.0,447.49128282177884,d4075f56234a8adca57b987509ad3004
5V9E_d418c70430e907fc86f4c54c8c46e0ee_repeat_1,d418c70430e907fc86f4c54c8c46e0ee,1920138,5,4,256,61513.200000000004,CNN,EC-NAS,5,0,1,2,123.42666244506836,76891.5,498.3785414061306,d418c70430e907fc86f4c54c8c46e0ee
5V9E_d432f149d7205a3a1cb89c5d6b1d87b4_repeat_1,d432f149d7205a3a1cb89c5d6b1d87b4,592660,5,4,256,45151.2,CNN,EC-NAS,7,0,0,3,94.49743008613586,56439.0,477.8034699868979,d432f149d7205a3a1cb89c5d6b1d87b4
5V9E_d4495ac57e21db4422e5b4acf008dd07_repeat_1,d4495ac57e21db4422e5b4acf008dd07,5356682,5,4,256,66304.8,CNN,EC-NAS,5,2,1,0,159.095153093338,82881.0,416.7619107861839,d4495ac57e21db4422e5b4acf008dd07
5V9E_d47d3bdddf29088e31a046c6bd97f843_repeat_1,d47d3bdddf29088e31a046c6bd97f843,12088970,5,4,256,126720.00000000001,CNN,EC-NAS,6,1,1,1,256.6627142429352,158400.00000000003,493.72188856406154,d47d3bdddf29088e31a046c6bd97f843
5V9E_d494811e0bee5aaa9f6f08226acc0dbf_repeat_1,d494811e0bee5aaa9f6f08226acc0dbf,13836426,5,4,256,171799.2,CNN,EC-NAS,7,1,1,1,347.8376715183258,214749.0,493.9062501484943,d494811e0bee5aaa9f6f08226acc0dbf
5V9E_d4bf00172f3d76635603aade03370aed_repeat_1,d4bf00172f3d76635603aade03370aed,29641610,5,4,256,171493.19999999998,CNN,EC-NAS,5,3,0,0,370.386488199234,214366.49999999997,463.0114906020879,d4bf00172f3d76635603aade03370aed
5V9E_d4e5b7f0e92172773fb32cf4dfdc5cd7_repeat_1,d4e5b7f0e92172773fb32cf4dfdc5cd7,1733027,5,4,256,60890.399999999994,CNN,EC-NAS,6,1,1,1,144.13187336921692,76113.0,422.4631136516173,d4e5b7f0e92172773fb32cf4dfdc5cd7
5V9E_d513e0208531f61c3c012a81e1b4c541_repeat_1,d513e0208531f61c3c012a81e1b4c541,6406538,5,4,256,110127.6,CNN,EC-NAS,8,2,0,1,229.68246221542358,137659.5,479.47761852495825,d513e0208531f61c3c012a81e1b4c541
5V9E_d53dc2b3d3ef7250cf879175a96b0fd5_repeat_1,d53dc2b3d3ef7250cf879175a96b0fd5,3025304,5,4,256,117359.99999999999,CNN,EC-NAS,9,1,2,0,261.2693078517914,146699.99999999997,449.1916825782463,d53dc2b3d3ef7250cf879175a96b0fd5
5V9E_d55664660ab74c7e7a004ee3023e2cac_repeat_1,d55664660ab74c7e7a004ee3023e2cac,3644554,5,4,256,73785.6,CNN,EC-NAS,6,1,0,2,151.54601001739502,92232.0,486.8857978611949,d55664660ab74c7e7a004ee3023e2cac
5V9E_d5736abba8e9a2df38d15aabd7d57ea6_repeat_1,d5736abba8e9a2df38d15aabd7d57ea6,2653744,5,4,256,66196.8,CNN,EC-NAS,8,2,0,1,158.40158438682556,82746.0,417.9049108394251,d5736abba8e9a2df38d15aabd7d57ea6
5V9E_d587b852ba62e1d8ded27c28f45a2cad_repeat_1,d587b852ba62e1d8ded27c28f45a2cad,3644554,5,4,256,81856.8,CNN,EC-NAS,6,1,0,2,176.9492552280426,102321.0,462.60042120271936,d587b852ba62e1d8ded27c28f45a2cad
5V9E_d5c01523f4ef6db991063f7b27b1db20_repeat_1,d5c01523f4ef6db991063f7b27b1db20,12962698,5,4,256,137494.8,CNN,EC-NAS,6,1,1,1,295.7045772075653,171868.5,464.9735262754746,d5c01523f4ef6db991063f7b27b1db20
5V9E_d5c149d4f50391696d5e5a1920356ded_repeat_1,d5c149d4f50391696d5e5a1920356ded,3207690,5,4,256,54637.2,CNN,EC-NAS,5,1,0,2,127.910236120224,68296.5,427.1526787633008,d5c149d4f50391696d5e5a1920356ded
5V9E_d5f46ef7558f5ae601c8b1405cac3c72_repeat_1,d5f46ef7558f5ae601c8b1405cac3c72,1734703,5,4,256,67644.0,CNN,EC-NAS,7,1,1,1,151.70658469200134,84555.0,445.88704002092334,d5f46ef7558f5ae601c8b1405cac3c72
5V9E_d60239f5b569f8ef343e7ae0093ad0d8_repeat_1,d60239f5b569f8ef343e7ae0093ad0d8,1580170,5,4,256,74725.2,CNN,EC-NAS,7,0,1,2,158.91092371940613,93406.5,470.23324923807354,d60239f5b569f8ef343e7ae0093ad0d8
5V9E_d64cb08779a245bbbaea9e1c5981e65f_repeat_1,d64cb08779a245bbbaea9e1c5981e65f,4081418,5,4,256,92815.2,CNN,EC-NAS,8,1,0,2,192.22686195373535,116019.0,482.8419871013579,d64cb08779a245bbbaea9e1c5981e65f
5V9E_d651772609955555e7a4e837f88a3d44_repeat_1,d651772609955555e7a4e837f88a3d44,4081418,5,4,256,92113.2,CNN,EC-NAS,7,1,0,2,188.2259750366211,115141.5,489.3756028203787,d651772609955555e7a4e837f88a3d44
5V9E_d685aa277c7aaa46d1a21b4146d6b19f_repeat_1,d685aa277c7aaa46d1a21b4146d6b19f,3905290,5,4,256,68850.0,CNN,EC-NAS,6,1,1,1,169.50133609771729,86062.5,406.19148842760785,d685aa277c7aaa46d1a21b4146d6b19f
5V9E_d6a9598c0a8af57bf1cf9ac4e8b81750_repeat_1,d6a9598c0a8af57bf1cf9ac4e8b81750,1227914,5,4,256,59515.200000000004,CNN,EC-NAS,6,0,3,0,137.16573452949524,74394.0,433.8926205159659,d6a9598c0a8af57bf1cf9ac4e8b81750
5V9E_d6c8dfe186d5b1853e1110ce2525a028_repeat_1,d6c8dfe186d5b1853e1110ce2525a028,4541322,5,4,256,124934.4,CNN,EC-NAS,7,0,1,2,265.62183570861816,156168.0,470.3468736548095,d6c8dfe186d5b1853e1110ce2525a028
5V9E_d6dadfb76a46607e2cc77e8f079844a6_repeat_1,d6dadfb76a46607e2cc77e8f079844a6,4602890,5,4,256,95432.40000000001,CNN,EC-NAS,8,1,2,0,223.50667476654053,119290.50000000001,426.97785244974017,d6dadfb76a46607e2cc77e8f079844a6
5V9E_d6efe3b81504d055e39d7fd12e13bc1b_repeat_1,d6efe3b81504d055e39d7fd12e13bc1b,2017034,5,4,256,81061.2,CNN,EC-NAS,8,0,1,2,173.9655303955078,101326.5,465.96127299303873,d6efe3b81504d055e39d7fd12e13bc1b
5V9E_d6fee5a43e1026945756ff852dd82318_repeat_1,d6fee5a43e1026945756ff852dd82318,2211101,5,4,256,67359.59999999999,CNN,EC-NAS,7,1,0,2,145.49532413482666,84199.49999999999,462.96745548729547,d6fee5a43e1026945756ff852dd82318
5V9E_d72029f297f87d83fd0a0d514141bdec_repeat_1,d72029f297f87d83fd0a0d514141bdec,3031562,5,4,256,58298.4,CNN,EC-NAS,5,1,1,1,129.58250212669373,72873.0,449.89407553653535,d72029f297f87d83fd0a0d514141bdec
5V9E_d723fafcc2ca745c82f157d07850d40a_repeat_1,d723fafcc2ca745c82f157d07850d40a,11051402,4,4,256,101970.0,CNN,EC-NAS,4,1,0,1,201.5356729030609,127462.5,505.9650161738254,d723fafcc2ca745c82f157d07850d40a
5V9E_d73366ef16a32aac5887b31e6d5f7a86_repeat_1,d73366ef16a32aac5887b31e6d5f7a86,3207690,5,4,256,53236.8,CNN,EC-NAS,6,1,0,2,133.06219696998596,66546.0,400.0895912759377,d73366ef16a32aac5887b31e6d5f7a86
5V9E_d777189d047089ae711e48fd6aee6060_repeat_1,d777189d047089ae711e48fd6aee6060,3831434,5,4,256,104846.40000000001,CNN,EC-NAS,6,0,2,1,212.46849870681763,131058.00000000001,493.4679759029884,d777189d047089ae711e48fd6aee6060
5V9E_d79634f2282f12b9c7dcc4f2bffa6d8b_repeat_1,d79634f2282f12b9c7dcc4f2bffa6d8b,4081418,5,4,256,90486.0,CNN,EC-NAS,7,1,0,2,190.65383863449097,113107.5,474.60885470800207,d79634f2282f12b9c7dcc4f2bffa6d8b
5V9E_d79b9e6e8b68158393a0f14f694032f2_repeat_1,d79b9e6e8b68158393a0f14f694032f2,5793546,5,4,256,75574.8,CNN,EC-NAS,6,2,1,0,189.94145894050598,94468.5,397.8846978514141,d79b9e6e8b68158393a0f14f694032f2
5V9E_d7af6f28ec780f25680c2a52617dba8f_repeat_1,d7af6f28ec780f25680c2a52617dba8f,3644554,5,4,256,81439.2,CNN,EC-NAS,8,1,0,2,174.10248947143555,101799.0,467.765855888933,d7af6f28ec780f25680c2a52617dba8f
5V9E_d7be890f6f0211692757e24d60e3b415_repeat_1,d7be890f6f0211692757e24d60e3b415,1907355,5,4,256,73054.79999999999,CNN,EC-NAS,8,1,0,2,162.76228857040405,91318.49999999999,448.84352906109194,d7be890f6f0211692757e24d60e3b415
5V9E_d7d93331c5d09df66b163b6e8a61aa77_repeat_1,d7d93331c5d09df66b163b6e8a61aa77,5578890,5,4,256,152287.2,CNN,EC-NAS,7,0,2,1,303.42514872550964,190359.0,501.8937970028484,d7d93331c5d09df66b163b6e8a61aa77
5V9E_d7f688b140bea4f032b44f9e96e65fe0_repeat_1,d7f688b140bea4f032b44f9e96e65fe0,3025304,5,4,256,116863.2,CNN,EC-NAS,8,1,2,0,254.55653262138367,146079.0,459.08544870784067,d7f688b140bea4f032b44f9e96e65fe0
5V9E_d84811e8c3855496e04bc6bc6ecdbf01_repeat_1,d84811e8c3855496e04bc6bc6ecdbf01,2453898,5,4,256,79030.8,CNN,EC-NAS,8,0,1,2,201.03816413879395,98788.5,393.1134187309741,d84811e8c3855496e04bc6bc6ecdbf01
5V9E_d8500b33a42735f03f4fe62eb27dceb8_repeat_1,d8500b33a42735f03f4fe62eb27dceb8,1756298,5,4,256,74941.2,CNN,EC-NAS,7,0,0,3,148.9865598678589,93676.5,503.0064461282134,d8500b33a42735f03f4fe62eb27dceb8
5V9E_d85be5973c1302af7d13527323dd1680_repeat_1,d85be5973c1302af7d13527323dd1680,7104138,5,4,256,129315.6,CNN,EC-NAS,7,2,1,0,291.5580253601074,161644.5,443.5329805800423,d85be5973c1302af7d13527323dd1680
5V9E_d8691604d67e06374f9f9f6ba1d9b4fd_repeat_1,d8691604d67e06374f9f9f6ba1d9b4fd,590984,5,4,256,31787.999999999996,CNN,EC-NAS,6,0,0,3,83.87738943099976,39734.99999999999,378.98175200302137,d8691604d67e06374f9f9f6ba1d9b4fd
5V9E_d86a8aff14ed0517175f662b058693e6_repeat_1,d86a8aff14ed0517175f662b058693e6,535071,5,4,256,50022.0,CNN,EC-NAS,6,0,2,1,104.73397779464722,62527.5,477.6100464557792,d86a8aff14ed0517175f662b058693e6
5V9E_d8932b0f0fc1ed4479ee283216448e87_repeat_1,d8932b0f0fc1ed4479ee283216448e87,1408799,5,4,256,72698.4,CNN,EC-NAS,8,0,2,1,159.1179964542389,90873.0,456.8835808645158,d8932b0f0fc1ed4479ee283216448e87
5V9E_d8d9e7dd352a3b4e0b94bc65062f1aa7_repeat_1,d8d9e7dd352a3b4e0b94bc65062f1aa7,1404042,5,4,256,65408.4,CNN,EC-NAS,5,0,2,1,142.3018708229065,81760.5,459.64539764484346,d8d9e7dd352a3b4e0b94bc65062f1aa7
5V9E_d8ebc601b5da07b82b1e0f29dbf4ffd5_repeat_1,d8ebc601b5da07b82b1e0f29dbf4ffd5,3031562,5,4,256,58744.799999999996,CNN,EC-NAS,5,1,1,1,129.2793629169464,73431.0,454.4019917373797,d8ebc601b5da07b82b1e0f29dbf4ffd5
5V9E_d8f124cd501519126f69594a5e86ee23_repeat_1,d8f124cd501519126f69594a5e86ee23,1749031,5,4,256,59601.600000000006,CNN,EC-NAS,8,1,1,1,148.03164649009705,74502.0,402.6274206440527,d8f124cd501519126f69594a5e86ee23
5V9E_d8f75149fb951077e1533c2d939e6b34_repeat_1,d8f75149fb951077e1533c2d939e6b34,5969674,5,4,256,94327.2,CNN,EC-NAS,6,2,0,1,195.87660574913025,117909.0,481.56439937911694,d8f75149fb951077e1533c2d939e6b34
5V9E_d96606f36e9ee9ae4b23ae68d62ef8a3_repeat_1,d96606f36e9ee9ae4b23ae68d62ef8a3,5793546,5,4,256,95850.0,CNN,EC-NAS,6,2,1,0,208.32867288589478,119812.5,460.09029228779616,d96606f36e9ee9ae4b23ae68d62ef8a3
5V9E_d98327d9be1f6affbab42b130965f1a9_repeat_1,d98327d9be1f6affbab42b130965f1a9,4779018,5,4,256,98560.8,CNN,EC-NAS,8,1,1,1,232.02974343299866,123201.0,424.7765762343335,d98327d9be1f6affbab42b130965f1a9
5V9E_d98d4487925c8f8c234c97483dd37317_repeat_1,d98d4487925c8f8c234c97483dd37317,1756298,5,4,256,59572.8,CNN,EC-NAS,6,0,0,3,132.78933095932007,74466.0,448.626403714995,d98d4487925c8f8c234c97483dd37317
5V9E_d9e199c0b69ef43e93a946be79483432_repeat_1,d9e199c0b69ef43e93a946be79483432,14873994,5,4,256,191016.0,CNN,EC-NAS,7,1,2,0,383.0273232460022,238770.0,498.70071508532703,d9e199c0b69ef43e93a946be79483432
5V9E_d9e1f650ba8f96d55df6db8c3d5211c4_repeat_1,d9e1f650ba8f96d55df6db8c3d5211c4,1989005,5,4,256,97376.4,CNN,EC-NAS,9,0,2,1,221.09361958503723,121720.5,440.43062021763586,d9e1f650ba8f96d55df6db8c3d5211c4
5V9E_d9f5233f906dac205124db6a217a064d_repeat_1,d9f5233f906dac205124db6a217a064d,2948277,5,4,256,87620.4,CNN,EC-NAS,8,2,0,1,190.5809953212738,109525.5,459.7541315821813,d9f5233f906dac205124db6a217a064d
5V9E_da09b12075e2d090c2b646861180047f_repeat_1,da09b12075e2d090c2b646861180047f,5532810,5,4,256,75024.0,CNN,EC-NAS,6,2,0,1,171.80706334114075,93780.0,436.67587665492,da09b12075e2d090c2b646861180047f
5V9E_da1cf91eec7eff5543ff1f4a0f6f5e35_repeat_1,da1cf91eec7eff5543ff1f4a0f6f5e35,1734184,5,4,256,75452.4,CNN,EC-NAS,8,1,1,1,165.0983440876007,94315.5,457.0148805366889,da1cf91eec7eff5543ff1f4a0f6f5e35
5V9E_da1e0f34ab147096bf45cb73050b86c2_repeat_1,da1e0f34ab147096bf45cb73050b86c2,3292298,5,4,256,66452.4,CNN,EC-NAS,5,1,2,0,152.72609663009644,83065.5,435.1083506111475,da1e0f34ab147096bf45cb73050b86c2
5V9E_da97e09581402a416ec5513e20e1bd10_repeat_1,da97e09581402a416ec5513e20e1bd10,5532810,5,4,256,70610.4,CNN,EC-NAS,6,2,0,1,168.06523275375366,88263.0,420.1368649722882,da97e09581402a416ec5513e20e1bd10
5V9E_dac9fab4cc67438cef294da864d4a08b_repeat_1,dac9fab4cc67438cef294da864d4a08b,2215724,5,4,256,63615.6,CNN,EC-NAS,7,1,0,2,142.7893352508545,79519.5,445.52066783026294,dac9fab4cc67438cef294da864d4a08b
5V9E_dad42b80457bcee66256b1dad812ded4_repeat_1,dad42b80457bcee66256b1dad812ded4,2669881,5,4,256,76201.2,CNN,EC-NAS,7,2,0,1,160.23351097106934,95251.5,475.56344199284484,dad42b80457bcee66256b1dad812ded4
5V9E_dadd1a28e4d698ec2d7f8559a5a6d0f1_repeat_1,dadd1a28e4d698ec2d7f8559a5a6d0f1,1581970,5,4,256,77216.4,CNN,EC-NAS,9,0,1,2,165.56111478805542,96520.5,466.3921241340352,dadd1a28e4d698ec2d7f8559a5a6d0f1
5V9E_daf1fb098f6bacbd5245caa3e7e2dcce_repeat_1,daf1fb098f6bacbd5245caa3e7e2dcce,709918,5,4,256,50443.2,CNN,EC-NAS,7,0,1,2,120.3206205368042,63054.0,419.2398590943953,daf1fb098f6bacbd5245caa3e7e2dcce
5V9E_daf274adb00423ee83f9739b3f38af3b_repeat_1,daf274adb00423ee83f9739b3f38af3b,1749031,5,4,256,53895.6,CNN,EC-NAS,7,1,1,1,145.90251541137695,67369.5,369.39459095711663,daf274adb00423ee83f9739b3f38af3b
5V9E_daf2e711245b0ddbd3c22733d49f290b_repeat_1,daf2e711245b0ddbd3c22733d49f290b,5793546,5,4,256,96930.0,CNN,EC-NAS,7,2,1,0,206.26667189598083,121162.5,469.92565065907144,daf2e711245b0ddbd3c22733d49f290b
5V9E_db1025224f65fe728a41b07b8ddcc9d7_repeat_1,db1025224f65fe728a41b07b8ddcc9d7,2277770,5,4,256,100706.4,CNN,EC-NAS,8,0,2,1,202.6622281074524,125883.0,496.9174618301592,db1025224f65fe728a41b07b8ddcc9d7
5V9E_db8e80e9539892152d83f498770fcb56_repeat_1,db8e80e9539892152d83f498770fcb56,942106,5,4,256,60227.99999999999,CNN,EC-NAS,7,0,3,0,150.2864375114441,75284.99999999999,400.75472542499864,db8e80e9539892152d83f498770fcb56
5V9E_dbbee9e11fd122b21ef2ecb865c34e81_repeat_1,dbbee9e11fd122b21ef2ecb865c34e81,23131530,5,4,256,202330.80000000002,CNN,EC-NAS,8,2,1,0,428.37034130096436,252913.50000000003,472.3268174578092,dbbee9e11fd122b21ef2ecb865c34e81
5V9E_dbfcf7b2b638d6e2cdca0f27cdd989b7_repeat_1,dbfcf7b2b638d6e2cdca0f27cdd989b7,882570,5,4,256,45601.2,CNN,EC-NAS,7,0,0,3,102.91662549972534,57001.5,443.088760232638,dbfcf7b2b638d6e2cdca0f27cdd989b7
5V9E_dc25ceb730d61377b87359f179a9e0d8_repeat_1,dc25ceb730d61377b87359f179a9e0d8,3468426,5,4,256,80060.4,CNN,EC-NAS,6,1,1,1,161.82748103141785,100075.5,494.7268504071737,dc25ceb730d61377b87359f179a9e0d8
5V9E_dc3bd71bd0a23c2681e40faa5d1d03fb_repeat_1,dc3bd71bd0a23c2681e40faa5d1d03fb,2793866,5,4,256,81684.0,CNN,EC-NAS,5,0,1,2,167.72246265411377,102105.0,487.01884474742724,dc3bd71bd0a23c2681e40faa5d1d03fb
5V9E_dc3c41f551a5326e718367cf280fa813_repeat_1,dc3c41f551a5326e718367cf280fa813,2034318,5,4,256,66898.8,CNN,EC-NAS,8,1,1,1,175.64625763893127,83623.5,380.87233340047067,dc3c41f551a5326e718367cf280fa813
5V9E_dc3d651293b54bb70035e345a1c07db6_repeat_1,dc3d651293b54bb70035e345a1c07db6,2714634,5,4,256,104932.8,CNN,EC-NAS,8,0,2,1,238.97344303131104,131166.0,439.0981636660413,dc3d651293b54bb70035e345a1c07db6
5V9E_dc66e65f6a4ea54b6a274c2835ee0be8_repeat_1,dc66e65f6a4ea54b6a274c2835ee0be8,6406538,5,4,256,120096.0,CNN,EC-NAS,7,2,0,1,235.6483976840973,150120.0,509.6406391058804,dc66e65f6a4ea54b6a274c2835ee0be8
5V9E_dc7e8dc166ecd3938aa88b5996ef4b22_repeat_1,dc7e8dc166ecd3938aa88b5996ef4b22,3667594,5,4,256,98218.8,CNN,EC-NAS,7,0,1,2,211.21963548660278,122773.5,465.00790408867937,dc7e8dc166ecd3938aa88b5996ef4b22
5V9E_dc94c412f6673b7e6d46f17314e68ea8_repeat_1,dc94c412f6673b7e6d46f17314e68ea8,5095946,5,4,256,64249.2,CNN,EC-NAS,6,2,0,1,146.9157211780548,80311.5,437.3201144493791,dc94c412f6673b7e6d46f17314e68ea8
5V9E_dc99113c00e577de05212b57b73997d2_repeat_1,dc99113c00e577de05212b57b73997d2,4541322,5,4,256,136126.8,CNN,EC-NAS,7,0,1,2,264.619181394577,170158.5,514.4252932935333,dc99113c00e577de05212b57b73997d2
5V9E_dc9aacf1fe121a6558d97f1c9aacaa2b_repeat_1,dc9aacf1fe121a6558d97f1c9aacaa2b,1734703,5,4,256,71132.4,CNN,EC-NAS,8,1,1,1,157.40570378303528,88915.5,451.9048439187909,dc9aacf1fe121a6558d97f1c9aacaa2b
5V9E_dcca6f5d5b4dc27ebe96fcc250ef3f03_repeat_1,dcca6f5d5b4dc27ebe96fcc250ef3f03,4705162,5,4,256,123822.0,CNN,EC-NAS,6,0,2,1,254.46155762672424,154777.5,486.60395367711084,dcca6f5d5b4dc27ebe96fcc250ef3f03
5V9E_dcd96ca5e258ce3c5d0ec15bf5314aef_repeat_1,dcd96ca5e258ce3c5d0ec15bf5314aef,2277770,5,4,256,74808.0,CNN,EC-NAS,6,0,2,1,196.760320186615,93510.0,380.198608789868,dcd96ca5e258ce3c5d0ec15bf5314aef
5V9E_dceed79a101fc2680f6f4c9de1ae8787_repeat_1,dceed79a101fc2680f6f4c9de1ae8787,21220234,5,4,256,174661.19999999998,CNN,EC-NAS,6,2,0,1,337.6156551837921,218326.49999999997,517.3373844436137,dceed79a101fc2680f6f4c9de1ae8787
5V9E_dcf01e86f16327b2df0a11c1927532a2_repeat_1,dcf01e86f16327b2df0a11c1927532a2,8294794,5,4,256,120135.59999999999,CNN,EC-NAS,7,3,0,0,242.60354089736938,150169.5,495.1931021106653,dcf01e86f16327b2df0a11c1927532a2
5V9E_dd113a3ebc921597fc2393ae7e7676b7_repeat_1,dd113a3ebc921597fc2393ae7e7676b7,3729162,5,4,256,74466.0,CNN,EC-NAS,6,1,2,0,175.54172253608704,93082.5,424.2068433884237,dd113a3ebc921597fc2393ae7e7676b7
5V9E_dd2841e50f1b283d738e6d553643479d_repeat_1,dd2841e50f1b283d738e6d553643479d,2193162,5,4,256,77166.0,CNN,EC-NAS,8,0,0,3,179.5697672367096,96457.5,429.72712604945053,dd2841e50f1b283d738e6d553643479d
5V9E_dd2bf9008cf1cfc640e84f82792fcc1e_repeat_1,dd2bf9008cf1cfc640e84f82792fcc1e,3905290,5,4,256,88815.59999999999,CNN,EC-NAS,8,1,1,1,199.28459763526917,111019.49999999999,445.6721746381543,dd2bf9008cf1cfc640e84f82792fcc1e
5V9E_dd37b8def981de492e058a40f6e6e14a_repeat_1,dd37b8def981de492e058a40f6e6e14a,6667274,5,4,256,111963.6,CNN,EC-NAS,7,2,1,0,251.3391683101654,139954.5,445.4681725604789,dd37b8def981de492e058a40f6e6e14a
5V9E_dd40b6db3dbdebea801d5339bdbb2273_repeat_1,dd40b6db3dbdebea801d5339bdbb2273,3659058,5,4,256,111157.20000000001,CNN,EC-NAS,8,2,1,0,237.5711362361908,138946.5,467.8901728595879,dd40b6db3dbdebea801d5339bdbb2273
5V9E_dd9313d1014b45431cdd449dc085062a_repeat_1,dd9313d1014b45431cdd449dc085062a,3541933,5,4,256,84312.0,CNN,EC-NAS,8,2,0,1,211.97026658058167,105390.0,397.75389897879063,dd9313d1014b45431cdd449dc085062a
5V9E_ddc173cb67401aa75964c1f3cf5c2ba5_repeat_1,ddc173cb67401aa75964c1f3cf5c2ba5,5532810,5,4,256,83462.4,CNN,EC-NAS,6,2,0,1,180.9228138923645,104328.0,461.3149563860634,ddc173cb67401aa75964c1f3cf5c2ba5
5V9E_ddf68fe4a072b540320dc38997be8824_repeat_1,ddf68fe4a072b540320dc38997be8824,4081418,5,4,256,93988.8,CNN,EC-NAS,8,1,0,2,192.66578125953674,117486.0,487.83338372572405,ddf68fe4a072b540320dc38997be8824
5V9E_de05b970dfda935a72fb23007c333140_repeat_1,de05b970dfda935a72fb23007c333140,7104138,5,4,256,123562.8,CNN,EC-NAS,9,2,1,0,287.7531111240387,154453.5,429.4056092645931,de05b970dfda935a72fb23007c333140
5V9E_de491bc93479e76142c8d93c65a42f04_repeat_1,de491bc93479e76142c8d93c65a42f04,3468426,5,4,256,69332.4,CNN,EC-NAS,6,1,1,1,159.4754023551941,86665.5,434.752939801828,de491bc93479e76142c8d93c65a42f04
5V9E_de4b5931b5566c583e670192f6b47284_repeat_1,de4b5931b5566c583e670192f6b47284,3207690,5,4,256,70736.4,CNN,EC-NAS,6,1,0,2,137.77155685424805,88420.5,513.4325372749746,de4b5931b5566c583e670192f6b47284
5V9E_de7f2c26234fdd46a07577ea38bd8f10_repeat_1,de7f2c26234fdd46a07577ea38bd8f10,2618136,5,4,256,96458.4,CNN,EC-NAS,8,1,1,1,201.3040816783905,120573.0,479.1676313553585,de7f2c26234fdd46a07577ea38bd8f10
5V9E_dea114f90173e88f7656aef4085ac4e4_repeat_1,dea114f90173e88f7656aef4085ac4e4,7104138,5,4,256,129790.8,CNN,EC-NAS,7,2,1,0,285.5556802749634,162238.5,454.5201127675822,dea114f90173e88f7656aef4085ac4e4
5V9E_deba30fb74ccd63de350edf798e6d0cd_repeat_1,deba30fb74ccd63de350edf798e6d0cd,5793546,5,4,256,75164.40000000001,CNN,EC-NAS,5,2,1,0,192.0346441268921,93955.50000000001,391.41062458674435,deba30fb74ccd63de350edf798e6d0cd
5V9E_deecf0e9eb36e2def93e734c932e56b4_repeat_1,deecf0e9eb36e2def93e734c932e56b4,3353144,5,4,256,100605.59999999999,CNN,EC-NAS,7,2,1,0,210.82265210151672,125756.99999999999,477.2048876017161,deecf0e9eb36e2def93e734c932e56b4
5V9E_def161d9a30748755878ad773e991533_repeat_1,def161d9a30748755878ad773e991533,22093962,5,4,256,206053.2,CNN,EC-NAS,7,2,0,1,392.72202229499817,257566.5,524.6795145224133,def161d9a30748755878ad773e991533
5V9E_def9cf6cd86a434fd1c8dd40e77a51d5_repeat_1,def9cf6cd86a434fd1c8dd40e77a51d5,3292298,5,4,256,63108.0,CNN,EC-NAS,6,1,2,0,154.61682534217834,78885.0,408.1573907647979,def9cf6cd86a434fd1c8dd40e77a51d5
5V9E_def9d5a0ef8200bdc2a268f7d80b38d2_repeat_1,def9d5a0ef8200bdc2a268f7d80b38d2,4166026,5,4,256,86886.0,CNN,EC-NAS,7,1,2,0,217.8760735988617,108607.5,398.7863309854228,def9d5a0ef8200bdc2a268f7d80b38d2
5V9E_df01bff54940d096b3133ac2670408a3_repeat_1,df01bff54940d096b3133ac2670408a3,2773430,5,4,256,82807.20000000001,CNN,EC-NAS,8,2,1,0,183.23315525054932,103509.00000000001,451.9225785681151,df01bff54940d096b3133ac2670408a3
5V9E_df0e8591f350c8614c0733748d1eb545_repeat_1,df0e8591f350c8614c0733748d1eb545,1698709,5,4,256,82288.8,CNN,EC-NAS,8,0,2,1,189.03775787353516,102861.0,435.3035125133604,df0e8591f350c8614c0733748d1eb545
5V9E_df343536075127bb6a1784e5e143f52e_repeat_1,df343536075127bb6a1784e5e143f52e,2017034,5,4,256,82314.0,CNN,EC-NAS,8,0,1,2,174.61250400543213,102892.5,471.40953890357844,df343536075127bb6a1784e5e143f52e
5V9E_df7006d7ecff405cbe7563ebb289a49f_repeat_1,df7006d7ecff405cbe7563ebb289a49f,3292298,5,4,256,59796.0,CNN,EC-NAS,6,1,2,0,147.195410490036,74745.0,406.2354919961837,df7006d7ecff405cbe7563ebb289a49f
5V9E_df88284e984b0a3c35a2fe5a23cd2803_repeat_1,df88284e984b0a3c35a2fe5a23cd2803,5793546,5,4,256,99972.0,CNN,EC-NAS,7,2,1,0,208.34820127487183,124965.0,479.8313562981419,df88284e984b0a3c35a2fe5a23cd2803
5V9E_df91200be02f6d54eec66d58fb5241a6_repeat_1,df91200be02f6d54eec66d58fb5241a6,3729162,5,4,256,91908.0,CNN,EC-NAS,7,1,2,0,191.97437930107117,114885.0,478.75138513073017,df91200be02f6d54eec66d58fb5241a6
5V9E_dfe52db72e1a7bb2c2c64169d779dbda_repeat_1,dfe52db72e1a7bb2c2c64169d779dbda,5532810,5,4,256,72810.0,CNN,EC-NAS,6,2,0,1,180.68150734901428,91012.5,402.9742781554076,dfe52db72e1a7bb2c2c64169d779dbda
5V9E_e009e5e7eea3fbae9431c986e95084db_repeat_1,e009e5e7eea3fbae9431c986e95084db,1746217,5,4,256,55994.4,CNN,EC-NAS,7,1,1,1,145.98984718322754,69993.0,383.5499596744086,e009e5e7eea3fbae9431c986e95084db
5V9E_e00c3f96ac65870a9b59c90189207b29_repeat_1,e00c3f96ac65870a9b59c90189207b29,3831434,5,4,256,96480.0,CNN,EC-NAS,5,0,2,1,203.63594388961792,120600.0,473.7866908815349,e00c3f96ac65870a9b59c90189207b29
5V9E_e03687f460a3ae2e1c3f56caffe31ce8_repeat_1,e03687f460a3ae2e1c3f56caffe31ce8,3075240,5,4,256,91515.59999999999,CNN,EC-NAS,7,2,1,0,215.59357023239136,114394.49999999999,424.48204694302353,e03687f460a3ae2e1c3f56caffe31ce8
5V9E_e03a0963ea0ebef7d0ffb31fdf9f3138_repeat_1,e03a0963ea0ebef7d0ffb31fdf9f3138,4342154,5,4,256,98913.6,CNN,EC-NAS,8,1,1,1,215.72624111175537,123642.0,458.51445559077143,e03a0963ea0ebef7d0ffb31fdf9f3138
5V9E_e03d88a400089345dacca1dae98d17eb_repeat_1,e03d88a400089345dacca1dae98d17eb,1580170,5,4,256,58932.0,CNN,EC-NAS,7,0,1,2,152.74816942214966,73665.0,385.8114975972629,e03d88a400089345dacca1dae98d17eb
5V9E_e04f46dc485ba3431922bb6ea6dac5cd_repeat_1,e04f46dc485ba3431922bb6ea6dac5cd,6230410,5,4,256,109584.0,CNN,EC-NAS,8,2,1,0,245.49630689620972,136980.0,446.3773870387779,e04f46dc485ba3431922bb6ea6dac5cd
5V9E_e082a7497736de1e796c5383eb9d88f1_repeat_1,e082a7497736de1e796c5383eb9d88f1,1404042,5,4,256,68616.0,CNN,EC-NAS,7,0,2,1,152.0229468345642,85770.0,451.3529136799981,e082a7497736de1e796c5383eb9d88f1
5V9E_e086b435c4c448c85305e39d3f9d38fb_repeat_1,e086b435c4c448c85305e39d3f9d38fb,5356682,5,4,256,66549.59999999999,CNN,EC-NAS,6,2,1,0,158.41551160812378,83186.99999999999,420.095225047313,e086b435c4c448c85305e39d3f9d38fb
5V9E_e09c915a4a4798c2bb9bc2d2222887de_repeat_1,e09c915a4a4798c2bb9bc2d2222887de,882570,4,4,256,40986.0,CNN,EC-NAS,5,0,0,2,93.26136875152588,51232.5,439.4745707539212,e09c915a4a4798c2bb9bc2d2222887de
5V9E_e0abcaacb07a8ae78c27c1d1f2a03acc_repeat_1,e0abcaacb07a8ae78c27c1d1f2a03acc,1664778,5,4,256,74599.2,CNN,EC-NAS,7,0,3,0,176.361567735672,93249.0,422.9901160314481,e0abcaacb07a8ae78c27c1d1f2a03acc
5V9E_e0bf104933efca06b94adce403b3c5c6_repeat_1,e0bf104933efca06b94adce403b3c5c6,6230410,5,4,256,104720.4,CNN,EC-NAS,6,2,1,0,220.0700180530548,130900.5,475.85037219724245,e0bf104933efca06b94adce403b3c5c6
5V9E_e0bf6b1b1abe2ab921eef2e3240f6bfa_repeat_1,e0bf6b1b1abe2ab921eef2e3240f6bfa,1116567,5,4,256,78336.0,CNN,EC-NAS,8,0,2,1,171.96378469467163,97920.0,455.53777581185835,e0bf6b1b1abe2ab921eef2e3240f6bfa
5V9E_e0c9fd3cf18a7cb7d355d548618e9d38_repeat_1,e0c9fd3cf18a7cb7d355d548618e9d38,1319434,5,4,256,49240.799999999996,CNN,EC-NAS,6,0,0,3,120.7609760761261,61550.99999999999,407.7542398213083,e0c9fd3cf18a7cb7d355d548618e9d38
5V9E_e0d8aff66796e44910806b5195249979_repeat_1,e0d8aff66796e44910806b5195249979,4869002,5,4,256,124851.59999999999,CNN,EC-NAS,6,0,3,0,254.0152189731598,156064.5,491.5122822353108,e0d8aff66796e44910806b5195249979
5V9E_e0fbc1268de1a96c4d069ff9ebbe7fbe_repeat_1,e0fbc1268de1a96c4d069ff9ebbe7fbe,11925130,5,4,256,133801.19999999998,CNN,EC-NAS,6,1,0,2,260.34632873535156,167251.49999999997,513.935420752609,e0fbc1268de1a96c4d069ff9ebbe7fbe
5V9E_e0fd7bfa848e091d9d6e23f7ea8b0929_repeat_1,e0fd7bfa848e091d9d6e23f7ea8b0929,1404042,5,4,256,55141.200000000004,CNN,EC-NAS,6,0,2,1,139.19335889816284,68926.5,396.1482102055071,e0fd7bfa848e091d9d6e23f7ea8b0929
5V9E_e10d317d066bdb1010685d7dd4a975d3_repeat_1,e10d317d066bdb1010685d7dd4a975d3,2793866,5,4,256,76291.2,CNN,EC-NAS,6,0,1,2,171.0043077468872,95364.0,446.13612958173405,e10d317d066bdb1010685d7dd4a975d3
5V9E_e11da5142620d12855233a4a82e6bc07_repeat_1,e11da5142620d12855233a4a82e6bc07,1116567,5,4,256,73911.6,CNN,EC-NAS,7,0,2,1,167.30383849143982,92389.5,441.78065886863516,e11da5142620d12855233a4a82e6bc07
5V9E_e16150e9c326e5ff63f32ce3fae5290c_repeat_1,e16150e9c326e5ff63f32ce3fae5290c,824848,5,4,256,60055.2,CNN,EC-NAS,8,0,2,1,145.7203390598297,75069.0,412.12640862263294,e16150e9c326e5ff63f32ce3fae5290c
5V9E_e1a2327fe97a7d213320bee67a8b5c47_repeat_1,e1a2327fe97a7d213320bee67a8b5c47,882570,5,4,256,46652.4,CNN,EC-NAS,6,0,0,3,99.7130115032196,58315.5,467.86672367721695,e1a2327fe97a7d213320bee67a8b5c47
5V9E_e1a25b2bebea5b9954184fbb23e7841c_repeat_1,e1a25b2bebea5b9954184fbb23e7841c,1143306,5,4,256,51544.8,CNN,EC-NAS,6,0,1,2,129.82969212532043,64431.0,397.01857992735177,e1a25b2bebea5b9954184fbb23e7841c
5V9E_e1aeb470572477cf15b1bd3644d59370_repeat_1,e1aeb470572477cf15b1bd3644d59370,5532810,5,4,256,83703.6,CNN,EC-NAS,6,2,0,1,180.15425205230713,104629.5,464.62183959830696,e1aeb470572477cf15b1bd3644d59370
5V9E_e1b9949dbe4313167d64c75917356bcf_repeat_1,e1b9949dbe4313167d64c75917356bcf,20510346,5,4,256,144453.6,CNN,EC-NAS,5,2,1,0,285.3695538043976,180567.0,506.1983595454392,e1b9949dbe4313167d64c75917356bcf
5V9E_e1f19266715d98e5a401ade28cca20c2_repeat_1,e1f19266715d98e5a401ade28cca20c2,3905290,5,4,256,75837.6,CNN,EC-NAS,7,1,1,1,186.06915664672852,94797.0,407.5774909002544,e1f19266715d98e5a401ade28cca20c2
5V9E_e209a8b91e3c1759ccdfdced0b2f2abd_repeat_1,e209a8b91e3c1759ccdfdced0b2f2abd,6230410,5,4,256,93290.4,CNN,EC-NAS,7,2,1,0,215.13956880569458,116613.0,433.6273448807371,e209a8b91e3c1759ccdfdced0b2f2abd
5V9E_e22dec2e50c6704a94c23d9b329e6422_repeat_1,e22dec2e50c6704a94c23d9b329e6422,5039754,5,4,256,121575.6,CNN,EC-NAS,9,1,2,0,278.4525661468506,151969.5,436.61152663209197,e22dec2e50c6704a94c23d9b329e6422
5V9E_e23d568e9b36a088df07fd312fb37282_repeat_1,e23d568e9b36a088df07fd312fb37282,4518282,5,4,256,99532.8,CNN,EC-NAS,8,1,0,2,221.85475397109985,124416.0,448.6394734320895,e23d568e9b36a088df07fd312fb37282
5V9E_e2549b073f0cceff8635170ef31993c0_repeat_1,e2549b073f0cceff8635170ef31993c0,1232016,5,4,256,78440.4,CNN,EC-NAS,8,0,3,0,194.65431785583496,98050.5,402.9728231258378,e2549b073f0cceff8635170ef31993c0
5V9E_e263a61fbdfebd1172ecfc41ff5bc236_repeat_1,e263a61fbdfebd1172ecfc41ff5bc236,6843402,5,4,256,110239.2,CNN,EC-NAS,8,2,0,1,255.39057159423828,137799.0,431.6494509247069,e263a61fbdfebd1172ecfc41ff5bc236
5V9E_e29eb3c4908e520f32576f050ee2ba56_repeat_1,e29eb3c4908e520f32576f050ee2ba56,2277770,5,4,256,85338.0,CNN,EC-NAS,7,0,2,1,197.5496859550476,106672.5,431.9824634872801,e29eb3c4908e520f32576f050ee2ba56
5V9E_e2bef536a6fa29437601550bc6287a6f_repeat_1,e2bef536a6fa29437601550bc6287a6f,3938744,5,4,256,124225.20000000001,CNN,EC-NAS,9,2,1,0,275.0642464160919,155281.5,451.62249044931684,e2bef536a6fa29437601550bc6287a6f
5V9E_e2cb2841b5e76b07a027a1072f67ac17_repeat_1,e2cb2841b5e76b07a027a1072f67ac17,3207690,5,4,256,57520.799999999996,CNN,EC-NAS,7,1,0,2,146.2489287853241,71901.0,393.30749618298836,e2cb2841b5e76b07a027a1072f67ac17
5V9E_e2de4287699eeeccb3f1c39b6cb5005e_repeat_1,e2de4287699eeeccb3f1c39b6cb5005e,6406538,5,4,256,103723.2,CNN,EC-NAS,8,2,0,1,226.6330008506775,129654.0,457.67032872825297,e2de4287699eeeccb3f1c39b6cb5005e
5V9E_e2e2ef179b37ac9404de958914809fb8_repeat_1,e2e2ef179b37ac9404de958914809fb8,3729162,5,4,256,85240.8,CNN,EC-NAS,7,1,2,0,187.23044681549072,106551.0,455.2721069132625,e2e2ef179b37ac9404de958914809fb8
5V9E_e2f458998ebf3547163dc7feab665b7d_repeat_1,e2f458998ebf3547163dc7feab665b7d,5532810,5,4,256,85870.8,CNN,EC-NAS,6,2,0,1,177.31696343421936,107338.5,484.2785390460183,e2f458998ebf3547163dc7feab665b7d
5V9E_e3f654efcc95e22861bcd3c6308e692e_repeat_1,e3f654efcc95e22861bcd3c6308e692e,3527472,5,4,256,102402.0,CNN,EC-NAS,9,2,0,1,214.12657070159912,128002.5,478.2311679698294,e3f654efcc95e22861bcd3c6308e692e
5V9E_e3ffd83ed3a2e2e6ea028113dc25ed94_repeat_1,e3ffd83ed3a2e2e6ea028113dc25ed94,1404042,5,4,256,59954.399999999994,CNN,EC-NAS,6,0,2,1,141.13077449798584,74943.0,424.8145042302991,e3ffd83ed3a2e2e6ea028113dc25ed94
5V9E_e406889599e3ff4524e193c7f115427d_repeat_1,e406889599e3ff4524e193c7f115427d,3905290,5,4,256,90219.6,CNN,EC-NAS,6,1,1,1,195.75610375404358,112774.5,460.8775832265021,e406889599e3ff4524e193c7f115427d
5V9E_e40abc8628d4a8ab993b32a8d02ff057_repeat_1,e40abc8628d4a8ab993b32a8d02ff057,2630026,5,4,256,85867.20000000001,CNN,EC-NAS,6,0,0,3,181.78045558929443,107334.00000000001,472.3676135678965,e40abc8628d4a8ab993b32a8d02ff057
5V9E_e41b30a0f4b1e15990b09891a4cb0be0_repeat_1,e41b30a0f4b1e15990b09891a4cb0be0,2714634,5,4,256,90874.8,CNN,EC-NAS,8,0,2,1,217.85578060150146,113593.5,417.1328378301186,e41b30a0f4b1e15990b09891a4cb0be0
5V9E_e42a72784bb41816d0e3a430233a9e13_repeat_1,e42a72784bb41816d0e3a430233a9e13,1319434,5,4,256,60087.600000000006,CNN,EC-NAS,7,0,0,3,132.8809781074524,75109.5,452.19113266468423,e42a72784bb41816d0e3a430233a9e13
5V9E_e42ac6beea6648b13ed5c287191fab26_repeat_1,e42ac6beea6648b13ed5c287191fab26,1580170,5,4,256,63115.2,CNN,EC-NAS,6,0,1,2,137.63763570785522,78894.0,458.5606231566349,e42ac6beea6648b13ed5c287191fab26
5V9E_e44c43cec55719df8a498edd23d84bb3_repeat_1,e44c43cec55719df8a498edd23d84bb3,1840906,5,4,256,74736.0,CNN,EC-NAS,6,0,2,1,160.52867937088013,93420.0,465.5616696835363,e44c43cec55719df8a498edd23d84bb3
5V9E_e4503db7118052f64d62d719e54176b1_repeat_1,e4503db7118052f64d62d719e54176b1,3934640,5,4,256,117259.19999999998,CNN,EC-NAS,8,2,1,0,266.27461433410645,146573.99999999997,440.36942948256313,e4503db7118052f64d62d719e54176b1
5V9E_e453762620909592021a6afbfdaed8b9_repeat_1,e453762620909592021a6afbfdaed8b9,2447912,5,4,256,75474.0,CNN,EC-NAS,7,1,2,0,185.45063090324402,94342.5,406.97623746223536,e453762620909592021a6afbfdaed8b9
5V9E_e4658b1cc531ce06335380de59a04fc0_repeat_1,e4658b1cc531ce06335380de59a04fc0,3831434,5,4,256,105292.8,CNN,EC-NAS,5,0,2,1,207.5216944217682,131616.0,507.38213319520395,e4658b1cc531ce06335380de59a04fc0
5V9E_e4771d954782bd49980c39e8960492fa_repeat_1,e4771d954782bd49980c39e8960492fa,20346506,5,4,256,151203.59999999998,CNN,EC-NAS,5,2,0,1,292.1280794143677,189004.49999999997,517.5935168680788,e4771d954782bd49980c39e8960492fa
5V9E_e4886d063a614eb6e6840f106303b254_repeat_1,e4886d063a614eb6e6840f106303b254,2957706,5,4,256,68918.40000000001,CNN,EC-NAS,5,0,2,1,167.40162777900696,86148.00000000001,411.6949214554934,e4886d063a614eb6e6840f106303b254
5V9E_e4ae03390b962416037cb82391d2724b_repeat_1,e4ae03390b962416037cb82391d2724b,3905290,5,4,256,91663.2,CNN,EC-NAS,7,1,1,1,196.3785355091095,114579.0,466.76791718791475,e4ae03390b962416037cb82391d2724b
5V9E_e4c6dbcf55cae25268c414a0bdc621ec_repeat_1,e4c6dbcf55cae25268c414a0bdc621ec,882570,4,4,256,35312.4,CNN,EC-NAS,3,0,0,2,72.92921304702759,44140.5,484.2010289790073,e4c6dbcf55cae25268c414a0bdc621ec
5V9E_e54049b2e95057a25b6aa1372fb61be3_repeat_1,e54049b2e95057a25b6aa1372fb61be3,2959791,5,4,256,86148.0,CNN,EC-NAS,8,2,0,1,191.54441118240356,107685.0,449.75470423912884,e54049b2e95057a25b6aa1372fb61be3
5V9E_e54690806ee1efa48ea8a0072afc641c_repeat_1,e54690806ee1efa48ea8a0072afc641c,5095946,5,4,256,69624.0,CNN,EC-NAS,6,2,0,1,146.11592364311218,87030.0,476.49837378475235,e54690806ee1efa48ea8a0072afc641c
5V9E_e546c7cb2de322ecbdbb6b08df81ee2f_repeat_1,e546c7cb2de322ecbdbb6b08df81ee2f,3833519,5,4,256,100166.40000000001,CNN,EC-NAS,9,2,0,1,244.927006483078,125208.00000000001,408.9642928246073,e546c7cb2de322ecbdbb6b08df81ee2f
5V9E_e552b148c8add84a913d1f685e89e451_repeat_1,e552b148c8add84a913d1f685e89e451,2277770,5,4,256,94370.40000000001,CNN,EC-NAS,8,0,2,1,204.43201637268066,117963.00000000001,461.6224096129946,e552b148c8add84a913d1f685e89e451
5V9E_e55ef639bf391d66b8eb4eae07811f14_repeat_1,e55ef639bf391d66b8eb4eae07811f14,1580170,5,4,256,75513.6,CNN,EC-NAS,7,0,1,2,161.01567006111145,94392.0,468.98292552109854,e55ef639bf391d66b8eb4eae07811f14
5V9E_e563c7b9f48ee3387cd25ad37efe86f3_repeat_1,e563c7b9f48ee3387cd25ad37efe86f3,2155680,5,4,256,71859.59999999999,CNN,EC-NAS,9,1,2,0,193.84119415283203,89824.49999999999,370.7137706928438,e563c7b9f48ee3387cd25ad37efe86f3
5V9E_e56e80228d8f7272d9429d94dde7486f_repeat_1,e56e80228d8f7272d9429d94dde7486f,7104138,5,4,256,129960.0,CNN,EC-NAS,8,2,1,0,293.35423159599304,162450.0,443.01389242947994,e56e80228d8f7272d9429d94dde7486f
5V9E_e5790ec4debc70e142412cb93b0b1059_repeat_1,e5790ec4debc70e142412cb93b0b1059,1840906,5,4,256,82166.40000000001,CNN,EC-NAS,7,0,2,1,180.0400152206421,102708.00000000001,456.37854395481855,e5790ec4debc70e142412cb93b0b1059
5V9E_e5a8038201ff317594fa62c45ecd2d05_repeat_1,e5a8038201ff317594fa62c45ecd2d05,12088970,4,4,256,125153.99999999999,CNN,EC-NAS,4,1,1,0,239.45451998710632,156442.49999999997,522.6629257478164,e5a8038201ff317594fa62c45ecd2d05
5V9E_e5bc2206a2c7197eb4971f2441ab613c_repeat_1,e5bc2206a2c7197eb4971f2441ab613c,826657,5,4,256,66168.0,CNN,EC-NAS,7,0,2,1,140.5959701538086,82710.0,470.6251532502234,e5bc2206a2c7197eb4971f2441ab613c
5V9E_e5e6fc9315ad8a73344f723dbede3ecd_repeat_1,e5e6fc9315ad8a73344f723dbede3ecd,1580170,4,4,256,60969.6,CNN,EC-NAS,5,0,1,1,129.58016204833984,76212.0,470.516466689209,e5e6fc9315ad8a73344f723dbede3ecd
5V9E_e5eddf7bb00a16bdcab947212a18d398_repeat_1,e5eddf7bb00a16bdcab947212a18d398,2959791,5,4,256,86364.0,CNN,EC-NAS,8,2,0,1,193.2363519668579,107955.0,446.9345395984931,e5eddf7bb00a16bdcab947212a18d398
5V9E_e5ffee75aba0e92d66b29839039ed21e_repeat_1,e5ffee75aba0e92d66b29839039ed21e,6406538,5,4,256,107838.0,CNN,EC-NAS,8,2,0,1,234.47889256477356,134797.5,459.9049356658417,e5ffee75aba0e92d66b29839039ed21e
5V9E_e67378a54a25f33ee0ebd4758b268749_repeat_1,e67378a54a25f33ee0ebd4758b268749,12088970,5,4,256,109134.0,CNN,EC-NAS,5,1,1,1,238.4136610031128,136417.5,457.7506152156907,e67378a54a25f33ee0ebd4758b268749
5V9E_e6a21c47208f1f9f3f954887665520a8_repeat_1,e6a21c47208f1f9f3f954887665520a8,2619945,5,4,256,87451.2,CNN,EC-NAS,8,1,1,1,199.73039031028748,109314.0,437.8462379417664,e6a21c47208f1f9f3f954887665520a8
5V9E_e6a2db43b9ca1d9e50fa1a91fd690604_repeat_1,e6a2db43b9ca1d9e50fa1a91fd690604,4166026,5,4,256,97840.8,CNN,EC-NAS,8,1,2,0,221.80730199813843,122301.0,441.10720935968624,e6a2db43b9ca1d9e50fa1a91fd690604
5V9E_e6b44aa0f4da28675e012a2625a35038_repeat_1,e6b44aa0f4da28675e012a2625a35038,13126538,5,4,256,147754.80000000002,CNN,EC-NAS,6,1,2,0,292.729651927948,184693.50000000003,504.7483199152238,e6b44aa0f4da28675e012a2625a35038
5V9E_e6d6d76f8d57018cc8d101d170c47d6d_repeat_1,e6d6d76f8d57018cc8d101d170c47d6d,1570080,5,4,256,60555.6,CNN,EC-NAS,6,1,2,0,141.46490788459778,75694.5,428.0609297777169,e6d6d76f8d57018cc8d101d170c47d6d
5V9E_e6ddd6587e85c844fab504168224aae4_repeat_1,e6ddd6587e85c844fab504168224aae4,3031562,5,4,256,60120.0,CNN,EC-NAS,5,1,1,1,124.01374387741089,75150.0,484.78497721534285,e6ddd6587e85c844fab504168224aae4
5V9E_e6f65bd9450c26fbd6ca371f663a3f62_repeat_1,e6f65bd9450c26fbd6ca371f663a3f62,7104138,5,4,256,137365.2,CNN,EC-NAS,9,2,1,0,298.5326645374298,171706.5,460.13457258636856,e6f65bd9450c26fbd6ca371f663a3f62
5V9E_e711697fe7bdfa946d1bc699ca63c915_repeat_1,e711697fe7bdfa946d1bc699ca63c915,882570,5,4,256,42645.600000000006,CNN,EC-NAS,6,0,0,3,100.42410802841187,53307.00000000001,424.6550040348356,e711697fe7bdfa946d1bc699ca63c915
5V9E_e72c855fe0fbfff6d390d0a148f6a09e_repeat_1,e72c855fe0fbfff6d390d0a148f6a09e,3532095,5,4,256,81946.79999999999,CNN,EC-NAS,8,2,0,1,197.51284384727478,102433.49999999999,414.89352491610464,e72c855fe0fbfff6d390d0a148f6a09e
5V9E_e73040bb4bdf6d93257da5b470144562_repeat_1,e73040bb4bdf6d93257da5b470144562,8731658,5,4,256,127749.59999999999,CNN,EC-NAS,8,3,0,0,267.88011860847473,159687.0,476.8909341372767,e73040bb4bdf6d93257da5b470144562
5V9E_e7460dcb4d3904703d373c4b8e471b35_repeat_1,e7460dcb4d3904703d373c4b8e471b35,3468426,5,4,256,78519.6,CNN,EC-NAS,6,1,1,1,162.12064337730408,98149.5,484.32820376403885,e7460dcb4d3904703d373c4b8e471b35
5V9E_e749c0ad86ac111d12eeea8f53c2f46d_repeat_1,e749c0ad86ac111d12eeea8f53c2f46d,1337373,5,4,256,47649.6,CNN,EC-NAS,7,1,0,2,97.81882572174072,59562.0,487.1209570184979,e749c0ad86ac111d12eeea8f53c2f46d
5V9E_e773a7a186b03b0957d57fed0f4d014a_repeat_1,e773a7a186b03b0957d57fed0f4d014a,445706,4,4,256,32288.399999999998,CNN,EC-NAS,4,0,0,2,67.54785704612732,40360.5,478.00776237728434,e773a7a186b03b0957d57fed0f4d014a
5V9E_e7756aaacad8b35dd5516908e10850f0_repeat_1,e7756aaacad8b35dd5516908e10850f0,2770826,5,4,256,47163.6,CNN,EC-NAS,5,1,0,2,101.46126008033752,58954.5,464.8434285426342,e7756aaacad8b35dd5516908e10850f0
5V9E_e79152669512efd378b0763d3484fc41_repeat_1,e79152669512efd378b0763d3484fc41,1732508,5,4,256,64645.200000000004,CNN,EC-NAS,6,1,1,1,147.8950924873352,80806.5,437.1017246940483,e79152669512efd378b0763d3484fc41
5V9E_e799720d2f43df821689b61db99f8507_repeat_1,e799720d2f43df821689b61db99f8507,1907355,5,4,256,66045.6,CNN,EC-NAS,7,1,0,2,155.1048069000244,82557.0,425.8127218621334,e799720d2f43df821689b61db99f8507
5V9E_e7a43a659c284137396f8957a7fad84a_repeat_1,e7a43a659c284137396f8957a7fad84a,5793546,5,4,256,83106.0,CNN,EC-NAS,6,2,1,0,201.79151821136475,103882.5,411.84089765830174,e7a43a659c284137396f8957a7fad84a
5V9E_e7b38f1a037d0ed8baa609fef2a60e70_repeat_1,e7b38f1a037d0ed8baa609fef2a60e70,3543609,5,4,256,99356.4,CNN,EC-NAS,8,2,0,1,208.4936397075653,124195.5,476.5440333784666,e7b38f1a037d0ed8baa609fef2a60e70
5V9E_e7cc87a6864e0e56bcecada83c2fd80c_repeat_1,e7cc87a6864e0e56bcecada83c2fd80c,1756298,5,4,256,80431.2,CNN,EC-NAS,9,0,0,3,173.26034688949585,100539.0,464.2216262633851,e7cc87a6864e0e56bcecada83c2fd80c
5V9E_e7d8fef4ecd32170b1e7fbf918e55a95_repeat_1,e7d8fef4ecd32170b1e7fbf918e55a95,19472778,5,4,256,130028.4,CNN,EC-NAS,5,2,0,1,244.79761171340942,162535.5,531.1669468092174,e7d8fef4ecd32170b1e7fbf918e55a95
5V9E_e7f31293566724324d3ccc875f097f01_repeat_1,e7f31293566724324d3ccc875f097f01,2770826,4,4,256,47199.6,CNN,EC-NAS,4,1,0,1,99.92425727844238,58999.5,472.35377360350736,e7f31293566724324d3ccc875f097f01
5V9E_e7fb0fbb29caf4999a7aea868ed13da7_repeat_1,e7fb0fbb29caf4999a7aea868ed13da7,1143306,5,4,256,55260.0,CNN,EC-NAS,6,0,1,2,121.46106553077698,69075.0,454.96060617052376,e7fb0fbb29caf4999a7aea868ed13da7
5V9E_e83266b45dcf4408d6c0788f18075426_repeat_1,e83266b45dcf4408d6c0788f18075426,4858304,5,4,256,123303.59999999999,CNN,EC-NAS,8,3,0,0,279.04494857788086,154129.5,441.877198022763,e83266b45dcf4408d6c0788f18075426
5V9E_e833ee7d095f08dab909f662e32a5296_repeat_1,e833ee7d095f08dab909f662e32a5296,23131530,5,4,256,225334.8,CNN,EC-NAS,8,2,1,0,435.7450695037842,281668.5,517.1253004804065,e833ee7d095f08dab909f662e32a5296
5V9E_e8470b6fb1c23503b77c3fd214ecceda_repeat_1,e8470b6fb1c23503b77c3fd214ecceda,3252023,5,4,256,67917.6,CNN,EC-NAS,7,2,0,1,167.95602440834045,84897.0,404.3772781551223,e8470b6fb1c23503b77c3fd214ecceda
5V9E_e87534ad56e386e5a177ca8ae7e895aa_repeat_1,e87534ad56e386e5a177ca8ae7e895aa,4342154,5,4,256,103068.0,CNN,EC-NAS,8,1,1,1,217.9363374710083,128835.0,472.92709970273296,e87534ad56e386e5a177ca8ae7e895aa
5V9E_e87a860b81f20611d1f365bd824d1597_repeat_1,e87a860b81f20611d1f365bd824d1597,12962698,5,4,256,145710.0,CNN,EC-NAS,6,1,1,1,295.2293589115143,182137.5,493.54847545386565,e87a860b81f20611d1f365bd824d1597
5V9E_e8a44a9b0ecb40b29c347fc777dcbcca_repeat_1,e8a44a9b0ecb40b29c347fc777dcbcca,1319434,5,4,256,55893.6,CNN,EC-NAS,7,0,0,3,117.06329011917114,69867.0,477.4647965480893,e8a44a9b0ecb40b29c347fc777dcbcca
5V9E_e8b3445242f5f63bf1c7f721fda534f2_repeat_1,e8b3445242f5f63bf1c7f721fda534f2,13126538,5,4,256,144727.2,CNN,EC-NAS,5,1,2,0,286.6160111427307,180909.0,504.9515532051973,e8b3445242f5f63bf1c7f721fda534f2
5V9E_e8ed0b29657e17d8c7aa54136a3b96ec_repeat_1,e8ed0b29657e17d8c7aa54136a3b96ec,3031562,5,4,256,57754.8,CNN,EC-NAS,6,1,1,1,126.00528001785278,72193.5,458.3522213657804,e8ed0b29657e17d8c7aa54136a3b96ec
5V9E_e92eabf6188fc9bc4985d9b943ebde02_repeat_1,e92eabf6188fc9bc4985d9b943ebde02,6667274,5,4,256,120106.79999999999,CNN,EC-NAS,7,2,1,0,258.24438858032227,150133.5,465.08967981948206,e92eabf6188fc9bc4985d9b943ebde02
5V9E_e9498742d82f8b485a8a4f7214867403_repeat_1,e9498742d82f8b485a8a4f7214867403,2491173,5,4,256,85374.0,CNN,EC-NAS,9,1,0,2,186.62997436523438,106717.5,457.45063348143265,e9498742d82f8b485a8a4f7214867403
5V9E_e991bd73ec9e1cb4597427806187879b_repeat_1,e991bd73ec9e1cb4597427806187879b,4869002,5,4,256,99385.2,CNN,EC-NAS,5,0,3,0,232.69137573242188,124231.5,427.1116610453399,e991bd73ec9e1cb4597427806187879b
5V9E_e99b8dac60a8802fac7d0bac009dffe7_repeat_1,e99b8dac60a8802fac7d0bac009dffe7,2277770,5,4,256,87865.20000000001,CNN,EC-NAS,7,0,2,1,195.9141309261322,109831.50000000001,448.4883228414435,e99b8dac60a8802fac7d0bac009dffe7
5V9E_e9a6e16494592a3f845c784ea73889d3_repeat_1,e9a6e16494592a3f845c784ea73889d3,3029408,5,4,256,112755.6,CNN,EC-NAS,9,1,2,0,257.69182324409485,140944.5,437.55986736604325,e9a6e16494592a3f845c784ea73889d3
5V9E_e9b600e3ab2383eafcc84ec0d3602933_repeat_1,e9b600e3ab2383eafcc84ec0d3602933,3029408,5,4,256,116420.4,CNN,EC-NAS,7,1,2,0,253.30874180793762,145525.5,459.5988246164502,e9b600e3ab2383eafcc84ec0d3602933
5V9E_e9c3354da8d7c789789485d56131d8c7_repeat_1,e9c3354da8d7c789789485d56131d8c7,707723,5,4,256,48171.6,CNN,EC-NAS,6,0,1,2,111.15278792381287,60214.5,433.3818422351954,e9c3354da8d7c789789485d56131d8c7
5V9E_e9e7fa29e6bf9c6b8b64ea447023123d_repeat_1,e9e7fa29e6bf9c6b8b64ea447023123d,3468426,5,4,256,75679.2,CNN,EC-NAS,6,1,1,1,159.39922404289246,94599.0,474.7777189908755,e9e7fa29e6bf9c6b8b64ea447023123d
5V9E_e9e91e247623ba40cf2634cdea34888b_repeat_1,e9e91e247623ba40cf2634cdea34888b,2277770,5,4,256,89247.6,CNN,EC-NAS,7,0,2,1,200.42994832992554,111559.5,445.2807614014374,e9e91e247623ba40cf2634cdea34888b
5V9E_e9f1cbec20cf9b95e0bd17f8ff876d69_repeat_1,e9f1cbec20cf9b95e0bd17f8ff876d69,3075240,5,4,256,106189.2,CNN,EC-NAS,8,2,1,0,224.1500015258789,132736.5,473.74168760708255,e9f1cbec20cf9b95e0bd17f8ff876d69
5V9E_ea1463fe3476d8068cc377b48e28e271_repeat_1,ea1463fe3476d8068cc377b48e28e271,1696900,5,4,256,67766.40000000001,CNN,EC-NAS,8,0,2,1,176.01886081695557,84708.00000000001,384.99510612371944,ea1463fe3476d8068cc377b48e28e271
5V9E_ea1bac63640c0650c031d2ef64f4b236_repeat_1,ea1bac63640c0650c031d2ef64f4b236,1864094,5,4,256,69166.8,CNN,EC-NAS,8,1,2,0,174.682852268219,86458.5,395.9564382072086,ea1bac63640c0650c031d2ef64f4b236
5V9E_ea2132b5e152c9e28e5b63de09c096d1_repeat_1,ea2132b5e152c9e28e5b63de09c096d1,2017034,5,4,256,86072.4,CNN,EC-NAS,7,0,1,2,173.38755440711975,107590.5,496.4162525638901,ea2132b5e152c9e28e5b63de09c096d1
5V9E_ea6b75332453027923e1ead143a167f3_repeat_1,ea6b75332453027923e1ead143a167f3,22257802,5,4,256,190004.4,CNN,EC-NAS,6,2,1,0,380.5135827064514,237505.5,499.3367086887397,ea6b75332453027923e1ead143a167f3
5V9E_ea82d6ddbb42775964f1716fe757f0f4_repeat_1,ea82d6ddbb42775964f1716fe757f0f4,4342154,5,4,256,103183.2,CNN,EC-NAS,8,1,1,1,214.8422873020172,128979.0,480.2741643452573,ea82d6ddbb42775964f1716fe757f0f4
5V9E_ea8c14742d27cfe9920ecd49d4fa68fd_repeat_1,ea8c14742d27cfe9920ecd49d4fa68fd,1697419,5,4,256,83905.20000000001,CNN,EC-NAS,8,0,2,1,186.23138999938965,104881.50000000001,450.5427361105719,ea8c14742d27cfe9920ecd49d4fa68fd
5V9E_ea9270f536a1f1094f446246dad4fe89_repeat_1,ea9270f536a1f1094f446246dad4fe89,21220234,4,4,256,160797.59999999998,CNN,EC-NAS,5,2,0,0,331.01502442359924,200996.99999999997,485.7713038252536,ea9270f536a1f1094f446246dad4fe89
5V9E_eaade98cd49cde43cb221c11db3285de_repeat_1,eaade98cd49cde43cb221c11db3285de,3729162,5,4,256,91054.8,CNN,EC-NAS,7,1,2,0,197.96106696128845,113818.5,459.96317052486836,eaade98cd49cde43cb221c11db3285de
5V9E_eab1d349bb6cc7b87e2067e1047628bd_repeat_1,eab1d349bb6cc7b87e2067e1047628bd,1849766,5,4,256,66657.6,CNN,EC-NAS,8,1,2,0,174.31264901161194,83322.0,382.40254151355117,eab1d349bb6cc7b87e2067e1047628bd
5V9E_eaf968bafbd6ed3827a637743f1024b6_repeat_1,eaf968bafbd6ed3827a637743f1024b6,6230410,5,4,256,104104.8,CNN,EC-NAS,7,2,1,0,235.82825875282288,130131.0,441.44327974330963,eaf968bafbd6ed3827a637743f1024b6
5V9E_eb1c577f52c4bcbff339c7a4708c2882_repeat_1,eb1c577f52c4bcbff339c7a4708c2882,4705162,5,4,256,131691.6,CNN,EC-NAS,6,0,2,1,256.53001642227173,164614.5,513.3574691829577,eb1c577f52c4bcbff339c7a4708c2882
5V9E_eb3c80158b68a720a7c7bdbde1f27548_repeat_1,eb3c80158b68a720a7c7bdbde1f27548,3934640,5,4,256,121442.4,CNN,EC-NAS,9,2,1,0,269.5168080329895,151803.0,450.59304793018754,eb3c80158b68a720a7c7bdbde1f27548
5V9E_eb53b52ec1e7809ec5f8c9b7c8daa040_repeat_1,eb53b52ec1e7809ec5f8c9b7c8daa040,11925130,5,4,256,135144.0,CNN,EC-NAS,7,1,0,2,262.91249799728394,168930.0,514.0265336545398,eb53b52ec1e7809ec5f8c9b7c8daa040
5V9E_eb609c4aba07b9423b8bda37ea2e0b74_repeat_1,eb609c4aba07b9423b8bda37ea2e0b74,1580161,5,4,256,77673.6,CNN,EC-NAS,9,0,1,2,169.67386269569397,97092.0,457.7817630008563,eb609c4aba07b9423b8bda37ea2e0b74
5V9E_eb61009d9b84ae92185b2b268a71099e_repeat_1,eb61009d9b84ae92185b2b268a71099e,5793546,5,4,256,96051.6,CNN,EC-NAS,6,2,1,0,203.031108379364,120064.5,473.0880935769085,eb61009d9b84ae92185b2b268a71099e
5V9E_eb6c90e7da8c48e839ee9dadcf95848c_repeat_1,eb6c90e7da8c48e839ee9dadcf95848c,12962698,5,4,256,155106.0,CNN,EC-NAS,6,1,1,1,302.0601418018341,193882.5,513.4937667537644,eb6c90e7da8c48e839ee9dadcf95848c
5V9E_eb6ff4629468e9d1d6647c8173b474a4_repeat_1,eb6ff4629468e9d1d6647c8173b474a4,4602890,5,4,256,99525.6,CNN,EC-NAS,8,1,2,0,225.76149654388428,124407.0,440.8439947626494,eb6ff4629468e9d1d6647c8173b474a4
5V9E_eb7e2ac6e1c5b3218d8ea1e9f8cc1b33_repeat_1,eb7e2ac6e1c5b3218d8ea1e9f8cc1b33,2277770,5,4,256,89377.2,CNN,EC-NAS,7,0,2,1,195.84138083457947,111721.5,456.37545864473793,eb7e2ac6e1c5b3218d8ea1e9f8cc1b33
5V9E_ebac81bdb8f5d131644eef19005ea271_repeat_1,ebac81bdb8f5d131644eef19005ea271,2017034,5,4,256,79995.6,CNN,EC-NAS,6,0,1,2,170.76659893989563,99994.5,468.4499222717195,ebac81bdb8f5d131644eef19005ea271
5V9E_ebf50f8118d5be17070444f16849ae3c_repeat_1,ebf50f8118d5be17070444f16849ae3c,2538506,5,4,256,98211.6,CNN,EC-NAS,7,0,3,0,223.4791452884674,122764.5,439.46650983127864,ebf50f8118d5be17070444f16849ae3c
5V9E_ebffa4a0f1190fb589cb6de05de0471c_repeat_1,ebffa4a0f1190fb589cb6de05de0471c,1664778,5,4,256,74649.6,CNN,EC-NAS,7,0,3,0,178.91148400306702,93312.0,417.24319942883216,ebffa4a0f1190fb589cb6de05de0471c
5V9E_ec26245c97faf1385a829291dbfdca9c_repeat_1,ec26245c97faf1385a829291dbfdca9c,6667274,5,4,256,121219.2,CNN,EC-NAS,7,2,1,0,247.91925692558289,151524.0,488.9462863967278,ec26245c97faf1385a829291dbfdca9c
5V9E_ec6e23f4b5513791ee9f6ecd9a16efe0_repeat_1,ec6e23f4b5513791ee9f6ecd9a16efe0,13126538,5,4,256,140320.8,CNN,EC-NAS,5,1,2,0,288.1402497291565,175401.0,486.9878475218144,ec6e23f4b5513791ee9f6ecd9a16efe0
5V9E_ec9be77b32d72788bcc29816701ccf44_repeat_1,ec9be77b32d72788bcc29816701ccf44,6230410,5,4,256,112777.2,CNN,EC-NAS,7,2,1,0,244.86212635040283,140971.5,460.57429003378604,ec9be77b32d72788bcc29816701ccf44
5V9E_ecd863ef79a1ddf0834dc7d00d3d7a5a_repeat_1,ecd863ef79a1ddf0834dc7d00d3d7a5a,12962698,5,4,256,129326.4,CNN,EC-NAS,6,1,1,1,286.62779569625854,161658.0,451.19978572157765,ecd863ef79a1ddf0834dc7d00d3d7a5a
5V9E_ed0c97c08dabc04eb2a965ea2ccc1842_repeat_1,ed0c97c08dabc04eb2a965ea2ccc1842,4081418,5,4,256,81342.0,CNN,EC-NAS,6,1,0,2,181.80529284477234,101677.5,447.4127167983543,ed0c97c08dabc04eb2a965ea2ccc1842
5V9E_ed18cd67fa82faa398bc3dee0859010a_repeat_1,ed18cd67fa82faa398bc3dee0859010a,7104138,5,4,256,131965.2,CNN,EC-NAS,8,2,1,0,284.8452191352844,164956.5,463.2873965749253,ed18cd67fa82faa398bc3dee0859010a
5V9E_ed40920e6cb195796bb4e6eca06a2d13_repeat_1,ed40920e6cb195796bb4e6eca06a2d13,4342154,5,4,256,100198.8,CNN,EC-NAS,7,1,1,1,211.72614645957947,125248.5,473.2471717617026,ed40920e6cb195796bb4e6eca06a2d13
5V9E_ed52d19573c8d9065661d15930bf8cb8_repeat_1,ed52d19573c8d9065661d15930bf8cb8,4166026,5,4,256,103647.6,CNN,EC-NAS,7,1,2,0,223.62950658798218,129559.5,463.4790890585009,ed52d19573c8d9065661d15930bf8cb8
5V9E_ed56282d8e234fa03130e028474f57f8_repeat_1,ed56282d8e234fa03130e028474f57f8,2771002,5,4,256,83232.0,CNN,EC-NAS,7,2,1,0,180.97360610961914,104040.0,459.91236948433686,ed56282d8e234fa03130e028474f57f8
5V9E_ed5bcd9c3f72fdaaa2c012fddd7a8d20_repeat_1,ed5bcd9c3f72fdaaa2c012fddd7a8d20,4602890,5,4,256,106794.0,CNN,EC-NAS,6,1,2,0,234.80611038208008,133492.5,454.8178061730301,ed5bcd9c3f72fdaaa2c012fddd7a8d20
5V9E_ed5d7a52862003a21f9fcb18c50478b3_repeat_1,ed5d7a52862003a21f9fcb18c50478b3,3694666,5,4,256,96865.2,CNN,EC-NAS,8,3,0,0,203.14814949035645,121081.5,476.8204891012224,ed5d7a52862003a21f9fcb18c50478b3
5V9E_ed61aff15aac90d3ee292221fb5e83ee_repeat_1,ed61aff15aac90d3ee292221fb5e83ee,12088970,5,4,256,114883.20000000001,CNN,EC-NAS,5,1,1,1,238.95527911186218,143604.0,480.77280580279506,ed61aff15aac90d3ee292221fb5e83ee
5V9E_ed6af9e61312637627532e19eb259f72_repeat_1,ed6af9e61312637627532e19eb259f72,12088970,5,4,256,126144.0,CNN,EC-NAS,6,1,1,1,255.1007399559021,157680.0,494.4870015735973,ed6af9e61312637627532e19eb259f72
5V9E_ed6dc696e5452f4e335ed0bb88b269fc_repeat_1,ed6dc696e5452f4e335ed0bb88b269fc,3207690,5,4,256,68734.8,CNN,EC-NAS,6,1,0,2,138.48797225952148,85918.5,496.3232465502019,ed6dc696e5452f4e335ed0bb88b269fc
5V9E_edb7648dd596405eddc9a5c607b494a6_repeat_1,edb7648dd596405eddc9a5c607b494a6,3822005,5,4,256,114839.99999999999,CNN,EC-NAS,9,2,0,1,243.0272090435028,143549.99999999997,472.5396816759031,edb7648dd596405eddc9a5c607b494a6
5V9E_edb8ead009649b34412402626dc9f179_repeat_1,edb8ead009649b34412402626dc9f179,3468426,5,4,256,73155.59999999999,CNN,EC-NAS,7,1,1,1,164.2039132118225,91444.49999999999,445.5167880538237,edb8ead009649b34412402626dc9f179
5V9E_edd1e4572a3809b84cd4a580fb26ef9d_repeat_1,edd1e4572a3809b84cd4a580fb26ef9d,5793546,5,4,256,88275.6,CNN,EC-NAS,6,2,1,0,198.47538661956787,110344.5,444.76850003171546,edd1e4572a3809b84cd4a580fb26ef9d
5V9E_ede6b7807bc8f766f9c0c41587929e77_repeat_1,ede6b7807bc8f766f9c0c41587929e77,22093962,5,4,256,197960.40000000002,CNN,EC-NAS,7,2,0,1,390.1321220397949,247450.50000000003,507.4188686770256,ede6b7807bc8f766f9c0c41587929e77
5V9E_ee08328e988cf3de056733d9fdba3198_repeat_1,ee08328e988cf3de056733d9fdba3198,5793546,5,4,256,92908.8,CNN,EC-NAS,6,2,1,0,211.28464603424072,116136.0,439.73285207361084,ee08328e988cf3de056733d9fdba3198
5V9E_ee1870e631c91c3e8903cd23049e7996_repeat_1,ee1870e631c91c3e8903cd23049e7996,4342154,5,4,256,82576.8,CNN,EC-NAS,7,1,1,1,200.34505009651184,103221.0,412.17289850795134,ee1870e631c91c3e8903cd23049e7996
5V9E_ee4d186e7eb6755c6263d98631221bba_repeat_1,ee4d186e7eb6755c6263d98631221bba,7104138,5,4,256,129859.2,CNN,EC-NAS,7,2,1,0,287.68066596984863,162324.0,451.4005123083605,ee4d186e7eb6755c6263d98631221bba
5V9E_ee5f0aae324f18461d6c74a7cee4d7f0_repeat_1,ee5f0aae324f18461d6c74a7cee4d7f0,14000266,5,4,256,165466.8,CNN,EC-NAS,6,1,2,0,333.40320920944214,206833.5,496.2963625705673,ee5f0aae324f18461d6c74a7cee4d7f0
5V9E_ee80700d1bd9ec627175e605a810876d_repeat_1,ee80700d1bd9ec627175e605a810876d,2501011,5,4,256,82915.2,CNN,EC-NAS,9,1,0,2,177.58646202087402,103644.0,466.90045545394054,ee80700d1bd9ec627175e605a810876d
5V9E_eeb81c375693d4839a953bed51130841_repeat_1,eeb81c375693d4839a953bed51130841,1443117,5,4,256,54734.4,CNN,EC-NAS,7,1,1,1,122.25483345985413,68418.0,447.7074521390895,eeb81c375693d4839a953bed51130841
5V9E_eece4d93c3c6f84d9bc38d1d366bb301_repeat_1,eece4d93c3c6f84d9bc38d1d366bb301,4705162,5,4,256,138661.2,CNN,EC-NAS,7,0,2,1,263.8730432987213,173326.5,525.4845218995204,eece4d93c3c6f84d9bc38d1d366bb301
5V9E_eeea973771594ddebfbd99b2881fe28c_repeat_1,eeea973771594ddebfbd99b2881fe28c,13126538,5,4,256,150332.4,CNN,EC-NAS,6,1,2,0,301.2336175441742,187915.5,499.05585314678433,eeea973771594ddebfbd99b2881fe28c
5V9E_ef1459e9496c85cf89fc329a5e5d79af_repeat_1,ef1459e9496c85cf89fc329a5e5d79af,11925130,5,4,256,126244.8,CNN,EC-NAS,6,1,0,2,260.038143157959,157806.0,485.4857001625072,ef1459e9496c85cf89fc329a5e5d79af
5V9E_ef29c4c030a130980d10c4db6dd789a6_repeat_1,ef29c4c030a130980d10c4db6dd789a6,3525796,5,4,256,80308.8,CNN,EC-NAS,9,2,0,1,200.84545469284058,100386.0,399.85370902627017,ef29c4c030a130980d10c4db6dd789a6
5V9E_ef44c651301d0e3c268e626a14eb7c71_repeat_1,ef44c651301d0e3c268e626a14eb7c71,999828,5,4,256,68421.59999999999,CNN,EC-NAS,8,0,1,2,148.44437980651855,85526.99999999999,460.9241527983765,ef44c651301d0e3c268e626a14eb7c71
5V9E_ef48e128abd15e37628468a05b551f2e_repeat_1,ef48e128abd15e37628468a05b551f2e,30515338,5,4,256,218912.4,CNN,EC-NAS,6,3,0,0,419.20028138160706,273640.5,522.214344128074,ef48e128abd15e37628468a05b551f2e
5V9E_ef4c3e729fb1830cc02de088d1199a46_repeat_1,ef4c3e729fb1830cc02de088d1199a46,6230410,5,4,256,112885.20000000001,CNN,EC-NAS,7,2,1,0,235.42470908164978,141106.5,479.49597321515336,ef4c3e729fb1830cc02de088d1199a46
5V9E_ef63094bf673f4e41409cdd64c33800d_repeat_1,ef63094bf673f4e41409cdd64c33800d,3031562,5,4,256,55854.0,CNN,EC-NAS,6,1,1,1,128.83890390396118,69817.5,433.5181246313192,ef63094bf673f4e41409cdd64c33800d
5V9E_efa7b7ac558ff04720d4d9ff047c7f43_repeat_1,efa7b7ac558ff04720d4d9ff047c7f43,2447912,5,4,256,94705.2,CNN,EC-NAS,8,1,2,0,196.7177333831787,118381.5,481.4268564976167,efa7b7ac558ff04720d4d9ff047c7f43
5V9E_efa7e1e496128505fa421af5c3c2564f_repeat_1,efa7e1e496128505fa421af5c3c2564f,5969674,5,4,256,103208.4,CNN,EC-NAS,7,2,0,1,220.42653608322144,129010.5,468.22130326919415,efa7e1e496128505fa421af5c3c2564f
5V9E_efb424374d66a4621c9f9f5554e5d60a_repeat_1,efb424374d66a4621c9f9f5554e5d60a,2781083,5,4,256,91616.4,CNN,EC-NAS,8,1,0,2,209.70294642448425,114520.5,436.88656531581836,efb424374d66a4621c9f9f5554e5d60a
5V9E_efb564ffc4337c98ac255427ca94f896_repeat_1,efb564ffc4337c98ac255427ca94f896,2793866,5,4,256,71492.40000000001,CNN,EC-NAS,6,0,1,2,165.10209441184998,89365.50000000001,433.01934027354616,efb564ffc4337c98ac255427ca94f896
5V9E_efddb15127c67262d4d1924b692b7685_repeat_1,efddb15127c67262d4d1924b692b7685,21384074,5,4,256,169092.0,CNN,EC-NAS,5,2,1,0,328.4813549518585,211365.0,514.7689433538221,efddb15127c67262d4d1924b692b7685
5V9E_efe3304d787cbfd823397ecc54a3a86f_repeat_1,efe3304d787cbfd823397ecc54a3a86f,14873994,5,4,256,192664.80000000002,CNN,EC-NAS,8,1,2,0,387.29266381263733,240831.00000000003,497.46565840763384,efe3304d787cbfd823397ecc54a3a86f
5V9E_efedf5b12ecdfad842fc52df23cdb2e5_repeat_1,efedf5b12ecdfad842fc52df23cdb2e5,8731658,5,4,256,125841.6,CNN,EC-NAS,7,3,0,0,268.201256275177,157302.0,469.20585588490064,efedf5b12ecdfad842fc52df23cdb2e5
5V9E_eff2588ef228ca27834c3d2759397b0a_repeat_1,eff2588ef228ca27834c3d2759397b0a,4602890,5,4,256,105138.0,CNN,EC-NAS,7,1,2,0,238.83210039138794,131422.5,440.21720626207406,eff2588ef228ca27834c3d2759397b0a
5V9E_f007dfe06017dcb52eb914c2de9775a5_repeat_1,f007dfe06017dcb52eb914c2de9775a5,13836426,5,4,256,178963.2,CNN,EC-NAS,8,1,1,1,352.860559463501,223704.0,507.17824704495354,f007dfe06017dcb52eb914c2de9775a5
5V9E_f0088674d557487ca82535b4729c86f1_repeat_1,f0088674d557487ca82535b4729c86f1,8294794,5,4,256,116935.19999999998,CNN,EC-NAS,7,3,0,0,257.0892221927643,146168.99999999997,454.84287129050676,f0088674d557487ca82535b4729c86f1
5V9E_f01746601f3200d854e1dfcc82fd9adb_repeat_1,f01746601f3200d854e1dfcc82fd9adb,1840906,5,4,256,79038.0,CNN,EC-NAS,6,0,2,1,182.31088256835938,98797.5,433.5341855984043,f01746601f3200d854e1dfcc82fd9adb
5V9E_f05da66629e2953fcdb520484e9d1fa7_repeat_1,f05da66629e2953fcdb520484e9d1fa7,12962698,5,4,256,139431.6,CNN,EC-NAS,7,1,1,1,301.78039360046387,174289.5,462.03001572261746,f05da66629e2953fcdb520484e9d1fa7
5V9E_f0694a6a497a0736476a820197ca26ed_repeat_1,f0694a6a497a0736476a820197ca26ed,4858304,5,4,256,135824.4,CNN,EC-NAS,9,3,0,0,285.83149099349976,169780.5,475.19046808977686,f0694a6a497a0736476a820197ca26ed
5V9E_f0791f47669add08b6222d6690f58a6f_repeat_1,f0791f47669add08b6222d6690f58a6f,1454631,5,4,256,55094.4,CNN,EC-NAS,6,1,1,1,116.05216693878174,68868.0,474.73822724105315,f0791f47669add08b6222d6690f58a6f
5V9E_f09a1b5745263648000ae032e40d0cf3_repeat_1,f09a1b5745263648000ae032e40d0cf3,4166026,5,4,256,96544.8,CNN,EC-NAS,6,1,2,0,203.7563512325287,120681.0,473.8247392829594,f09a1b5745263648000ae032e40d0cf3
5V9E_f0b3a4377a435e42b84a3a0962770884_repeat_1,f0b3a4377a435e42b84a3a0962770884,6230410,5,4,256,106264.8,CNN,EC-NAS,7,2,1,0,239.77105069160461,132831.0,443.192786174502,f0b3a4377a435e42b84a3a0962770884
5V9E_f165afe824c895bfa066369612435499_repeat_1,f165afe824c895bfa066369612435499,21220234,5,4,256,179366.4,CNN,EC-NAS,7,2,0,1,339.5496516227722,224208.0,528.247928227209,f165afe824c895bfa066369612435499
5V9E_f1682f08f0baf2fcb2ae86dfa71bbd08_repeat_1,f1682f08f0baf2fcb2ae86dfa71bbd08,1143306,5,4,256,58334.4,CNN,EC-NAS,7,0,1,2,127.01329135894775,72918.0,459.27791789241354,f1682f08f0baf2fcb2ae86dfa71bbd08
5V9E_f17bd1303f007742bf57835cfd0bf709_repeat_1,f17bd1303f007742bf57835cfd0bf709,1698576,5,4,256,82486.8,CNN,EC-NAS,8,0,2,1,192.78330969810486,103108.5,427.8731396881443,f17bd1303f007742bf57835cfd0bf709
5V9E_f189d52d8b7ab65717a13dbb3b1b71ab_repeat_1,f189d52d8b7ab65717a13dbb3b1b71ab,4342154,5,4,256,81298.8,CNN,EC-NAS,7,1,1,1,199.49036765098572,101623.5,407.5324586209328,f189d52d8b7ab65717a13dbb3b1b71ab
5V9E_f18ed9baf1addd2ea9cb145df9cd21af_repeat_1,f18ed9baf1addd2ea9cb145df9cd21af,5039754,5,4,256,134218.8,CNN,EC-NAS,7,1,2,0,279.2593698501587,167773.5,480.6241597981738,f18ed9baf1addd2ea9cb145df9cd21af
5V9E_f18f92bd05e080fb4abecd7553dcec74_repeat_1,f18f92bd05e080fb4abecd7553dcec74,5039754,5,4,256,124938.0,CNN,EC-NAS,8,1,2,0,277.4336099624634,156172.5,450.33476663805817,f18f92bd05e080fb4abecd7553dcec74
5V9E_f1a39ff93449e79432cace56241bb69d_repeat_1,f1a39ff93449e79432cace56241bb69d,6406538,5,4,256,116665.2,CNN,EC-NAS,7,2,0,1,232.66380381584167,145831.5,501.4325309163387,f1a39ff93449e79432cace56241bb69d
5V9E_f1afa38b485842abab379a575051eb0f_repeat_1,f1afa38b485842abab379a575051eb0f,1756298,5,4,256,76017.59999999999,CNN,EC-NAS,7,0,0,3,149.80387926101685,95021.99999999999,507.44747315620344,f1afa38b485842abab379a575051eb0f
5V9E_f1b56d72cd30367b5fa63a7b7d183407_repeat_1,f1b56d72cd30367b5fa63a7b7d183407,5969674,5,4,256,97286.4,CNN,EC-NAS,7,2,0,1,213.80152678489685,121608.0,455.0313623245482,f1b56d72cd30367b5fa63a7b7d183407
5V9E_f1b72eb02755e3ecc3a0c0e03819d341_repeat_1,f1b72eb02755e3ecc3a0c0e03819d341,3644554,5,4,256,68014.8,CNN,EC-NAS,6,1,0,2,155.11212801933289,85018.5,438.48795621914724,f1b72eb02755e3ecc3a0c0e03819d341
5V9E_f1dc5951418950c1f79435a307439ce7_repeat_1,f1dc5951418950c1f79435a307439ce7,1840906,5,4,256,82684.8,CNN,EC-NAS,8,0,2,1,194.29287004470825,103356.0,425.567855274224,f1dc5951418950c1f79435a307439ce7
5V9E_f1e430d2ad737a9710b71c48eeece81e_repeat_1,f1e430d2ad737a9710b71c48eeece81e,706433,5,4,256,41569.2,CNN,EC-NAS,8,0,1,2,109.61357259750366,51961.5,379.23405847413,f1e430d2ad737a9710b71c48eeece81e
5V9E_f1e64291e0bd66be8570ccf30660667e_repeat_1,f1e64291e0bd66be8570ccf30660667e,2193162,5,4,256,96703.2,CNN,EC-NAS,9,0,0,3,188.93886303901672,120879.0,511.822705210364,f1e64291e0bd66be8570ccf30660667e
5V9E_f1f08b8b5deb5bb1b7a8e0ecb42fdf72_repeat_1,f1f08b8b5deb5bb1b7a8e0ecb42fdf72,20346506,5,4,256,162086.4,CNN,EC-NAS,6,2,0,1,298.8389358520508,202608.0,542.3871542637461,f1f08b8b5deb5bb1b7a8e0ecb42fdf72
5V9E_f1f4a9fafee6a1231a508cb861fdf144_repeat_1,f1f4a9fafee6a1231a508cb861fdf144,2714634,5,4,256,104338.79999999999,CNN,EC-NAS,9,0,2,1,234.84542417526245,130423.49999999999,444.28713212710136,f1f4a9fafee6a1231a508cb861fdf144
5V9E_f20d9a3f960c2f27cf95219bf98374ed_repeat_1,f20d9a3f960c2f27cf95219bf98374ed,3060912,5,4,256,93618.0,CNN,EC-NAS,8,2,1,0,217.2454273700714,117022.5,430.9319700456774,f20d9a3f960c2f27cf95219bf98374ed
5V9E_f211a14120473b3d5f07bf95507bf7ae_repeat_1,f211a14120473b3d5f07bf95507bf7ae,4342154,5,4,256,97880.40000000001,CNN,EC-NAS,7,1,1,1,210.18220376968384,122350.50000000001,465.69309030205363,f211a14120473b3d5f07bf95507bf7ae
5V9E_f21e6aef3f146a6c1e908ea59f67d1f7_repeat_1,f21e6aef3f146a6c1e908ea59f67d1f7,4342154,5,4,256,101498.4,CNN,EC-NAS,6,1,1,1,213.8972668647766,126873.0,474.5193872166965,f21e6aef3f146a6c1e908ea59f67d1f7
5V9E_f23d084dbfdc3d251a85c4e19666caeb_repeat_1,f23d084dbfdc3d251a85c4e19666caeb,11051402,5,4,256,104464.79999999999,CNN,EC-NAS,5,1,0,2,212.96360611915588,130580.99999999999,490.5288838016322,f23d084dbfdc3d251a85c4e19666caeb
5V9E_f248b779698339aa798c8379c6469824_repeat_1,f248b779698339aa798c8379c6469824,6843402,5,4,256,111218.40000000001,CNN,EC-NAS,9,2,0,1,262.67202973365784,139023.0,423.41165944760996,f248b779698339aa798c8379c6469824
5V9E_f27cdc2fe8a6dacf6e446b1fe535eade_repeat_1,f27cdc2fe8a6dacf6e446b1fe535eade,22093962,5,4,256,215110.8,CNN,EC-NAS,7,2,0,1,393.93412947654724,268888.5,546.0577896254773,f27cdc2fe8a6dacf6e446b1fe535eade
5V9E_f295931cdf12562ed0542fd80c2a02fe_repeat_1,f295931cdf12562ed0542fd80c2a02fe,3403080,5,4,256,76456.8,CNN,EC-NAS,6,3,0,0,159.15443348884583,95571.0,480.39378058141494,f295931cdf12562ed0542fd80c2a02fe
5V9E_f2abeaf25b8465b27914601a5500ebc9_repeat_1,f2abeaf25b8465b27914601a5500ebc9,7104138,5,4,256,131659.2,CNN,EC-NAS,8,2,1,0,290.2388286590576,164574.0,453.62366092877096,f2abeaf25b8465b27914601a5500ebc9
5V9E_f2b1d19bcc83c6f1458e99d1ca831ac9_repeat_1,f2b1d19bcc83c6f1458e99d1ca831ac9,709399,5,4,256,50418.0,CNN,EC-NAS,7,0,1,2,121.28803849220276,63022.5,415.68814721363657,f2b1d19bcc83c6f1458e99d1ca831ac9
5V9E_f2cc97433654486df6c963e51f4dfd6f_repeat_1,f2cc97433654486df6c963e51f4dfd6f,13126538,5,4,256,158702.4,CNN,EC-NAS,5,1,2,0,281.0793890953064,198378.0,564.6177064451649,f2cc97433654486df6c963e51f4dfd6f
5V9E_f2e9311f6b6eac35216fd40d52a40723_repeat_1,f2e9311f6b6eac35216fd40d52a40723,7421066,5,4,256,88473.6,CNN,EC-NAS,6,3,0,0,189.34802269935608,110592.0,467.25388910174706,f2e9311f6b6eac35216fd40d52a40723
5V9E_f2eece77866f37f71a6f8bdfbea77605_repeat_1,f2eece77866f37f71a6f8bdfbea77605,1756298,5,4,256,70232.4,CNN,EC-NAS,6,0,0,3,139.4099326133728,87790.5,503.7833293756502,f2eece77866f37f71a6f8bdfbea77605
5V9E_f2fedb2cc4050df494bfe42c0bf69a0b_repeat_1,f2fedb2cc4050df494bfe42c0bf69a0b,8731658,5,4,256,113716.79999999999,CNN,EC-NAS,8,3,0,0,255.97252440452576,142146.0,444.25393023935584,f2fedb2cc4050df494bfe42c0bf69a0b
5V9E_f310c9244f097f36730db6c7947d3a84_repeat_1,f310c9244f097f36730db6c7947d3a84,1990295,5,4,256,110131.2,CNN,EC-NAS,9,0,2,1,227.30908203125,137664.0,484.4997789611388,f310c9244f097f36730db6c7947d3a84
5V9E_f37336e333df1e0663d200369b41d1f2_repeat_1,f37336e333df1e0663d200369b41d1f2,7857930,5,4,256,98334.0,CNN,EC-NAS,6,3,0,0,216.30544352531433,122917.5,454.6071444036124,f37336e333df1e0663d200369b41d1f2
5V9E_f37d82d681439bc8a3a61d85c80f2bc7_repeat_1,f37d82d681439bc8a3a61d85c80f2bc7,3031562,5,4,256,57895.2,CNN,EC-NAS,5,1,1,1,125.51012086868286,72369.0,461.27913509519965,f37d82d681439bc8a3a61d85c80f2bc7
5V9E_f38ab0035dd663d9ca00679b81603494_repeat_1,f38ab0035dd663d9ca00679b81603494,2714634,5,4,256,111553.2,CNN,EC-NAS,8,0,2,1,236.53255558013916,139441.5,471.61879990006224,f38ab0035dd663d9ca00679b81603494
5V9E_f38b7aac62ef3b0c7660c515ec9a2e67_repeat_1,f38b7aac62ef3b0c7660c515ec9a2e67,3995274,5,4,256,91710.0,CNN,EC-NAS,4,0,3,0,190.55917382240295,114637.5,481.2678296216363,f38b7aac62ef3b0c7660c515ec9a2e67
5V9E_f39c49622b1b2a431b7f645d6b37e629_repeat_1,f39c49622b1b2a431b7f645d6b37e629,3667594,5,4,256,106372.8,CNN,EC-NAS,6,0,1,2,221.48460602760315,132966.0,480.27175300274814,f39c49622b1b2a431b7f645d6b37e629
5V9E_f3c3d584e66c0a5a57f268e63a53699b_repeat_1,f3c3d584e66c0a5a57f268e63a53699b,2277770,5,4,256,82224.0,CNN,EC-NAS,7,0,2,1,198.7197687625885,102780.0,413.7685974173683,f3c3d584e66c0a5a57f268e63a53699b
5V9E_f3c990624f5da833edd7ffc4495959ac_repeat_1,f3c990624f5da833edd7ffc4495959ac,1851442,5,4,256,66070.8,CNN,EC-NAS,7,1,2,0,162.11087346076965,82588.5,407.565504950468,f3c990624f5da833edd7ffc4495959ac
5V9E_f40c2cd28e36751a9ce0641e5dd94e3f_repeat_1,f40c2cd28e36751a9ce0641e5dd94e3f,11051402,5,4,256,124502.4,CNN,EC-NAS,6,1,0,2,218.7552947998047,155628.0,569.1400526507903,f40c2cd28e36751a9ce0641e5dd94e3f
5V9E_f40ff58b414a043a1e7ec2ba93b81605_repeat_1,f40ff58b414a043a1e7ec2ba93b81605,4568394,5,4,256,110937.6,CNN,EC-NAS,8,3,0,0,246.46646904945374,138672.0,450.1123435891812,f40ff58b414a043a1e7ec2ba93b81605
5V9E_f41fc247b874cf81e8f300c7e7a818ba_repeat_1,f41fc247b874cf81e8f300c7e7a818ba,4705162,5,4,256,126629.99999999999,CNN,EC-NAS,6,0,2,1,255.69398188591003,158287.49999999997,495.24043963029976,f41fc247b874cf81e8f300c7e7a818ba
5V9E_f436569816db0c65e78176c6dcd28bbb_repeat_1,f436569816db0c65e78176c6dcd28bbb,3644554,5,4,256,71665.2,CNN,EC-NAS,6,1,0,2,153.0755214691162,89581.5,468.1689097786861,f436569816db0c65e78176c6dcd28bbb
5V9E_f4625f4d279e75c1e7a03274a4f96f78_repeat_1,f4625f4d279e75c1e7a03274a4f96f78,1747355,5,4,256,69321.59999999999,CNN,EC-NAS,7,1,1,1,147.20532608032227,86651.99999999999,470.917743575221,f4625f4d279e75c1e7a03274a4f96f78
5V9E_f4af848c85562078a370424d8bd0d66e_repeat_1,f4af848c85562078a370424d8bd0d66e,1404042,5,4,256,71031.59999999999,CNN,EC-NAS,7,0,2,1,162.07635807991028,88789.49999999999,438.26009444868265,f4af848c85562078a370424d8bd0d66e
5V9E_f4c0f965afab8df4dff4afec148f78bc_repeat_1,f4c0f965afab8df4dff4afec148f78bc,4779018,5,4,256,109497.59999999999,CNN,EC-NAS,9,1,1,1,252.48823833465576,136872.0,433.6740622938185,f4c0f965afab8df4dff4afec148f78bc
5V9E_f4c7bd987446fd4f676cd1fc51620218_repeat_1,f4c7bd987446fd4f676cd1fc51620218,1840906,5,4,256,63165.6,CNN,EC-NAS,7,0,2,1,154.95479249954224,78957.0,407.63889248657216,f4c7bd987446fd4f676cd1fc51620218
5V9E_f4dae825707af21c57fe3a993fabdace_repeat_1,f4dae825707af21c57fe3a993fabdace,4081418,5,4,256,103060.8,CNN,EC-NAS,8,1,0,2,193.6177065372467,128826.0,532.2901600436733,f4dae825707af21c57fe3a993fabdace
5V9E_f4de324bebe9871012eb313f872ec756_repeat_1,f4de324bebe9871012eb313f872ec756,1840906,5,4,256,83599.2,CNN,EC-NAS,8,0,2,1,182.53302693367004,104499.0,457.9949251067796,f4de324bebe9871012eb313f872ec756
5V9E_f4f70a97275d1c8636268845a5167803_repeat_1,f4f70a97275d1c8636268845a5167803,5356682,5,4,256,73036.8,CNN,EC-NAS,5,2,1,0,166.10461950302124,91296.0,439.70360498415613,f4f70a97275d1c8636268845a5167803
5V9E_f4fb4c4c912bd60f689bc91ce48320c3_repeat_1,f4fb4c4c912bd60f689bc91ce48320c3,4602890,5,4,256,109360.79999999999,CNN,EC-NAS,8,1,2,0,245.68218159675598,136701.0,445.131182445687,f4fb4c4c912bd60f689bc91ce48320c3
5V9E_f50f9ba3776d5711cfd291624b0b11cc_repeat_1,f50f9ba3776d5711cfd291624b0b11cc,2773430,5,4,256,73767.59999999999,CNN,EC-NAS,6,2,1,0,176.64133262634277,92209.49999999999,417.6123385348539,f50f9ba3776d5711cfd291624b0b11cc
5V9E_f5112a2f340a3ebf9285532a8c5d4956_repeat_1,f5112a2f340a3ebf9285532a8c5d4956,12798858,5,4,256,153540.0,CNN,EC-NAS,7,1,0,2,309.9379322528839,191925.0,495.3895087443636,f5112a2f340a3ebf9285532a8c5d4956
5V9E_f515a8887a799d3aa46037a4985b3153_repeat_1,f515a8887a799d3aa46037a4985b3153,2326550,5,4,256,79966.8,CNN,EC-NAS,7,1,1,1,168.66397619247437,99958.5,474.1190253260972,f515a8887a799d3aa46037a4985b3153
5V9E_f58e050330a86b024a520267e2dd846f_repeat_1,f58e050330a86b024a520267e2dd846f,1464712,5,4,256,56044.8,CNN,EC-NAS,8,0,0,3,133.49586486816406,70056.0,419.8242399144567,f58e050330a86b024a520267e2dd846f
5V9E_f5900572689a5294f8fe021d4d7861e0_repeat_1,f5900572689a5294f8fe021d4d7861e0,4858304,5,4,256,132940.80000000002,CNN,EC-NAS,7,3,0,0,275.42697930336,166176.00000000003,482.6716697697822,f5900572689a5294f8fe021d4d7861e0
5V9E_f5a2f4f9d1e63457f64919ae084e8be8_repeat_1,f5a2f4f9d1e63457f64919ae084e8be8,4779018,5,4,256,121993.2,CNN,EC-NAS,9,1,1,1,247.8767488002777,152491.5,492.15265485950783,f5a2f4f9d1e63457f64919ae084e8be8
5V9E_f5a6499d5d9a618f315ebd89f1d544ff_repeat_1,f5a6499d5d9a618f315ebd89f1d544ff,7857930,5,4,256,100994.4,CNN,EC-NAS,5,3,0,0,215.68640542030334,126243.0,468.2464794347814,f5a6499d5d9a618f315ebd89f1d544ff
5V9E_f5a9095616a562d1d7b64a1752b85091_repeat_1,f5a9095616a562d1d7b64a1752b85091,5039754,5,4,256,122169.6,CNN,EC-NAS,8,1,2,0,278.1502034664154,152712.0,439.2216812264568,f5a9095616a562d1d7b64a1752b85091
5V9E_f5c706ea2f4ee1b635493b39d0765f32_repeat_1,f5c706ea2f4ee1b635493b39d0765f32,3207690,5,4,256,63770.4,CNN,EC-NAS,6,1,0,2,139.24793124198914,79713.0,457.96299759152566,f5c706ea2f4ee1b635493b39d0765f32
5V9E_f5d9849d3c37a810ac43b8a42aa5d19f_repeat_1,f5d9849d3c37a810ac43b8a42aa5d19f,23131530,5,4,256,220834.80000000002,CNN,EC-NAS,7,2,1,0,436.68607664108276,276043.5,505.706070820084,f5d9849d3c37a810ac43b8a42aa5d19f
5V9E_f5e0f9f5aadb3b64f7be2e1647f08e6d_repeat_1,f5e0f9f5aadb3b64f7be2e1647f08e6d,3729162,5,4,256,85118.4,CNN,EC-NAS,7,1,2,0,195.7246277332306,106398.0,434.88855227771825,f5e0f9f5aadb3b64f7be2e1647f08e6d
5V9E_f5ead45139106e60fc5142a691958e56_repeat_1,f5ead45139106e60fc5142a691958e56,2277770,5,4,256,81316.8,CNN,EC-NAS,7,0,2,1,184.6380386352539,101646.0,440.41195736832185,f5ead45139106e60fc5142a691958e56
5V9E_f5ebc10da59d1863d7f775f08dc4acbd_repeat_1,f5ebc10da59d1863d7f775f08dc4acbd,21384074,5,4,256,176112.0,CNN,EC-NAS,6,2,1,0,338.6036412715912,220140.0,520.1125402509833,f5ebc10da59d1863d7f775f08dc4acbd
5V9E_f6340da3302bdd81f9694f5797c529b6_repeat_1,f6340da3302bdd81f9694f5797c529b6,2959791,5,4,256,84751.2,CNN,EC-NAS,6,2,0,1,185.9260289669037,105939.0,455.8328947857343,f6340da3302bdd81f9694f5797c529b6
5V9E_f63d96938ceb89f0e4f6b7d58a9ba720_repeat_1,f63d96938ceb89f0e4f6b7d58a9ba720,650520,5,4,256,54162.0,CNN,EC-NAS,6,0,3,0,127.81910371780396,67702.5,423.73947574830134,f63d96938ceb89f0e4f6b7d58a9ba720
5V9E_f6438292640b056faa59c5319f66c4f3_repeat_1,f6438292640b056faa59c5319f66c4f3,1143306,5,4,256,55422.0,CNN,EC-NAS,6,0,1,2,125.69342637062073,69277.5,440.92998019309465,f6438292640b056faa59c5319f66c4f3
5V9E_f6600729a1d2f2f5ae54850096c33411_repeat_1,f6600729a1d2f2f5ae54850096c33411,1750321,5,4,256,69249.6,CNN,EC-NAS,7,1,1,1,153.69146704673767,86562.0,450.57543747006565,f6600729a1d2f2f5ae54850096c33411
5V9E_f66662ce4b1ae420ce5480d7286c8530_repeat_1,f66662ce4b1ae420ce5480d7286c8530,1744408,5,4,256,71395.2,CNN,EC-NAS,8,1,1,1,158.89774441719055,89244.0,449.31537739484753,f66662ce4b1ae420ce5480d7286c8530
5V9E_f66a1325aa7048c10fe6a092ab471a2f_repeat_1,f66a1325aa7048c10fe6a092ab471a2f,2622759,5,4,256,94471.20000000001,CNN,EC-NAS,8,1,1,1,206.79236721992493,118089.00000000001,456.84084606241447,f66a1325aa7048c10fe6a092ab471a2f
5V9E_f6a31e55dc98e109a5ba2e6abf06db1d_repeat_1,f6a31e55dc98e109a5ba2e6abf06db1d,2658367,5,4,256,62654.399999999994,CNN,EC-NAS,8,2,0,1,154.5322561264038,78318.0,405.44544919314546,f6a31e55dc98e109a5ba2e6abf06db1d
5V9E_f6bf8c43f6ecd7646c0090093cd8310c_repeat_1,f6bf8c43f6ecd7646c0090093cd8310c,6843402,5,4,256,128174.4,CNN,EC-NAS,8,2,0,1,265.6020758152008,160218.0,482.58056570755303,f6bf8c43f6ecd7646c0090093cd8310c
5V9E_f6ccc55f9228fa8e8aa3b89b2ffbaa7d_repeat_1,f6ccc55f9228fa8e8aa3b89b2ffbaa7d,3905290,5,4,256,81072.0,CNN,EC-NAS,7,1,1,1,178.1704671382904,101340.0,455.02490565439456,f6ccc55f9228fa8e8aa3b89b2ffbaa7d
5V9E_f6d1e6b529eb33dcd4a0719e1a791d65_repeat_1,f6d1e6b529eb33dcd4a0719e1a791d65,3905290,5,4,256,79567.2,CNN,EC-NAS,7,1,1,1,178.1402130126953,99459.0,446.6549054498412,f6d1e6b529eb33dcd4a0719e1a791d65
5V9E_f6d5124bdcda9fa7084e8af7fa6f3864_repeat_1,f6d5124bdcda9fa7084e8af7fa6f3864,1756298,5,4,256,72727.2,CNN,EC-NAS,8,0,0,3,152.9673731327057,90909.0,475.4425634079894,f6d5124bdcda9fa7084e8af7fa6f3864
5V9E_f6daef06b6384e8f449d67bf871604cb_repeat_1,f6daef06b6384e8f449d67bf871604cb,2326550,5,4,256,84981.59999999999,CNN,EC-NAS,8,1,1,1,173.1498990058899,106226.99999999999,490.7978606277399,f6daef06b6384e8f449d67bf871604cb
5V9E_f6e7c67dea32f782a5eac509a99609be_repeat_1,f6e7c67dea32f782a5eac509a99609be,3207690,5,4,256,64954.8,CNN,EC-NAS,7,1,0,2,144.3665325641632,81193.5,449.92976451194505,f6e7c67dea32f782a5eac509a99609be
5V9E_f70e1374d470113de6f35c65eb94c171_repeat_1,f70e1374d470113de6f35c65eb94c171,2277770,5,4,256,103464.0,CNN,EC-NAS,7,0,2,1,203.3598072528839,129330.0,508.77310220568546,f70e1374d470113de6f35c65eb94c171
5V9E_f719f87fc76f013c185499842419a538_repeat_1,f719f87fc76f013c185499842419a538,1873037,5,4,256,79304.4,CNN,EC-NAS,9,0,1,2,183.91240978240967,99130.5,431.20744322705883,f719f87fc76f013c185499842419a538
5V9E_f7245ac7f59777177c77ed6d740b1a6a_repeat_1,f7245ac7f59777177c77ed6d740b1a6a,2630026,5,4,256,93661.2,CNN,EC-NAS,7,0,0,3,182.989483833313,117076.5,511.8392491085277,f7245ac7f59777177c77ed6d740b1a6a
5V9E_f7409e91acdaee3aba2ba0112212630d_repeat_1,f7409e91acdaee3aba2ba0112212630d,708109,5,4,256,52916.4,CNN,EC-NAS,8,0,1,2,119.1824734210968,66145.5,443.9948130043853,f7409e91acdaee3aba2ba0112212630d
5V9E_f740b5a6cbb4d9bc1c0e08f5ad473332_repeat_1,f740b5a6cbb4d9bc1c0e08f5ad473332,4166026,5,4,256,101998.8,CNN,EC-NAS,7,1,2,0,228.53367471694946,127498.5,446.3184698112026,f740b5a6cbb4d9bc1c0e08f5ad473332
5V9E_f75ac04fd1b014dc490e75adb3b5d674_repeat_1,f75ac04fd1b014dc490e75adb3b5d674,3938744,5,4,256,123552.00000000001,CNN,EC-NAS,9,2,1,0,273.974396944046,154440.00000000003,450.96184672041863,f75ac04fd1b014dc490e75adb3b5d674
5V9E_f75ae51d6677f137c58eb2ed8b85f209_repeat_1,f75ae51d6677f137c58eb2ed8b85f209,3648834,5,4,256,112255.20000000001,CNN,EC-NAS,8,2,1,0,237.62210083007812,140319.0,472.41060325559914,f75ae51d6677f137c58eb2ed8b85f209
5V9E_f76e7cfdf651a2b3d6b069cb91f07cd3_repeat_1,f76e7cfdf651a2b3d6b069cb91f07cd3,3667594,5,4,256,104227.2,CNN,EC-NAS,6,0,1,2,221.12484002113342,130284.0,471.35003010081886,f76e7cfdf651a2b3d6b069cb91f07cd3
5V9E_f77b993b9d4438c3d3047cd1bce9eb2f_repeat_1,f77b993b9d4438c3d3047cd1bce9eb2f,2793866,5,4,256,85111.2,CNN,EC-NAS,6,0,1,2,174.74212193489075,106389.0,487.0674514969699,f77b993b9d4438c3d3047cd1bce9eb2f
5V9E_f780a7ebdfab0d9ddecdeb1523e273ab_repeat_1,f780a7ebdfab0d9ddecdeb1523e273ab,2897822,5,4,256,87436.8,CNN,EC-NAS,9,1,1,1,217.73524808883667,109296.0,401.5739333317567,f780a7ebdfab0d9ddecdeb1523e273ab
5V9E_f78d80719d987d04fd7d33a63a21a5a4_repeat_1,f78d80719d987d04fd7d33a63a21a5a4,4779018,5,4,256,116715.59999999999,CNN,EC-NAS,7,1,1,1,246.46949982643127,145894.5,473.5498716157311,f78d80719d987d04fd7d33a63a21a5a4
5V9E_f7a4182178ee0158a30a6439e067f04e_repeat_1,f7a4182178ee0158a30a6439e067f04e,4276808,5,4,256,102985.2,CNN,EC-NAS,8,3,0,0,217.9942910671234,128731.5,472.4215459765845,f7a4182178ee0158a30a6439e067f04e
5V9E_f7a473f185ad6d5abb245d5612290791_repeat_1,f7a473f185ad6d5abb245d5612290791,3031562,5,4,256,56001.6,CNN,EC-NAS,6,1,1,1,129.749498128891,70002.0,431.6132301673255,f7a473f185ad6d5abb245d5612290791
5V9E_f7aef9c7f9c8fac7f153113c5c6c0d46_repeat_1,f7aef9c7f9c8fac7f153113c5c6c0d46,3729162,5,4,256,86122.8,CNN,EC-NAS,6,1,2,0,189.0168240070343,107653.5,455.63563165570343,f7aef9c7f9c8fac7f153113c5c6c0d46
5V9E_f8511acc1b78f417a12dd55d0446c601_repeat_1,f8511acc1b78f417a12dd55d0446c601,1143306,5,4,256,58993.2,CNN,EC-NAS,7,0,1,2,126.31797122955322,73741.5,467.0214334965349,f8511acc1b78f417a12dd55d0446c601
5V9E_f85405c14c3d4599018f5790849c8286_repeat_1,f85405c14c3d4599018f5790849c8286,1143306,5,4,256,53460.0,CNN,EC-NAS,6,0,1,2,125.25396060943604,66825.0,426.81285078639326,f85405c14c3d4599018f5790849c8286
5V9E_f8578e25a7736638b845bb062fd656e9_repeat_1,f8578e25a7736638b845bb062fd656e9,1628959,5,4,256,54626.4,CNN,EC-NAS,8,1,0,2,132.81464290618896,68283.0,411.29802260270577,f8578e25a7736638b845bb062fd656e9
5V9E_f8728a61ae26622502b234e6784ecce6_repeat_1,f8728a61ae26622502b234e6784ecce6,14000266,5,4,256,144475.2,CNN,EC-NAS,6,1,2,0,323.11053252220154,180594.0,447.13862736762644,f8728a61ae26622502b234e6784ecce6
5V9E_f88ac8219848516aa8b3c078b15ee83b_repeat_1,f88ac8219848516aa8b3c078b15ee83b,3729162,5,4,256,86068.79999999999,CNN,EC-NAS,7,1,2,0,192.81572723388672,107585.99999999999,446.3785254176802,f88ac8219848516aa8b3c078b15ee83b
5V9E_f891d72e2192c57d6bd9baf532ec4f35_repeat_1,f891d72e2192c57d6bd9baf532ec4f35,3984576,5,4,256,99597.6,CNN,EC-NAS,8,3,0,0,228.0244014263153,124497.0,436.7848325749662,f891d72e2192c57d6bd9baf532ec4f35
5V9E_f89762252adf9e056b62e047c020653e_repeat_1,f89762252adf9e056b62e047c020653e,3657382,5,4,256,104450.40000000001,CNN,EC-NAS,8,2,1,0,239.02005553245544,130563.00000000001,436.9942922459792,f89762252adf9e056b62e047c020653e
5V9E_f89f33a165607c1760b13a7ecf84ec3e_repeat_1,f89f33a165607c1760b13a7ecf84ec3e,4602890,5,4,256,106372.8,CNN,EC-NAS,7,1,2,0,239.5418725013733,132966.0,444.0676650358495,f89f33a165607c1760b13a7ecf84ec3e
5V9E_f8abf1fdcb1c6e90c6f6c7ce7f325003_repeat_1,f8abf1fdcb1c6e90c6f6c7ce7f325003,706442,5,4,256,40946.4,CNN,EC-NAS,6,0,1,2,89.62764430046082,51183.0,456.8501193976988,f8abf1fdcb1c6e90c6f6c7ce7f325003
5V9E_f8c0054e51d8858707d3cb153d5366d2_repeat_1,f8c0054e51d8858707d3cb153d5366d2,4779018,5,4,256,108774.0,CNN,EC-NAS,8,1,1,1,249.5332682132721,135967.5,435.9098118613691,f8c0054e51d8858707d3cb153d5366d2
5V9E_f8c869297df0e56db2a15f41a3300eeb_repeat_1,f8c869297df0e56db2a15f41a3300eeb,4081418,5,4,256,89330.4,CNN,EC-NAS,8,1,0,2,192.34397387504578,111663.0,464.43045862217934,f8c869297df0e56db2a15f41a3300eeb
5V9E_f8d312aad9f8be2022e4d3fc97f648ce_repeat_1,f8d312aad9f8be2022e4d3fc97f648ce,3833519,5,4,256,97369.20000000001,CNN,EC-NAS,9,2,0,1,228.87513375282288,121711.50000000001,425.42498349844914,f8d312aad9f8be2022e4d3fc97f648ce
5V9E_f94d7054e8a1260bfecda539bbf5f37e_repeat_1,f94d7054e8a1260bfecda539bbf5f37e,12962698,5,4,256,157928.4,CNN,EC-NAS,7,1,1,1,303.0274727344513,197410.5,521.168587702263,f94d7054e8a1260bfecda539bbf5f37e
5V9E_f97406b64f324a712cb7ff500d38b15d_repeat_1,f97406b64f324a712cb7ff500d38b15d,12088970,5,4,256,120841.2,CNN,EC-NAS,5,1,1,1,249.28271889686584,151051.5,484.7556241954937,f97406b64f324a712cb7ff500d38b15d
5V9E_f99d882053efce43ce24755117a8b479_repeat_1,f99d882053efce43ce24755117a8b479,4602890,5,4,256,107956.8,CNN,EC-NAS,7,1,2,0,246.43953657150269,134946.0,438.06607292769803,f99d882053efce43ce24755117a8b479
5V9E_f9f52a334faf4fbcb060d6e83dcc27b7_repeat_1,f9f52a334faf4fbcb060d6e83dcc27b7,4166026,5,4,256,99259.2,CNN,EC-NAS,8,1,2,0,229.23571944236755,124074.0,433.0005822890742,f9f52a334faf4fbcb060d6e83dcc27b7
5V9E_f9f949a66ab2544ba6a6f722e1f1de7b_repeat_1,f9f949a66ab2544ba6a6f722e1f1de7b,5969674,5,4,256,100090.8,CNN,EC-NAS,7,2,0,1,193.22796964645386,125113.5,517.9933328654985,f9f949a66ab2544ba6a6f722e1f1de7b
5V9E_fa2d79e0c08a6f9b7930fce6a82753a1_repeat_1,fa2d79e0c08a6f9b7930fce6a82753a1,3729162,5,4,256,82177.2,CNN,EC-NAS,6,1,2,0,191.54905486106873,102721.5,429.01386310469366,fa2d79e0c08a6f9b7930fce6a82753a1
5V9E_fa7fffdca23db84b48bd3b274e89d2b8_repeat_1,fa7fffdca23db84b48bd3b274e89d2b8,11051402,5,4,256,115174.8,CNN,EC-NAS,6,1,0,2,217.83276414871216,143968.5,528.7303792434611,fa7fffdca23db84b48bd3b274e89d2b8
5V9E_fa81d74c73497a734a900e408c537abd_repeat_1,fa81d74c73497a734a900e408c537abd,4602890,5,4,256,95076.0,CNN,EC-NAS,7,1,2,0,223.05759024620056,118845.0,426.23969843420053,fa81d74c73497a734a900e408c537abd
5V9E_fa8ccb83e097512bc3bee687238dfc1a_repeat_1,fa8ccb83e097512bc3bee687238dfc1a,10177674,5,4,256,91238.4,CNN,EC-NAS,5,1,0,2,167.88579630851746,114048.0,543.4551463325379,fa8ccb83e097512bc3bee687238dfc1a
5V9E_fab21e229117a9faf00b80d643d20d72_repeat_1,fab21e229117a9faf00b80d643d20d72,1700385,5,4,256,91044.0,CNN,EC-NAS,8,0,2,1,189.74102520942688,113805.0,479.8329718072835,fab21e229117a9faf00b80d643d20d72
5V9E_fab4537ada65dd8d12ce0232d1369ef8_repeat_1,fab4537ada65dd8d12ce0232d1369ef8,709399,5,4,256,52326.0,CNN,EC-NAS,8,0,1,2,120.41721248626709,65407.5,434.53920680955383,fab4537ada65dd8d12ce0232d1369ef8
5V9E_fb1d906c496017a3f8b8b112acf041fb_repeat_1,fb1d906c496017a3f8b8b112acf041fb,11051402,5,4,256,108946.8,CNN,EC-NAS,5,1,0,2,215.19773316383362,136183.5,506.26369710436023,fb1d906c496017a3f8b8b112acf041fb
5V9E_fb76b6259c623500d5c06f0fd7f9dbeb_repeat_1,fb76b6259c623500d5c06f0fd7f9dbeb,11925130,5,4,256,130186.8,CNN,EC-NAS,6,1,0,2,256.3211703300476,162733.5,507.9049843302727,fb76b6259c623500d5c06f0fd7f9dbeb
5V9E_fbaa7afd885589dc30e934564a027add_repeat_1,fbaa7afd885589dc30e934564a027add,2017034,5,4,256,79603.2,CNN,EC-NAS,7,0,1,2,173.2383291721344,99504.0,459.50108374056214,fbaa7afd885589dc30e934564a027add
5V9E_fbad25518689a2aa5aa6490ce8a6c74b_repeat_1,fbad25518689a2aa5aa6490ce8a6c74b,6230410,5,4,256,104007.6,CNN,EC-NAS,6,2,1,0,218.8270411491394,130009.5,475.2959207135404,fbad25518689a2aa5aa6490ce8a6c74b
5V9E_fbb1d7ade13ca4259516358c423dd8a5_repeat_1,fbb1d7ade13ca4259516358c423dd8a5,2653744,5,4,256,59223.6,CNN,EC-NAS,7,2,0,1,151.22586393356323,74029.5,391.62348595355485,fbb1d7ade13ca4259516358c423dd8a5
5V9E_fbbb1c1e1126ebe5ac41f94480254cb0_repeat_1,fbbb1c1e1126ebe5ac41f94480254cb0,4342154,5,4,256,105678.0,CNN,EC-NAS,7,1,1,1,214.26561307907104,132097.5,493.2102659002093,fbbb1c1e1126ebe5ac41f94480254cb0
5V9E_fbc6095fef52f64c3f784767e703b8e8_repeat_1,fbc6095fef52f64c3f784767e703b8e8,6406538,5,4,256,110030.40000000001,CNN,EC-NAS,8,2,0,1,233.8999412059784,137538.0,470.4165355180845,fbc6095fef52f64c3f784767e703b8e8
5V9E_fc120f17e69038f055436d56cb09d5f3_repeat_1,fc120f17e69038f055436d56cb09d5f3,8294794,5,4,256,114620.4,CNN,EC-NAS,6,3,0,0,233.32329869270325,143275.5,491.2514122773481,fc120f17e69038f055436d56cb09d5f3
5V9E_fc1c2e1a30f7e91f56c8a01c25d364d3_repeat_1,fc1c2e1a30f7e91f56c8a01c25d364d3,3207690,5,4,256,64497.600000000006,CNN,EC-NAS,7,1,0,2,144.38103032112122,80622.0,446.7179646560867,fc1c2e1a30f7e91f56c8a01c25d364d3
5V9E_fc3a4ad8222fb357433c758682e283f1_repeat_1,fc3a4ad8222fb357433c758682e283f1,4166026,5,4,256,97135.2,CNN,EC-NAS,6,1,2,0,218.51875734329224,121419.0,444.5165311250646,fc3a4ad8222fb357433c758682e283f1
5V9E_fca3d3671f135e0347cd3688f3f34cad_repeat_1,fca3d3671f135e0347cd3688f3f34cad,10177674,4,4,256,78836.4,CNN,EC-NAS,3,1,0,1,151.36888456344604,98545.5,520.8230226929884,fca3d3671f135e0347cd3688f3f34cad
5V9E_fcc1e77f36eb12f3fbecee43a084cd65_repeat_1,fcc1e77f36eb12f3fbecee43a084cd65,4081418,4,4,256,90842.4,CNN,EC-NAS,6,1,0,1,185.087393283844,113553.0,490.80814413268575,fcc1e77f36eb12f3fbecee43a084cd65
5V9E_fcc2af2a747f34b2bead512aba98b5fa_repeat_1,fcc2af2a747f34b2bead512aba98b5fa,5039754,5,4,256,102063.6,CNN,EC-NAS,8,1,2,0,257.59621500968933,127579.5,396.21544903585226,fcc2af2a747f34b2bead512aba98b5fa
5V9E_fcccc9ecc7ec5b26dca78993cf011f90_repeat_1,fcccc9ecc7ec5b26dca78993cf011f90,2038941,5,4,256,89438.40000000001,CNN,EC-NAS,9,1,1,1,186.70661664009094,111798.00000000001,479.03176443075864,fcccc9ecc7ec5b26dca78993cf011f90
5V9E_fcd975a69e77e2032a389ef63f12c3df_repeat_1,fcd975a69e77e2032a389ef63f12c3df,2618136,5,4,256,87768.0,CNN,EC-NAS,8,1,1,1,197.7069697380066,109710.0,443.9297214271538,fcd975a69e77e2032a389ef63f12c3df
5V9E_fd4f31fecaf908c3a49bafc5336333e0_repeat_1,fd4f31fecaf908c3a49bafc5336333e0,3647158,5,4,256,104698.8,CNN,EC-NAS,9,2,1,0,240.09994649887085,130873.5,436.06340412280093,fd4f31fecaf908c3a49bafc5336333e0
5V9E_fd76b9b49a68c242c1f2ed6105962186_repeat_1,fd76b9b49a68c242c1f2ed6105962186,1457445,5,4,256,49147.2,CNN,EC-NAS,6,1,1,1,117.7678587436676,61434.0,417.3226933417659,fd76b9b49a68c242c1f2ed6105962186
5V9E_fd7c41694282b4fc73ceaec42a40ceaa_repeat_1,fd7c41694282b4fc73ceaec42a40ceaa,21384074,5,4,256,169059.6,CNN,EC-NAS,6,2,1,0,331.4302318096161,211324.5,510.0910652505386,fd7c41694282b4fc73ceaec42a40ceaa
5V9E_fd87dcc7abdcb1c26bf6f25327b187f6_repeat_1,fd87dcc7abdcb1c26bf6f25327b187f6,4602890,5,4,256,101350.8,CNN,EC-NAS,7,1,2,0,232.9133059978485,126688.5,435.14388139308886,fd87dcc7abdcb1c26bf6f25327b187f6
5V9E_fd9205bacd883e50fea071e4472f8052_repeat_1,fd9205bacd883e50fea071e4472f8052,4779018,5,4,256,110124.0,CNN,EC-NAS,8,1,1,1,251.51825594902039,137655.0,437.83700544711456,fd9205bacd883e50fea071e4472f8052
5V9E_fdb3b8724508bd7caa7151b0f696079a_repeat_1,fdb3b8724508bd7caa7151b0f696079a,2793866,5,4,256,72381.59999999999,CNN,EC-NAS,5,0,1,2,161.76153588294983,90476.99999999999,447.458659470043,fdb3b8724508bd7caa7151b0f696079a
5V9E_fdb78f9628ba5ea10a41fa63e83d8681_repeat_1,fdb78f9628ba5ea10a41fa63e83d8681,5969674,5,4,256,111420.0,CNN,EC-NAS,8,2,0,1,221.53742790222168,139275.0,502.93984657606757,fdb78f9628ba5ea10a41fa63e83d8681
5V9E_fe628b8f43ab1331e542b0c10ac7a960_repeat_1,fe628b8f43ab1331e542b0c10ac7a960,22093962,5,4,256,196815.59999999998,CNN,EC-NAS,8,2,0,1,388.3952565193176,246019.49999999997,506.7404832999317,fe628b8f43ab1331e542b0c10ac7a960
5V9E_fe7ff1dcecae2dccf2efaaa5ed62400e_repeat_1,fe7ff1dcecae2dccf2efaaa5ed62400e,1744541,5,4,256,65419.200000000004,CNN,EC-NAS,7,1,1,1,148.13072037696838,81774.0,441.6315524120781,fe7ff1dcecae2dccf2efaaa5ed62400e
5V9E_fea6c8f9ec485ee357893d8f78855ebf_repeat_1,fea6c8f9ec485ee357893d8f78855ebf,2714634,5,4,256,104526.0,CNN,EC-NAS,7,0,2,1,229.94129848480225,130657.5,454.5768884875135,fea6c8f9ec485ee357893d8f78855ebf
5V9E_feb42593a0a0ece2da0273560e28f97a_repeat_1,feb42593a0a0ece2da0273560e28f97a,2505634,5,4,256,85626.0,CNN,EC-NAS,7,1,0,2,172.09980654716492,107032.5,497.53687536269086,feb42593a0a0ece2da0273560e28f97a
5V9E_fee10697875153376343da66d33b60c5_repeat_1,fee10697875153376343da66d33b60c5,4342154,5,4,256,93441.6,CNN,EC-NAS,7,1,1,1,211.5736107826233,116802.0,441.6505425906095,fee10697875153376343da66d33b60c5
5V9E_feeae27b3781b2e71b431ad5d8833951_repeat_1,feeae27b3781b2e71b431ad5d8833951,1923492,5,4,256,63280.8,CNN,EC-NAS,6,1,0,2,154.6088433265686,79101.0,409.29612199695936,feeae27b3781b2e71b431ad5d8833951
5V9E_fef53d84594a57e6ea09dd70657fe764_repeat_1,fef53d84594a57e6ea09dd70657fe764,3207690,5,4,256,59126.4,CNN,EC-NAS,7,1,0,2,134.5394856929779,73908.0,439.472469330883,fef53d84594a57e6ea09dd70657fe764
5V9E_ff0123c1307350eaf41171aa73428c59_repeat_1,ff0123c1307350eaf41171aa73428c59,12962698,5,4,256,161413.2,CNN,EC-NAS,6,1,1,1,302.54718232154846,201766.5,533.5141407083056,ff0123c1307350eaf41171aa73428c59
5V9E_ff380e03ea25af14a4e7d6c4e2a15007_repeat_1,ff380e03ea25af14a4e7d6c4e2a15007,21384074,5,4,256,165618.0,CNN,EC-NAS,5,2,1,0,324.0024263858795,207022.5,511.1628386472413,ff380e03ea25af14a4e7d6c4e2a15007
5V9E_ff51d7bc886fa372f03ee6b6d39650be_repeat_1,ff51d7bc886fa372f03ee6b6d39650be,11051402,5,4,256,105998.40000000001,CNN,EC-NAS,5,1,0,2,210.45959877967834,132498.0,503.6520102414785,ff51d7bc886fa372f03ee6b6d39650be
5V9E_ff549b5511d1916ab6e788284df072c9_repeat_1,ff549b5511d1916ab6e788284df072c9,967178,5,4,256,54140.4,CNN,EC-NAS,6,0,2,1,114.90114784240723,67675.5,471.1911152903043,ff549b5511d1916ab6e788284df072c9
5V9E_ff57f99772483a8cd0442fc8828ab491_repeat_1,ff57f99772483a8cd0442fc8828ab491,3694666,5,4,256,95032.8,CNN,EC-NAS,7,3,0,0,197.6325922012329,118791.0,480.85591015896796,ff57f99772483a8cd0442fc8828ab491
5V9E_ff5875a7bd0b60254c7de818ab01da3b_repeat_1,ff5875a7bd0b60254c7de818ab01da3b,4342154,5,4,256,96674.4,CNN,EC-NAS,7,1,1,1,212.73282504081726,120843.0,454.44044651525206,ff5875a7bd0b60254c7de818ab01da3b
5V9E_ff59a3090051844c945075102954e5ee_repeat_1,ff59a3090051844c945075102954e5ee,2769326,5,4,256,77184.0,CNN,EC-NAS,7,2,1,0,186.52463293075562,96480.0,413.8005730784811,ff59a3090051844c945075102954e5ee
5V9E_ff5e32ab8020fad79a38bac794d82f81_repeat_1,ff5e32ab8020fad79a38bac794d82f81,706442,5,4,256,37173.6,CNN,EC-NAS,5,0,1,2,82.5087022781372,46467.0,450.5415668117967,ff5e32ab8020fad79a38bac794d82f81
5V9E_ff65a8822f08d8a7f669d94d95904862_repeat_1,ff65a8822f08d8a7f669d94d95904862,4518282,5,4,256,117889.2,CNN,EC-NAS,9,1,0,2,227.8517460823059,147361.5,517.394323401039,ff65a8822f08d8a7f669d94d95904862
5V9E_ff6f80fa6e91b05e348a4727eff20a5e_repeat_1,ff6f80fa6e91b05e348a4727eff20a5e,2151576,5,4,256,83311.2,CNN,EC-NAS,9,1,2,0,204.81963872909546,104139.0,406.7539642045336,ff6f80fa6e91b05e348a4727eff20a5e
5V9E_ff981cf0ea3141f7e93dafeb50766a01_repeat_1,ff981cf0ea3141f7e93dafeb50766a01,4705162,5,4,256,130989.6,CNN,EC-NAS,7,0,2,1,257.20369124412537,163737.0,509.2835152030185,ff981cf0ea3141f7e93dafeb50766a01
5V9E_ffc6db829d9e764bd1a9d177391e76d4_repeat_1,ffc6db829d9e764bd1a9d177391e76d4,12088970,5,4,256,116362.79999999999,CNN,EC-NAS,5,1,1,1,248.69560027122498,145453.5,467.8924752713593,ffc6db829d9e764bd1a9d177391e76d4
5V9E_fff0c9c7d8826ddd949823a245927898_repeat_1,fff0c9c7d8826ddd949823a245927898,3729162,5,4,256,89740.79999999999,CNN,EC-NAS,7,1,2,0,189.2915415763855,112175.99999999999,474.08774450593484,fff0c9c7d8826ddd949823a245927898
