run_id,duration
4V9E_001a6fcc8b38cbc515be788a86bdc804_repeat_1,154.60513615608215
4V9E_001a6fcc8b38cbc515be788a86bdc804_repeat_2,121.01919937133789
4V9E_001a6fcc8b38cbc515be788a86bdc804_repeat_3,119.81175446510315
4V9E_01f0f1cf81ef9193f2946db78ea759ee_repeat_1,206.90289902687073
4V9E_01f0f1cf81ef9193f2946db78ea759ee_repeat_2,185.1977241039276
4V9E_01f0f1cf81ef9193f2946db78ea759ee_repeat_3,180.84437370300293
4V9E_03d84046b0ce567b2b59e85903aa2f5f_repeat_1,236.30424523353577
4V9E_03d84046b0ce567b2b59e85903aa2f5f_repeat_2,216.56730604171753
4V9E_03d84046b0ce567b2b59e85903aa2f5f_repeat_3,219.15085768699646
4V9E_043721b9c7fe8c5fad811d47d83132ec_repeat_1,62.69350075721741
4V9E_043721b9c7fe8c5fad811d47d83132ec_repeat_2,56.941957235336304
4V9E_043721b9c7fe8c5fad811d47d83132ec_repeat_3,57.85764479637146
4V9E_08677281806ea9c8ea2451ce3093e9c3_repeat_1,96.75684404373169
4V9E_08677281806ea9c8ea2451ce3093e9c3_repeat_2,88.76583671569824
4V9E_08677281806ea9c8ea2451ce3093e9c3_repeat_3,92.35509419441223
4V9E_0922ee996ecffb2c0c5f16d1261f6dfa_repeat_1,154.426185131073
4V9E_0922ee996ecffb2c0c5f16d1261f6dfa_repeat_2,146.93174123764038
4V9E_0922ee996ecffb2c0c5f16d1261f6dfa_repeat_3,146.7186095714569
4V9E_09fc2d10bdd6225e167a6f81a22a3f06_repeat_1,154.8296058177948
4V9E_09fc2d10bdd6225e167a6f81a22a3f06_repeat_2,150.95220470428467
4V9E_09fc2d10bdd6225e167a6f81a22a3f06_repeat_3,148.91037726402283
4V9E_0ee493fe7bb618a0ae642840558f62a0_repeat_1,125.39896750450134
4V9E_0ee493fe7bb618a0ae642840558f62a0_repeat_2,122.07422280311584
4V9E_0ee493fe7bb618a0ae642840558f62a0_repeat_3,122.5727698802948
4V9E_168e95938db8e7c52112e58c0f292079_repeat_1,149.85255670547485
4V9E_168e95938db8e7c52112e58c0f292079_repeat_2,136.25768065452576
4V9E_168e95938db8e7c52112e58c0f292079_repeat_3,134.7843794822693
4V9E_19092e5d6cd57f13de1b98f46e22aa22_repeat_1,206.8845579624176
4V9E_19092e5d6cd57f13de1b98f46e22aa22_repeat_2,206.0821874141693
4V9E_19092e5d6cd57f13de1b98f46e22aa22_repeat_3,202.2929286956787
4V9E_1965d5ec723711e8cb36cbb979d90b3f_repeat_1,191.92033433914185
4V9E_1965d5ec723711e8cb36cbb979d90b3f_repeat_2,189.98991751670837
4V9E_1965d5ec723711e8cb36cbb979d90b3f_repeat_3,190.76150631904602
4V9E_1a23d766bc88a66c08a77daa62511899_repeat_1,251.10492658615112
4V9E_1a23d766bc88a66c08a77daa62511899_repeat_2,246.65278601646423
4V9E_1a23d766bc88a66c08a77daa62511899_repeat_3,248.44127130508423
4V9E_1af995a92568cf42af2c2668f72834ea_repeat_1,152.32191491127014
4V9E_1af995a92568cf42af2c2668f72834ea_repeat_2,148.5678312778473
4V9E_1af995a92568cf42af2c2668f72834ea_repeat_3,154.80005526542664
4V9E_229ad37fca0db5be24bfcce9cb434885_repeat_1,239.5114734172821
4V9E_229ad37fca0db5be24bfcce9cb434885_repeat_2,237.66529178619385
4V9E_229ad37fca0db5be24bfcce9cb434885_repeat_3,237.3324089050293
4V9E_232b900e952d86a83b0ff85c0a22cca0_repeat_1,237.8894031047821
4V9E_232b900e952d86a83b0ff85c0a22cca0_repeat_2,240.30807161331177
4V9E_232b900e952d86a83b0ff85c0a22cca0_repeat_3,236.15333890914917
4V9E_243037e12607b17d7f6704fcee4054af_repeat_1,105.79645204544067
4V9E_243037e12607b17d7f6704fcee4054af_repeat_2,108.80723071098328
4V9E_243037e12607b17d7f6704fcee4054af_repeat_3,108.94557571411133
4V9E_256affa4b0191e323796f138db7b1164_repeat_1,289.9756247997284
4V9E_256affa4b0191e323796f138db7b1164_repeat_2,284.4058334827423
4V9E_256affa4b0191e323796f138db7b1164_repeat_3,282.9934296607971
4V9E_278a65c91e279624407615a84f3282c4_repeat_1,146.38139629364014
4V9E_278a65c91e279624407615a84f3282c4_repeat_2,145.1716434955597
4V9E_278a65c91e279624407615a84f3282c4_repeat_3,141.6643464565277
4V9E_28a58bc7944a6cfc6749c9f786a81c9b_repeat_1,167.8816783428192
4V9E_28a58bc7944a6cfc6749c9f786a81c9b_repeat_2,165.56001901626587
4V9E_28a58bc7944a6cfc6749c9f786a81c9b_repeat_3,166.2414813041687
4V9E_2a52c4ead5953583354572b64675c153_repeat_1,185.68506693840027
4V9E_2a52c4ead5953583354572b64675c153_repeat_2,183.15922212600708
4V9E_2a52c4ead5953583354572b64675c153_repeat_3,188.5476324558258
4V9E_2aacadf61dfc59833d015cbbe2a755fd_repeat_1,282.4544711112976
4V9E_2aacadf61dfc59833d015cbbe2a755fd_repeat_2,274.15029549598694
4V9E_2aacadf61dfc59833d015cbbe2a755fd_repeat_3,281.00253677368164
4V9E_2bd05a35a814d8771bc0a0593bfd1800_repeat_1,161.4177017211914
4V9E_2bd05a35a814d8771bc0a0593bfd1800_repeat_2,162.76209354400635
4V9E_2bd05a35a814d8771bc0a0593bfd1800_repeat_3,163.1103322505951
4V9E_2f46c9d2f1cff176f34a2295c49822bc_repeat_1,121.31883263587952
4V9E_2f46c9d2f1cff176f34a2295c49822bc_repeat_2,121.55445265769958
4V9E_2f46c9d2f1cff176f34a2295c49822bc_repeat_3,120.05128145217896
4V9E_31d1039b23e8e5454fcc96406b9c94e5_repeat_1,113.84749984741211
4V9E_31d1039b23e8e5454fcc96406b9c94e5_repeat_2,118.70985221862793
4V9E_31d1039b23e8e5454fcc96406b9c94e5_repeat_3,118.27252721786499
4V9E_33d2a114f6385661657c44b49cc83815_repeat_1,183.4560489654541
4V9E_33d2a114f6385661657c44b49cc83815_repeat_2,181.48838591575623
4V9E_33d2a114f6385661657c44b49cc83815_repeat_3,178.55386590957642
4V9E_3407944b22d4b1d0cccbd8e070424ce4_repeat_1,121.82160520553589
4V9E_3407944b22d4b1d0cccbd8e070424ce4_repeat_2,119.9570243358612
4V9E_3407944b22d4b1d0cccbd8e070424ce4_repeat_3,117.35501384735107
4V9E_3835552b2806f980e414bef37786ea06_repeat_1,156.27642607688904
4V9E_3835552b2806f980e414bef37786ea06_repeat_2,150.0264232158661
4V9E_3835552b2806f980e414bef37786ea06_repeat_3,149.88704800605774
4V9E_38e55ad9ee9194f5392fcccb3e54a4c3_repeat_1,222.86407852172852
4V9E_38e55ad9ee9194f5392fcccb3e54a4c3_repeat_2,217.9816951751709
4V9E_38e55ad9ee9194f5392fcccb3e54a4c3_repeat_3,222.66608262062073
4V9E_3af5d23d803ef448b8539054d8c14213_repeat_1,139.11773586273193
4V9E_3af5d23d803ef448b8539054d8c14213_repeat_2,135.6438627243042
4V9E_3af5d23d803ef448b8539054d8c14213_repeat_3,141.8974575996399
4V9E_3c325aea3e66b614c829c5169d038b80_repeat_1,154.9227237701416
4V9E_3c325aea3e66b614c829c5169d038b80_repeat_2,155.88737154006958
4V9E_3c325aea3e66b614c829c5169d038b80_repeat_3,155.70787572860718
4V9E_3db7e20184e417b4eb1718c5846356a6_repeat_1,114.90878891944885
4V9E_3db7e20184e417b4eb1718c5846356a6_repeat_2,119.522145986557
4V9E_3db7e20184e417b4eb1718c5846356a6_repeat_3,116.7527322769165
4V9E_40a32abfcdc45196e1847e9bc3da7e3e_repeat_1,201.44794416427612
4V9E_40a32abfcdc45196e1847e9bc3da7e3e_repeat_2,207.63134908676147
4V9E_40a32abfcdc45196e1847e9bc3da7e3e_repeat_3,205.77845239639282
4V9E_471546730eff6ba24d163061e4029d13_repeat_1,195.83684611320496
4V9E_471546730eff6ba24d163061e4029d13_repeat_2,195.1353895664215
4V9E_471546730eff6ba24d163061e4029d13_repeat_3,194.15006852149963
4V9E_47fb5adadfc9f8a75e3de789f7591943_repeat_1,195.34411573410034
4V9E_47fb5adadfc9f8a75e3de789f7591943_repeat_2,195.3115303516388
4V9E_47fb5adadfc9f8a75e3de789f7591943_repeat_3,189.8571310043335
4V9E_52e567b5b32ee5cbf4a2da75ee75f63f_repeat_1,250.02284002304077
4V9E_52e567b5b32ee5cbf4a2da75ee75f63f_repeat_2,246.8651316165924
4V9E_52e567b5b32ee5cbf4a2da75ee75f63f_repeat_3,247.5295717716217
4V9E_53cee42601ad14d661bb6878031d6acb_repeat_1,65.30836081504822
4V9E_53cee42601ad14d661bb6878031d6acb_repeat_2,64.96893501281738
4V9E_53cee42601ad14d661bb6878031d6acb_repeat_3,65.91431021690369
4V9E_5498ba534c256c9d086596e2b51cf170_repeat_1,132.42703866958618
4V9E_5498ba534c256c9d086596e2b51cf170_repeat_2,130.03278064727783
4V9E_5498ba534c256c9d086596e2b51cf170_repeat_3,135.02955555915833
4V9E_5529e1779433733d1145e20de5d8604e_repeat_1,156.35180044174194
4V9E_5529e1779433733d1145e20de5d8604e_repeat_2,157.0586428642273
4V9E_5529e1779433733d1145e20de5d8604e_repeat_3,156.98744893074036
4V9E_5732fc789e02a84809d88f93fcc70f8e_repeat_1,132.71899890899658
4V9E_5732fc789e02a84809d88f93fcc70f8e_repeat_2,136.88505911827087
4V9E_5732fc789e02a84809d88f93fcc70f8e_repeat_3,135.88622856140137
4V9E_5cdd2affca58e6cedfae506e021f21ca_repeat_1,161.36294770240784
4V9E_5cdd2affca58e6cedfae506e021f21ca_repeat_2,167.56385445594788
4V9E_5cdd2affca58e6cedfae506e021f21ca_repeat_3,166.6270501613617
4V9E_62c7f446ef395b39de7b04f52d47a73f_repeat_1,156.8743236064911
4V9E_62c7f446ef395b39de7b04f52d47a73f_repeat_2,155.9290816783905
4V9E_62c7f446ef395b39de7b04f52d47a73f_repeat_3,153.49066543579102
4V9E_66ea4e36f994d4bf11102cbef10a3cb1_repeat_1,241.51332592964172
4V9E_66ea4e36f994d4bf11102cbef10a3cb1_repeat_2,237.83707785606384
4V9E_66ea4e36f994d4bf11102cbef10a3cb1_repeat_3,233.25429511070251
4V9E_675777ecb1daff61b6917d833406cb82_repeat_1,203.39702129364014
4V9E_675777ecb1daff61b6917d833406cb82_repeat_2,201.4609019756317
4V9E_675777ecb1daff61b6917d833406cb82_repeat_3,202.12680792808533
4V9E_67848998fa467b5229586bebd43ff6bc_repeat_1,170.23154067993164
4V9E_67848998fa467b5229586bebd43ff6bc_repeat_2,168.37771606445312
4V9E_67848998fa467b5229586bebd43ff6bc_repeat_3,172.15704321861267
4V9E_683d2f0f319573826904fad060a1895a_repeat_1,198.5529670715332
4V9E_683d2f0f319573826904fad060a1895a_repeat_2,196.92746591567993
4V9E_683d2f0f319573826904fad060a1895a_repeat_3,201.6042778491974
4V9E_6adf09ef60d9568b0c5ce41d788a41bc_repeat_1,109.628103017807
4V9E_6adf09ef60d9568b0c5ce41d788a41bc_repeat_2,110.32417678833008
4V9E_6adf09ef60d9568b0c5ce41d788a41bc_repeat_3,108.56243705749512
4V9E_6bb3a5f158c57162b2a9671a1402725f_repeat_1,108.09417247772217
4V9E_6bb3a5f158c57162b2a9671a1402725f_repeat_2,109.66100335121155
4V9E_6bb3a5f158c57162b2a9671a1402725f_repeat_3,108.96858167648315
4V9E_6ed519887232b15a95c625ad0b2c1bb1_repeat_1,167.51988649368286
4V9E_6ed519887232b15a95c625ad0b2c1bb1_repeat_2,173.5970220565796
4V9E_6ed519887232b15a95c625ad0b2c1bb1_repeat_3,171.4577603340149
4V9E_6f26dc0c4fe9591225e8d3d24ed4f8a6_repeat_1,97.69131517410278
4V9E_6f26dc0c4fe9591225e8d3d24ed4f8a6_repeat_2,96.4162368774414
4V9E_6f26dc0c4fe9591225e8d3d24ed4f8a6_repeat_3,95.86129713058472
4V9E_6f6257bc3b12d87b8736e81cd4b7ed8b_repeat_1,114.96423029899597
4V9E_6f6257bc3b12d87b8736e81cd4b7ed8b_repeat_2,112.90974164009094
4V9E_6f6257bc3b12d87b8736e81cd4b7ed8b_repeat_3,110.89744114875793
4V9E_702ddef6b5b7f659ef1ed38652d91115_repeat_1,160.05439686775208
4V9E_702ddef6b5b7f659ef1ed38652d91115_repeat_2,158.0041105747223
4V9E_702ddef6b5b7f659ef1ed38652d91115_repeat_3,158.42756390571594
4V9E_70cec3d45475d0428b47a6143a0c9370_repeat_1,199.8855574131012
4V9E_70cec3d45475d0428b47a6143a0c9370_repeat_2,199.27137541770935
4V9E_70cec3d45475d0428b47a6143a0c9370_repeat_3,200.0874035358429
4V9E_76e95ff773019375ce55737d623dea78_repeat_1,157.9897837638855
4V9E_76e95ff773019375ce55737d623dea78_repeat_2,155.35142064094543
4V9E_76e95ff773019375ce55737d623dea78_repeat_3,159.41846299171448
4V9E_79ac0ca945869f05b1fc34f4110f67d3_repeat_1,106.51049566268921
4V9E_79ac0ca945869f05b1fc34f4110f67d3_repeat_2,106.1301646232605
4V9E_79ac0ca945869f05b1fc34f4110f67d3_repeat_3,106.19340991973877
4V9E_7c65f6bd01b87407734781b6038050bc_repeat_1,127.00149750709534
4V9E_7c65f6bd01b87407734781b6038050bc_repeat_2,129.8328619003296
4V9E_7c65f6bd01b87407734781b6038050bc_repeat_3,128.66935539245605
4V9E_7dadb571f060337fb22f22029a04228a_repeat_1,137.10957670211792
4V9E_7dadb571f060337fb22f22029a04228a_repeat_2,142.7979462146759
4V9E_7dadb571f060337fb22f22029a04228a_repeat_3,141.86902165412903
4V9E_81653de2d99676fa3d377640124a73ab_repeat_1,131.21095871925354
4V9E_81653de2d99676fa3d377640124a73ab_repeat_2,131.07991480827332
4V9E_81653de2d99676fa3d377640124a73ab_repeat_3,130.42910361289978
4V9E_81f5a40841c2dfc0dcad2cf76c88e80e_repeat_1,82.41531300544739
4V9E_81f5a40841c2dfc0dcad2cf76c88e80e_repeat_2,81.29629397392273
4V9E_81f5a40841c2dfc0dcad2cf76c88e80e_repeat_3,81.33338046073914
4V9E_842dff1b9c5aca2c13ffaa2db0b1eb29_repeat_1,147.5277214050293
4V9E_842dff1b9c5aca2c13ffaa2db0b1eb29_repeat_2,146.53694462776184
4V9E_842dff1b9c5aca2c13ffaa2db0b1eb29_repeat_3,148.33736038208008
4V9E_852f21047c2aa03cb1fde04587083228_repeat_1,227.55915641784668
4V9E_852f21047c2aa03cb1fde04587083228_repeat_2,226.84640455245972
4V9E_852f21047c2aa03cb1fde04587083228_repeat_3,231.37624049186707
4V9E_85718dce1eb4b3faf5afb197457e35ee_repeat_1,141.7404227256775
4V9E_85718dce1eb4b3faf5afb197457e35ee_repeat_2,139.74047207832336
4V9E_85718dce1eb4b3faf5afb197457e35ee_repeat_3,143.06749653816223
4V9E_8cb3a764fd692371153c2c8503f840e0_repeat_1,198.14014649391174
4V9E_8cb3a764fd692371153c2c8503f840e0_repeat_2,199.61406922340393
4V9E_8cb3a764fd692371153c2c8503f840e0_repeat_3,198.77424907684326
4V9E_8d3ffe0d1458f92482106e2c9fb13c94_repeat_1,130.68864846229553
4V9E_8d3ffe0d1458f92482106e2c9fb13c94_repeat_2,134.19592356681824
4V9E_8d3ffe0d1458f92482106e2c9fb13c94_repeat_3,132.59212136268616
4V9E_9205f3085fe97cb7a47783c3bbc01eab_repeat_1,164.7980592250824
4V9E_9205f3085fe97cb7a47783c3bbc01eab_repeat_2,170.64391493797302
4V9E_9205f3085fe97cb7a47783c3bbc01eab_repeat_3,168.29309678077698
4V9E_96794a104891b22bf4f2abbdd7c3e90f_repeat_1,186.65192365646362
4V9E_96794a104891b22bf4f2abbdd7c3e90f_repeat_2,187.22305583953857
4V9E_96794a104891b22bf4f2abbdd7c3e90f_repeat_3,186.6433141231537
4V9E_97d0e4e2c6056628b5ccdaf94c0c77c6_repeat_1,207.5860254764557
4V9E_97d0e4e2c6056628b5ccdaf94c0c77c6_repeat_2,205.6480770111084
4V9E_97d0e4e2c6056628b5ccdaf94c0c77c6_repeat_3,203.425856590271
4V9E_a2193374d95ee8c3705d8c70065389e6_repeat_1,287.4425120353699
4V9E_a2193374d95ee8c3705d8c70065389e6_repeat_2,284.44712257385254
4V9E_a2193374d95ee8c3705d8c70065389e6_repeat_3,286.12446808815
4V9E_a2bf72fb2862b50b2c94c32c968265ab_repeat_1,168.119562625885
4V9E_a2bf72fb2862b50b2c94c32c968265ab_repeat_2,167.24402689933777
4V9E_a2bf72fb2862b50b2c94c32c968265ab_repeat_3,169.5425980091095
4V9E_a6a4c66cdd64789c73aae44ce88ee90d_repeat_1,157.22135663032532
4V9E_a6a4c66cdd64789c73aae44ce88ee90d_repeat_2,153.56263279914856
4V9E_a6a4c66cdd64789c73aae44ce88ee90d_repeat_3,159.47506499290466
4V9E_a83c59315fe1e948e38ba49e6e54b790_repeat_1,169.96439838409424
4V9E_a83c59315fe1e948e38ba49e6e54b790_repeat_2,172.18278646469116
4V9E_a83c59315fe1e948e38ba49e6e54b790_repeat_3,169.32675647735596
4V9E_ac9bd0e2514c031187b612db767fb038_repeat_1,111.61067032814026
4V9E_ac9bd0e2514c031187b612db767fb038_repeat_2,114.69455051422119
4V9E_ac9bd0e2514c031187b612db767fb038_repeat_3,113.6981110572815
4V9E_b49ac8c578b4561d79ac7087988f1c61_repeat_1,144.31824231147766
4V9E_b49ac8c578b4561d79ac7087988f1c61_repeat_2,144.02571296691895
4V9E_b49ac8c578b4561d79ac7087988f1c61_repeat_3,141.16044878959656
4V9E_b5fb4f6193360330b6ff6a52cbf0cad7_repeat_1,290.41783905029297
4V9E_b5fb4f6193360330b6ff6a52cbf0cad7_repeat_2,277.62677669525146
4V9E_b5fb4f6193360330b6ff6a52cbf0cad7_repeat_3,279.0153486728668
4V9E_bb60c46f5b7c352b7900043c5ef7e0a7_repeat_1,158.4510293006897
4V9E_bb60c46f5b7c352b7900043c5ef7e0a7_repeat_2,157.52221512794495
4V9E_bb60c46f5b7c352b7900043c5ef7e0a7_repeat_3,155.09411001205444
4V9E_bb9ca5417916d86ba45d875da68c7445_repeat_1,246.28232049942017
4V9E_bb9ca5417916d86ba45d875da68c7445_repeat_2,245.14232516288757
4V9E_bb9ca5417916d86ba45d875da68c7445_repeat_3,245.01919531822205
4V9E_c122367432b22688bc63c2f329bf5286_repeat_1,82.16157913208008
4V9E_c122367432b22688bc63c2f329bf5286_repeat_2,81.33758807182312
4V9E_c122367432b22688bc63c2f329bf5286_repeat_3,82.44961547851562
4V9E_c2fdfa8fd144d4edce2b19d72179ced8_repeat_1,176.89144325256348
4V9E_c2fdfa8fd144d4edce2b19d72179ced8_repeat_2,174.58148074150085
4V9E_c2fdfa8fd144d4edce2b19d72179ced8_repeat_3,176.63641262054443
4V9E_c6705a91351a406fb50dd5d79bb718f3_repeat_1,205.4877302646637
4V9E_c6705a91351a406fb50dd5d79bb718f3_repeat_2,207.38739228248596
4V9E_c6705a91351a406fb50dd5d79bb718f3_repeat_3,201.61119675636292
4V9E_d0a5ff67e269a1ac4f305c618a88ac85_repeat_1,185.92066597938538
4V9E_d0a5ff67e269a1ac4f305c618a88ac85_repeat_2,189.38638615608215
4V9E_d0a5ff67e269a1ac4f305c618a88ac85_repeat_3,186.36870288848877
4V9E_d1269d9156ddc027c40473008192958a_repeat_1,100.43886232376099
4V9E_d1269d9156ddc027c40473008192958a_repeat_2,101.3493025302887
4V9E_d1269d9156ddc027c40473008192958a_repeat_3,98.44727087020874
4V9E_d32d0b26d534203b48d866facd98cc3e_repeat_1,191.09237790107727
4V9E_d32d0b26d534203b48d866facd98cc3e_repeat_2,190.07110714912415
4V9E_d32d0b26d534203b48d866facd98cc3e_repeat_3,192.2169530391693
4V9E_d723fafcc2ca745c82f157d07850d40a_repeat_1,200.52450132369995
4V9E_d723fafcc2ca745c82f157d07850d40a_repeat_2,199.24121284484863
4V9E_d723fafcc2ca745c82f157d07850d40a_repeat_3,196.23478841781616
4V9E_e09c915a4a4798c2bb9bc2d2222887de_repeat_1,96.56651258468628
4V9E_e09c915a4a4798c2bb9bc2d2222887de_repeat_2,95.3078396320343
4V9E_e09c915a4a4798c2bb9bc2d2222887de_repeat_3,95.3018069267273
4V9E_e4c6dbcf55cae25268c414a0bdc621ec_repeat_1,72.44616341590881
4V9E_e4c6dbcf55cae25268c414a0bdc621ec_repeat_2,72.23340320587158
4V9E_e4c6dbcf55cae25268c414a0bdc621ec_repeat_3,73.44313287734985
4V9E_e5a8038201ff317594fa62c45ecd2d05_repeat_1,241.39056420326233
4V9E_e5a8038201ff317594fa62c45ecd2d05_repeat_2,233.99581956863403
4V9E_e5a8038201ff317594fa62c45ecd2d05_repeat_3,235.4215075969696
4V9E_e5e6fc9315ad8a73344f723dbede3ecd_repeat_1,131.5366542339325
4V9E_e5e6fc9315ad8a73344f723dbede3ecd_repeat_2,132.8853542804718
4V9E_e5e6fc9315ad8a73344f723dbede3ecd_repeat_3,126.79588031768799
4V9E_e773a7a186b03b0957d57fed0f4d014a_repeat_1,59.432315826416016
4V9E_e773a7a186b03b0957d57fed0f4d014a_repeat_2,60.239959478378296
4V9E_e773a7a186b03b0957d57fed0f4d014a_repeat_3,60.264150857925415
4V9E_e7f31293566724324d3ccc875f097f01_repeat_1,94.80781245231628
4V9E_e7f31293566724324d3ccc875f097f01_repeat_2,98.81183695793152
4V9E_e7f31293566724324d3ccc875f097f01_repeat_3,94.76118779182434
4V9E_ea9270f536a1f1094f446246dad4fe89_repeat_1,326.8353040218353
4V9E_ea9270f536a1f1094f446246dad4fe89_repeat_2,326.9753613471985
4V9E_ea9270f536a1f1094f446246dad4fe89_repeat_3,328.99621510505676
4V9E_fca3d3671f135e0347cd3688f3f34cad_repeat_1,152.11629915237427
4V9E_fca3d3671f135e0347cd3688f3f34cad_repeat_2,149.67579317092896
4V9E_fca3d3671f135e0347cd3688f3f34cad_repeat_3,147.4606306552887
4V9E_fcc1e77f36eb12f3fbecee43a084cd65_repeat_1,182.591392993927
4V9E_fcc1e77f36eb12f3fbecee43a084cd65_repeat_2,180.5336995124817
4V9E_fcc1e77f36eb12f3fbecee43a084cd65_repeat_3,181.5118317604065
5V9E_001a6fcc8b38cbc515be788a86bdc804_repeat_1,189.4775266647339
5V9E_001ea832563f8d635ef7d0af25926274_repeat_1,319.31787943840027
5V9E_00455f0d3f10d9a5daa098a173c3d6b8_repeat_1,331.32855701446533
5V9E_005d730dc32caf954ab507d61e15cd6f_repeat_1,272.4105005264282
5V9E_006a8c8225a795824292a06f371586e7_repeat_1,264.5768413543701
5V9E_007ad06305fb03005ee8db9bd3760d40_repeat_1,155.26428508758545
5V9E_0084fcbf55ebee6c2a3c22d71ff418bc_repeat_1,249.42207765579224
5V9E_0086506b05f8c35f8f1b5f2d5e0d4da6_repeat_1,248.58471775054932
5V9E_008e7cf63961863468a8cde033ada944_repeat_1,173.15148735046387
5V9E_00a48ca7ae3fc62a28990d736c7b0620_repeat_1,247.32893323898315
5V9E_00a667b8ab8b56ce5552ec18c9c00965_repeat_1,174.46150732040405
5V9E_00b363b7eb6f3f87e800db04dfe670ee_repeat_1,193.7836663722992
5V9E_00be0557e1b25e1170904b3ee4ffac28_repeat_1,162.10608100891113
5V9E_00c88878aecc60f6540654e2671e26c6_repeat_1,336.5714361667633
5V9E_00d00c2452af420327353fa171bd834e_repeat_1,124.39404082298279
5V9E_00dceff31749898e964d5290108357e7_repeat_1,156.97923827171326
5V9E_00e1876a649a9251aa92036ee7f8df1e_repeat_1,162.06826448440552
5V9E_0103211065f9072f4c663baf39df06df_repeat_1,148.0170910358429
5V9E_012cd65cf70a67e4a760a308ce890236_repeat_1,224.188725233078
5V9E_01591f1394738441dc191908d905deda_repeat_1,234.00840163230896
5V9E_0178f60e80a3201b1cdc7a02d2de3402_repeat_1,287.0363464355469
5V9E_0183ba86b4e87495574984b989096fa8_repeat_1,115.98112487792969
5V9E_018daff9c94cd3e3ff035e3b27ccaa4d_repeat_1,103.22762417793274
5V9E_018fa6aa43108ba80b8aa3770272308f_repeat_1,202.88911962509155
5V9E_01ad9f55669820b94cc9708e200fe19e_repeat_1,335.06635069847107
5V9E_01b1828b5dca8f8444035094ec798c70_repeat_1,193.04526567459106
5V9E_01b97c485827b0434b74b8c27fd9f1e6_repeat_1,211.94657182693481
5V9E_01c8bb2810e1803f200957721e1c1b4a_repeat_1,191.0077564716339
5V9E_01f0f1cf81ef9193f2946db78ea759ee_repeat_1,187.09124064445496
5V9E_0229f3bd3be6217f458573d0b737b761_repeat_1,128.75364804267883
5V9E_022c66c9b7d9dc1f784afda8f2d821d9_repeat_1,181.8192262649536
5V9E_022cdd278353b9b787fe5de8356f10df_repeat_1,255.3024125099182
5V9E_024a799d57feeecb84d665769aa3f34d_repeat_1,295.86875343322754
5V9E_0259eaa493fe9e7d5be088da14fce00e_repeat_1,223.20189476013184
5V9E_0268e3cebecd1b8d503cb729abbc41dc_repeat_1,187.91652297973633
5V9E_0291ed0ba0f70add225e7861e8602cc2_repeat_1,146.3348572254181
5V9E_02d0baa29e661d2283d7b81c66a35920_repeat_1,222.196635723114
5V9E_02e10b7bfb8fd15994c6a6d0faafc74d_repeat_1,236.82329630851746
5V9E_02eb39adf4d82bd1fd539aa1c83e388e_repeat_1,194.78310871124268
5V9E_03090b09accf97b6d1b0144bd330fc00_repeat_1,201.52190256118774
5V9E_0310b38ea648e9194a920a5d689e3b2b_repeat_1,176.14923119544983
5V9E_0328e2720e43bd70098047dc8deb8a65_repeat_1,225.96185898780823
5V9E_034f775bd540853f0991232dc49d6837_repeat_1,209.5717532634735
5V9E_03582b6029c3edd221597d3160915180_repeat_1,171.62363171577454
5V9E_035fafd24973204e35ccb92ad464a20c_repeat_1,139.63097548484802
5V9E_0366938ca06384c65835033bb5dd7ac2_repeat_1,161.63463735580444
5V9E_0393691bd227ec5ac8b5692b96834e17_repeat_1,109.2804594039917
5V9E_03d181ec6b48974b70ce0329a06c6c6b_repeat_1,125.51539468765259
5V9E_03d84046b0ce567b2b59e85903aa2f5f_repeat_1,213.4137463569641
5V9E_03dbd4446e0791a79016b49af39fc9d3_repeat_1,214.1055805683136
5V9E_040531ea6c3975ddead38156828e8232_repeat_1,180.07877612113953
5V9E_041508be534661271f4a305cba85bd06_repeat_1,213.2336072921753
5V9E_041d26e56463763cb30e1f6e0e28217a_repeat_1,159.14744019508362
5V9E_043721b9c7fe8c5fad811d47d83132ec_repeat_1,57.0689160823822
5V9E_04399ceed700c3bccfac5f1267976836_repeat_1,255.705228805542
5V9E_04499d6782068b682a47c5a45f88ee0a_repeat_1,249.95536160469055
5V9E_045ee9b9b9d744e93757c6a938bee0c2_repeat_1,63.9351122379303
5V9E_04a34e3b5a679b6742ed1efd16247ea6_repeat_1,287.9466862678528
5V9E_04a50cabdbd9327c5a9cd2426e95fc9f_repeat_1,138.0436613559723
5V9E_04c8e8d00e30663d1611226c18ef6eb5_repeat_1,329.566933631897
5V9E_04c9dfb609fe91ed929e24497ba4e72a_repeat_1,333.98882937431335
5V9E_04cb975eaffa7ca21438f48fe419366c_repeat_1,169.72202110290527
5V9E_04db8ad232d0165715ecf25b2998160b_repeat_1,96.70384645462036
5V9E_04dd55f9ce193b6a0788101eab3392f8_repeat_1,221.60815334320068
5V9E_04f37bfae263fab2c78537d393b745e7_repeat_1,175.46056294441223
5V9E_0503d5ce3ffa80fe5151d4b29a1c6634_repeat_1,369.84437346458435
5V9E_051221e07848525fb65a09c5f60c2236_repeat_1,245.5449297428131
5V9E_052549400eb914ef3cf243e1b880bec0_repeat_1,254.0988473892212
5V9E_0529323b2eb3b320e543a95b37dce324_repeat_1,213.38510489463806
5V9E_0546604a6607cb42d5324d7d80d00e9f_repeat_1,200.67923378944397
5V9E_055393d97d913b1ef1e97eb8dd465d2d_repeat_1,85.15480303764343
5V9E_055e924b03afdf7e5c9220ed06282a9e_repeat_1,179.94292736053467
5V9E_056223da36a0e304ec8de4a4573525f1_repeat_1,209.0916051864624
5V9E_056fcde08e6bda79b0353420c790965e_repeat_1,124.28147268295288
5V9E_05763c6c7067de6be2791bada8a757f0_repeat_1,169.79775595664978
5V9E_059d278e5ca46c2615f6516f917b2519_repeat_1,161.76150918006897
5V9E_05a61e1c5dd646c3f3f932a2beebbe5a_repeat_1,197.4110357761383
5V9E_05cf16b0c0e041eec9947b7a6585726f_repeat_1,156.95808362960815
5V9E_05d1b56c868763ff26aede45b06ff801_repeat_1,146.86815786361694
5V9E_05dab24fa57bb54b96daa955fddef8c6_repeat_1,304.0630340576172
5V9E_05f961a799417166ff86ce1f15076ddb_repeat_1,255.58279705047607
5V9E_060659e8ba79bffefc418c39b815930b_repeat_1,122.79009366035461
5V9E_0645048cb9b24384dd5e6af0db6d2b91_repeat_1,349.00034737586975
5V9E_06681646fdb451988175907661a60859_repeat_1,287.9028289318085
5V9E_0685546d01ce984bb2e20bd2f43a1acb_repeat_1,206.63678812980652
5V9E_06bffe8b0346333e9b7746edec26b0b5_repeat_1,210.1515552997589
5V9E_06c516fe42cd85ddc6bcd8044fc9c32a_repeat_1,136.33614110946655
5V9E_06fd22c43bc85781a76ca95cb7d6ed9d_repeat_1,217.76994252204895
5V9E_071d1110f3f698988a44c44a5c1b356a_repeat_1,219.3377764225006
5V9E_072408dc716e7d9170358c64a254f1c8_repeat_1,157.11941266059875
5V9E_075c302a76b065db022d643641d4c813_repeat_1,148.61969828605652
5V9E_07d797072e8c98f38838728796df961d_repeat_1,133.55128979682922
5V9E_07daea66f88be81eab715d934369fe2a_repeat_1,235.05856919288635
5V9E_080d44f4cd7b7ef4603f9c90f53a1840_repeat_1,170.93635964393616
5V9E_082a1b84b5a8b872d8337add0faef9b8_repeat_1,179.65912747383118
5V9E_083852cc4f0c1cba00707ec34c29d604_repeat_1,177.83161520957947
5V9E_083f72b8721f07e761530229ea35aa27_repeat_1,183.7363805770874
5V9E_084e7b12236e3e7532245561f455c1cb_repeat_1,199.5224437713623
5V9E_08526eeba526d70d5a75798987dec43b_repeat_1,169.69782662391663
5V9E_0855127276792084e4ecb346f7a3871e_repeat_1,291.7084047794342
5V9E_08677281806ea9c8ea2451ce3093e9c3_repeat_1,91.8890814781189
5V9E_086c17bed351d943b857ce024edafafe_repeat_1,238.30549812316895
5V9E_087fdce1f8eca0a97f91fb060f45e5d2_repeat_1,201.7895383834839
5V9E_0922ee996ecffb2c0c5f16d1261f6dfa_repeat_1,146.0910143852234
5V9E_09346bfa8a84f90f5969c8aa6847396e_repeat_1,168.374356508255
5V9E_0954fc5f2e092304b6341cccbcfee05c_repeat_1,176.14931678771973
5V9E_095f24ce69de6e5f4d3ebe3ceaca2cfd_repeat_1,211.04531908035278
5V9E_099433f57cf79393e3177f1704ebedae_repeat_1,134.35648345947266
5V9E_099eff26fdf41c3bd2b70866891d57b3_repeat_1,291.29054832458496
5V9E_09f1f295b5df52d6448fad926b0ad7e2_repeat_1,215.74201655387878
5V9E_09fc2d10bdd6225e167a6f81a22a3f06_repeat_1,149.54416465759277
5V9E_09fe44f72b3f1237bd72ac74c427aef9_repeat_1,213.5800371170044
5V9E_0a1097486bd7d3bd3cbcbf3959b6583d_repeat_1,182.34811091423035
5V9E_0a1f1d084604b2d242e3f15fbcf388ea_repeat_1,199.22412180900574
5V9E_0a4de03d940c3f672f08a0a16fe59bd6_repeat_1,220.8334608078003
5V9E_0a59627718ee81d87c4462e94e5ee852_repeat_1,244.7444224357605
5V9E_0a61a51de5fa2797306b6c7dd25cb750_repeat_1,162.89564418792725
5V9E_0a6881c59dd9a0f3f440bb104454bbaf_repeat_1,213.48220992088318
5V9E_0a7ec0f7a657f1d9a10a71f99f774ed2_repeat_1,167.22945499420166
5V9E_0ab8c4483a7db026b682d1e54adef303_repeat_1,150.3132722377777
5V9E_0ad3c407fcf224f53e76d793e5cf58b7_repeat_1,162.77822494506836
5V9E_0af6c7eb081f02d531104971a9ce4087_repeat_1,168.55865144729614
5V9E_0b4b6e8f8652d8dbbaf5a1a34f307b9b_repeat_1,334.77535367012024
5V9E_0b52c9b2c5351a68ee36e8c52b94dd4e_repeat_1,143.82606959342957
5V9E_0b5d139c27f97e5b652009996a3d89b8_repeat_1,110.58612179756165
5V9E_0b726323a98397b2c3a17fa85d9814b1_repeat_1,228.32843375205994
5V9E_0b896cf5633a9c166dbadd935337cf76_repeat_1,159.1076855659485
5V9E_0ba807ec12d7389497dc08a056e7fa98_repeat_1,207.67489433288574
5V9E_0baa62900096dc6992a5b359e8a2ca68_repeat_1,331.87887930870056
5V9E_0bc384e1c7f006dc7f8115090130b295_repeat_1,243.83842253684998
5V9E_0bc4aef0b6ef737c745e82f069230d5f_repeat_1,231.05214643478394
5V9E_0bcaf83a49d04411111e0be20fe56f6d_repeat_1,232.73532581329346
5V9E_0bdee335eaee04875c4184037d11a0a3_repeat_1,300.7745244503021
5V9E_0bedf0b569d61d8fae010dc8450ef5d2_repeat_1,247.61661005020142
5V9E_0bfb0c4ef6666c06651e779e54f418eb_repeat_1,336.8564326763153
5V9E_0c09a1268008c046c2e991fd71de10b4_repeat_1,249.83850359916687
5V9E_0c0a5bacb74a041e67d53834fa1f8551_repeat_1,110.55299687385559
5V9E_0c35c4a7b701f70bb67ddbb72dfdcd23_repeat_1,199.19310927391052
5V9E_0c50d88ea4244fdaaeba5953cb21dba5_repeat_1,221.51257824897766
5V9E_0c723d1a6e1787ef68ad60426af4b487_repeat_1,209.20101237297058
5V9E_0c78dca45dc22254cc45af02570a8592_repeat_1,181.87070560455322
5V9E_0c806195e5e839957d4a5b67facb782f_repeat_1,62.04402780532837
5V9E_0c957d05e996122e7e6c1e8f226f40be_repeat_1,340.01714730262756
5V9E_0ca2cc9fbcfd1238692448d1ff8a08ae_repeat_1,83.36550092697144
5V9E_0cdca576ab2c3b0bd9dd07482d74d527_repeat_1,183.3450574874878
5V9E_0cf6c6737d632950fa9a2ab85751dc99_repeat_1,189.06622099876404
5V9E_0d3f6887bea9bde78416fdecc3eef512_repeat_1,170.95952033996582
5V9E_0d5bbc2dfb430584c333501efd775d6a_repeat_1,184.73895239830017
5V9E_0d7b0382c741fbf571de6734164573e5_repeat_1,202.94401574134827
5V9E_0d7c86c40c9f8306c6691b0cf8dee88b_repeat_1,143.50328421592712
5V9E_0d7caa909dc2c030c2b2e604ff93a7c6_repeat_1,311.011825799942
5V9E_0dbdd84ff535eb20dd0ec42fcb1634b4_repeat_1,213.84720396995544
5V9E_0df5609b2fdca8050afd62f3be2e44dc_repeat_1,217.78717970848083
5V9E_0df6180868898c64297e3dc3e45e97ce_repeat_1,215.0832803249359
5V9E_0dff80d8d2f054a3862c06159eb9af0b_repeat_1,157.97401237487793
5V9E_0e0bfe064b565428d93f3cbbd511b013_repeat_1,124.87911438941956
5V9E_0e359692a4d013f6ef4217cbc7330da9_repeat_1,210.7485408782959
5V9E_0e60154f11df21bdd94eadf6f5bb7022_repeat_1,206.4308009147644
5V9E_0e95b2a12e42c9457201302225639197_repeat_1,197.46320056915283
5V9E_0e9a7383f15b4051126072e14655a4b0_repeat_1,227.92486476898193
5V9E_0eaecfb50bfc500cf34f4448bb9bc137_repeat_1,191.28914761543274
5V9E_0ee493fe7bb618a0ae642840558f62a0_repeat_1,119.2363932132721
5V9E_0ef9ee0bf28c4f9c6bac339f4592ca68_repeat_1,222.3012409210205
5V9E_0efca0f1a33d17f74f670fe76eefb35d_repeat_1,168.94185066223145
5V9E_0f06c2d0947646bcacdb45dd4ce58842_repeat_1,163.35123324394226
5V9E_0f1a0ae7114c55409721737eeedce923_repeat_1,251.2552194595337
5V9E_0f5a25a45cd0efe8792e250111ad0f2d_repeat_1,392.0725131034851
5V9E_0f65f27b3520767e9114e4f6618d3344_repeat_1,231.97142910957336
5V9E_0f8cfb5861db59788ec564246025b630_repeat_1,460.1975495815277
5V9E_0fb3f9a83f38cc5ea0e060fb3a5e5d53_repeat_1,240.38341665267944
5V9E_0fc51e2d72ae9d478b4e4e7e461f6e53_repeat_1,246.69320344924927
5V9E_0fd7d9667a81df417f5cf7213304502c_repeat_1,233.04326033592224
5V9E_0ff8c81c6843ffb1f9867ef80066049b_repeat_1,128.1354582309723
5V9E_10298c3fa486ba2721a8f91c2f59649d_repeat_1,203.15727019309998
5V9E_10600d936e799446ca1630b13bf5f9fb_repeat_1,243.05816054344177
5V9E_1062e5ac82f47e5a60a77eaa10a8a523_repeat_1,200.74791860580444
5V9E_10841c49a67a175998dc09dfcc7e6f0a_repeat_1,135.55751490592957
5V9E_108b09a0d520f544ecaa09b7d2719d62_repeat_1,169.7553117275238
5V9E_10a7896342292e4a39eccf9924bcb40e_repeat_1,234.03103280067444
5V9E_10b1717c7b43e3322996f2c544d231a4_repeat_1,154.71045756340027
5V9E_10b76442ed9558df556b8c1c29c7f688_repeat_1,333.1106939315796
5V9E_10c4f20242b36ef19c855bed521d13a5_repeat_1,198.1036455631256
5V9E_10d8845960f01a773091c28857b66d19_repeat_1,195.3019380569458
5V9E_110b7aac9a70916dc98a68d213212594_repeat_1,196.026517868042
5V9E_111a2228979725b7c177f24dd8e8e887_repeat_1,224.34036302566528
5V9E_11282d2527bff510beef835aadf92065_repeat_1,169.71777486801147
5V9E_112e2eff170be7b9f249e84d5ef95dec_repeat_1,149.59963512420654
5V9E_115c3dfab6fd1231dd465ca5a0d5b507_repeat_1,145.067768573761
5V9E_1178bf24b50581dd554d7ec81dab8d85_repeat_1,208.47273921966553
5V9E_119138bb82009b660d068d8136230302_repeat_1,281.5625801086426
5V9E_1195f68c5846431cd13625bea91e08a7_repeat_1,277.61695432662964
5V9E_11a3b786b26d4dff16cbe0d5714fe261_repeat_1,197.09538078308105
5V9E_11b599e44c5101c56aeca5edb611cf02_repeat_1,107.484619140625
5V9E_11ce5773627a6bc429030308a0a119ff_repeat_1,169.7407717704773
5V9E_11cf105eabe026946b4fd246cb5dfc53_repeat_1,223.15750241279602
5V9E_11e5002d3c94408e3256552449a868ea_repeat_1,181.0388584136963
5V9E_11fcdbd669d7bdee86dd1921d84b76d3_repeat_1,194.40677452087402
5V9E_1230f90cad14b71ede6f765cb6ecd276_repeat_1,277.6148920059204
5V9E_1233482e100d8853a87fbe545e6c1c40_repeat_1,198.06030082702637
5V9E_123ded154eabae0f2fdc982272d10170_repeat_1,245.91303992271423
5V9E_125614ef51d5b378763db82266936901_repeat_1,246.46011567115784
5V9E_12612e0881975253d69fef7a043d0da5_repeat_1,174.44319868087769
5V9E_1261d3fff1c8f34fe65fdfa003d08dc8_repeat_1,163.02867722511292
5V9E_126c84f421ccd4ea66d27360eace70a4_repeat_1,214.23441648483276
5V9E_12c516df321ac0a3416713f264b1b88b_repeat_1,118.77499651908875
5V9E_13183f083e91544f95cd30a3f252ac72_repeat_1,223.826007604599
5V9E_131d23891b1097ff93d3e825aa1e7775_repeat_1,112.25960350036621
5V9E_131e0f44143126494d5e44c4070f0d73_repeat_1,250.2771496772766
5V9E_132029a58b1ae75ff8a694fb9d383e54_repeat_1,290.4897470474243
5V9E_1366824b90a2ce0635897eb39a53638e_repeat_1,167.77906799316406
5V9E_138872d96056dda3a442a83213792b5a_repeat_1,203.48584651947021
5V9E_139138e992fbaddb490fb1f640615b69_repeat_1,188.91484451293945
5V9E_13b1dc8a8509801fd3dd4ef250d2d72b_repeat_1,177.34644269943237
5V9E_13daa1d77d3eb0de3a61abb610527e9d_repeat_1,116.86805534362793
5V9E_140ad2205e84f2f5ea1bda878040177d_repeat_1,186.11578345298767
5V9E_1418391fb1711b0a60fa056c60196e75_repeat_1,146.84579229354858
5V9E_1431500f012744c4bcb0bd513ef43cc7_repeat_1,283.5903215408325
5V9E_14380d65e7963924b9f451953f68b857_repeat_1,120.85710167884827
5V9E_14384aae24e93b75234e3c7279a3cc8f_repeat_1,215.75819182395935
5V9E_1444454de59fd2b4288255af0b9c6a5e_repeat_1,342.79996514320374
5V9E_147812b5eaf3f428c19ce4273f141ab6_repeat_1,167.87758231163025
5V9E_1481e29009dabff8ed3c8ef2bcf914bf_repeat_1,115.4187593460083
5V9E_149f3dbe9f0c295a172e5bd0a237870c_repeat_1,203.94178223609924
5V9E_14beb4479ce1634d0d664d77887893ef_repeat_1,285.65841031074524
5V9E_14cdde734ad34634d76294f5a3cf14b9_repeat_1,108.22048234939575
5V9E_14d3e5f023a1800b836f4bf37edddab7_repeat_1,143.90593957901
5V9E_14d6e730bcb7858d99a558fbf102e5ba_repeat_1,210.19255423545837
5V9E_14de738a6a6035a802ce010feacb3575_repeat_1,263.45048999786377
5V9E_155ca712ca2397522e78244f236bfcaa_repeat_1,164.6582362651825
5V9E_15bf3b120d2ba071399f15add52121a7_repeat_1,124.97947287559509
5V9E_15e4cdc253b491ce50ad7ca393f043d3_repeat_1,178.7619686126709
5V9E_15f0a0b7f3ec4b76bddd4556828b5720_repeat_1,229.56987237930298
5V9E_16183642f4803d23f7cc7f17d72a7adf_repeat_1,296.7443175315857
5V9E_1618f6563013445b1d029a1fc27d4065_repeat_1,189.87030172348022
5V9E_163cb99587091a31ca73763dda936b86_repeat_1,237.67300963401794
5V9E_168400158d4eedc0fcd1cb45ecef1f6e_repeat_1,420.4795093536377
5V9E_168e95938db8e7c52112e58c0f292079_repeat_1,138.32874202728271
5V9E_16d895d349bc445be9e7b4c3f4bc9278_repeat_1,162.28557562828064
5V9E_16d97201aa9c6389b66e74adb0aa1c39_repeat_1,148.3834307193756
5V9E_16f71e243cd95bd8ae779d1f668fcca6_repeat_1,114.6163604259491
5V9E_1722d153664ff5e17ba2c22719f82a6f_repeat_1,193.96426844596863
5V9E_172757e86906bbff3c11cf645f09d014_repeat_1,168.99083018302917
5V9E_1761b2af18b2d76cf777714926f70a65_repeat_1,346.7949628829956
5V9E_177114c52e26b9270faa18f7b23b73f2_repeat_1,224.73432087898254
5V9E_178a3b6372dc01e97baff9a6c19bcde1_repeat_1,176.53772807121277
5V9E_17b66c37699dcd5611560579ea921465_repeat_1,177.9357931613922
5V9E_17d5a2cbfe57619a4d44427cabbe086b_repeat_1,195.71408319473267
5V9E_17d670321ff275760fb872c46d9f3c7f_repeat_1,188.01114320755005
5V9E_17d8cb8b16d28dc69787ab10c856dd26_repeat_1,207.00947284698486
5V9E_181516b2498e6861264498bd957a4fa1_repeat_1,191.78940200805664
5V9E_181e0ab0d9a20c546658d2328e17bfce_repeat_1,164.95328068733215
5V9E_1824360558719d992becd9a29566b96d_repeat_1,173.12531638145447
5V9E_183f73d72114dc3d6a17da37e73d8c81_repeat_1,121.94984722137451
5V9E_189379de02661389f5df8b53480a7a61_repeat_1,199.6025288105011
5V9E_18c1a652bd55d7dfad873c78e3b1a32d_repeat_1,245.1837077140808
5V9E_18d8a772efd4db25388600c73ded8f3b_repeat_1,147.51183915138245
5V9E_18da6c55554c87772de12c7e95ea24b6_repeat_1,257.84746837615967
5V9E_18e7e3d39b5b57052ca70818bd8382e4_repeat_1,269.71137952804565
5V9E_19092e5d6cd57f13de1b98f46e22aa22_repeat_1,207.7911400794983
5V9E_191e9f7211faad8db6df67f4e23e689e_repeat_1,146.5796036720276
5V9E_192cb2babc0da087aff9245b6ab10649_repeat_1,201.85251760482788
5V9E_194a83d5e93f1f9d76d78efa16c9946c_repeat_1,341.3713045120239
5V9E_194ab68b794e6f5e3002beac202d07cd_repeat_1,170.5980134010315
5V9E_19635beec1d45bf61e0bb91063b2f6e5_repeat_1,143.5068187713623
5V9E_1965d5ec723711e8cb36cbb979d90b3f_repeat_1,185.25587368011475
5V9E_19c3f9ced88671faf28fa3e878462590_repeat_1,333.2381901741028
5V9E_19ddc945f3e7c49c7e44c11b6f78ae7d_repeat_1,295.75891160964966
5V9E_1a23d766bc88a66c08a77daa62511899_repeat_1,245.87108516693115
5V9E_1a717a953c1b54d8ae631da77bd62b2c_repeat_1,156.57985305786133
5V9E_1a85964080eefef58abe29b5f6d8e07d_repeat_1,244.60154271125793
5V9E_1ab2bc0462b9cf0a81c0acb0e6f963f9_repeat_1,297.89613819122314
5V9E_1abd38f808cf549fd8bf8c4499a8b84b_repeat_1,232.18438148498535
5V9E_1ad28df0513677f7dccd24cc7224d002_repeat_1,169.33029961585999
5V9E_1ae5551b973f460743db65219af7898c_repeat_1,242.502201795578
5V9E_1af995a92568cf42af2c2668f72834ea_repeat_1,153.2111439704895
5V9E_1b173671e1025387db3b84aac48bfce3_repeat_1,232.54865837097168
5V9E_1b1af5e7263f08131f88700c1e51f06d_repeat_1,115.31626677513123
5V9E_1b39eb172327a347bd3c9e71e37266a7_repeat_1,163.06570982933044
5V9E_1b40eb8f069f2c0311dd6114c0546f3e_repeat_1,375.1336967945099
5V9E_1b82c143cf95bc50d470e5a800b9732b_repeat_1,118.24929022789001
5V9E_1b8e8138da171b7f7bc6847a29092e33_repeat_1,202.81473016738892
5V9E_1b9b2bee75089223b0c91f6164dcea53_repeat_1,328.88789415359497
5V9E_1bafa2145f1f3cc8f3fa9f576486eb07_repeat_1,261.5446240901947
5V9E_1bc4bb708f324773ab674349456ee4f2_repeat_1,231.48076224327087
5V9E_1bcc1380463cdafa941f0565f92dd4c8_repeat_1,190.60244393348694
5V9E_1bd091c47744cca560c92201f6538b3c_repeat_1,211.04770684242249
5V9E_1bf4bc2c5d526ebc6f947c5c3a1ddffb_repeat_1,196.93260884284973
5V9E_1bfa7957f1ea9af173084809355ed3bb_repeat_1,246.486079454422
5V9E_1c00375f925aaabe9e71b8b08d940dd6_repeat_1,130.0913906097412
5V9E_1c005df384d2ad9ab5840d5f6e82262d_repeat_1,249.9243142604828
5V9E_1c2aa372ff90d1b9f0936b462921488f_repeat_1,174.91660356521606
5V9E_1c55c090418392ca8859a64eeced7718_repeat_1,172.7892518043518
5V9E_1c6a32fba38f66cd4049e4560daad88d_repeat_1,332.0399510860443
5V9E_1c6b16481709eac22372503e72f81e07_repeat_1,177.31468749046326
5V9E_1c7e2c29b14e65a6b4c2f00ce75a8ab0_repeat_1,150.4853892326355
5V9E_1c97cac7c04e1d628b91a4a91fe3d7d8_repeat_1,212.791170835495
5V9E_1ca7a0759b04e3e871b9391849ff5914_repeat_1,98.52973413467407
5V9E_1cbac640ce14c917844e0bdf075eccbd_repeat_1,141.7321937084198
5V9E_1cd3075dacd68bc6fd43ba6d2870a431_repeat_1,431.46624422073364
5V9E_1cf15711be253e13277d4d2b987ef8b2_repeat_1,175.89215660095215
5V9E_1d11121dfdee3abb8dc2d569935a31fa_repeat_1,228.41301012039185
5V9E_1d140827f7074823c50ea9936ef64de9_repeat_1,177.0191366672516
5V9E_1d3498b7cde5555dce1e27bf18e8b3fd_repeat_1,121.84010028839111
5V9E_1d3568426cc3f3701fe702309e9e1007_repeat_1,224.45868396759033
5V9E_1d53d7770dae90f56be3271a4cec0b3c_repeat_1,285.90810775756836
5V9E_1d767cf01970750da43b4314a531ad08_repeat_1,243.10600590705872
5V9E_1dbc73a8cef7d5d4d5dbdd55d3420bc7_repeat_1,223.92072772979736
5V9E_1dbdd03ee48237482e58d1c57fd005b6_repeat_1,137.03858184814453
5V9E_1ddc57298f4f542d3ff83aae012ea03f_repeat_1,183.91187238693237
5V9E_1e155b5ee21d8b72ae9a629a4eb7f73b_repeat_1,245.87206029891968
5V9E_1e66789efce6107beeadaab1b7bb2889_repeat_1,221.48133850097656
5V9E_1e7f1d2d7520bb6fa57dcf6aa81e3aff_repeat_1,140.2213580608368
5V9E_1ee3d74a3fa8fc0ad24386997343c65c_repeat_1,119.91395974159241
5V9E_1ef68199717e1f4fbcb9a58238fd4296_repeat_1,167.4874300956726
5V9E_1ef6c4fce85ecb7e27df0b1abefb5942_repeat_1,222.37243056297302
5V9E_1efdbed8f5c188bedce370d7ea7e13c0_repeat_1,200.9394211769104
5V9E_1f37bbb525aff5ea9c2faa91af70535b_repeat_1,215.4905071258545
5V9E_1f70e547568647fe7aa5fd5add082967_repeat_1,213.20479106903076
5V9E_1f9b6b112b03dff8eaaf7b7903034ab4_repeat_1,212.83292365074158
5V9E_1fe695a5fa2704ec1ed15f697154ce29_repeat_1,158.64416241645813
5V9E_1feca4c69034baff6c0e7015bd24f319_repeat_1,201.58373022079468
5V9E_2025ff33654984eba2471bbd7ac116da_repeat_1,240.36582708358765
5V9E_2027ea6e2410ec68a87decefbd04be60_repeat_1,229.57047367095947
5V9E_206abba29aef99aa451391916cd054bb_repeat_1,123.43420338630676
5V9E_2096154153778879c4d0675859962b8f_repeat_1,142.6045184135437
5V9E_20ab45c82446286868d9644e8cf60fde_repeat_1,198.7379240989685
5V9E_20e8df0e1fd5f088cd2aa6094809b175_repeat_1,300.7960181236267
5V9E_20f1cc3c3e8f119daad2d16cc7bad7cb_repeat_1,163.80348205566406
5V9E_20f72e702bfe63b69ce4d6af07eebb0a_repeat_1,280.6400499343872
5V9E_20f731183cc6c5fb2f941e3f8e37cf5e_repeat_1,175.3041548728943
5V9E_213c8796ff1fd570d4e5347fe5e5282b_repeat_1,137.98544812202454
5V9E_2143ae45a009dcab2504566c174e2d43_repeat_1,179.76441287994385
5V9E_215d8d7188d933a99c55019593022df7_repeat_1,198.04506587982178
5V9E_21649c70fe7f4fc19908c1467881aff6_repeat_1,149.408588886261
5V9E_217a2426a23dad95af9e250645ac5665_repeat_1,194.54602527618408
5V9E_2182ae8e1380e21a63703cfe1911c180_repeat_1,268.3656334877014
5V9E_21a30823fa5bc31b7c27b552e20b553b_repeat_1,179.67948579788208
5V9E_21c83e07c00b029c3e0260891d878d2d_repeat_1,245.31407976150513
5V9E_21eddbe6f36b76d8d9f258fa782a613b_repeat_1,147.50606417655945
5V9E_21f0dcf3abe64b0d10da5be780671c47_repeat_1,125.91631317138672
5V9E_22114b13deff7ef668f0717b36acd295_repeat_1,156.58982348442078
5V9E_222d2260e4a65f5eca0cb54709cda48a_repeat_1,152.17296051979065
5V9E_227624a4f5be78a6345902699be3e56d_repeat_1,382.31755018234253
5V9E_2297b4dc473b59f510252bc6f730e693_repeat_1,251.1099236011505
5V9E_229ad37fca0db5be24bfcce9cb434885_repeat_1,231.61261868476868
5V9E_22a40ef05dc71d80695564b275815ce6_repeat_1,235.61902928352356
5V9E_22a6c38d4000f4d585d7f384e333e458_repeat_1,199.23775839805603
5V9E_2325c801fef3e7adabfe71690e1d9d1e_repeat_1,291.9060764312744
5V9E_232b900e952d86a83b0ff85c0a22cca0_repeat_1,238.24845242500305
5V9E_2330c7dab9a1a43018355f92e840cc2e_repeat_1,149.23976612091064
5V9E_234ff3b43fee4f90fa92797c8a92edb9_repeat_1,242.68361282348633
5V9E_2362fab4498ca6f51d011c758450d51e_repeat_1,286.04545521736145
5V9E_238b7fbf67709c94cd6abefc11de1a61_repeat_1,237.37839579582214
5V9E_238f2761bdaa1b2e1f20987fb1158eec_repeat_1,219.48279309272766
5V9E_23b73305578792ff61816b825ef9fd01_repeat_1,210.36374759674072
5V9E_23db733661fa6aa916782670fb5314ec_repeat_1,116.79742479324341
5V9E_2405dee81137f78e969e6712020d068a_repeat_1,239.3836579322815
5V9E_24060609089b2de35ade8a47b9f48f74_repeat_1,197.27935147285461
5V9E_2425882443138b6985b3c3554efdac25_repeat_1,187.89551830291748
5V9E_243037e12607b17d7f6704fcee4054af_repeat_1,108.37910532951355
5V9E_247afa64440117892f5353d4577e11e2_repeat_1,209.6895411014557
5V9E_2485968812182b5dfd61941eb114b284_repeat_1,183.76515436172485
5V9E_24866d56c326161eb7acbce218c3750a_repeat_1,179.38069772720337
5V9E_2495a1eb0f517e9d0e57e23f3aba0df3_repeat_1,139.11396026611328
5V9E_24e118646e9e6b275d55d45dae501ebe_repeat_1,220.32511019706726
5V9E_24f205f312857b72c5ca80065ad0c302_repeat_1,340.18772649765015
5V9E_250c9dbefbfac57e7d1d3bfc6d604f43_repeat_1,333.8376567363739
5V9E_25329402a3c39227d00fb50a37e1627f_repeat_1,183.9736843109131
5V9E_253813d10efe635f740ed211dc2294e2_repeat_1,158.3456437587738
5V9E_2538d87e68f03d0bcac2f733117d0c65_repeat_1,285.3294539451599
5V9E_256affa4b0191e323796f138db7b1164_repeat_1,289.3539650440216
5V9E_25ab911607b4090e83527cce43fb9654_repeat_1,185.02317786216736
5V9E_25cb31e8cc1f989a5e637d2dd54d5b9a_repeat_1,182.5547320842743
5V9E_25fb0f575c1bbd9702e56433ddbbc4a4_repeat_1,240.07666873931885
5V9E_263bc05d2c5028bc0573b73732744fb8_repeat_1,166.21162915229797
5V9E_265d1ae02042a017e248a4c5dac479a3_repeat_1,211.98065400123596
5V9E_265ee60e2ad201397298a542d3b8b660_repeat_1,154.3888223171234
5V9E_26a8e70a79b799c77f9c65a6c5c1253c_repeat_1,89.64274501800537
5V9E_26cbf708042e59f4fc0b023a7da49b24_repeat_1,232.5250051021576
5V9E_26d7321b5aaf0f9d3f5951a9bac95d48_repeat_1,262.67114520072937
5V9E_26ea270ae47de432c1133e42273541a9_repeat_1,214.58796906471252
5V9E_26f7b20315a2cd3927ec1963044b545b_repeat_1,228.10043787956238
5V9E_272d71f3a27ab5dd4051c51106ef7c86_repeat_1,147.61331272125244
5V9E_275f8a28d6100b7363c72c99bb4260e6_repeat_1,207.11468625068665
5V9E_27820f8c4b5f77b160271f9922f9b7d1_repeat_1,239.1956171989441
5V9E_278a65c91e279624407615a84f3282c4_repeat_1,141.12145853042603
5V9E_279120769de11c1d5df9773e4e959c9f_repeat_1,248.17637085914612
5V9E_2798124b286b373e728d3f653af6138c_repeat_1,222.35314416885376
5V9E_27b5c3aca71c8ae4ada9b4b91310dca5_repeat_1,168.658353805542
5V9E_27ba7dfdb4ee034193dc3b8b0ae8f2f4_repeat_1,166.528977394104
5V9E_2809a2acd75ba6ed6567b4968599d4f1_repeat_1,123.96789121627808
5V9E_2870de6aa1f26348096792c0eb213aea_repeat_1,286.42936754226685
5V9E_28777dc1a875dca5a4b011ca4bb78c9c_repeat_1,287.27941942214966
5V9E_28a58bc7944a6cfc6749c9f786a81c9b_repeat_1,163.21935176849365
5V9E_28b9501b209693b9bad55a4839a2cfde_repeat_1,221.4976041316986
5V9E_28bbd7ba12ae2c8496c84ca244edd296_repeat_1,149.5177903175354
5V9E_28be2e1b49c23ffd4430ff991c364c28_repeat_1,202.9963414669037
5V9E_28d429298461412c79c0f15094848152_repeat_1,255.860276222229
5V9E_28dfc959539c2a560e42a871f087172c_repeat_1,144.8449318408966
5V9E_28e9f5f3bc0bcd3cea27add99f061168_repeat_1,160.7913601398468
5V9E_29223cf464c535dff10de6a6f495f6ed_repeat_1,235.0354151725769
5V9E_292e5165cd50006d46eb96fa40167df0_repeat_1,202.14896368980408
5V9E_294f793855d893227608ffd1eaa55b8f_repeat_1,112.65584015846252
5V9E_29a8ef03150ff4ac01641ac33ea72e1a_repeat_1,194.61648058891296
5V9E_29c4ffbfeaabe322303f4148d207b0a9_repeat_1,170.55497646331787
5V9E_29f95ce137e2dbea3854074ad4ccc831_repeat_1,160.81952023506165
5V9E_2a2796b3bfafdb5a7309368ec715cd1b_repeat_1,212.40105891227722
5V9E_2a279cca9ddde05d3897cf7c63738b0b_repeat_1,202.12973475456238
5V9E_2a35126f9c56c4a405ad5f2f6dca6289_repeat_1,105.10211753845215
5V9E_2a52c4ead5953583354572b64675c153_repeat_1,181.27314472198486
5V9E_2a6786067a9721ae67856389bd4fe2e9_repeat_1,200.12435841560364
5V9E_2a6ef32ef01a197f14d4d6117312786b_repeat_1,296.0364694595337
5V9E_2a8fa868616f5b91473347c8b89fea9d_repeat_1,177.7817862033844
5V9E_2aacadf61dfc59833d015cbbe2a755fd_repeat_1,278.1445457935333
5V9E_2ac78281eac50103d02253ae4100ddcc_repeat_1,330.5216100215912
5V9E_2ad36cf43b8d302e0f7c03a5449cb158_repeat_1,207.76176404953003
5V9E_2af739975919c70aeb3220cf342a675e_repeat_1,198.75982236862183
5V9E_2b1971ba7c899f30b7a6d707b778a1d6_repeat_1,155.91677951812744
5V9E_2b405d575a0807cdb0f6e3ec564b2ba8_repeat_1,240.20594096183777
5V9E_2b5b5d4da23c3888870a73d62a795ad3_repeat_1,227.52256035804749
5V9E_2b6c0dcaf57799d7cc379d6b5e5f845f_repeat_1,191.9156951904297
5V9E_2b709df297a0292c94cc533572bf7d4f_repeat_1,292.63967537879944
5V9E_2b8960211644c6102363bb39e5bb828d_repeat_1,166.73445582389832
5V9E_2ba1e9520e77c8af2ee994f64a0986c9_repeat_1,215.51500391960144
5V9E_2ba6eab6bf85b94e2e349e65d35b07c0_repeat_1,158.59018754959106
5V9E_2bad5f00df8f2fe7ea2f90d6af14fc32_repeat_1,157.86768698692322
5V9E_2bd05a35a814d8771bc0a0593bfd1800_repeat_1,163.8106095790863
5V9E_2bd74ed26aa04a3a66dd1d278689e813_repeat_1,215.1589937210083
5V9E_2bd799e95099e201b051b19e9a2b4b6d_repeat_1,138.6520974636078
5V9E_2be9431747c03c6c7b16216ec12e6d9d_repeat_1,213.2961127758026
5V9E_2bee415b30c832f8cc79989fd6219762_repeat_1,189.9166076183319
5V9E_2bf4e3dbd48d84126f7ac1862e18752d_repeat_1,414.55132818222046
5V9E_2c1f59f85c471854008feebbec5a5e18_repeat_1,188.71557235717773
5V9E_2c6f7607c2613faaf4c9fef942507834_repeat_1,191.6754994392395
5V9E_2c7ccaefb33139ae381d6bdc6a264737_repeat_1,216.31770706176758
5V9E_2c812e980e30c94ebad33d7e7e01d152_repeat_1,230.37304377555847
5V9E_2c8251c708c98122e003a8b7e6e1b7cc_repeat_1,236.50397634506226
5V9E_2c82b2260ab8e6ce8e7e5aa1257f5792_repeat_1,128.30764150619507
5V9E_2c8fcf98fd91f1584dfc5d2a3ab4b5b2_repeat_1,198.65189695358276
5V9E_2ce2d2b42f84d86baef1c045a786c5da_repeat_1,208.72778844833374
5V9E_2d1409194cea3350cb491374aada43df_repeat_1,358.6601152420044
5V9E_2d17430eb056acf0599da90ff3cd8f74_repeat_1,184.53544855117798
5V9E_2d19ca589f4b4078b369a50b376742cc_repeat_1,185.80788588523865
5V9E_2d348586222f4fa2a5dd59b2c4101707_repeat_1,204.92659163475037
5V9E_2d37d2bd89fb826c46719d433de46f22_repeat_1,193.39379715919495
5V9E_2d3d516098ec2923a963a4974c38ac27_repeat_1,380.29969573020935
5V9E_2d41d87e51c9a1fe5ea0874797b72201_repeat_1,161.45332598686218
5V9E_2d50bc1881ce5f7b1c9dd0c0e1857c5a_repeat_1,183.23542141914368
5V9E_2d5d5ba3a427cf83764d78401ca58752_repeat_1,260.4411747455597
5V9E_2d836a6e546ab057ae2c2920cfbca81c_repeat_1,209.66857361793518
5V9E_2d85f91f079797ebf4250b42e76de44d_repeat_1,288.4794533252716
5V9E_2db5b507740e31d4637102dc0dc10ee6_repeat_1,219.8698534965515
5V9E_2df646d69a6c1bb00584510a78597fc9_repeat_1,221.8483214378357
5V9E_2e0e1f017774dd09b66f1bd5b42d63e9_repeat_1,162.73407292366028
5V9E_2e1a7b1ab601103797b60fc51a358c45_repeat_1,110.37656545639038
5V9E_2e24de0a858edacb6bf1b9b52714c486_repeat_1,293.82223534584045
5V9E_2e4f5aafed0bd3d65d24c99e92d4f695_repeat_1,156.27602458000183
5V9E_2eaa6d69b8e1fb02e8c011238206a6dd_repeat_1,243.33985543251038
5V9E_2eb7118fbc87f33b0aeeccb1f48d7d6b_repeat_1,328.67746663093567
5V9E_2ec0e9322eeec679e58324dfeb10e0ed_repeat_1,245.93561244010925
5V9E_2ec83a07c4f5dbec66e617527e656d0d_repeat_1,178.18432021141052
5V9E_2ecbc1ad7b41e6e4e7d6ae345bc641bf_repeat_1,228.44712495803833
5V9E_2ef5b299446d27d3542be99f4e479e95_repeat_1,222.70706725120544
5V9E_2f0e3ffd9e4576589b4a0a21bf2bf01d_repeat_1,152.9263892173767
5V9E_2f33a88eeac53b44d66426500e321a28_repeat_1,293.9059736728668
5V9E_2f3f674e108b7a3547fb23092917572c_repeat_1,157.37726736068726
5V9E_2f421a41f76d1b22fbab86e274065af7_repeat_1,187.6117706298828
5V9E_2f46c9d2f1cff176f34a2295c49822bc_repeat_1,118.83530473709106
5V9E_2f6f7c82ca3f8db0f27c91fb4175a209_repeat_1,269.9700846672058
5V9E_2fa0daff75f6f0ba88e0291f166ea197_repeat_1,229.33937430381775
5V9E_2facaca0413d21929a3a9121e40952a6_repeat_1,334.57765197753906
5V9E_2fe205caa2fb33e783c8e89b0b289458_repeat_1,66.88662099838257
5V9E_30076d2dd87fd2d84f81d0e03f377c05_repeat_1,199.92481088638306
5V9E_30130e5e06ef160f96ce781c6874fdf2_repeat_1,164.95473384857178
5V9E_301d1123d9204dd397002e4ab0a27b37_repeat_1,172.83239769935608
5V9E_3021d2e7633f40e3171ce2c5c574988f_repeat_1,345.4475929737091
5V9E_304c6a603c7519720d02e7897458b52f_repeat_1,199.93741846084595
5V9E_305c48cdc0353116068ac1e299762243_repeat_1,227.2480149269104
5V9E_3083947e128a434ba299eafa9e9e3a4a_repeat_1,206.43305730819702
5V9E_30dd9fa0bf18f4f21176d098a4e59bc5_repeat_1,236.0643813610077
5V9E_3145793bb105a529b3e195b022107991_repeat_1,405.79819440841675
5V9E_315cab7f89593f6b315f5daa17b04a23_repeat_1,156.88207578659058
5V9E_317c10384e935bfa0a187f59aa1fd4ef_repeat_1,213.22191452980042
5V9E_3188c50c11158d2a3dfcdc4f42b4b2eb_repeat_1,209.14241814613342
5V9E_31a90c5ced641adc9767457ebffd5df5_repeat_1,159.13542461395264
5V9E_31cf2198a6262ef9604cced0ae9b30f0_repeat_1,173.7874734401703
5V9E_31d1039b23e8e5454fcc96406b9c94e5_repeat_1,116.66132402420044
5V9E_31f556c507b01c30c3d7f8f461173f39_repeat_1,286.22418308258057
5V9E_32059c8984daf4392893029e1a05f406_repeat_1,261.6516282558441
5V9E_3216555f19bcacc6efa4733981ae026b_repeat_1,215.33078575134277
5V9E_3238b809b649ee79ecab5710c4bd8510_repeat_1,127.89531946182251
5V9E_325ce533446fd76bb322ed35ba86ea26_repeat_1,159.72367596626282
5V9E_32601face8a739f06f22e121793514df_repeat_1,288.5942950248718
5V9E_3266a0d493abe8c299ebcf061a6bba8f_repeat_1,291.7303900718689
5V9E_32748e3be31e3cf70d9c6ec12dbb8ee9_repeat_1,200.2746880054474
5V9E_3283061ebb976602b31602ffe86eef8b_repeat_1,194.68773245811462
5V9E_32921d1b323aed792c6cc8f0c2a27bf9_repeat_1,179.85429620742798
5V9E_329d10bb5e37e7c81fed6b67d2f79bb3_repeat_1,178.1186716556549
5V9E_32af6dd3ec87da634a923d131ff52318_repeat_1,215.64353346824646
5V9E_32b26a4044bf082b0ad80f5dad618d76_repeat_1,194.2565052509308
5V9E_32d1644895dfcb76c740e7cf6647e079_repeat_1,138.79580950737
5V9E_32d6f23b58530b2bc6a4d70260d96057_repeat_1,203.34444999694824
5V9E_32e358e1bdb46982da2e10990e9625c3_repeat_1,191.04663038253784
5V9E_3312922eb9c35d6df76a9ac0f35979e1_repeat_1,135.0054280757904
5V9E_33198db1cb5b0dabdf994a948db33690_repeat_1,228.49332690238953
5V9E_331df5cffc4bf735868b8d1ad47fbee7_repeat_1,206.07683444023132
5V9E_333aa56d54e11f2dbefde40fb493296c_repeat_1,375.2835600376129
5V9E_3376541da921d226548290ba1e4f9819_repeat_1,371.70533537864685
5V9E_33a8a53e06109b989ac1659b7bad04ed_repeat_1,202.0486044883728
5V9E_33d2a114f6385661657c44b49cc83815_repeat_1,185.23605680465698
5V9E_33d6e26325ca357ff8895a0d6109cd56_repeat_1,165.70241284370422
5V9E_33ef1e9c2ca634f79a1d9375f3b29f8a_repeat_1,114.30578899383545
5V9E_33fbd2a079fb3e8286cc1567193bf84d_repeat_1,192.90289974212646
5V9E_3407944b22d4b1d0cccbd8e070424ce4_repeat_1,116.96259260177612
5V9E_343841e3b4f5c15a6de763b6af87e05f_repeat_1,250.63049936294556
5V9E_344f32dff0ff292df1b52ff43638f220_repeat_1,137.88205337524414
5V9E_346b2ac24256ff291f1efb20e154b8b0_repeat_1,232.12330722808838
5V9E_34af9ac3a446614c36b8e469d35303b1_repeat_1,135.67674112319946
5V9E_34f2156217bff33aeee997c20af27b3e_repeat_1,90.21334981918335
5V9E_352a32bb23c3fa28fcff3c0157311e41_repeat_1,224.2532045841217
5V9E_3535e9bf6f5155a46a56803da1d37e4c_repeat_1,132.1211712360382
5V9E_354b9b10b231b02418b19bf26aff3923_repeat_1,181.65592050552368
5V9E_35599e7425d7a5bc9d6a9053ff6e82db_repeat_1,99.45302486419678
5V9E_359e7e7323271249d6e884cc34882e8b_repeat_1,245.41608047485352
5V9E_359ef31fb6915a7495f41a2f7f27a6c9_repeat_1,166.62819838523865
5V9E_35a320863033c50f1f462a7034038571_repeat_1,163.77648997306824
5V9E_35f7fdafec66df89f848b658021d8a15_repeat_1,207.377014875412
5V9E_35fd3817805e512e6b33d566a619bfcc_repeat_1,150.13757014274597
5V9E_360c5a72d4d54ca959f72d1563cee230_repeat_1,174.03881430625916
5V9E_3665e92d2295d6f6d4e6416dbc272377_repeat_1,172.77433609962463
5V9E_36767ce30bb17bcad6e8032d5de02dd5_repeat_1,200.6536889076233
5V9E_368454481cd4c88678eafe9480cd89d3_repeat_1,222.62262225151062
5V9E_36b3cc764eaa574995aa5e7e18a8122c_repeat_1,243.17070293426514
5V9E_36b45b889723ce485359f72efd69b72d_repeat_1,176.79832339286804
5V9E_3703ef0f85e10d1521d31fe2cf0edc7e_repeat_1,178.82408571243286
5V9E_370bad6a6be9f2ae97072ca2a32ee836_repeat_1,174.07436418533325
5V9E_371848dbd481e7fce170302491b9a7ef_repeat_1,127.36471390724182
5V9E_37390ce9f05503d1ee57dd63747ef7e2_repeat_1,181.46817994117737
5V9E_37437fc0834dd1675bce98f9bd07d144_repeat_1,266.57656931877136
5V9E_379a3c1c2c41e89faa2e3f69c7ca4145_repeat_1,303.93087697029114
5V9E_37d35a59245a21df290d77e17aa39cd5_repeat_1,200.17964673042297
5V9E_37e0515c35dd34c23b2694f2c970674e_repeat_1,180.33067798614502
5V9E_37ee918ad1be6f28af064c3a8de1deda_repeat_1,177.87971448898315
5V9E_381338551797c24e019e290a01de91ed_repeat_1,221.50505018234253
5V9E_3835552b2806f980e414bef37786ea06_repeat_1,147.36740016937256
5V9E_3843a49eda9a39862dff2ced738b17cd_repeat_1,258.84350299835205
5V9E_384a9c7bfb4cdf2efc5694dc5c4e866e_repeat_1,184.8379189968109
5V9E_3851dbdfea0a2054d95fe25091aaa5a0_repeat_1,172.07578492164612
5V9E_38a3987d0358d370539fe0c44a7e4216_repeat_1,191.29704523086548
5V9E_38e55ad9ee9194f5392fcccb3e54a4c3_repeat_1,222.43187594413757
5V9E_38edb4352281cc081de628ce7264e1a7_repeat_1,383.6825075149536
5V9E_390925cb0e58b940935d19373bc591d4_repeat_1,299.26529240608215
5V9E_394903294cc34b4a9df2efe08c818ccc_repeat_1,86.40482068061829
5V9E_39497a9229d784bf65b067748fa81469_repeat_1,147.5543487071991
5V9E_3961430127ce7fcd8c84fab593f6ddd2_repeat_1,265.74458384513855
5V9E_397523fe144731b24ee4c084e36f3924_repeat_1,372.7271339893341
5V9E_39a0a98a93e01c32e3ef6c015f7fb951_repeat_1,232.69373106956482
5V9E_39abdd66cc87b1bae24c83fba472327a_repeat_1,159.35108351707458
5V9E_39f14aada9705592dfccce3903543a80_repeat_1,200.03311371803284
5V9E_3a28c633b180fb35ef6d90ce3c1c523d_repeat_1,62.476929903030396
5V9E_3a3507431784803b4627b8db776fea8e_repeat_1,208.0900638103485
5V9E_3a3957e7622a701c430432d4329c134c_repeat_1,111.21434664726257
5V9E_3a65ab3f87701b22e5fca3952a0ffc41_repeat_1,211.46369338035583
5V9E_3a6dfd9b698a56930a1afc726f1e83cc_repeat_1,127.3719093799591
5V9E_3aaae573080adbdeda6c2d4937909e14_repeat_1,163.58602619171143
5V9E_3add0fae039c80af8d0fb51057f9915d_repeat_1,179.3507857322693
5V9E_3ae430f7d0680f27502ce3249699006f_repeat_1,335.13307929039
5V9E_3af5d23d803ef448b8539054d8c14213_repeat_1,138.9840931892395
5V9E_3aff97b85dfb85c6e1a3395bd9bbc7d4_repeat_1,211.19194984436035
5V9E_3b33d5e31513b5aee43c25d0ec611e35_repeat_1,161.54310083389282
5V9E_3bbfd5bf01e8feabd2a793af62892383_repeat_1,246.55328679084778
5V9E_3bdc6ea3bd8a64a3e251d9e7e6165534_repeat_1,254.73411965370178
5V9E_3c282af26d69cbb5c5caa785514f14b9_repeat_1,342.6990523338318
5V9E_3c325aea3e66b614c829c5169d038b80_repeat_1,156.3290033340454
5V9E_3c52c56fbd8eb3a124d92d8b5a1d1cc3_repeat_1,323.32368421554565
5V9E_3c53f2fbdb8f64de56840325c1b10f8a_repeat_1,158.98801636695862
5V9E_3cbe23dab2cf27c409bbc3585adea380_repeat_1,245.99816370010376
5V9E_3d04fc208dd4f3ea451b5fab99d920c1_repeat_1,329.25482082366943
5V9E_3d1dc8d7b1471a6418d54e9e59e20f20_repeat_1,141.853422164917
5V9E_3d2b26a407e29a887b133b8269041784_repeat_1,202.95990371704102
5V9E_3d3ab61043574cb8584b695fdc2bf6f3_repeat_1,64.30141925811768
5V9E_3d5650889d956cfe8eabaae3348a8002_repeat_1,200.37227153778076
5V9E_3d74ae878fcda25146a15637a890ca1e_repeat_1,173.67476296424866
5V9E_3d871266b06af323c8decf686f9f1463_repeat_1,341.3503875732422
5V9E_3db7e20184e417b4eb1718c5846356a6_repeat_1,112.75376653671265
5V9E_3dcaf4f61daaedf031977a4a42240fe0_repeat_1,128.4811496734619
5V9E_3e1c0589d72fbcfe86ca264796aa18db_repeat_1,123.33265018463135
5V9E_3e1f5175aa97d9fe4fd0e87b414d3090_repeat_1,365.676810503006
5V9E_3e25636918cbf98be4630378877439e8_repeat_1,170.61340713500977
5V9E_3e4122840a171dabdadbb9ffa64449d1_repeat_1,333.52632880210876
5V9E_3e89696a073b2c3040c4995e7153cdff_repeat_1,157.4539430141449
5V9E_3e89b0cd14648566f7b4ac425f005cac_repeat_1,250.2439444065094
5V9E_3e9c4cba02e181e463a98e9845aec087_repeat_1,189.32777309417725
5V9E_3ee8a5013dfaea4224720ec98b2ac4d8_repeat_1,157.92071509361267
5V9E_3f264d175f9bcbf9b462ae6d8b6a2de2_repeat_1,331.8925201892853
5V9E_3f5a2a496279208912a9e101fa39628d_repeat_1,215.99956440925598
5V9E_3f6a2a01c50fbb2ff40be92e65bdf2af_repeat_1,156.57959866523743
5V9E_3f8a1103b8d2dd2ad8887134533cb4ed_repeat_1,226.0646092891693
5V9E_3fb8edcf72cc35a921dd74b06cd859c0_repeat_1,162.57768893241882
5V9E_3fbf770303e3f2664379f45df119ad99_repeat_1,171.9181787967682
5V9E_3fc385702e02524f806f4e9be3d49a4a_repeat_1,164.218111038208
5V9E_3fc5623732d7857a12ea3a13b98b636e_repeat_1,231.43154549598694
5V9E_3fccef40b0533fa8fe79daa4b0c2f663_repeat_1,163.94282174110413
5V9E_3fda9f5d7598ac6fd32291e4c6ed2bab_repeat_1,167.66084480285645
5V9E_3fe26428539ebec46fefa9988bc37a1e_repeat_1,283.06966948509216
5V9E_3fecc83954930d475fc20bd9a9b5d03f_repeat_1,257.9792363643646
5V9E_3ffd6fab144a5ae8ff67da6d8c610a59_repeat_1,88.69188237190247
5V9E_400f38889171fe4ad401f024af0b5d54_repeat_1,186.07123517990112
5V9E_4016e33e65e8c111f878e3945f5863e2_repeat_1,248.07705307006836
5V9E_401e9a1f884d48d605374da448bf44c2_repeat_1,204.88223934173584
5V9E_401eb44af73f8acf6ae523b285d94db8_repeat_1,182.1099202632904
5V9E_404fb5b8b90bbc8b3bd0f239f967da64_repeat_1,203.8239848613739
5V9E_405ad49584c0b9abf5d5d6444b94b1b0_repeat_1,144.91019248962402
5V9E_406d18ca39f0ec0a49814d0fc056d101_repeat_1,231.11318135261536
5V9E_40878ab3a05d5994f91ca60874424fa7_repeat_1,249.2163302898407
5V9E_40a1fc95a1322f598c34dde5733a016b_repeat_1,285.31736159324646
5V9E_40a32abfcdc45196e1847e9bc3da7e3e_repeat_1,200.00913739204407
5V9E_40c3beb632f71b0472e91ac149a383bd_repeat_1,279.958172082901
5V9E_40c7e75eb0e70f4b56fa4ba792369301_repeat_1,137.43970680236816
5V9E_40eee1eef6873c1aac5a80b03bf2f054_repeat_1,91.44380521774292
5V9E_4121f52fa76e4c9d17f3f5584fcb191b_repeat_1,162.55156230926514
5V9E_413412aaf9f29de900f50313bbfeabaf_repeat_1,259.3864481449127
5V9E_413b0606118ff4a1ee9996f9b4e88747_repeat_1,342.4184639453888
5V9E_415b4eb1e21f9603c9a89e942a6fa929_repeat_1,182.68224811553955
5V9E_4176677c0174824a20f1c1939a16e08d_repeat_1,209.18794226646423
5V9E_41a094dbf2053b975dcdea20d09f6be7_repeat_1,132.0968677997589
5V9E_41b7d482d3edfb3564f010a42c43dced_repeat_1,197.30559182167053
5V9E_41bc83f9706236476bb3f5a801689d03_repeat_1,183.4345817565918
5V9E_41d13e0fa2aaa04bf7047fb151bb52ef_repeat_1,106.10398554801941
5V9E_41e48f56d50184f630589b67e7002c4a_repeat_1,245.90330290794373
5V9E_41e881d0b18d6b5248f84b3f28df30ba_repeat_1,228.01924657821655
5V9E_421391605dd005e024ec947354069509_repeat_1,250.9685652256012
5V9E_42155784c0c762a27429a3776fa14bcc_repeat_1,142.63166546821594
5V9E_423293f21d5ad0ce13a1e9962488f8ac_repeat_1,144.33057689666748
5V9E_4262ade4f5edd5199c7efeb143c0b67f_repeat_1,214.2199046611786
5V9E_42752f1a9b908ff2c76eb4d2e6112cd2_repeat_1,211.0360391139984
5V9E_428cebca582d4479837873b67278ee52_repeat_1,195.1357011795044
5V9E_4296bb95bd78375c046cb69dfb52c233_repeat_1,203.5144703388214
5V9E_42ad05754694ae51b147dbc8e2a10b54_repeat_1,204.06865882873535
5V9E_42ae7c1c8c84b4a4bf27c3c2b85d34d7_repeat_1,156.4734969139099
5V9E_42bcfd5dd9f9e255cb7c90f9328214d9_repeat_1,116.32860970497131
5V9E_42fcf5259c6d04a610d4fdedc1346608_repeat_1,143.90739631652832
5V9E_43319ab62bdc847574f5e86b60b7a9db_repeat_1,326.28085708618164
5V9E_4331dcea84aac5eee8903a76697406c3_repeat_1,203.40191984176636
5V9E_4332f2b6581e1b49008e122b00ddc68d_repeat_1,147.5979449748993
5V9E_4347b11602efe296e7b0cdae5597144f_repeat_1,288.95085310935974
5V9E_4360d6eb83f5a5e8128d0a3fa047f959_repeat_1,169.41103768348694
5V9E_4370511cbc6cec4852328108738cba9b_repeat_1,145.08695673942566
5V9E_43a077a06d3f7009337597d4d214c5b6_repeat_1,201.84382128715515
5V9E_43a9093ded08b77c6b8c7331f6a0a72a_repeat_1,333.02482557296753
5V9E_43b122d4cabed6d2627b3143182f6c2c_repeat_1,127.55266094207764
5V9E_43f1af73f8f4281ead162539fee3bed9_repeat_1,289.7847716808319
5V9E_43f1e21efc30822120815bc6cefc5f53_repeat_1,202.29333686828613
5V9E_43fc3bf243c6371bfcc4e94173803ba0_repeat_1,87.18063616752625
5V9E_4418bfb2d840e8ff3a880ec87e879afe_repeat_1,124.79651093482971
5V9E_443d9b237ce9a45c17a7c273ebf15ced_repeat_1,184.4677619934082
5V9E_448c22b1d4c896592aaadaccad119dde_repeat_1,240.85640382766724
5V9E_448d40c806ba0e3cb4bb3e34ac9357a5_repeat_1,214.46174359321594
5V9E_44a1b2cde46aa73c08cfa18c1e6bc24a_repeat_1,164.24279856681824
5V9E_44c12cccb15d64dbaf9fb243f1d55825_repeat_1,103.07882189750671
5V9E_44d654c6266e94d0332694387955b3c0_repeat_1,244.07721948623657
5V9E_44edb0947ea9fea22a882f76a93ee243_repeat_1,309.45316338539124
5V9E_4505d20e1a2d6bf9c9c428fa47462588_repeat_1,162.11109113693237
5V9E_4521020b07180493a388ac3b65a11481_repeat_1,290.5051805973053
5V9E_4555d4a0a7af599a6a115b303f7e917b_repeat_1,146.98025012016296
5V9E_45584da276523d86a1ef2f7123974588_repeat_1,138.62747836112976
5V9E_45b7479ddd80ce585bab08efb8f2030a_repeat_1,190.44909834861755
5V9E_45e529bb8f0fa9fa9b9308f78e11cfee_repeat_1,232.42404103279114
5V9E_45ec844bf18f54747b049e71bfabf052_repeat_1,226.8099889755249
5V9E_46002125327fc7903b235385d16074fc_repeat_1,177.01975083351135
5V9E_460732b8cc4232be19b38ff8fcfc0ac6_repeat_1,207.1355173587799
5V9E_4622db9b2b6bfc39bfdfa6a7490fdb05_repeat_1,117.80911827087402
5V9E_46233382cf626ae6468325a74975f87f_repeat_1,206.19430232048035
5V9E_46432231c55dcc111b94b52a9289c756_repeat_1,94.2502088546753
5V9E_467edeadf2341a8e526ee64302cb6fd1_repeat_1,223.458984375
5V9E_46bc7d99187dadcea8a38bb3c6edcfe1_repeat_1,200.31888699531555
5V9E_46d3d7877c0989dbaa504b6e5b466a5d_repeat_1,158.16986179351807
5V9E_46e21a4b5601debfd3878b00cd1c79fc_repeat_1,209.40507650375366
5V9E_46f13b63c646c1eddebca0c303233688_repeat_1,154.0341613292694
5V9E_470599beab93ed4514e490e3289dbd8b_repeat_1,207.71174335479736
5V9E_471546730eff6ba24d163061e4029d13_repeat_1,192.39301013946533
5V9E_471ffb019b9142a3a720de6f6db09a89_repeat_1,247.39060020446777
5V9E_4725684d7cff32cb64d77a6c6ac2344f_repeat_1,195.54197454452515
5V9E_474be5d524cd8f9aacb84e640fc17da1_repeat_1,137.91195702552795
5V9E_4767ecca09f5222482797d6025dd8477_repeat_1,174.21724200248718
5V9E_47bb419c2869c624c3d65fd16d87e5be_repeat_1,118.15438437461853
5V9E_47ed9acd468e0d1fc9a8a69f5e043cef_repeat_1,158.96393013000488
5V9E_47fb5adadfc9f8a75e3de789f7591943_repeat_1,197.5204200744629
5V9E_4828fe8f958abf66f64e669e53905649_repeat_1,213.28802108764648
5V9E_482e0c96b6e6335b19667b0f028cf1f0_repeat_1,210.72809076309204
5V9E_484cc3d37a0457537b5f160476faf85e_repeat_1,136.91216921806335
5V9E_4852b3b182289cb4cace4731459b8776_repeat_1,164.7976725101471
5V9E_485610811feb7658b4fa6190f7f1efdb_repeat_1,179.5272970199585
5V9E_485943408e2aa972c421eee9a185d7fa_repeat_1,153.01445388793945
5V9E_485dc43767228a0ae4784f6369690400_repeat_1,326.7561995983124
5V9E_48639354ed018a3391cb87b4e5155e33_repeat_1,376.75112891197205
5V9E_486cc3d133c5a09049a71744aaeb877c_repeat_1,139.57504963874817
5V9E_487d226bc95d7ae5da61ec38cf865996_repeat_1,201.48555302619934
5V9E_4885d6f47d5fc7f60b8b332d0b1312cd_repeat_1,212.48565077781677
5V9E_48b0627c29fe37a8a4726c5b9fb5ccd7_repeat_1,195.0470883846283
5V9E_48b256dc829852d2c1c8740fa1f1d3bb_repeat_1,162.28424978256226
5V9E_48d0d3cbebc25a92ea6e1567e7b94901_repeat_1,162.537091255188
5V9E_48eb7106648f7dfc4f7ddf915fcbcd33_repeat_1,172.36438083648682
5V9E_49069536505d0679b770cdc7b85a2fd8_repeat_1,266.6700642108917
5V9E_49263fb5f50950e81a32257985f0a91a_repeat_1,152.84424495697021
5V9E_492e0db64f30a5fbeed9c0c9d4e67f30_repeat_1,158.43150281906128
5V9E_493fc145237b06868f374bbb5a8b1ee6_repeat_1,155.75876474380493
5V9E_4940f71200da09cfb007c571af4c9f69_repeat_1,210.38937759399414
5V9E_49565510d69f1f62e493352a1ef72392_repeat_1,250.76132202148438
5V9E_497dd642289dcdcb7b582506f3129bd5_repeat_1,419.6917235851288
5V9E_4982705bc09ff5225bf45760d20ca7ad_repeat_1,152.4989185333252
5V9E_499b040a284a471caf1c9e42a037aca9_repeat_1,124.29840397834778
5V9E_49aa2f4cf70a85c16665b0f75dad2c08_repeat_1,207.81939554214478
5V9E_49bc107d2b9d64d82d46600bbecdf899_repeat_1,197.26434350013733
5V9E_49c0a3aa8273978939bc41bd882fd40f_repeat_1,196.4092297554016
5V9E_49d5cedf69a5a64f2fbb902a83a905fa_repeat_1,63.233659505844116
5V9E_49e1fd452ae407546f3dd4ef191757b1_repeat_1,169.09802150726318
5V9E_49e360e7d2f35b675c58433d37c7dfd5_repeat_1,218.53629302978516
5V9E_4a1374aae123945996088f05eb48a63d_repeat_1,156.75199675559998
5V9E_4a2d08283775b8118a19fb499f5194a2_repeat_1,233.2346818447113
5V9E_4a64fc2b35bf390dd74d0cb3267bea23_repeat_1,189.63468194007874
5V9E_4a67fccb1642c4587a6a5241c19d2aa3_repeat_1,162.06778526306152
5V9E_4a7cf671509598348818ee5b50186820_repeat_1,131.28538751602173
5V9E_4aac208289614311d14e2bf9c9220dc3_repeat_1,344.88148975372314
5V9E_4aad8d0b874c4fa12b039588bb8a7d62_repeat_1,175.68268489837646
5V9E_4ad8ae7a0b1bdaafc0fbfd42e11d913b_repeat_1,182.7127242088318
5V9E_4ae1293842a6a6501f75d6c34dc716fd_repeat_1,213.42123365402222
5V9E_4aead7a3a029b3fd6675e8b5d2ec2852_repeat_1,88.67056512832642
5V9E_4af63c337000121665b29439c74973eb_repeat_1,183.7230498790741
5V9E_4afa9d3ef63015c27ef02ff8bf8a9f6f_repeat_1,195.3115050792694
5V9E_4b397ce59d924a17d29b3261f229d30f_repeat_1,179.32394170761108
5V9E_4b5f73745dbc4cf557196b264fed1acd_repeat_1,197.57858753204346
5V9E_4b8368d534a2969e5db9cbdbf16c4c73_repeat_1,137.85743498802185
5V9E_4ba6147f31b5209ed5b4c8b809d5cc86_repeat_1,186.5869824886322
5V9E_4bc53bbc13ff1fadf969cf3f29fb1831_repeat_1,269.80917859077454
5V9E_4be37934c9bd9c025ef6c4f5c66f59f7_repeat_1,290.6450638771057
5V9E_4c07d1ee7ff5118692b9b30793121ff5_repeat_1,184.16675901412964
5V9E_4c1994f91102be2fa76aa2420c139682_repeat_1,292.44964623451233
5V9E_4c224eb3c697493222c97e66dfc3ccb6_repeat_1,197.89510655403137
5V9E_4c287eabc66930e3389bf78da5710f4d_repeat_1,151.8446068763733
5V9E_4c3523f09bce1e56d64733534038940f_repeat_1,230.9233090877533
5V9E_4c4550d905651df1578ab082c76d6eb7_repeat_1,242.51065182685852
5V9E_4c574d23543f01a2e21b0fa2f5949bb5_repeat_1,114.90309166908264
5V9E_4c79ea1ea027f0724ec2521494d54bdb_repeat_1,102.88517236709595
5V9E_4c7f90fe9594435f1a5e3e2896ee539d_repeat_1,286.3449339866638
5V9E_4c99d70d268cbbef617e26f1b4fc21a4_repeat_1,216.56751108169556
5V9E_4cb1590762c709d42dbefe03ecf2b043_repeat_1,231.4915041923523
5V9E_4cd1f780ebb9acf8467610fa4b7d5a02_repeat_1,232.64010763168335
5V9E_4cf10a39ca36d9e92862b6f14f22b311_repeat_1,98.19945120811462
5V9E_4d0adb6d664292a4df0657974c7193a8_repeat_1,203.48376035690308
5V9E_4d1d0d2b2f3e32675f01f33ca4986c74_repeat_1,192.66684341430664
5V9E_4d6dc65e425f3e65cbdb5f71894ad5ea_repeat_1,235.4124402999878
5V9E_4d9d9a8c86e33a00174ba0cb4f86d168_repeat_1,155.50084161758423
5V9E_4da8a84140b70e6b4ba483e1978f46cd_repeat_1,171.06703519821167
5V9E_4dacb10c41c2a4fd2a01cdee20125112_repeat_1,221.41967225074768
5V9E_4dbb998ec2f1ee3b02584a5cb2591b58_repeat_1,155.88217973709106
5V9E_4dbb9dc5c4055a7a9830158e1d55462f_repeat_1,193.89074897766113
5V9E_4dc207d66dfca71d3b93be5cf6c6cde4_repeat_1,255.46146202087402
5V9E_4dcf4a63d8bae4c0f299cad53b7129a1_repeat_1,164.7695291042328
5V9E_4dd016be19b2f9407dd2aa5caa866a5e_repeat_1,176.19432163238525
5V9E_4e07f245ead26c284b0fa022bafed904_repeat_1,149.6319284439087
5V9E_4e3dab7a2fd5f327867b603deba8a226_repeat_1,168.74790811538696
5V9E_4e4fc1cba2eebf7a4e90662582c96f3d_repeat_1,154.5010633468628
5V9E_4e63ead65d061d5192ba0a778d6df0b9_repeat_1,200.07019996643066
5V9E_4e67963454ee05f080ee6e8d44c018df_repeat_1,159.33136439323425
5V9E_4e8715655d4f3ee387e6129cc9591715_repeat_1,136.0195119380951
5V9E_4e8c19bca7836f638e5e2de866d5fc8f_repeat_1,193.172137260437
5V9E_4e8c746940c6e7d1700dc05118b9dda4_repeat_1,270.23196601867676
5V9E_4e9072c02fe6511295d0dbe82c74e989_repeat_1,138.57602906227112
5V9E_4ee45e2e13880cb9c7497546737d1388_repeat_1,189.78096675872803
5V9E_4ef63bc6b393f63e4c88dc2fc31b009e_repeat_1,204.72392296791077
5V9E_4f3a820530b9a4d441eaa0f97d792cd6_repeat_1,189.37453389167786
5V9E_4f7a98a2f6c38cac11340de905735adb_repeat_1,221.45949339866638
5V9E_4f9b3b2899279d34c7ac7b35fd606155_repeat_1,329.94280886650085
5V9E_4f9ba4dfbdef178133454e6149abca8e_repeat_1,207.9081621170044
5V9E_4f9d3c2da3d05f0c9fa50b5f3d889052_repeat_1,208.09136533737183
5V9E_4fa344762b9efe6d187ba65724407b0e_repeat_1,316.6385612487793
5V9E_4fb283cf0e386a31ae3ff037fa04876a_repeat_1,132.8990442752838
5V9E_4fc16e057ba687b50ff4c3e16c06215e_repeat_1,161.53674960136414
5V9E_4fc342ab731528f3592181a7e62f0038_repeat_1,213.39300155639648
5V9E_4fc56a45165f72957504decddaa2000e_repeat_1,127.66707420349121
5V9E_4fd7d808f0654a4be9e3cf66fe9034a8_repeat_1,200.11568570137024
5V9E_501c0939f35eeb40e26baf1c9910f08b_repeat_1,197.79776906967163
5V9E_502de516bb43cec25c12c0950a8bf978_repeat_1,229.26094341278076
5V9E_505957b0e8d24930c24aea98fa972404_repeat_1,336.58090591430664
5V9E_508e3eeda258eecc0e7bef69785f4c05_repeat_1,252.9444179534912
5V9E_50c389ee789bf9a653f5adf06d48eb58_repeat_1,294.70016264915466
5V9E_50cac08545cadbd307df45b142aa8d68_repeat_1,187.059885263443
5V9E_50ced163dbc329be7581c8549c44e279_repeat_1,206.73883605003357
5V9E_50de276928e958aecc8f3f254f44690e_repeat_1,252.20264554023743
5V9E_510e1a3cc80e4c35a304e21371c8f5dc_repeat_1,259.85051560401917
5V9E_51190c7d2bf53643051bc2fae2ffd8fe_repeat_1,214.54661917686462
5V9E_51408600fb820170050595aec337e8c0_repeat_1,366.2991282939911
5V9E_516de9d436b293783f19d1416feec677_repeat_1,142.716157913208
5V9E_518fd603e8f29bb61a9731b23baabac0_repeat_1,224.39779996871948
5V9E_519cff80040f7443c0e49063e510cfef_repeat_1,170.34819674491882
5V9E_51ae8242869e3064cf46e36b88d282d7_repeat_1,138.5404577255249
5V9E_51e7644d7425866d70d279aefc5c1baa_repeat_1,197.59684371948242
5V9E_51ea81891b396df39d5a6b334371e603_repeat_1,156.70202207565308
5V9E_51eb7cc016994242c4673273be063bc5_repeat_1,165.62192296981812
5V9E_51f46f9d19e3af3865ea7aa49803b5a8_repeat_1,242.77793860435486
5V9E_51fe5929be37b7a322176da4189d5a98_repeat_1,294.4610550403595
5V9E_521bd7fec71a6af4804bce55c1266f76_repeat_1,265.1659824848175
5V9E_5222c322d0f16f6b90141c37aed3f492_repeat_1,199.08161187171936
5V9E_5236f665f6d18b9103f5de16917b38a5_repeat_1,118.79076862335205
5V9E_5246de18ccb300dd1e455e18b1029c42_repeat_1,214.4073703289032
5V9E_526192491a6fb3f806bbde8a54b02d9e_repeat_1,178.15536904335022
5V9E_5268f45fe7cd2d6ba8d9e8513100d1d0_repeat_1,134.67021322250366
5V9E_5298f5d306fd2e28bdf51009b4366933_repeat_1,135.28407454490662
5V9E_529d37700ebe8ec1fc1bf204acaf424f_repeat_1,240.80442929267883
5V9E_52e567b5b32ee5cbf4a2da75ee75f63f_repeat_1,249.76971173286438
5V9E_5309f122ea99f334aeca0f61f873e345_repeat_1,117.95696949958801
5V9E_530d2a7a0b5b2825fa2c69d19c4fee80_repeat_1,205.433776140213
5V9E_530ee1a49b0168ba46ef4b255868d47e_repeat_1,211.03604102134705
5V9E_531f88460a793564345b125432ee8db0_repeat_1,290.52843046188354
5V9E_53389cedf29175a23b96a669b4b43f2f_repeat_1,247.6342384815216
5V9E_534b816c345d2fe64791abaeba778044_repeat_1,142.47639632225037
5V9E_53563d47a409cc7eb1b12e1b06a07042_repeat_1,191.5892629623413
5V9E_5357701c1b8f48b2348d3c29656ada8d_repeat_1,243.84094262123108
5V9E_535f6c91985990080c50a1ff23413f4e_repeat_1,220.8319809436798
5V9E_5362565879f43211588314f4a1178f79_repeat_1,91.1058783531189
5V9E_53694c51ca339e8e479cea0f4b7aa00e_repeat_1,193.96173620224
5V9E_537098a0eddf1d682c53a19d4f425987_repeat_1,286.84754395484924
5V9E_537bc6a351cb66a6c4e0ec8629aa2289_repeat_1,143.5334165096283
5V9E_53b528d08cb4e97ddd4d93ca31cc43b0_repeat_1,281.40703225135803
5V9E_53ced97571afad04336d21a5d22a8c85_repeat_1,166.12703585624695
5V9E_53cee42601ad14d661bb6878031d6acb_repeat_1,65.84137845039368
5V9E_53d34218205c71334940fa45329f8814_repeat_1,130.2193341255188
5V9E_53e39bb76844922fe1e23d401184d09c_repeat_1,138.91510653495789
5V9E_53e4dd31498adcab4c3ee34dbca6632e_repeat_1,235.48660373687744
5V9E_53ec1801bdb8e6173a6e9c40c79d7108_repeat_1,167.9518871307373
5V9E_53ec926423a000d5eecf664eaa635176_repeat_1,139.79939723014832
5V9E_53f21a802f21ef2d5493a78333537be6_repeat_1,287.7133264541626
5V9E_54321c254f92c5da3cb036442dd4259f_repeat_1,162.13086247444153
5V9E_543ff24efdd2ab29ab1cb2276f7234ba_repeat_1,154.10079288482666
5V9E_545cccf97825e7fd19f169a07d89132b_repeat_1,191.304363489151
5V9E_5498ba534c256c9d086596e2b51cf170_repeat_1,131.49778270721436
5V9E_54a16c24c318b1125aaef9a9fdf27d9c_repeat_1,164.53915190696716
5V9E_54a31839654e9cbe79326015319102bb_repeat_1,140.27016282081604
5V9E_54b9916e43cd6831e0d6edbf9da53006_repeat_1,192.35305500030518
5V9E_550627f646ebc034e2ab3f47bd952231_repeat_1,153.09520053863525
5V9E_55119a0693ce3be4fa85d3a46436c86e_repeat_1,156.63626885414124
5V9E_552920a909e96ac4c10db5e9ac003b6f_repeat_1,185.1943073272705
5V9E_5529e1779433733d1145e20de5d8604e_repeat_1,154.04683470726013
5V9E_55466b4cd76b669601717df57be50f2d_repeat_1,176.1203773021698
5V9E_556c4e1ad9a4c3342cd3b1fd81eb8f16_repeat_1,236.16434597969055
5V9E_557739fea8392d037fa848c8c4217f7f_repeat_1,155.21523880958557
5V9E_5582eff940a85bc32e4616d15c208eb4_repeat_1,189.78630709648132
5V9E_55888e0e0b8a825006024761bb7f6f71_repeat_1,113.87974238395691
5V9E_55b0b173ec5ed26d909f73c4effcf834_repeat_1,136.33109855651855
5V9E_55d5898f9625434086a394f0507ed22d_repeat_1,219.1930491924286
5V9E_55e01be8b78748948032d34718738d59_repeat_1,202.24353313446045
5V9E_561638a435afa62432167be8aa460d9e_repeat_1,178.92912769317627
5V9E_564ff22c015c56c48cf885cf53feabbf_repeat_1,127.05195450782776
5V9E_5671929217eb7f60033364231a1bc744_repeat_1,210.19857215881348
5V9E_567314202e52a7463b93b8e69acd668c_repeat_1,286.1615388393402
5V9E_56795e73559f77076aab455daefed726_repeat_1,238.9896318912506
5V9E_567b7f97ece1ffe4685c611d9a9aa8b6_repeat_1,228.87899923324585
5V9E_5682204d97b8b39d65b43c5776254b77_repeat_1,222.4478645324707
5V9E_568e8320219750ef887ef38afb8f1c45_repeat_1,128.5389633178711
5V9E_56f85c5d5b1c5f03f019dc9c34ba64a2_repeat_1,293.5713038444519
5V9E_56fdfb00eba0279b0357c5457af8d8b3_repeat_1,253.76563692092896
5V9E_570023437b25a6a3402891f958b1b381_repeat_1,251.62599205970764
5V9E_57059133d0836817b620c15c3a9583e3_repeat_1,242.45297694206238
5V9E_5720cf00f4c10988b7af6ad1537abbca_repeat_1,255.78912997245789
5V9E_5732fc789e02a84809d88f93fcc70f8e_repeat_1,131.73894429206848
5V9E_575ee185e93b272fa9002426a536d77c_repeat_1,162.30668354034424
5V9E_5773c2e09d7594c88945cf4e51efcad2_repeat_1,257.28939628601074
5V9E_577debdca66b2eb717a401403bd46959_repeat_1,301.03274154663086
5V9E_57857dc30912643a5dfa6594e1b0182d_repeat_1,94.4336404800415
5V9E_57cef5ecf8eaa3ec589c2c7456b9eb8a_repeat_1,139.1717722415924
5V9E_57ee06f9318fcd2cd282e54d746f7028_repeat_1,216.1824140548706
5V9E_5805ef90f8416af2a3d798b86ab2254c_repeat_1,141.4556143283844
5V9E_583d63e247a65c989be35eeab5e776dd_repeat_1,284.2835886478424
5V9E_58564bb8b7b48edb0b7ec8af1824dc51_repeat_1,138.11866211891174
5V9E_585e1b011e1768517f23e43bd1dfecfb_repeat_1,215.68421006202698
5V9E_5870bcb907b35e21937865ef5e7e0a9b_repeat_1,257.2040777206421
5V9E_588a659b5b35a17055cfccb9f8b0eea8_repeat_1,94.6432728767395
5V9E_588cb9cc26d7efe97870a64b2cc426cf_repeat_1,178.85691380500793
5V9E_5895321bfa72f3fef81b19d58ac64caa_repeat_1,282.9885137081146
5V9E_5898e2335a13ace05c7743476b99b199_repeat_1,163.504714012146
5V9E_58c64257f68454155b0c0d13cc538d85_repeat_1,163.48616647720337
5V9E_58e7cbf7c829895942e256dc95f211d5_repeat_1,196.70847153663635
5V9E_59419b4fecce4f5ef290cc8bb32b710c_repeat_1,202.3613314628601
5V9E_594b82589210e1c13c0b7b0d9243a429_repeat_1,114.67816209793091
5V9E_5957a106053c391dc6b60ddddc50e3c5_repeat_1,189.8306987285614
5V9E_5983a78a8af75d2291d2b4a4a512f689_repeat_1,124.62304592132568
5V9E_599f5c53b6c05f596786011f0ba18fb5_repeat_1,96.70158386230469
5V9E_59c0e9b82b852708aa22dfb6a6453350_repeat_1,179.01279020309448
5V9E_59ca254c1ca79936acdf1fad60950caa_repeat_1,136.98524832725525
5V9E_59f4c7012019ad9a4edce795ce1e1f05_repeat_1,173.34707307815552
5V9E_5a54e907a7db4da1810eda1d8b9c6262_repeat_1,172.48846650123596
5V9E_5a802445549516fbb4792b1f74355a84_repeat_1,173.4547975063324
5V9E_5a803c9e690330ee53698ec91dbbce7e_repeat_1,129.62456798553467
5V9E_5afd6e4acf907f967adada88eec0b1bc_repeat_1,223.78453707695007
5V9E_5afeb8e99c7fcce2a06a8d778d1d7262_repeat_1,292.1462445259094
5V9E_5b06d06bc723d89ee472c05ddbf316af_repeat_1,187.80570483207703
5V9E_5b12f47a95de89d314aa7d6b593987f4_repeat_1,207.55909633636475
5V9E_5b14985964a5aa47db5d6cf2135e60e2_repeat_1,209.09246587753296
5V9E_5b1e0d26365e7a7cff60a1bf14ebd01d_repeat_1,269.0034592151642
5V9E_5b5f4e7a43586d1419d108ea1c0bd823_repeat_1,85.63740992546082
5V9E_5ba62c133a77e6809da2e033cd0d03d7_repeat_1,222.6257290840149
5V9E_5bb99afe31b2965b0a58ffe1eeae8a50_repeat_1,243.9097900390625
5V9E_5bd6b9ee45f3c3a6ac47d4cba28962b0_repeat_1,371.01630187034607
5V9E_5bdd1defce3efea98857c1ae7fbdc122_repeat_1,231.94703769683838
5V9E_5be1189fe24d934096eb2721981cf0d8_repeat_1,167.60078501701355
5V9E_5bebf6e6c272aad241e140bebc457a4b_repeat_1,179.48001646995544
5V9E_5bfc07b95c0cf6ad1346bc5838008372_repeat_1,240.3409013748169
5V9E_5c1e60abbf8214d8146e6a312a56b26c_repeat_1,222.89553332328796
5V9E_5c21853b8e6bb94237973703d18e39ce_repeat_1,176.7319209575653
5V9E_5c35c6c5b8df85ac2a0d04d0e641cd24_repeat_1,198.61588549613953
5V9E_5c388b695792e77f32c770d13053c89b_repeat_1,243.4850549697876
5V9E_5c9d9059f2a7e67dc1570f001d3665bd_repeat_1,186.47935271263123
5V9E_5ca7fb6ce30c7e3ed0ac832ca6431d5d_repeat_1,454.4174189567566
5V9E_5cb286a918ebba3bff1c98f30207e76d_repeat_1,142.6339864730835
5V9E_5cb3b0ba66a4039680d18f1b7ec932c6_repeat_1,194.8092851638794
5V9E_5cdd2affca58e6cedfae506e021f21ca_repeat_1,163.420800447464
5V9E_5cdd9bf25923a73bbe481a0ee3083c23_repeat_1,165.7122757434845
5V9E_5d0115f44f21bd256603da08162060dd_repeat_1,223.4824240207672
5V9E_5d1252cad55c0f90a29de89bd286a5eb_repeat_1,250.3897829055786
5V9E_5d285aaf1f6ee23114ddd5ea14ce4490_repeat_1,110.1866180896759
5V9E_5d4962e8abd1e4647857f09dc771775f_repeat_1,203.0512523651123
5V9E_5d4abe5387ca865ae966448679b724f9_repeat_1,333.97513580322266
5V9E_5d70ccc29f08167eca15662bb83e841d_repeat_1,259.680242061615
5V9E_5d9fa2004ddf5ecab399442544a4512c_repeat_1,196.06179571151733
5V9E_5de4dd8577f1810beb8f6238500ad755_repeat_1,214.24942231178284
5V9E_5df9908d4d7e4d2685e7bb3a575d0a4b_repeat_1,259.9538149833679
5V9E_5e090aa36092d083468c2aa8350b11d1_repeat_1,202.81730484962463
5V9E_5e1c682e9aa4480ca7d16314e3c87ee7_repeat_1,213.91207575798035
5V9E_5e3bdb1beea75eaf8558bfb037cb810e_repeat_1,140.04461336135864
5V9E_5e4076488032f06ffae0135e26528784_repeat_1,235.1002061367035
5V9E_5e4bd8ccede09545a71a00d1387c629d_repeat_1,256.6862602233887
5V9E_5e5b3db80bb08280d6f2b027a4a84762_repeat_1,201.59321546554565
5V9E_5eb2d4cbd404b5698575fa03ab3f7b0b_repeat_1,117.40576386451721
5V9E_5ecfe21e6ed01680ff3998775a52626c_repeat_1,287.92822909355164
5V9E_5ef7ab434cf52f2208aa0c6a5e734a82_repeat_1,229.1344335079193
5V9E_5f07463e5a74195eeba5d13329c0c7ce_repeat_1,152.8525414466858
5V9E_5f2d0bb0b94c82a70f50b2bedd114691_repeat_1,168.37417149543762
5V9E_5f58d8e839c38369111bf069126d6570_repeat_1,201.2203392982483
5V9E_5f62586188bcd63be6a0e0b46d4cf814_repeat_1,297.4729006290436
5V9E_5f638579d6556ddb58e073bfa6e9718e_repeat_1,338.4033851623535
5V9E_5f9b81ff73dfca5e678520f89fb06cf1_repeat_1,102.88613724708557
5V9E_6024ba0a7385450b4eb8fdc0c925cd18_repeat_1,181.29374957084656
5V9E_6047adcded92b5d8126a9cc34054624b_repeat_1,274.7936427593231
5V9E_604f9c8b125259e9836b300eb881fb81_repeat_1,239.87611985206604
5V9E_60521e7b099a0457f432a4a5328eea07_repeat_1,228.17496061325073
5V9E_6076ddd0590132a6e22500ac0a005527_repeat_1,210.78749632835388
5V9E_609dc151d6467d441e95ba5756d2d4e2_repeat_1,148.3863651752472
5V9E_60af5e95c717da1f88a23a469c25ddd8_repeat_1,164.18326449394226
5V9E_60e27b0c59f45765ee55899502f0badd_repeat_1,212.11835265159607
5V9E_60ee177b7fe9a32f97870283c0c56880_repeat_1,211.3466682434082
5V9E_60f946c6795e7e98f9fafd5031968d15_repeat_1,264.63186740875244
5V9E_6121a9c53be4670899be1b8e2d6917f3_repeat_1,156.24570393562317
5V9E_6141c3a7ab606b05a5941a16131cc7a6_repeat_1,280.00537061691284
5V9E_61708c9402af1b7d6757d3919f0e365d_repeat_1,183.7209312915802
5V9E_6191179da4afeabaf39d96faf936f7c6_repeat_1,266.00840950012207
5V9E_61c69736a4ebf57307487dd3cc40f188_repeat_1,159.722971200943
5V9E_620c43c88aa500e9ce8a944cb5a7afdf_repeat_1,209.28835129737854
5V9E_62324aacc1696119644a114388ea19fb_repeat_1,261.3186774253845
5V9E_623dc658ed1ce976655fb4a30b5dcc36_repeat_1,295.1914904117584
5V9E_62588a52283573db1a13dd8917bbcad4_repeat_1,204.3592917919159
5V9E_62c7f446ef395b39de7b04f52d47a73f_repeat_1,152.73440074920654
5V9E_62fb51e53865aa050223402ff8752fff_repeat_1,228.80098485946655
5V9E_6310bd0df28363a64df37a86f5a42ae0_repeat_1,233.32039213180542
5V9E_633029309fdd6c1205433351ffae9e2e_repeat_1,206.4028079509735
5V9E_6332d1d2c6ffb029ae1b320f34a1243c_repeat_1,187.5753676891327
5V9E_63a2450d5404f61d4c6495635455f4e0_repeat_1,221.27615976333618
5V9E_63b882b601dd51cfdc8e12775e85f876_repeat_1,236.92741084098816
5V9E_63bec4bb10f91f9937d36cb940724bdf_repeat_1,290.5815043449402
5V9E_64064f355840d3e8aa5124e420ec5def_repeat_1,126.9290497303009
5V9E_642edfca6e06895fcc7dc9ce786feac4_repeat_1,122.39661717414856
5V9E_645160ff25d41d21e807b29db60d306c_repeat_1,210.83283352851868
5V9E_645aa70ad05e8fb2a5d1b7d6aa14c13c_repeat_1,208.70216870307922
5V9E_645b7346a6f9221bdc0f8b27b0cad558_repeat_1,159.1009111404419
5V9E_64648aa347b4450ddea9f1262ac3bf59_repeat_1,244.8370807170868
5V9E_6476142c30c184f105ae4ea31ff4e112_repeat_1,194.1640603542328
5V9E_6482aef3be7a1a478ec3f550a0504bd1_repeat_1,117.31872200965881
5V9E_64a028754ee8169e9e453516cd5332a1_repeat_1,159.76228642463684
5V9E_650ca59f412c73a5bf6e38c401bf9a03_repeat_1,181.32850623130798
5V9E_650d5b7864b08898629b1934f8c8e84f_repeat_1,195.38996267318726
5V9E_6513981274ae5fb2701a9e0f0f88a695_repeat_1,204.09107947349548
5V9E_652e120176a9a5f1186df1dc3419e3c1_repeat_1,164.2328679561615
5V9E_654692dd64411ca0a2cc2ee12897f201_repeat_1,117.03644704818726
5V9E_654aa52c85316267004802b148126e1f_repeat_1,371.75711584091187
5V9E_659b53528dcbdea3ddad7ee955536dde_repeat_1,153.98369526863098
5V9E_65f66ccb34d49fdf314a430a606204a2_repeat_1,175.2789444923401
5V9E_6616b4e567888bd3ed8e7c23c9e42f7e_repeat_1,132.39660143852234
5V9E_661c511237f6bc239abcc538fe540285_repeat_1,182.85379099845886
5V9E_662c964d00506771d46e280406628433_repeat_1,143.3503556251526
5V9E_66344e4ea26195131f153b084f6e0bf2_repeat_1,233.13001203536987
5V9E_6634a6ce83c228948107a9f5731bb58b_repeat_1,201.51542210578918
5V9E_667d5b58cee7b13b2cb3653381bf9edc_repeat_1,177.2987608909607
5V9E_6694634112ae49c38f872b45bc64201d_repeat_1,190.67655277252197
5V9E_66a0485d7e82761b6df2bd7d7242bbce_repeat_1,250.08712029457092
5V9E_66c1215fd4cd5d0a53a4d25f73ecbe3d_repeat_1,243.79256987571716
5V9E_66de412c4b7af3432ecd0d9dc157b027_repeat_1,178.35437321662903
5V9E_66ea4e36f994d4bf11102cbef10a3cb1_repeat_1,237.62043571472168
5V9E_67062f7ce8fea46660ef5b6c2feb8390_repeat_1,215.11088299751282
5V9E_673e162f517593c61ab2c3ce2cd7fdec_repeat_1,147.8188123703003
5V9E_675777ecb1daff61b6917d833406cb82_repeat_1,201.50603318214417
5V9E_675a5fafbb552af315bb9804ac8a01d9_repeat_1,139.00922513008118
5V9E_67848998fa467b5229586bebd43ff6bc_repeat_1,165.740549325943
5V9E_67a6411ec169abf4e7959a471a69065e_repeat_1,222.81321907043457
5V9E_67a7130be93201a7164121fd739897ec_repeat_1,266.16423082351685
5V9E_67d60e921d6bfd24a0b8b799366ca5ef_repeat_1,135.4975471496582
5V9E_680543e4395a320b0efe0362fc9f1624_repeat_1,197.27016496658325
5V9E_6808932dc73180e656d9f0e0884bcbb1_repeat_1,217.4928481578827
5V9E_680df000a391db7946d89a726e3531f0_repeat_1,168.80140733718872
5V9E_680fd1b37f8a85e2c400659e568bada3_repeat_1,123.11897015571594
5V9E_6815281645403cc232e185dad7a08449_repeat_1,112.35245561599731
5V9E_683d2f0f319573826904fad060a1895a_repeat_1,201.00676941871643
5V9E_684fb53429fd73b835cb8d409a621955_repeat_1,246.37194108963013
5V9E_68541d927918c93d63e0cd8edc1a0521_repeat_1,244.6724648475647
5V9E_685815992876c38b38d1079f816554dc_repeat_1,143.0429425239563
5V9E_6867411c4e9018acd8a041178f8a6ce5_repeat_1,198.27030849456787
5V9E_6868fdcad8b842627403f156037b03a7_repeat_1,211.54497694969177
5V9E_6882c7b2a0ee8e19e7d57a531b6df3ee_repeat_1,182.50921368598938
5V9E_68b061c9685f7c38882d43cd001d5618_repeat_1,369.95422887802124
5V9E_68b7eb6620ccdd9bb61ab8e70f57ef26_repeat_1,336.1031036376953
5V9E_68c64c8e57efccba326df5e08fa7ada5_repeat_1,153.07037258148193
5V9E_69110d2f08114fea621e4df001f475e4_repeat_1,140.9344437122345
5V9E_6923f7e38774866a8a8d5534e7b5ca39_repeat_1,233.8431568145752
5V9E_693200c6c2749d896ea7f55c333d02a5_repeat_1,94.2010600566864
5V9E_693367c6276ffe799e089d461f6bcddb_repeat_1,208.7781035900116
5V9E_694b2a7b87f8c9e18ec2e291566bdd08_repeat_1,122.06862187385559
5V9E_699f6092088beae1a18d26bd1731bf65_repeat_1,225.63108134269714
5V9E_69d014b426ee041acc512dd11bece50e_repeat_1,151.7155520915985
5V9E_69e75669262e48b405fdd389b479dcc0_repeat_1,237.03469944000244
5V9E_6a14fd133a4de7cd6759bc4ba38634b6_repeat_1,196.6087028980255
5V9E_6a33163d3ad3dc6fa9ae3390237d55a2_repeat_1,150.5700342655182
5V9E_6a49b4702024c3757230745d3efa7d75_repeat_1,169.70151376724243
5V9E_6a7a73a7e8a1f300c113940888a96cc9_repeat_1,146.86114478111267
5V9E_6a8130a1e860a2b79c291e48ecb43d0a_repeat_1,137.40873003005981
5V9E_6a8a0c155ba9bd3578e90e3b80cb159f_repeat_1,292.15642070770264
5V9E_6a93f0007d00fff90ff1677ef215f0e8_repeat_1,135.43928980827332
5V9E_6a96c1c2c8186bff3577841108abb178_repeat_1,150.3634066581726
5V9E_6aabdc2f8df20e82c24c79be46921553_repeat_1,160.1570041179657
5V9E_6aac1c92302966994836a3829c57cfec_repeat_1,139.36556839942932
5V9E_6ac5cc603b8526c53ad634b6e2662ed8_repeat_1,299.8047602176666
5V9E_6acbfdf1ecd77f326c9a2f16c3a261c2_repeat_1,230.03350710868835
5V9E_6adf09ef60d9568b0c5ce41d788a41bc_repeat_1,107.37089014053345
5V9E_6ae2cacfa42afa41b1514a0f526f309a_repeat_1,159.24817061424255
5V9E_6ae7896d74c6ee4b425ea02081f14a1d_repeat_1,176.02963256835938
5V9E_6aedddeffd46f7e2e60d3c7a259260f2_repeat_1,193.00519943237305
5V9E_6b1f2c4683c16813c935ea4dddaa504c_repeat_1,249.0490758419037
5V9E_6b23abdfc14c0b2fcb8e081499e39ef0_repeat_1,209.81759524345398
5V9E_6b5481c51d2091d2fc505b3d49a868f5_repeat_1,194.6436061859131
5V9E_6b679c58fe7f5c0d67a7c4e7d9a9599f_repeat_1,250.12934350967407
5V9E_6b871f67a713f0830f8cfe82ebb507ec_repeat_1,119.61192584037781
5V9E_6b9a4ff916db97210cb2aa5fa4c3ef26_repeat_1,220.15598511695862
5V9E_6b9d414cffcf259b791ec6d3d7e420c9_repeat_1,219.0423560142517
5V9E_6bb3a5f158c57162b2a9671a1402725f_repeat_1,108.97873139381409
5V9E_6bc0f7ba798afc76815635963ba2afe7_repeat_1,191.01055526733398
5V9E_6bd49c3d81e7deb3caa720a04bfc9cca_repeat_1,255.96576404571533
5V9E_6c080728a59a68d6df7a8e740bcacc30_repeat_1,169.02191066741943
5V9E_6c248b16b61c943a69c4a427de4b4586_repeat_1,208.09879064559937
5V9E_6c3891bbcb556109f21bb4ca1af788aa_repeat_1,139.42667937278748
5V9E_6c51b01633902590c0499b8558700fd2_repeat_1,226.59847450256348
5V9E_6c5dd4383eb6a06f066d7caad22ca921_repeat_1,125.89792227745056
5V9E_6c7887377528964de8c27daca4655b7d_repeat_1,220.73612928390503
5V9E_6c880ba0bf9dee56c031acdb20027da3_repeat_1,160.50262570381165
5V9E_6cbecb09b5e261f5c151cfa47e31c2ab_repeat_1,242.68589615821838
5V9E_6cf3a1d5340e7d177a922ff64d924d13_repeat_1,212.1719138622284
5V9E_6d1fd3b8fb4d4b40863c48d291825577_repeat_1,157.44637393951416
5V9E_6d219ade55cfb15cf06866534c3b8aa2_repeat_1,202.97401762008667
5V9E_6d3d6cc0a4abbfa0755f1db65e58647a_repeat_1,220.14590620994568
5V9E_6d94c6c7d85be8603cae122507dd7b28_repeat_1,146.51214337348938
5V9E_6d9b8157b4d5d475bde9399e176478eb_repeat_1,169.93377137184143
5V9E_6daf747e2d6714f179af4e31cf1a793a_repeat_1,176.14396953582764
5V9E_6dcdcc8c78f11f2de5d214fa4feef183_repeat_1,306.9136300086975
5V9E_6dd3a673c5d50578e2a67a724c67e3c2_repeat_1,159.13788294792175
5V9E_6de42855626a78dc1b39ca5526586adf_repeat_1,121.14831781387329
5V9E_6de8637c0412a2ba7c41625f911597b5_repeat_1,96.21368026733398
5V9E_6e1a50a62823c2d9ac528de427d2a6b3_repeat_1,103.7296097278595
5V9E_6e2516d2c1feb3e5a6b4fa91747cd722_repeat_1,209.92549347877502
5V9E_6e906fc81eddbb0a91b7e74fb27e670b_repeat_1,209.83715057373047
5V9E_6ead5c77cfa1606866dea35d099d0ced_repeat_1,145.35602116584778
5V9E_6eaed2112c69a829b4fe8fa5955d3a21_repeat_1,263.1526885032654
5V9E_6ed519887232b15a95c625ad0b2c1bb1_repeat_1,170.51525831222534
5V9E_6ed75b7313ad88c2c833421d0252182f_repeat_1,138.66829180717468
5V9E_6ef623eb47fa5a4d2e3f7edfa49932fb_repeat_1,372.20612716674805
5V9E_6f099f89ff3c3da2c2b0578f2479c626_repeat_1,256.8559522628784
5V9E_6f26dc0c4fe9591225e8d3d24ed4f8a6_repeat_1,98.3184449672699
5V9E_6f48005bc58b0d617774f07eda48f319_repeat_1,182.2718527317047
5V9E_6f6257bc3b12d87b8736e81cd4b7ed8b_repeat_1,113.54577732086182
5V9E_6f67642fc3d78abf3a0a89236aec1db2_repeat_1,138.05954575538635
5V9E_6fa7fc93ac44d94689736a4870246376_repeat_1,228.36028289794922
5V9E_6fb1d8ba260a6def0a35fb7fd6f77358_repeat_1,111.01592588424683
5V9E_6fc5b5144b13a82280b046466f2aad38_repeat_1,255.90693879127502
5V9E_6fe713c8e178da8e05df1c52ba8a609b_repeat_1,132.91910982131958
5V9E_6ff6e0373ad7141aae35e05710066a0b_repeat_1,169.65973949432373
5V9E_6ff8ad4528b12c38b16626adf6171af2_repeat_1,198.03466176986694
5V9E_6ff952442fd53d7a8b4901b25b65c091_repeat_1,136.69173908233643
5V9E_7001b4ddc1475535b21165df8b3ac585_repeat_1,162.15493941307068
5V9E_70233794dd25bd1e496a3868f03c139a_repeat_1,231.16256666183472
5V9E_702ddef6b5b7f659ef1ed38652d91115_repeat_1,156.92027473449707
5V9E_7036e856ea6b7484f85b23010ab329e8_repeat_1,234.24666261672974
5V9E_70482b0343bdeea0153cef830766334b_repeat_1,161.461528301239
5V9E_7049d7f6c934c8ea5cd6d40ffb937385_repeat_1,162.65107607841492
5V9E_7054f4b7dd4db1016c7517f33f2303b6_repeat_1,104.62587285041809
5V9E_7084d1b42ce59663c81180c03650f806_repeat_1,156.89422059059143
5V9E_70a17a4852c8a18fafc3c154110ee35a_repeat_1,207.2653739452362
5V9E_70c3ec5c2de73473dc93d468da7765ff_repeat_1,171.8860309123993
5V9E_70cec3d45475d0428b47a6143a0c9370_repeat_1,199.79216980934143
5V9E_70d9702e6f4a74a9715fef825e40eda0_repeat_1,133.74292278289795
5V9E_70e2de86d2d7661bdc08bd83429dee6d_repeat_1,318.7195637226105
5V9E_70f3501e2196f3e525286cfa9b6b834c_repeat_1,327.5173132419586
5V9E_70ff25466d200b6fef6b5bddeced1304_repeat_1,282.9649968147278
5V9E_7119ca0d9759eff3b6b0c0a1fb862046_repeat_1,108.82711100578308
5V9E_7120c1cf9e6cf2d728bdee88fe83cefa_repeat_1,293.9111137390137
5V9E_712a6610c1a725cb4ca7bef39e16f496_repeat_1,234.07842206954956
5V9E_712a8bfd448f1f5df33738224722b12a_repeat_1,188.40300011634827
5V9E_7136d9897752ca56f8a17f11f9268e7e_repeat_1,229.05797910690308
5V9E_715e999758baa5ccd755f5069a2b7e84_repeat_1,113.49606966972351
5V9E_71702962753e818e4501fa6b430a48d3_repeat_1,382.0645513534546
5V9E_719a70b5664cf358a78db07676f96609_repeat_1,233.4874393939972
5V9E_71a40f3a984665cb0ace8e692300044b_repeat_1,172.3795931339264
5V9E_71a92fab54a0bf57657ee284bc7e339a_repeat_1,148.02753496170044
5V9E_71b45bc39119fd3e9d88e3b4c20eb2fb_repeat_1,168.83332085609436
5V9E_71c2b3e556cb58fe4e2c0c3bed77a63c_repeat_1,168.91649913787842
5V9E_71cc78da1e7c14e115e394529b27fe75_repeat_1,189.45587539672852
5V9E_71d0a878c326c7b9927ff3ea3a7d85a7_repeat_1,119.4894859790802
5V9E_71e29ecde1db1f6344801d69c75ed954_repeat_1,81.91782641410828
5V9E_720553bacb23b8b75cffe2655ab267ce_repeat_1,137.9499695301056
5V9E_720826c89db998e2f5b80b03e5b710be_repeat_1,99.32081007957458
5V9E_723cbb3562e7d6f18043143450900c74_repeat_1,344.2835865020752
5V9E_7256d706176b8b700e966b2a1809b338_repeat_1,298.6854066848755
5V9E_72957182e7d7f042156b8f30af460ec2_repeat_1,152.05777144432068
5V9E_7310eac9405e3dc6c67e337bd70d0205_repeat_1,204.4184467792511
5V9E_7316432e5434614308cf79157bf380dc_repeat_1,143.30385375022888
5V9E_7316937f18d5bbde35130af563fa536f_repeat_1,223.80521750450134
5V9E_731e2263c5d50c0a09dc9594f0c8a165_repeat_1,131.6083071231842
5V9E_73207f347bbe819bf8944a493a9356c0_repeat_1,244.59103274345398
5V9E_734d552ec86ba61f9e0b4c7218e5042a_repeat_1,194.46870064735413
5V9E_7352c88e4d521fe33ff4bb1137bf36c0_repeat_1,171.59835076332092
5V9E_736dac6c1b2df3153412efb3258f774c_repeat_1,183.17073893547058
5V9E_737a428b596bb1334c908451e0ea32ea_repeat_1,228.81283926963806
5V9E_73884058c267797fc041ffdcc15ae162_repeat_1,204.68000316619873
5V9E_738b510bbab65ebc03cf6e07c471a84e_repeat_1,200.40116047859192
5V9E_73a1a9cb31f6f2fea7d65da4eb5d19d1_repeat_1,175.7732708454132
5V9E_73d8862fef692639558177c14ed009a4_repeat_1,195.042094707489
5V9E_73dc5fbbfba14d1207ae569e8482a20b_repeat_1,159.11980772018433
5V9E_73e2378cfc229e8fe998d142ee767e14_repeat_1,195.31638956069946
5V9E_741fdfc112c0a7235400077190707940_repeat_1,173.53726935386658
5V9E_7424674dc185be5a421d0ce3df4642f3_repeat_1,208.38367199897766
5V9E_742fa0f1b948fb13286f518b8798eee5_repeat_1,204.6999273300171
5V9E_74397a0a2ab0b7d1fccd9be8925a636c_repeat_1,211.3840618133545
5V9E_743c8d2dde3692fd737a47fd6ca54da6_repeat_1,167.31703877449036
5V9E_744e67ad7a47eb88a0b3ec717900edc9_repeat_1,132.24862265586853
5V9E_7452918e14a8fc8f5851eae6dc0e5f9c_repeat_1,249.1481921672821
5V9E_7487f0b5883ca460f07748dd8d28d19a_repeat_1,217.5326292514801
5V9E_74a37da75b221f5c129d0ecc99b69127_repeat_1,208.05853128433228
5V9E_74c871c478cb91fabba15217cd47a77a_repeat_1,191.63285422325134
5V9E_74dcdeaa0864fe029a672c0af451de88_repeat_1,332.88616824150085
5V9E_74dd32c3ba350b00f8fb30492560b3c3_repeat_1,145.28826570510864
5V9E_74ec978247f32a0b2d040631efd8db2f_repeat_1,377.9393119812012
5V9E_7510d32a1f6ed5e0440fd898bf7b6472_repeat_1,177.17667055130005
5V9E_751ead1b6612a3514414af7b84ef3f7c_repeat_1,287.1736316680908
5V9E_7522344bbd3a7582b3d5d5f3777d7f91_repeat_1,223.47750997543335
5V9E_7524a0d30eaf3cc49bd811ecd9d11194_repeat_1,212.19588541984558
5V9E_7525c0016b92cf6df053d36236fa0626_repeat_1,207.57271766662598
5V9E_7553231009f6a112ba215f4e23fe6cf3_repeat_1,126.78634762763977
5V9E_758a1c0c477eb388d7224b6167500d07_repeat_1,267.7816126346588
5V9E_7594f5cd3fa562e2e54c638d14d627f7_repeat_1,148.54333758354187
5V9E_7597448839a42aa94622fe92b366ab55_repeat_1,142.98346734046936
5V9E_75a12f29a6268d4b65f297c3d64144d4_repeat_1,100.28127765655518
5V9E_75b58771645d2dd5cfd67f5a86eefe5d_repeat_1,210.93775749206543
5V9E_76072feece063d138f8e5d6f48ba2aa5_repeat_1,269.8910081386566
5V9E_762ec77cf26a95c0516749590e7a500f_repeat_1,151.94482159614563
5V9E_7645cac67919768a075026d87a57c633_repeat_1,180.93076872825623
5V9E_7652117cafbfe2e123496ffb9ffd1348_repeat_1,257.70150661468506
5V9E_7665b905a7869020bba5ab728e730ad6_repeat_1,158.78195238113403
5V9E_76848a959dd45ece9b5ebb379baab84e_repeat_1,191.2331624031067
5V9E_76e95ff773019375ce55737d623dea78_repeat_1,159.88839864730835
5V9E_76f2d82579703b14ea0ef91b6155e55d_repeat_1,126.27362561225891
5V9E_771a888531d1c59b6c81308ef2a8dad7_repeat_1,195.14796113967896
5V9E_7751bd1f0b222d3bc58b9af63f865423_repeat_1,139.74998235702515
5V9E_777a8a001378568059692f05697956ad_repeat_1,243.0872619152069
5V9E_77cb31b196bc46d0f6873b8022a1716a_repeat_1,131.03166437149048
5V9E_77cf06a0fac82b9a4678b94b48aac965_repeat_1,196.70182752609253
5V9E_77d1463b9217aa674df019d59e9de4c7_repeat_1,216.36501836776733
5V9E_782ec0fe08a6723122c1fab07ee7b1b5_repeat_1,233.42663955688477
5V9E_783f83871cdca8f73f1a16a65070ace1_repeat_1,245.19983577728271
5V9E_7851ebafe29712059a58034b5203a7c9_repeat_1,339.91930103302
5V9E_7852ee08f4b652a93c8bdab93b5d94ee_repeat_1,290.94545912742615
5V9E_7860e01c72bc410852a79808468f9bdd_repeat_1,221.47392010688782
5V9E_786421170a04816661e1066ff43a2df7_repeat_1,176.12458324432373
5V9E_78680755096937cbe9bd72f4c6014e84_repeat_1,191.1146101951599
5V9E_7868dca4d8bbccfc86d73a276b50faf6_repeat_1,293.9842460155487
5V9E_7885bb8dc7dcf5100620c36b6b4aab6d_repeat_1,252.57664585113525
5V9E_78a591d975771d42eb353bbb8fc11211_repeat_1,254.02540230751038
5V9E_78b5e980199b19d79bf563d777573901_repeat_1,172.64824533462524
5V9E_78b73fe76a163ab7aa959afeddae78aa_repeat_1,220.79813599586487
5V9E_78db719c30742248701a844d34b90946_repeat_1,291.21062874794006
5V9E_78e264120b42829179e711a1bee1fd97_repeat_1,207.6600058078766
5V9E_78e4b93fb21089ad4406086cd40fd4b1_repeat_1,237.73723006248474
5V9E_7975efd0ca5d001ddde549b4b961c654_repeat_1,147.3279206752777
5V9E_79ac0ca945869f05b1fc34f4110f67d3_repeat_1,107.14355659484863
5V9E_79df2f80c4cf400a44e0fdd9e2f2f092_repeat_1,296.4557421207428
5V9E_79dfff8e369abfc08130f3df77e991cc_repeat_1,167.0211672782898
5V9E_79e556b652ec33ab6f69b8e6501ab154_repeat_1,178.84014582633972
5V9E_79f657eaad6cab07fc679bcb232d1657_repeat_1,247.22104215621948
5V9E_79f7cee24bb2acabd4f0aa0529d70384_repeat_1,163.04189705848694
5V9E_7a202f53f2e0b99504c4217a1ee4a0a7_repeat_1,243.41156125068665
5V9E_7a80a2564dc525f68362a93759508772_repeat_1,144.64888310432434
5V9E_7a8113b661dcb1886604e48a40a35d5c_repeat_1,306.9599919319153
5V9E_7a8fea5ba79ecd72fec4ae979b03547f_repeat_1,196.3512945175171
5V9E_7a91b87dd19403316c3fe54b7f9c9c1b_repeat_1,177.94643425941467
5V9E_7a9f4b2b5a5bbea132897ec926ef7271_repeat_1,203.45308113098145
5V9E_7aadf9f1c0ccec4c2e17c2eb9628461c_repeat_1,276.75041365623474
5V9E_7ada599cd1ea14d24346cc55d8a239bd_repeat_1,159.70892715454102
5V9E_7aec6efa210813bd7e932f98fbf5d9ea_repeat_1,85.6727569103241
5V9E_7af541ea97f4d69758729c66fa181c95_repeat_1,114.29133796691895
5V9E_7b068506fe2c327b0b3091f9950f687b_repeat_1,216.3074893951416
5V9E_7b131be59085a1c8db654c9d55c751cc_repeat_1,211.6220760345459
5V9E_7b5b9ba194180830032038082cf1b845_repeat_1,230.42159914970398
5V9E_7b6a9e5106578633104c680cd15ccd57_repeat_1,227.22904706001282
5V9E_7b870d82bef1d69c0410d8eeb00ea2c8_repeat_1,155.5910120010376
5V9E_7b8f7bdb41d7606249e8fef07144113e_repeat_1,173.99135398864746
5V9E_7ba0f5d2ae2587638f7a726736f985d6_repeat_1,153.01112723350525
5V9E_7bb234c262132e27a6d91292f01b4db1_repeat_1,184.86639976501465
5V9E_7bb6675b3622dfeba3ad745cfd9ad62b_repeat_1,171.49372816085815
5V9E_7bce52371db3430367ebcae09f88fe3a_repeat_1,252.14143824577332
5V9E_7be8934ff1bab26fb6f22857c3586331_repeat_1,254.07387161254883
5V9E_7bfbfbcd031c8e1f8dc461bb15d9fa2a_repeat_1,165.15953660011292
5V9E_7bfcb823c7b45ab2b32b3ece101cebf6_repeat_1,216.0768325328827
5V9E_7c307f964e169ddcdf95852487233a59_repeat_1,248.4702000617981
5V9E_7c63f058e45726f0e292be1f009e9ae3_repeat_1,368.7219798564911
5V9E_7c65f6bd01b87407734781b6038050bc_repeat_1,128.2721664905548
5V9E_7c69055881aa9f64fa3451536c4d4d8d_repeat_1,211.36933135986328
5V9E_7c73cc645186a2d125f5c818e9263b75_repeat_1,171.9690945148468
5V9E_7c9cac0ec83026e41cd16708e50a9810_repeat_1,189.70376682281494
5V9E_7cb9fc92003fb6d5663423001409b318_repeat_1,225.88436079025269
5V9E_7cc888ead039d3c6fb4fabbeee348fad_repeat_1,202.08692240715027
5V9E_7d077503c6679bb829c1b0e296f02639_repeat_1,218.52760314941406
5V9E_7d0ef749e81ff3d08f5522188bd171f6_repeat_1,377.6524932384491
5V9E_7d220c901c79b758c3eb2bf42e1d95f7_repeat_1,190.15890669822693
5V9E_7d30e6863666e6892a614d3d2d5e974b_repeat_1,165.35666370391846
5V9E_7d42127242b0884165004e06ecaf871e_repeat_1,193.94777750968933
5V9E_7d59a5aadeb3e761a8417b9b5cdd068b_repeat_1,283.86501026153564
5V9E_7d62a6b5b745ce419e70e4c57c86330f_repeat_1,154.0080921649933
5V9E_7d75c5e19b8ba821d35c2ae3077e19dc_repeat_1,182.10442733764648
5V9E_7d9228765122e168a5585ce661a7478a_repeat_1,218.4924771785736
5V9E_7d9dc7e8dfe3fa5abe3104da97de13da_repeat_1,244.98257899284363
5V9E_7da6f8b2fa9fc021071a28621aaef776_repeat_1,179.0913438796997
5V9E_7dadb571f060337fb22f22029a04228a_repeat_1,142.64136576652527
5V9E_7dc7a55ceb2a0bb1a70a217fe202d0bb_repeat_1,162.63493418693542
5V9E_7de223b2f53b11ec2ef71e4732253b51_repeat_1,145.26912713050842
5V9E_7defb5ab44e3f2b0b7ef270d6c62a463_repeat_1,237.36387062072754
5V9E_7eaf5bd0fb53835ab8749d0c3888bdc1_repeat_1,171.71101999282837
5V9E_7eb7a23216c8dd5912830a479a709019_repeat_1,111.0270082950592
5V9E_7ee2bdc0a01eb9a8ff9aa88c59634214_repeat_1,148.2826156616211
5V9E_7eed396ac1242057a6faaf1de7979207_repeat_1,173.9348533153534
5V9E_7ef54637e572ad2e661344c6c8d15adf_repeat_1,275.2140727043152
5V9E_7f017b7816d72a20075efcbadcb9fb46_repeat_1,286.05933928489685
5V9E_7f1e4127f3a48286d10980537ab6ade9_repeat_1,241.25266575813293
5V9E_7f34b023146d26db7a9cce0e041f859e_repeat_1,118.15906071662903
5V9E_7f6fb1906330766d8b893811aaa8cc57_repeat_1,147.47693300247192
5V9E_7f791f13382d69b6e79f68aa10f46d07_repeat_1,172.38283610343933
5V9E_7f8123ebd1b7bca970c58f7219759b42_repeat_1,140.54339718818665
5V9E_7fa718ab3791e8e498ee5239cf61b6f7_repeat_1,190.9884901046753
5V9E_7fd3d1bacd98c156763ccdf29c1c2b1f_repeat_1,159.27965354919434
5V9E_7ff5677efc315010feca4dbe8d8a7a70_repeat_1,229.06553721427917
5V9E_80085ddd7dff0364c3e10ac6a704758f_repeat_1,108.8687219619751
5V9E_80289734d6e9b0ebb61d8b41267c089d_repeat_1,201.87574362754822
5V9E_803a5c5374e7431184d573e8d3e35358_repeat_1,158.02367901802063
5V9E_803ac1772aed7b0f80e9680b316f9c93_repeat_1,217.31962299346924
5V9E_80408aae1846d5985c4c3098a212782b_repeat_1,330.5623869895935
5V9E_806de34edcef48ced064834e26e29fc2_repeat_1,326.2631325721741
5V9E_8071c47a103d4b4ced785c2fc1adb837_repeat_1,302.8759341239929
5V9E_807867bd931b14cbbbd261a8dc4237b7_repeat_1,161.07628178596497
5V9E_80a65501c1be33356bcd9159830d8c2d_repeat_1,176.6069691181183
5V9E_80ad935d4722a32b3fe83d7d1e790ede_repeat_1,264.98965406417847
5V9E_80c3c5ff69e9aa581464e562ef991943_repeat_1,293.6051309108734
5V9E_811a24d7ccc4b6ed0d9a50da26da5dae_repeat_1,163.05011320114136
5V9E_814bd3a3ef62ac98bb28c6fdc2bf9612_repeat_1,171.5200424194336
5V9E_8151bdafb530028d5e8883dbe53688b5_repeat_1,372.9356791973114
5V9E_8159c7755ba5090b5bc6b3d92d6a5c86_repeat_1,147.8029909133911
5V9E_81653de2d99676fa3d377640124a73ab_repeat_1,128.5861735343933
5V9E_818948ebf492928e6bf7d05b2960b463_repeat_1,177.05651926994324
5V9E_819575980f193116a3d751dcb12a4d19_repeat_1,198.94329524040222
5V9E_81a4348f3bb21624dad11c2fe1a1a702_repeat_1,82.43977522850037
5V9E_81bc718c27fd21f875caa9f4a5d61a15_repeat_1,257.9298779964447
5V9E_81d9caf674ca28478144178cadabb49f_repeat_1,246.1203577518463
5V9E_81e16e4efd17a58210b51a7add2271d2_repeat_1,172.2455599308014
5V9E_81f5a40841c2dfc0dcad2cf76c88e80e_repeat_1,81.35462284088135
5V9E_81f966cd234c81cb125148e085fe5303_repeat_1,279.4218418598175
5V9E_81f9be7818b723c48001f9c08e5000e6_repeat_1,204.71597480773926
5V9E_820ec13f301e1957e69dc793a57cf0be_repeat_1,156.79941964149475
5V9E_821fa1bcb600b593adf257cdb6cd1351_repeat_1,243.58151745796204
5V9E_82588aa7304f42657467a94fcda117f5_repeat_1,258.04278445243835
5V9E_825f47a5ce46eee6863663d5a860bf8c_repeat_1,147.0846769809723
5V9E_827fbedb2d1fccaff12cfab4f53d388f_repeat_1,386.79907989501953
5V9E_8281c36a30ad3bf43b716a6a4a5416cb_repeat_1,249.63574600219727
5V9E_829adc381bee66af22b61281bb1c5467_repeat_1,153.51158833503723
5V9E_82b0b8ae4998f247d49cca416e0f40a7_repeat_1,126.85569024085999
5V9E_82bd20355c081914b008f309f71d247f_repeat_1,171.9066026210785
5V9E_82c3f9e8228ba83956de57b8b5eb02a8_repeat_1,219.01274991035461
5V9E_82cbd3e13b0a92b484eb8a01c548dec5_repeat_1,168.7861442565918
5V9E_82cfb9b8c695165ae3d73cac266e794f_repeat_1,182.20100855827332
5V9E_82df9ed5d12a2f095597c8d91e8b0efd_repeat_1,122.09125232696533
5V9E_82e0f5501db6ca4c1922030c29e68ea2_repeat_1,170.98297357559204
5V9E_82e63bfa68c8214e5945c9cff5e37a17_repeat_1,201.04955458641052
5V9E_836995d3cefd675186abbf1ce3962a60_repeat_1,134.53620076179504
5V9E_83703e11ade9ffa32eaca984c4066245_repeat_1,165.02740740776062
5V9E_837109981c8b9c145bf2f6619fd2628b_repeat_1,413.4843144416809
5V9E_83b1ee98d00d20aac7baafa67eb05404_repeat_1,222.00719022750854
5V9E_83cc69dd0b87e6cb289790ac94b96556_repeat_1,128.30293464660645
5V9E_83dd7133310638b34697810ec15207a9_repeat_1,208.61175107955933
5V9E_84047e346ce21417853a532a4046ac18_repeat_1,203.36531901359558
5V9E_842dff1b9c5aca2c13ffaa2db0b1eb29_repeat_1,144.82583808898926
5V9E_8435fcaebcb530cd82216b4785ceaa0d_repeat_1,98.26974701881409
5V9E_84510c417a5ae235d49ff7ce83ed62e4_repeat_1,169.3422212600708
5V9E_847b6fff57a01c3756769fd5339972f2_repeat_1,221.6164426803589
5V9E_8481b63b0bb5c96d28a05049cc9e0b41_repeat_1,225.91872143745422
5V9E_84e4a1f05c6e97473b73df71e53201c3_repeat_1,244.38261008262634
5V9E_84eadd8c415052ea2bb8e66025ae44b6_repeat_1,192.5303852558136
5V9E_852f21047c2aa03cb1fde04587083228_repeat_1,227.56315755844116
5V9E_855c3536b46edd021a40df485e1b5bc0_repeat_1,175.60185384750366
5V9E_85718dce1eb4b3faf5afb197457e35ee_repeat_1,140.48391222953796
5V9E_85c83000b3d1e4c54dc93f49eb301bfd_repeat_1,128.20179152488708
5V9E_85cec548e4f43454c7f75f06a31bfb91_repeat_1,184.343768119812
5V9E_85ebc3f06517a73f65eabcd6948002aa_repeat_1,169.62640261650085
5V9E_85f2c7bed16df045d96568f573168b7c_repeat_1,291.4473822116852
5V9E_86352b668497a8b5d94dc67e19427023_repeat_1,293.0804762840271
5V9E_864ae8d12d74ed29a80da7f817308f4c_repeat_1,163.68966126441956
5V9E_866edb4b9dc9f62f185cc56a08c0a648_repeat_1,255.14698719978333
5V9E_86a75385c30570e0e2eced1271b7ad86_repeat_1,136.07857298851013
5V9E_86b719f7176a32543d0cf6fe0a868349_repeat_1,338.4525592327118
5V9E_86c96e6abead964a7144ebf59f90fcf8_repeat_1,152.61680793762207
5V9E_86d1da647f1f31dde8b6ed5629f25227_repeat_1,231.5733573436737
5V9E_86e1b0b8f2fef300e75b014d3248650b_repeat_1,209.02319765090942
5V9E_86f906c770bc64a34e77f0a50034994f_repeat_1,210.94152116775513
5V9E_870a95e3ccd87b7d35ba44e14738478d_repeat_1,162.893404006958
5V9E_871cb9e60821fb9d8fbe45862d48a8f1_repeat_1,170.20336270332336
5V9E_87602782d18ed8811eeb48cd90c58446_repeat_1,128.363778591156
5V9E_876b64e5df88930f25ec16cff23cfef4_repeat_1,140.87318658828735
5V9E_879b952a092d0456fa7987fe9fafc6a9_repeat_1,142.1147289276123
5V9E_87b570a974243ea07f977eacdc025c4b_repeat_1,139.09768319129944
5V9E_87de03f0f8de3fa049eaff73c80a8ad7_repeat_1,218.56400108337402
5V9E_87ec913ca9b1904d103a649869a8daff_repeat_1,153.16209864616394
5V9E_880b82eda2a936d94592d29371c118fc_repeat_1,259.6405830383301
5V9E_8810708382e7993dff9f4fb2742d3635_repeat_1,152.00300526618958
5V9E_88545f5845b81db3fef23482e1fc84b4_repeat_1,228.24434113502502
5V9E_886b588110286ae2a015abe91fc5977a_repeat_1,168.5798134803772
5V9E_88869bea971c8e869c32233eab76b7eb_repeat_1,256.50379705429077
5V9E_88e82447183b34c14c398690db205314_repeat_1,223.69675421714783
5V9E_890e2c135dd72a87bc8de6bb26ae721e_repeat_1,207.01289463043213
5V9E_893395a777685e31f8320c96efe5f4f4_repeat_1,144.27300596237183
5V9E_8937889a2f3846ad2c0d2eeda5b4f093_repeat_1,216.5273871421814
5V9E_894bba17519cce2c043f8c23fc86a1b2_repeat_1,242.15794253349304
5V9E_895c592f439643c3ffb2765c6d7d91ec_repeat_1,178.05063724517822
5V9E_89643be7a411ac22131c5d7e4051a136_repeat_1,185.06221199035645
5V9E_89678ac5eeab4b0b40398c6aeaf86d1c_repeat_1,255.44115471839905
5V9E_898a4b763c7a0a16101d9836d8207969_repeat_1,218.60495734214783
5V9E_898ae15d567418c416dc4b507bacd9f9_repeat_1,143.10383892059326
5V9E_898fa7d36b379f387ba9dc5c50c12c73_repeat_1,163.9742956161499
5V9E_899874fd7dd9b1ebd92ae355bab91624_repeat_1,138.82590699195862
5V9E_89affbc794f6441feef70489802989bc_repeat_1,208.07646441459656
5V9E_89bcdafec298c7806623a6a6f3965a2f_repeat_1,342.54762291908264
5V9E_89c18cead179036b40e53ed538b9cdd1_repeat_1,189.29797768592834
5V9E_89d845cd7534d4684b17f59771382c37_repeat_1,183.531635761261
5V9E_89e7e76320aefd0552c1bfa7f0010ec3_repeat_1,200.3513321876526
5V9E_8a696966ceb485f331e4334bd16b93b7_repeat_1,220.11903047561646
5V9E_8a6d6c50e4b6c2af5f82953bc51973a4_repeat_1,212.42222261428833
5V9E_8a78729f49cf73d5583a5e66e3466798_repeat_1,209.89968156814575
5V9E_8a7eadedb6f1fe61565b27a68b161090_repeat_1,120.38281512260437
5V9E_8ae92a5feb7e7cdcc32a0639dd6c0e24_repeat_1,122.1197988986969
5V9E_8b0645f510795311bbdf13fbc804cf5a_repeat_1,204.24408268928528
5V9E_8b262dd1aa44845009264e4cf7a90288_repeat_1,111.33388423919678
5V9E_8b41d6be7b4355f03fda3ce89cfcb436_repeat_1,189.36579203605652
5V9E_8b5ecae657cb9121aec98237818ce370_repeat_1,196.48250913619995
5V9E_8b7c30a1fd76ef68a261047bea3f3d64_repeat_1,189.49194955825806
5V9E_8b8de6b476b2985acc2976ef048859d0_repeat_1,139.5677707195282
5V9E_8b9b18d43c82415afd42f9ed17a88eb1_repeat_1,211.69291830062866
5V9E_8ba7c8b64f5dad0a31e8f78bc14b2272_repeat_1,173.7839765548706
5V9E_8bb7c4fd74154bce299cf3b37849d7bb_repeat_1,143.21588325500488
5V9E_8bca5ff9ebeefebb12733f8b17bf0c2a_repeat_1,298.6244604587555
5V9E_8bcd55146e9b935695fe5f19fd08b199_repeat_1,251.1504294872284
5V9E_8c190becad86f7cd87955a480622735c_repeat_1,200.04275631904602
5V9E_8c1952b65f7fae6b29f23d1235f7b8c5_repeat_1,181.153546333313
5V9E_8c3cd4659745614f771ccb25ac405bfe_repeat_1,180.37410044670105
5V9E_8c408de72013023412c462bd14f50f9f_repeat_1,228.3365559577942
5V9E_8c4ec8489ec6ac4e4e0ba4f877bab9a0_repeat_1,212.30692791938782
5V9E_8c5cf206dd870eca1f6dc2e8f70d0750_repeat_1,201.8457407951355
5V9E_8c9eadfd0bf7e2ac96afe53057b99760_repeat_1,214.1999442577362
5V9E_8cb3a764fd692371153c2c8503f840e0_repeat_1,198.08260655403137
5V9E_8cca79ebad9b132b2e94a4635e7275ea_repeat_1,184.08564615249634
5V9E_8cde6d91c55887e02d1e539a4158519d_repeat_1,229.4609398841858
5V9E_8ce1eccad5c5797faaea4ab6a71c05fc_repeat_1,254.36126971244812
5V9E_8ce7a157bb8325e06b4979c5ad77d620_repeat_1,121.07585644721985
5V9E_8d0b342eaf36d959db1f55270629cc6f_repeat_1,224.4753258228302
5V9E_8d3ffe0d1458f92482106e2c9fb13c94_repeat_1,129.70909690856934
5V9E_8d42a29dc90a11f21d261eb80f67c8f9_repeat_1,125.87514662742615
5V9E_8d6812e2edad848ca32882563568e9cc_repeat_1,235.22377800941467
5V9E_8dd13a561a5d593fdc828306b10a4e60_repeat_1,89.09794640541077
5V9E_8defd2120043a5b2743d2a6639d14523_repeat_1,104.06923389434814
5V9E_8e22211cc3e8ca3c481e869fabb76557_repeat_1,218.791090965271
5V9E_8e67860ae8b67e10bc246c4cc897feb9_repeat_1,223.0472114086151
5V9E_8ec4c06192d611a8a35dbc4aed34f366_repeat_1,148.07967114448547
5V9E_8ed5f83752c19efff2fdbab570b71efd_repeat_1,180.9975016117096
5V9E_8ee9a383f296df8684f74e44b6a8d6b7_repeat_1,243.371431350708
5V9E_8eef92fd8c74217207b794a1017f1472_repeat_1,157.72556567192078
5V9E_8efb313f459cc6c1dacb707d27e646ed_repeat_1,143.04380440711975
5V9E_8f036f5f8a50331d0792d45a9f15b366_repeat_1,146.49686241149902
5V9E_8f043bf41775f3aaa181412f31c0ed49_repeat_1,280.98792266845703
5V9E_8f11ff0955287d8093b05ce5dc1f249b_repeat_1,199.7694616317749
5V9E_8f44388617d6e435e6cf0fac1ba04259_repeat_1,145.59730052947998
5V9E_8f7262431bf7cf64b2d5c39349f9679e_repeat_1,205.9347710609436
5V9E_8f78322b62723455648175fd25ca1988_repeat_1,179.24433827400208
5V9E_8f7fbc47afdf09c9769b39d15e5121d1_repeat_1,195.45325541496277
5V9E_8f8261e9ae3b56e4aa0ffb2c15f539f9_repeat_1,247.61083507537842
5V9E_8f96c7118a3507f69e0f14ad76ba0ef4_repeat_1,169.52143740653992
5V9E_8fb886a30e5f599008b931eeb793e964_repeat_1,175.64676189422607
5V9E_8fbc985b47eddbcbae9ab11e5de8980f_repeat_1,178.15831565856934
5V9E_8fc0cb04b0b674777272573706ca1a34_repeat_1,256.9067225456238
5V9E_8fc4b45420426441d65a8778bb026fd1_repeat_1,247.1276822090149
5V9E_8fcda4ab779bbf8b2fab72c370a270b1_repeat_1,206.21132445335388
5V9E_8fdd8589c9afaf7fecb9e90537c0e098_repeat_1,154.0421712398529
5V9E_8ff20e6c97d9e3ded9b7a8612f623b7e_repeat_1,328.5198907852173
5V9E_8ffc0fcf52a9cd55f54d76d5ad5be9ab_repeat_1,151.3088629245758
5V9E_9018052602458f76ad130860a69da2f5_repeat_1,189.90657424926758
5V9E_90636326202bbf148410239b8760b870_repeat_1,168.73940992355347
5V9E_907802d27f786475545b76371b5b5da9_repeat_1,246.61298608779907
5V9E_907898c9e4e38e5c1b2c46fc185cf6ae_repeat_1,174.48795795440674
5V9E_909c2e3d6dc9114764ac1683f7c7e408_repeat_1,119.95252823829651
5V9E_90b0bf847b1e6f25bf41a7857859efa7_repeat_1,263.0647523403168
5V9E_90c27586a8327162d48ac608a2a069ea_repeat_1,174.33316016197205
5V9E_90df3386265fdcbc228be7274b62f848_repeat_1,124.63852953910828
5V9E_90e3f5faec3240ddfee38a004cead72a_repeat_1,115.92758011817932
5V9E_90ece241023a0eeb9959710c9da542d8_repeat_1,128.22896432876587
5V9E_911f8bef7eb62344899651de68b972a5_repeat_1,126.5167088508606
5V9E_9125dba9ab79d39f91f6dd0af8356221_repeat_1,221.19122433662415
5V9E_9130232489f5c1945dbb033265aa033b_repeat_1,214.1636049747467
5V9E_917393a2535f918702f65772184632fa_repeat_1,120.760977268219
5V9E_91a8e916c92d2a22c459962024b59fed_repeat_1,189.9721646308899
5V9E_91f3f46045b1f6e0b74d70db9d819a93_repeat_1,186.6984293460846
5V9E_91f68ed91c03495fba92e751bf33d9fb_repeat_1,271.0999844074249
5V9E_91f9ebbd95aeedfb6e3f3050ef9bba6e_repeat_1,162.9804482460022
5V9E_92010f3eeffe4894b91669356a503e2f_repeat_1,266.22294330596924
5V9E_9205f3085fe97cb7a47783c3bbc01eab_repeat_1,164.82124996185303
5V9E_921cea05fb2daf42fa64d2be34724b37_repeat_1,131.76430201530457
5V9E_921e3592b64036251615cd083f1b432c_repeat_1,193.7478756904602
5V9E_9227766ab9d833b2509efd52e87794d0_repeat_1,191.99573874473572
5V9E_923f6f017a94c5013c59191cdde55950_repeat_1,205.37649011611938
5V9E_92482da227cd6e54542ec1f5dde076f0_repeat_1,146.14802837371826
5V9E_924cb4ec0760bc1396d99b2cac57586b_repeat_1,118.96159744262695
5V9E_924cc34a4cd90912345532a6f0c5abaf_repeat_1,159.0255262851715
5V9E_924d1133a9fa2704e4c80961c7b55090_repeat_1,204.06292963027954
5V9E_926d8eaa4130bf68a73dad7fcff093c2_repeat_1,230.93569040298462
5V9E_9295d4d5e9c59c40b40af9455a9f8965_repeat_1,217.15467858314514
5V9E_929863bb2021136b264355a9e51cf05b_repeat_1,141.36716675758362
5V9E_92ae23eee000bc1c795346597623bd4b_repeat_1,194.22158455848694
5V9E_92b44b991ac13a8115b114e8c9777aab_repeat_1,334.99645733833313
5V9E_92d69905c646f870cb66d16e07c4e2aa_repeat_1,176.79300594329834
5V9E_92ead01c13737c592461c95b60d14b2f_repeat_1,123.89612126350403
5V9E_93154ffaaff82bc94bda766d4f00ba31_repeat_1,171.9339861869812
5V9E_93410f1d3e235e658b01bf6df0776800_repeat_1,99.86606121063232
5V9E_9356645ae93df380444ea4ea52aa9663_repeat_1,198.52082014083862
5V9E_939d34d0f394cfa18fbb5027b44d870d_repeat_1,166.37062573432922
5V9E_93a96df5b79cf5b84c0fe94c1e2fb7a1_repeat_1,260.40050506591797
5V9E_93b8f7332e209a6f46f8eb71d1de627a_repeat_1,200.06626534461975
5V9E_93bb9d3b06a56d6a7361f8a60335d20d_repeat_1,300.82077050209045
5V9E_93f774143331be9a9448b5c5555a6a20_repeat_1,176.1628589630127
5V9E_941f75b2c08f8f28c08a14e6b15dec7f_repeat_1,148.38648056983948
5V9E_943b349b968d695fe5435d6b7173df52_repeat_1,318.09642148017883
5V9E_94594368b4c851067305ff66eefecd09_repeat_1,253.6158730983734
5V9E_9459a6b30a02db900fbcbc394d989013_repeat_1,146.6416199207306
5V9E_9468dd9a2d80b463ed46f0c3d0be7f38_repeat_1,329.1126341819763
5V9E_947997a39874cf58b7d1370177b3c29c_repeat_1,168.03010487556458
5V9E_949c4addcb63398bc80c63b5e34c093e_repeat_1,252.5686674118042
5V9E_949fe2a495abb2fb74a17d5c36cab032_repeat_1,173.9773223400116
5V9E_94a85a8d0be4043e7abddd67b0f66995_repeat_1,137.58670830726624
5V9E_94e559df79d04b77c682dcb81f95dff0_repeat_1,255.04858589172363
5V9E_94ea65a39481b049ef8c2e408b656e56_repeat_1,197.33344984054565
5V9E_94f52353388f8f190f12dfd267c04dcb_repeat_1,176.3317310810089
5V9E_95000ce507cc3a679842e61171a9c5be_repeat_1,157.36625289916992
5V9E_950378b1b9e731487a9b6444f51183ac_repeat_1,165.53777074813843
5V9E_950f56d918bd3d0aa38fa2a7c8eb4b2c_repeat_1,204.52308559417725
5V9E_951ba807ad571d4f62b0d262bd6e37e6_repeat_1,113.10065031051636
5V9E_954f9e7eb3b4b25f60893283ac377fdd_repeat_1,365.5511577129364
5V9E_958084bec83ef7aae97e8e899a558799_repeat_1,208.82150554656982
5V9E_95a9f27ff0db2a4f7b17d368a54caa33_repeat_1,172.1919972896576
5V9E_95adeed0325f5f51829944341f30e211_repeat_1,178.50903820991516
5V9E_95bf64254de500ae7ff90784cc1351a1_repeat_1,153.21136283874512
5V9E_95cbf1ef098b81547dae606adcfe201b_repeat_1,219.83164238929749
5V9E_95eb822992dfd728bc66538284236bfd_repeat_1,221.08932375907898
5V9E_95ed2193ebee7cab771a8c72b911dae7_repeat_1,129.14891004562378
5V9E_95f6a566e20bc2f52226a35a47d954cf_repeat_1,161.35427117347717
5V9E_9608c5ac63ca7997283984b9424b91a1_repeat_1,159.43650245666504
5V9E_966a38844d80893953857b2fdb047c1c_repeat_1,234.5846209526062
5V9E_966a8c35823cdad5d48795e9a414ce46_repeat_1,219.96623492240906
5V9E_96794a104891b22bf4f2abbdd7c3e90f_repeat_1,185.81066155433655
5V9E_968ad36c82f9a23fe6676c895edd9d3c_repeat_1,250.267493724823
5V9E_96922d5a33946044e2697bbf1e1e5bda_repeat_1,243.6955542564392
5V9E_969eef7d9b9bd0ee27f922ece00363cb_repeat_1,253.7509262561798
5V9E_96cbf7260d2d668dc99ee743215f7f8a_repeat_1,155.2740602493286
5V9E_96ef7886ceb9245af3aa73007011d545_repeat_1,178.81383275985718
5V9E_971c63dfe435455c4ae2b5320be49df2_repeat_1,206.79349994659424
5V9E_9727e115f126645b8c03b48d63320bbe_repeat_1,259.1865360736847
5V9E_973124a8baba7799ce23a0ff034a7bc6_repeat_1,221.87807154655457
5V9E_97712fa83076002444f5c1a1cbf06fd2_repeat_1,161.7543601989746
5V9E_97cad5887e7ca9ee1c5e58bdeec1553f_repeat_1,244.86524391174316
5V9E_97d0e4e2c6056628b5ccdaf94c0c77c6_repeat_1,206.27997159957886
5V9E_97dbc5ef49e841b197a426523765b52a_repeat_1,168.70857548713684
5V9E_97f22bffa74bdca32ff2aff31a90f932_repeat_1,80.76339602470398
5V9E_97f9c5e8c602d0eb4eccb717636ef4b0_repeat_1,136.21305179595947
5V9E_9870009b3c9d272756257bf4c0efdb46_repeat_1,127.53102612495422
5V9E_98a097441d65a8c926ef46518722044b_repeat_1,124.25207304954529
5V9E_98a839f70a1dd747a1d1933f7d52dc0d_repeat_1,104.45760893821716
5V9E_98bc836e09f3b507040724f58e69fc47_repeat_1,106.710684299469
5V9E_98de15cf3fec0215a7bcc30cf8a70595_repeat_1,237.51912212371826
5V9E_98dfddb4bb25be2dc6f77b6d8c831249_repeat_1,180.93503308296204
5V9E_98f2b37d4a351f4c627c0ae86ecd9f08_repeat_1,249.33956623077393
5V9E_98f3842c830f57d0d1614660323340e6_repeat_1,203.97280073165894
5V9E_9918d9db137a6e7322e431e36e87c0ed_repeat_1,186.23244857788086
5V9E_994355fd3ee528f1c6150ab755d43a32_repeat_1,130.3286328315735
5V9E_995c19c7d69b92a7f3154eac6d1e8b92_repeat_1,223.39700961112976
5V9E_997848c019fed76cadfca556024d05f9_repeat_1,177.30786967277527
5V9E_99a95460925457bf661e7db08e70700c_repeat_1,255.79226207733154
5V9E_99c581980b4f95b65d05949bdef2f37a_repeat_1,135.77566266059875
5V9E_99ca0a180249abb4dbad4fb0032b9e1d_repeat_1,220.48999881744385
5V9E_99e020928d6249ce9b34d674ea1e1832_repeat_1,227.56643748283386
5V9E_9a0404ca5253909b5ab5b01cdbad3871_repeat_1,288.53979659080505
5V9E_9a0e0f03bf1500581e31e674fdd8a2de_repeat_1,159.7450783252716
5V9E_9a139edd1b7d93c245803034df291581_repeat_1,152.36429905891418
5V9E_9a1c62119af128ba256cf5a0a00f2342_repeat_1,137.97454953193665
5V9E_9a3cf5fa06305ca97d4c81646982ac8f_repeat_1,214.39200854301453
5V9E_9a4acdf771c99a9ac2ea7e7d2e32840d_repeat_1,190.37003445625305
5V9E_9aa24069bee60363d90b31f2df616c8c_repeat_1,334.7474069595337
5V9E_9ab33b94a2bb0ae833fdc1c6d29d3558_repeat_1,113.14955282211304
5V9E_9addf6234ec974fc932c96251c0831ae_repeat_1,382.5477521419525
5V9E_9af56dde3d531fa58533db00150a6692_repeat_1,131.45125365257263
5V9E_9b0661f40a2aba9d8bcbf08fb5b5b5c4_repeat_1,238.3169641494751
5V9E_9b093c7469f62bebbb7020c12f260417_repeat_1,131.91781425476074
5V9E_9b9461b745234fd909e0854596a5e5db_repeat_1,241.47326946258545
5V9E_9baa83c0f43c529db5933a8ed0f9cade_repeat_1,295.53237080574036
5V9E_9bca0f5446291eede90b581fe4f784dc_repeat_1,254.80258703231812
5V9E_9be5d4d5e865bcd930032ed5f3157083_repeat_1,250.0089225769043
5V9E_9c11b142bb6dbf9ba90bbe3241cda861_repeat_1,250.1532003879547
5V9E_9c1898e554a625ece6174027947ca679_repeat_1,182.95147252082825
5V9E_9c25a8937ecebb9757e5a8164adec561_repeat_1,244.68044877052307
5V9E_9c33affca4d459442ac219b8e70d8bc3_repeat_1,147.058678150177
5V9E_9c4852e40048b5aad2642e1c4c54b2c6_repeat_1,166.00711154937744
5V9E_9c5d37f14ce5cdde6789bb239b193c47_repeat_1,228.99583411216736
5V9E_9c71ae3a4499aeb9f7555b6e2f03fa65_repeat_1,157.3614056110382
5V9E_9c9acaafba22ea6eef8a084f137819e5_repeat_1,183.56137371063232
5V9E_9cb301aa08f4a437a521882e7c4b7556_repeat_1,177.63423371315002
5V9E_9cb987991dd1ee3eed3e4e1d970a6d36_repeat_1,378.2839434146881
5V9E_9cccb7ec4c8ecad0645f8b95159e74e0_repeat_1,185.78488397598267
5V9E_9cdb1f8dfbf0bbaa62fd6202f68b31ef_repeat_1,121.40397000312805
5V9E_9cff417c45feaa8cc2faa3a11376d42d_repeat_1,210.68285965919495
5V9E_9d04832215910c137e6fdf06df5d60b5_repeat_1,165.34268498420715
5V9E_9d1723e2d01b5759fd8c943f93a8766e_repeat_1,207.9759328365326
5V9E_9d25e82532805747312a2025e24cc2b4_repeat_1,164.7471480369568
5V9E_9d2e9dd0584c2b37c7f9a130f3e6c4c8_repeat_1,174.29093384742737
5V9E_9d4ea93d5a4baee21bda9b250848ed62_repeat_1,234.80542039871216
5V9E_9d73ea0bd0d6c0b462233a7b303f380e_repeat_1,199.93020582199097
5V9E_9d8848046dadecbe36b135f8965cea93_repeat_1,340.0946214199066
5V9E_9d9739bad85d51c844212091988f15da_repeat_1,207.67178511619568
5V9E_9da16b100408ab76f951af28765c39b5_repeat_1,217.6768548488617
5V9E_9dd080a3faec08e6d413a54b96e24ed4_repeat_1,247.62212371826172
5V9E_9df23a5ace8263829fd761cdd818b5f7_repeat_1,184.00193572044373
5V9E_9df8f3ba3fbcbeac7a3fffc1739f5cc6_repeat_1,167.91366815567017
5V9E_9dfafd21e1cea621064a04af667c034e_repeat_1,142.14040303230286
5V9E_9e0457b47c82b9a084298a043277357d_repeat_1,188.05857372283936
5V9E_9e1ddbf9b17f1a002c8e94326188d965_repeat_1,236.9672236442566
5V9E_9e5e9c9389164734a0745c48991edd95_repeat_1,109.65830111503601
5V9E_9e892851a440308f084fe31bc51d74e3_repeat_1,242.34994506835938
5V9E_9e91849dcde9d87cef4d9a6eefb02dbb_repeat_1,194.83382940292358
5V9E_9ef54fab6fea2a8c70109e4c4aa7d3fe_repeat_1,142.14838528633118
5V9E_9f052efaa5a0e591e2ccc013722aea1e_repeat_1,262.5614550113678
5V9E_9f0bbfa29dd0b5998e1a56b739ca3aeb_repeat_1,202.63591265678406
5V9E_9f1eab27fb31b957b1cab101224ab41a_repeat_1,160.40106391906738
5V9E_9f217c636575306d3be9cb2f01eecb08_repeat_1,148.85238552093506
5V9E_9f65aa1995510826fbca4f495e9f7e52_repeat_1,204.37362957000732
5V9E_9f71850ca18585279cd0f4860a0aed83_repeat_1,64.7251386642456
5V9E_9f9502fd9236c3e0ed4f238d784173cb_repeat_1,121.0543794631958
5V9E_9f979fe821d9ad7be44be81c1990cec2_repeat_1,184.34830164909363
5V9E_9fb45519077c7082c72953446e167bb8_repeat_1,195.59873628616333
5V9E_9fbc9008b74ffec0cbf8b9c3cf1b1c4c_repeat_1,293.06769490242004
5V9E_9fc4d01113c198cc71fc7c77116077ec_repeat_1,243.88033771514893
5V9E_9fc62d2672b04626a403f7e6a531dbc0_repeat_1,183.85025811195374
5V9E_9ff7dd7bf976f53a0445f5386a1eec45_repeat_1,162.44381070137024
5V9E_a0118fe6a77c32c88f6dbe1f99687685_repeat_1,106.57780814170837
5V9E_a05c0efdac251392b3299fdadd52ccc1_repeat_1,462.2516839504242
5V9E_a06946693885ea740b9343df9db4a50f_repeat_1,154.85783648490906
5V9E_a07ddbaafdb440a1a80e1e83cc0637a1_repeat_1,259.9432182312012
5V9E_a0807b634ca234cdee0e35ea8067ca61_repeat_1,207.51517343521118
5V9E_a097a1e1b8f3ea81354edf5496145d45_repeat_1,185.18140482902527
5V9E_a099bda42bd1f6f28679520fca1050d5_repeat_1,155.7730119228363
5V9E_a0a18d87879aad6f389749b979803117_repeat_1,155.33718419075012
5V9E_a0d479afc551522c2aeb5af21251e1be_repeat_1,140.37645435333252
5V9E_a0eadf6171fe607c37127bf30e8ad73d_repeat_1,179.91501593589783
5V9E_a0f76a3b02ed1092065c568cc71b9d37_repeat_1,177.71882724761963
5V9E_a114f3e29bff0b22684a5b361669246f_repeat_1,166.72633981704712
5V9E_a12fac6257be73166709ad37bb5b0997_repeat_1,328.3649778366089
5V9E_a136a95f1bff8f0dfb48db6d62400724_repeat_1,144.37579798698425
5V9E_a13ecf9d213d4db9f92ae088e169c0a3_repeat_1,177.63846921920776
5V9E_a14d88b31b29ce3b52c1ea89d8faa133_repeat_1,222.26645135879517
5V9E_a156b81251a61697ec3aaa109e60bcbd_repeat_1,190.17264556884766
5V9E_a15dcbf7129436e986b45d3ba0b45bfb_repeat_1,235.2592897415161
5V9E_a16f772ea56343a57deb8f8eaea126c7_repeat_1,158.14847898483276
5V9E_a174412976878a25cd70ba42336bb219_repeat_1,262.52086782455444
5V9E_a1ec1076e88f16dc3bdca46d6e79307f_repeat_1,339.23878741264343
5V9E_a2188798c0679bcaf9a6c10739b38045_repeat_1,161.48722791671753
5V9E_a2193374d95ee8c3705d8c70065389e6_repeat_1,282.71358823776245
5V9E_a21bad17bceb2ba129d4f14e7f79e7cf_repeat_1,171.54549765586853
5V9E_a231016611ca0fd1992262e6b788a2cc_repeat_1,204.03333854675293
5V9E_a2665426349cd9c96a54dab7c5cd65c4_repeat_1,184.13267993927002
5V9E_a26f72e025fa74aab2aee20a5ea94a0c_repeat_1,199.70661163330078
5V9E_a277c9b9fce2611c9e9b711adb54f383_repeat_1,191.39192056655884
5V9E_a29e5842c1f412b4f03ffb1222c17cc0_repeat_1,207.37271285057068
5V9E_a2ad5d223d38468ec54307471ba91019_repeat_1,171.6064329147339
5V9E_a2b867fe3f4b37f5b69b7574a6e52154_repeat_1,325.09100675582886
5V9E_a2bf72fb2862b50b2c94c32c968265ab_repeat_1,172.37365126609802
5V9E_a2c4b0dbedd515a95b96425df87d2ee6_repeat_1,411.5580313205719
5V9E_a2d3f154183c31727a9efe194ff05894_repeat_1,180.75658512115479
5V9E_a2f6913b4c0fc5054f83ccb2b4acfb52_repeat_1,173.04616165161133
5V9E_a32c8cfab0286301be9bc9338d92f528_repeat_1,296.0696167945862
5V9E_a33d2a90da486e6f78913a4ee76c61fd_repeat_1,198.143625497818
5V9E_a36983566ee75ab640f7b3bceb9d17bb_repeat_1,171.388103723526
5V9E_a379ddbc6cca5875e7947caa53f4cfdb_repeat_1,193.45409178733826
5V9E_a3a94c9f316f673c9ad967e4ffed0de3_repeat_1,91.53108549118042
5V9E_a3f58973b2a131153f24ae4152b0d77a_repeat_1,121.10897588729858
5V9E_a3f6a72005a417c293e500d9d997bbf7_repeat_1,121.524649143219
5V9E_a4162e7e5968a7985b0359cb65a895e8_repeat_1,144.75144600868225
5V9E_a44a6d18aae096bbda9190d7e47a7dc1_repeat_1,287.04792976379395
5V9E_a4565f287b4924d6867e7651acee580e_repeat_1,246.09481763839722
5V9E_a457c9183365e45f46e540eadb06ac13_repeat_1,197.39835667610168
5V9E_a47b64273cd0620c87d9598efee09140_repeat_1,340.13891887664795
5V9E_a47f4f10264bcff0ba01b12fe697c19d_repeat_1,161.7145369052887
5V9E_a4875a6522b8a3329777f01eaa191faf_repeat_1,141.78673267364502
5V9E_a4c219ef9ab66f5d4fa16d6beb29d986_repeat_1,191.37689995765686
5V9E_a4c96cfc67fd81b73dae29d5c9369bd8_repeat_1,168.20658469200134
5V9E_a4d187e1d2d3e29a5a7a50547743794b_repeat_1,127.87227439880371
5V9E_a4f2a1d6d8af08161fe4eaa34c9c3ac6_repeat_1,188.50306868553162
5V9E_a4f7b93a9c603174458df688a1ee1a72_repeat_1,216.1520972251892
5V9E_a4f8afdf2b75a58b32865f3dbfc3d785_repeat_1,215.7293734550476
5V9E_a50c1648669ad4ee8e6a86bf6958c2b8_repeat_1,110.61730337142944
5V9E_a51e1007a60efd63c172740ddfbf5a7c_repeat_1,198.79997539520264
5V9E_a552d71c2c785e7be98e8dc840ebcda9_repeat_1,119.5381555557251
5V9E_a57b390c4618425daa69ebedbb3d0dd6_repeat_1,117.55217218399048
5V9E_a580847f898367f13f5d028da0fe8691_repeat_1,258.8616123199463
5V9E_a593645decc9ad7bbcc2c5e4beb3d2b4_repeat_1,217.6402404308319
5V9E_a5ebb6434fe8bdc423854c88bb17bced_repeat_1,170.65882205963135
5V9E_a5ef38166f79784fd07f7d3ad7945cca_repeat_1,161.684672832489
5V9E_a6117bc821941225ab5fd33509cefa23_repeat_1,240.5528163909912
5V9E_a63860b9aa38429806dc5ac68e3e8c6e_repeat_1,325.64825344085693
5V9E_a6522dbdd005d7725663a6baf828783a_repeat_1,118.92943167686462
5V9E_a65887fcf7406501ca7c42968f4813ed_repeat_1,146.12683534622192
5V9E_a665a46e9e40bd76877d6f6698370890_repeat_1,145.46719455718994
5V9E_a66662d3b37b3150167f6a4afe270786_repeat_1,266.99919533729553
5V9E_a671a89b3e1dd314b4ecfd51d4aebe8c_repeat_1,114.52572250366211
5V9E_a68c713f9efcadda744c29a7dd3e21f9_repeat_1,246.00785660743713
5V9E_a6a4c66cdd64789c73aae44ce88ee90d_repeat_1,158.97471952438354
5V9E_a6afe6b6c48254bc4b817711a37c43de_repeat_1,206.3322184085846
5V9E_a6b5b9d3cf43200312ce17b3b8886f45_repeat_1,372.6594524383545
5V9E_a6d50a673185f4234492869e633fe90b_repeat_1,113.70027923583984
5V9E_a6e52a757d8de8eabd6afbe053272ece_repeat_1,162.8085012435913
5V9E_a7195a1affa7f9b47257388fc04ba8f1_repeat_1,195.7742989063263
5V9E_a728be72ed5f3ea7b4b96c2f3a729561_repeat_1,183.22789692878723
5V9E_a75631830c3342cdd28580003d2764e3_repeat_1,189.32763266563416
5V9E_a7566f2090f0f83d77330a8c572c6402_repeat_1,239.48844599723816
5V9E_a78d031fcf9723a6e96c29666590ac80_repeat_1,257.8994104862213
5V9E_a794607a35d74ad8f534dcb9b64bedf6_repeat_1,134.08467054367065
5V9E_a798222a6a784f5adb09538e28fd155f_repeat_1,116.06956815719604
5V9E_a7ab9dc4aa12c5635200cdbd77730ea0_repeat_1,180.32998824119568
5V9E_a7b3edad57c9ef465203d073c567bdba_repeat_1,420.0333468914032
5V9E_a7df1face60ef7a113e083404a4a9ee2_repeat_1,248.92900466918945
5V9E_a7e2249020bbfb23860217805de01972_repeat_1,237.11953926086426
5V9E_a7fc36957210067d2bd388784560630e_repeat_1,119.5073630809784
5V9E_a81e6871117afbcf83648b4aa7db1709_repeat_1,246.1254117488861
5V9E_a83c59315fe1e948e38ba49e6e54b790_repeat_1,167.1478350162506
5V9E_a84dbf1946177f7f9e514f9d094cda0c_repeat_1,85.7399914264679
5V9E_a874ed6a4bc0b759e8eb31999f773ced_repeat_1,167.11216926574707
5V9E_a8c70be0e1ac2de3ec2b130ddf6f3dfe_repeat_1,102.89954710006714
5V9E_a8cf112410fe52bd5c51acffb3c3ee46_repeat_1,96.03892111778259
5V9E_a93691ed744e527cb08afd304d39f63d_repeat_1,197.71545433998108
5V9E_a956fef95230eec8c302be74bd26a780_repeat_1,164.53329920768738
5V9E_a977921eaca9cb2f5ba62d521ce84f63_repeat_1,194.87388038635254
5V9E_a985ebe55be99e994a3689533fbe57da_repeat_1,191.0230565071106
5V9E_a9ad75bd6c40694dff16705c714a7b5e_repeat_1,195.07278656959534
5V9E_a9bd75f0d87cf512cea4e7604915388e_repeat_1,202.61990475654602
5V9E_a9d2da962742e022b628ae0a268a156e_repeat_1,171.35314393043518
5V9E_a9d7e128150406967e5196bfd7f91bbc_repeat_1,171.00825119018555
5V9E_a9f1015b64d959e85a6279bf82503c58_repeat_1,213.70015001296997
5V9E_aa0dc0893eac6c3077556feea47a0a3e_repeat_1,179.98929643630981
5V9E_aae34dfb0fc5d8bb2cffb56284154185_repeat_1,106.34660243988037
5V9E_aaea520a5404a58520c4a27ff5ec44d9_repeat_1,280.9650800228119
5V9E_ab173d05fbe3c9ca08508c6edad9a09b_repeat_1,219.06257820129395
5V9E_ab69132fffe6718536f7e73f7057427f_repeat_1,213.76701712608337
5V9E_ab80b98cd42ca90b0f4175c5fc0ec4c2_repeat_1,135.09007358551025
5V9E_ab92c12c4ef1b91edab647c78b365a67_repeat_1,91.65521693229675
5V9E_abb7b8b5da940ceb1f92a8ff783f27a7_repeat_1,144.66128730773926
5V9E_ac6948a887490d5db24dcbe37c0718d5_repeat_1,141.5891671180725
5V9E_ac895237c098009987d4711dc35c54e3_repeat_1,187.80600500106812
5V9E_ac89592da8c019230550d68d20ffe7a6_repeat_1,122.68290853500366
5V9E_ac9bd0e2514c031187b612db767fb038_repeat_1,153.5227084159851
5V9E_acacaa189351983a12736f3dbf4a7ce3_repeat_1,419.06511187553406
5V9E_accc89fbbf20834663bf78d836746304_repeat_1,100.12365174293518
5V9E_ad07628d74923011ce9d4e352f516352_repeat_1,197.27950310707092
5V9E_ad0ae41a3419883685d228e79a6c5cf4_repeat_1,199.05965995788574
5V9E_ad2859522901c0c097208bf02b902122_repeat_1,196.29705500602722
5V9E_ad2934e3e33398a4eb5796753f3703b7_repeat_1,191.54672002792358
5V9E_ad31f6858a2be5732cb4e83d0165575e_repeat_1,190.16563320159912
5V9E_ad3a2d33ffd8459076863739d5d658d8_repeat_1,144.2813856601715
5V9E_ad4cb8f1e40a1e7c24428c9067b345c2_repeat_1,178.19690608978271
5V9E_ad52c5492d83f94d09c26585a7bd2445_repeat_1,145.2885217666626
5V9E_ad6b257a2deee68e0350623eb1846a8a_repeat_1,240.56650710105896
5V9E_adaa0bbb3eec41da79dc1fb95ed05c74_repeat_1,211.10282254219055
5V9E_add5897967fd30139e3f4adc5e815562_repeat_1,338.678498506546
5V9E_ae02eb303483a5b659bddbad4f4eaedd_repeat_1,162.7842161655426
5V9E_ae0401d99d86d0f838e80db250a19b39_repeat_1,255.21838569641113
5V9E_ae0a5049d2e17fd48399952d979cf61b_repeat_1,212.29921746253967
5V9E_ae1ba5bf0c912840b47ec779327bdc32_repeat_1,117.79667472839355
5V9E_ae49673b7f7005b3541e3c17d52e1a7c_repeat_1,240.43495202064514
5V9E_ae4d58413ec847d85d1a767d53066e79_repeat_1,166.27225470542908
5V9E_ae5f31d3b8964da4494b7a40dce7c8d2_repeat_1,188.94295930862427
5V9E_ae618123eb4069a717e5c562344421fa_repeat_1,169.02958726882935
5V9E_aebbdc1c97a30fccee5568b77140360d_repeat_1,133.54786705970764
5V9E_aec75e0f80a1c1f8764af4a367229ca1_repeat_1,222.17247605323792
5V9E_aecb2e39324aa06f0a8cad68adbc9a22_repeat_1,211.06066417694092
5V9E_aed6c55f69f51f50a3ccaccfc9671bba_repeat_1,278.3079025745392
5V9E_aedb0f9f695111f2cf5f949839a6277c_repeat_1,217.19569444656372
5V9E_aee408ac42c666104cef833c43908b67_repeat_1,169.8285689353943
5V9E_aef0f1e5464c91724713f859b5630b90_repeat_1,132.5396707057953
5V9E_af130d6a2d773da5b1630fe9b21c2396_repeat_1,189.61056971549988
5V9E_af20a1d40ebf9324fc00f6dc11e27943_repeat_1,197.96216225624084
5V9E_af3dd21ad0cde87dd787d0e102963859_repeat_1,207.160076379776
5V9E_af7ede7ea2f1e5676774062dc4b0f57e_repeat_1,188.7076117992401
5V9E_afa284265fc7bfa1babcbb5265ae8b53_repeat_1,103.06782388687134
5V9E_afc0ca16c31f4d2f5bd4a33ea1a4beb1_repeat_1,235.85107016563416
5V9E_aff390a98bcfc1db36a87f7f5aee44ad_repeat_1,374.3629024028778
5V9E_affba3d634aa89a8ae507ca275e0b029_repeat_1,206.70161604881287
5V9E_b00e42f48333d7fb2308b23364352143_repeat_1,206.55591654777527
5V9E_b01e08cce2207cb25b96eed5f75e183c_repeat_1,342.9556972980499
5V9E_b0461c9e80eab947d35dcf0c2f1d3017_repeat_1,185.3071300983429
5V9E_b04974b918af830a2e31bb5981ea2764_repeat_1,181.00105047225952
5V9E_b04cfad1ce1c3d3046997833e3b7e585_repeat_1,166.57014751434326
5V9E_b07cb0a954e57b780a52bb9627c82e23_repeat_1,201.94163417816162
5V9E_b07e77b0b5a0ead5c5dee1345e487994_repeat_1,208.82955837249756
5V9E_b07fc813959e90a45c9475974d3c39a0_repeat_1,307.065217256546
5V9E_b08d50d1bce3df96075d34d373503749_repeat_1,185.88794898986816
5V9E_b09021965e92a20c1c10a6ca31935786_repeat_1,171.05144548416138
5V9E_b0c49542f357074f2b3dd48186a18c19_repeat_1,115.74348473548889
5V9E_b0ce7b01349895717c5821d41a675ac9_repeat_1,122.35160756111145
5V9E_b0d4cf4ca15ade7cbf32b141609760fb_repeat_1,227.58291912078857
5V9E_b0d76823ff2ad20dfc1af3c5b7b951e2_repeat_1,333.24894070625305
5V9E_b0f2b42971423579e91372fd6246f48b_repeat_1,134.09973049163818
5V9E_b12a7b8c9330fbdcd133dbce1a2d69d2_repeat_1,214.30759835243225
5V9E_b135f9abda2b0672d5ec007cb2ba52dd_repeat_1,138.61241555213928
5V9E_b15c4844b2e9135b26082d92f44a673a_repeat_1,209.03892850875854
5V9E_b15fe2259dc6ada4a4f2af7e0793986b_repeat_1,304.84600496292114
5V9E_b16e2b292598cc0f7a7e82a0527e8125_repeat_1,199.05472421646118
5V9E_b1750a490368d6cea709a91d0b12ac29_repeat_1,149.4757833480835
5V9E_b19477dfee8d56046d1363658830c792_repeat_1,246.4224874973297
5V9E_b19981b2791f8db816b1569ef631268a_repeat_1,172.4002764225006
5V9E_b21471fc608527222a40cbf1e6955269_repeat_1,213.49932050704956
5V9E_b2155d87fd6346e3ce76a34f5fc84561_repeat_1,158.48335146903992
5V9E_b26696c1d671d9f0885296144c8e76e3_repeat_1,214.99423789978027
5V9E_b2a940893bf6cc53c3cdde337dbb9626_repeat_1,81.82074403762817
5V9E_b2c696ec518fa54d98a5973337258b71_repeat_1,139.99092435836792
5V9E_b2d0fa2785846188fa085df0376c27f6_repeat_1,149.90691804885864
5V9E_b317c5c512b895db16b9924215ccbeb3_repeat_1,238.88460755348206
5V9E_b31a306fb738bf434a7a637c9ffe68ba_repeat_1,132.9596095085144
5V9E_b31f6bcffe192a75aeba61d79133edaf_repeat_1,136.0984833240509
5V9E_b3228f8f9d66be86357414e78a16c4b4_repeat_1,177.0468509197235
5V9E_b3241e85f05ac2f2f350c9360ef53ae4_repeat_1,195.78617811203003
5V9E_b32f5b6550a9edfee789c97753847c4f_repeat_1,163.09877562522888
5V9E_b361d164a404fb646b893313ad6182fd_repeat_1,242.3308048248291
5V9E_b3688091a9ebca97387c9794e59c15b5_repeat_1,328.19857931137085
5V9E_b389c47bd74f978cea2838bd58a398cf_repeat_1,401.4928584098816
5V9E_b38c4b572eb7550f80928efd5bb221a8_repeat_1,170.5596604347229
5V9E_b3a930374162721681ea6e6e305a56c3_repeat_1,191.2334394454956
5V9E_b3b6068931078dc03cabd87e0778dfee_repeat_1,252.48334217071533
5V9E_b3fe27c05f6d427c54bebfa225866c6f_repeat_1,242.84334516525269
5V9E_b4158fd0466ea8b5ad694bf9213f444c_repeat_1,195.087260723114
5V9E_b42496c2ea055923a51b1719f381d499_repeat_1,202.70363807678223
5V9E_b494f2f65273494b10f7c25d19551101_repeat_1,196.9951629638672
5V9E_b49ac8c578b4561d79ac7087988f1c61_repeat_1,145.0990355014801
5V9E_b49adf6583c2a0a526da0c8e28841a06_repeat_1,168.07080602645874
5V9E_b4f77b2909c45d71ff6b373f4d8ad8cd_repeat_1,160.34181928634644
5V9E_b4fe931ad9f2d22209c30d27b6aab510_repeat_1,199.44126439094543
5V9E_b50d9417fc6bfb4efedead5bac82e93e_repeat_1,334.1199667453766
5V9E_b5248bdb7915d3e3032439f9e4089ae8_repeat_1,194.08003735542297
5V9E_b55775b4e393270aaf6446f09775974d_repeat_1,162.34114789962769
5V9E_b5f8d8b4b81f2e20a14b022b48d62f76_repeat_1,198.2586534023285
5V9E_b5fb4f6193360330b6ff6a52cbf0cad7_repeat_1,279.58615279197693
5V9E_b5ff70b5f49fc8d58976fe286850afdf_repeat_1,176.16308450698853
5V9E_b614793f5b3b2bbc4dbb2732e7569850_repeat_1,211.08564949035645
5V9E_b62ec6f77ecf31088e1e4730c6e81f9d_repeat_1,162.96118807792664
5V9E_b680304cf88bef1e5598539d4a67c766_repeat_1,172.3266806602478
5V9E_b6f6d4ca2bc1edd7782747be84f388a9_repeat_1,186.50289368629456
5V9E_b702a2eb4de7f6fe72454f8cee33f7bd_repeat_1,255.22457337379456
5V9E_b736cbe2f892ce939e1bf4edb067bdea_repeat_1,118.41434860229492
5V9E_b73b86ec0a7b43f7a55db08d2d4fd1eb_repeat_1,122.96703815460205
5V9E_b7dde1aded3f9ecc2c6e7a928f488c39_repeat_1,247.89363646507263
5V9E_b7e53e438d1214f201ca760bd07f0898_repeat_1,217.62779808044434
5V9E_b7e94fec8d2b8521b17bc02490587154_repeat_1,182.83272457122803
5V9E_b7f12ab9fe159ba55bb7d4d41c1e8e9d_repeat_1,118.83831071853638
5V9E_b7fc649dfde2964b3f79520f094be940_repeat_1,121.04372191429138
5V9E_b803e4c51290f5f3e139c705a8b4e1bf_repeat_1,155.60511255264282
5V9E_b810a7eef148d3fd7afe7af192644b58_repeat_1,155.15148901939392
5V9E_b8125afb98d2941af16fa6fcbf7b4c9c_repeat_1,187.28790879249573
5V9E_b81d2b5a951aff5f772c9e5b0be8db25_repeat_1,292.55651092529297
5V9E_b83a8369f1234da6c70d620bacc6e5fd_repeat_1,152.47324395179749
5V9E_b876d2f782c22f74399abe917c291c58_repeat_1,195.95784521102905
5V9E_b879d3d0cafd4b4383c9e973e919b2c9_repeat_1,194.8408637046814
5V9E_b87de9b43093c049904012e54eddea8d_repeat_1,198.04365301132202
5V9E_b8921f0c676e302e5b14a8cd2687c4a8_repeat_1,144.9824001789093
5V9E_b8a30080fea8f9d9ca13adc5f5af93cc_repeat_1,222.5291886329651
5V9E_b8a8a67c4c5341fbff97b31cd7f08029_repeat_1,288.139173746109
5V9E_b8c821682443b314c913878f9febe926_repeat_1,281.6657395362854
5V9E_b8e3c1711770427fd9bde40996e95f3b_repeat_1,218.12948632240295
5V9E_b8e7a837d6b56b0d7b5ece2804754e64_repeat_1,126.99931192398071
5V9E_b8ee9ac7dd82aec6111396de509353ae_repeat_1,161.04086661338806
5V9E_b8f8a274a3602342b8b9cedc08687ae0_repeat_1,135.29139804840088
5V9E_b9004ebdd029b077bc3e6cdb7da692d4_repeat_1,157.86693000793457
5V9E_b91d9b1ff991a3f277168a1b81981544_repeat_1,216.7877116203308
5V9E_b925064fdef1c0de435dc3065dc41f87_repeat_1,159.19096612930298
5V9E_b954edfc630ef8ca36760f8dedb517d5_repeat_1,255.41895985603333
5V9E_b95f1b946e42b2dd786ac8591b78153d_repeat_1,206.48107886314392
5V9E_b968fd5d7268bd7b3c221357c88f0122_repeat_1,251.83930253982544
5V9E_b9d1a04a1f64242b645908cc62b4575c_repeat_1,245.06747817993164
5V9E_b9d626506f441e7dff83e31537491aa6_repeat_1,195.60288739204407
5V9E_b9f7000e55a3adc7b70fd4334c74d4b2_repeat_1,385.78967094421387
5V9E_ba0e34c55a4779bb6bf6c82b102bd210_repeat_1,89.7961196899414
5V9E_ba4ec75b2b4c68a375c1e1b7cc10f9fb_repeat_1,169.5738286972046
5V9E_ba9417f3156736a36233e71a36e93a5f_repeat_1,229.45522499084473
5V9E_ba9861a88803c667b323a9e5e13c4249_repeat_1,180.19002628326416
5V9E_baae1a0418546c68d48b40964d16cba7_repeat_1,163.42749166488647
5V9E_bab88f7a7f95c9d4eb1434958014fa08_repeat_1,257.0066919326782
5V9E_bac2efb9df41e589e726ddfd29ac9738_repeat_1,151.52578949928284
5V9E_bacd9f70d10d1038abdc23221b0f075c_repeat_1,204.0780520439148
5V9E_baf57845cc170afb2b4ca486392c3fd0_repeat_1,231.03993320465088
5V9E_bb194242ef82fb4d160656cbe09deeb8_repeat_1,303.47550344467163
5V9E_bb1bd3c11abe75f5c7d50a3bfb547d4f_repeat_1,226.12499618530273
5V9E_bb282615f92f3f45747172187ef55c95_repeat_1,268.129079580307
5V9E_bb505365ca984af545b4f48d9d790efd_repeat_1,245.0210735797882
5V9E_bb5afdb8c5f4bc13d079262ce7fd5c6e_repeat_1,290.2347469329834
5V9E_bb60c46f5b7c352b7900043c5ef7e0a7_repeat_1,157.93400764465332
5V9E_bb72986aeca0f91a8f73695f67a4d9ce_repeat_1,125.42404794692993
5V9E_bb77abfba9af06e3be0ec65b0c72d6a5_repeat_1,379.90514969825745
5V9E_bb9ca5417916d86ba45d875da68c7445_repeat_1,249.1740849018097
5V9E_bba82ec06a4c1fe4a76d2b3db43ce73d_repeat_1,176.4898591041565
5V9E_bbbbfa97c6e5128b8d43e62125b02030_repeat_1,337.2402651309967
5V9E_bbe1ee0e36293286d99d3c8195ed49c7_repeat_1,259.74068117141724
5V9E_bbeea5c5c25c4277b46229a5b4a97126_repeat_1,180.62900161743164
5V9E_bbf9bd515d5ab61dbcc78c5b1ca2c009_repeat_1,184.35348463058472
5V9E_bbfdbe195acd7f6f70496688e68c65dd_repeat_1,247.8863844871521
5V9E_bc05148076ca46b4f713ba598d56d2ac_repeat_1,200.0650351047516
5V9E_bc2f0cf981993ece23da91ab8a22571f_repeat_1,217.3100049495697
5V9E_bc4b26d477bca5525afcdf562dd6443e_repeat_1,166.58041429519653
5V9E_bc7811d50248bd0a20560f03d78726ac_repeat_1,190.29021549224854
5V9E_bc9d6a78e90e8e76db17079a263a4612_repeat_1,87.99223732948303
5V9E_bc9edfe4879f406d48c5ba5c63a4b1f3_repeat_1,241.61158800125122
5V9E_bcb5d075ac0af852e2d556b3c19609e5_repeat_1,205.07424020767212
5V9E_bcb71c5bbc7f2bf742fda5193dabd515_repeat_1,181.55588030815125
5V9E_bccc32b183313948588d0049560c68c9_repeat_1,226.5138247013092
5V9E_bcd0471bc7eb24ef5d3f5bd786161c37_repeat_1,183.68987345695496
5V9E_bcdd8291406808c843b87193b2120a00_repeat_1,189.48874950408936
5V9E_bce637b42a97ffd878015bb681c21f0e_repeat_1,161.48797225952148
5V9E_bd0a76721830835dc8331c8368163a11_repeat_1,309.08369278907776
5V9E_bd1fa67eb69b2145876e7eecc2a889c2_repeat_1,206.6396996974945
5V9E_bd27b5dd19c77f85060793140634f09f_repeat_1,224.7387034893036
5V9E_bd2e48f41db9b35d3d4fc1a1b38e336c_repeat_1,184.68195629119873
5V9E_bd411c52a9ffc8481fe34c852e84b263_repeat_1,216.9188048839569
5V9E_bd4fcbc58bd9785041cf069f718c968a_repeat_1,260.3031532764435
5V9E_bd87cf180a6220eef48b5d75d240d182_repeat_1,149.17443013191223
5V9E_bd90eaeb2d4879b83f2d95771b3af983_repeat_1,226.0471863746643
5V9E_bdbecd4bebb9e85bcf3484e4d7baa0e0_repeat_1,203.71394634246826
5V9E_be0b44013f8b541b53d3000d7630ee13_repeat_1,143.67829203605652
5V9E_be1924b6e6f1da486360922465d5eb3d_repeat_1,128.569650888443
5V9E_be43018f9db0e45958cc91fab56ba2c8_repeat_1,169.02980089187622
5V9E_be457cefc47219a265425217dfb484fd_repeat_1,217.7023286819458
5V9E_be51cc351eb10727571e73df5115301c_repeat_1,224.31478714942932
5V9E_be53dd3ae2faea1958bd85d88a28056e_repeat_1,248.8872194290161
5V9E_be69001d8d234276ea2056075e43b923_repeat_1,162.51705265045166
5V9E_be7c9352a02adc5da0bb0d5429693b4f_repeat_1,228.3212833404541
5V9E_be85eee094336d4f0c4626bbcc04062c_repeat_1,250.445787191391
5V9E_be8ea74f18135d23945c9a3584564887_repeat_1,135.98905515670776
5V9E_be9c08a93125c1a0bfe6b50e032e5ec1_repeat_1,87.38266229629517
5V9E_beaf8810ed430725e0a72ca2f0cebd17_repeat_1,205.2895302772522
5V9E_beb1171ff15741ec7f59ac14944b595d_repeat_1,158.79220724105835
5V9E_bebbba5c4def0aaf1a99dd42e274722d_repeat_1,197.57788252830505
5V9E_bebc5576d7d2ea4c790774b12c0839c2_repeat_1,105.19405961036682
5V9E_bebd53cc61eddbb18461be7d35449cc6_repeat_1,151.8227994441986
5V9E_bebf9ff9e280af60b96b91c93f94f2e4_repeat_1,202.11812496185303
5V9E_bed0664cd033875b2f5059277b8d1a9e_repeat_1,175.9444499015808
5V9E_bee32ef775df0c9b428baabb68b21fd1_repeat_1,212.1582579612732
5V9E_beeb0e9c1b0bc406d7c29587170122a8_repeat_1,178.09770369529724
5V9E_bef71f0468192583599545e6d890371a_repeat_1,184.7733120918274
5V9E_bf09220e8f6b8438f8d90f14a72294de_repeat_1,161.62450623512268
5V9E_bf23bd6a747112d030ad99196572a06a_repeat_1,171.25901865959167
5V9E_bf289a86769e4ef288cd9fa4b55fa599_repeat_1,177.03209733963013
5V9E_bf33bdf32cf061f344f4eb19e319ab2a_repeat_1,212.20991945266724
5V9E_bf4117e4bf6199d97f6689a1a188ca80_repeat_1,183.74387288093567
5V9E_bf430ef7ce12f7f2515286be9a63e563_repeat_1,171.47447872161865
5V9E_bf4bb6021bbe750c9eb29df70ae05e46_repeat_1,254.40529131889343
5V9E_bf64769928d6bcaa9b536d14ade0b33c_repeat_1,140.1408953666687
5V9E_bf6896ea07a3024bafec1f57958f40f0_repeat_1,220.03658270835876
5V9E_bf79a1b1423701f71f169614bc748132_repeat_1,191.61947774887085
5V9E_bf9b49f4690d1c56b593e118f77c557f_repeat_1,187.19540357589722
5V9E_bfd7e6f7d7dc7956df2ad970b42e9b80_repeat_1,234.25132989883423
5V9E_bfd984b3044ca337c95425237f5507ed_repeat_1,151.78025150299072
5V9E_bfddeaacc4653fd411094af7b96d2c94_repeat_1,137.31664180755615
5V9E_bffcb362b0eff8d0a519671428456a90_repeat_1,103.74725532531738
5V9E_c014d2ea49963f66d9acee88cc165624_repeat_1,139.84929275512695
5V9E_c0646cf065053553b2a4984de310b7c5_repeat_1,144.59349966049194
5V9E_c077b3dac0d74b0b17b8fc71e27c80cb_repeat_1,141.68203401565552
5V9E_c089bcc353cbc170d969017ba75716df_repeat_1,189.83925652503967
5V9E_c0b8afec899c9d26841ec5e93c7b3aca_repeat_1,100.57424092292786
5V9E_c0e487f7ae24fa58cd2847826b4f9082_repeat_1,127.04875874519348
5V9E_c120e842edd1c70ca09b3cecc3519343_repeat_1,183.17135334014893
5V9E_c122367432b22688bc63c2f329bf5286_repeat_1,86.01925683021545
5V9E_c133f137e0db7b7e492d14bb422ae49d_repeat_1,147.50834250450134
5V9E_c154f2b51f9d6c17d9d5ecf829ccf6bf_repeat_1,60.24288082122803
5V9E_c15f2bcef481ce0c4974d9c13fd0f615_repeat_1,117.89449834823608
5V9E_c170110589fad278eee1538b670070a8_repeat_1,126.72010779380798
5V9E_c18167dbad42bf4b495860c48908c0c8_repeat_1,122.88341617584229
5V9E_c18df6f2c5a403854e052b497b26a6fd_repeat_1,296.1289255619049
5V9E_c1914b9afd3acb4b8853bfa4fe00d9f7_repeat_1,167.31875872612
5V9E_c1aa4fc60f557ca598e34f245cf9bb0a_repeat_1,348.62610125541687
5V9E_c1c5cb2c2ca55d25775a28c04d6eea6f_repeat_1,260.6639907360077
5V9E_c1cbd1900be252f0b2747d17b6eaf1d9_repeat_1,134.48947596549988
5V9E_c1dba24fc08f29b230d7d3c098c9517c_repeat_1,309.4505846500397
5V9E_c1dd8673d96a4da11a71da035a708755_repeat_1,174.46487164497375
5V9E_c1fba443ceff84c9e1693916a94af138_repeat_1,148.3354833126068
5V9E_c21977251ad72caa37d964ae27002c5d_repeat_1,164.07107090950012
5V9E_c2553d3c6983aceccbfe4677e7a2b15f_repeat_1,218.12139081954956
5V9E_c262a6ab1c66d82a21690f9dc633382a_repeat_1,215.18636894226074
5V9E_c27da7177e5ac504001d727bde6be012_repeat_1,183.27284145355225
5V9E_c282d3b713e67747dfb1143c4d991a00_repeat_1,207.57451128959656
5V9E_c2832d1e31cbe6718792eaad83898997_repeat_1,156.66368699073792
5V9E_c287c2029ed18228dbf20f5379c59356_repeat_1,296.7822630405426
5V9E_c28ac811509068234b2a90093d0d196f_repeat_1,160.2639124393463
5V9E_c29f8e7a053c3e33e7a95195f1f52ae0_repeat_1,260.66230487823486
5V9E_c2a84e2ea75184016192287c24334c3e_repeat_1,174.03832364082336
5V9E_c2ae8fbf37863fd666e293b4e633dfaf_repeat_1,204.07598304748535
5V9E_c2b22d3746fd4e2e9e2798aef348e8cf_repeat_1,249.54358053207397
5V9E_c2da20a4ee3df0a2c03ae3006aa31da3_repeat_1,128.05441331863403
5V9E_c2e64d4da6d3053792e52de5bc5c2047_repeat_1,291.4710512161255
5V9E_c2fdfa8fd144d4edce2b19d72179ced8_repeat_1,182.31551957130432
5V9E_c307175dfc3948d6313a6b34d2e823bc_repeat_1,136.81559991836548
5V9E_c3209d63cfd1da10057cfccce3ceaf4c_repeat_1,190.2418396472931
5V9E_c3363ad5e5c5c9db8596f6f85897d602_repeat_1,227.70634531974792
5V9E_c33f0e4101e20e69c5634e9deaca71cb_repeat_1,297.86666917800903
5V9E_c34df9e09804460814e8f3c50d9965fc_repeat_1,230.26262092590332
5V9E_c3bc74d750a31680d1d6b0082316b59f_repeat_1,169.07388257980347
5V9E_c3d02ef66a69a9c71358a67a9b42c7b7_repeat_1,128.92214179039001
5V9E_c3d0c446a3abcbc2ff99fc77a16c0c62_repeat_1,340.686842918396
5V9E_c3d9800d4691ce5eb2983690dfa31f2c_repeat_1,233.59621047973633
5V9E_c3dd431b87ad69a05092c5c52053cc61_repeat_1,181.81248712539673
5V9E_c4634593d48353b001ffe5076707dd20_repeat_1,222.47943568229675
5V9E_c4744ff457ef7741992882503729cfcb_repeat_1,263.87451791763306
5V9E_c4824bb5d2c8716c9f06e3ebf4c2e4e8_repeat_1,191.7314419746399
5V9E_c49e4ac9841c77d6b5c8868bf48f8829_repeat_1,129.22393798828125
5V9E_c4bf66d1a0b0bae871e3067e91c94df4_repeat_1,202.6836130619049
5V9E_c4c4ee48a41ce52ad1691269dae667ce_repeat_1,169.06994366645813
5V9E_c4ecc3c13cc205f2679e307cff86071c_repeat_1,173.72327780723572
5V9E_c518af639825a9c1ac44c085874ba878_repeat_1,173.10374188423157
5V9E_c52338ce90fe83a2cf00da22020f1bc7_repeat_1,140.226309299469
5V9E_c52efdf64580d34ab6ff9f9eb60c5ae2_repeat_1,238.53224992752075
5V9E_c5453a3fdd4b75e46341fdbbc5e0dfc1_repeat_1,179.97479915618896
5V9E_c54a4831f6c893673ead390d3d544426_repeat_1,176.64160323143005
5V9E_c596dbf90860424f45073c2bea3f511f_repeat_1,154.47986221313477
5V9E_c599c0f3b6039dae6373c28a40b2886a_repeat_1,211.58631086349487
5V9E_c59a0ed79aeed758107f1cb22dd90432_repeat_1,158.84812879562378
5V9E_c5ac33420027086f6aa021c56f5f9c70_repeat_1,215.6559362411499
5V9E_c5b895f656f7091b40ad56c785c42c90_repeat_1,150.73659014701843
5V9E_c5cb06a6eecbbfdcb1146f27d9b2898e_repeat_1,330.5225260257721
5V9E_c62854506f42b8aa8fde9ff411af0c04_repeat_1,199.32287454605103
5V9E_c6641b4a4985f371fde1e5d69470aac8_repeat_1,271.4653580188751
5V9E_c668305f81208738281150bdc8530331_repeat_1,169.02356004714966
5V9E_c66fbabde178b5ddff417cf5bc5f35d6_repeat_1,131.64346599578857
5V9E_c6705a91351a406fb50dd5d79bb718f3_repeat_1,205.87521648406982
5V9E_c67c15426c7b84abfa0e0d4f3ef9781a_repeat_1,141.94702339172363
5V9E_c68128e32b3c48cfeaaf0a766d6e49fe_repeat_1,171.23607635498047
5V9E_c68584dabc88fc590234848058cd2439_repeat_1,260.3973741531372
5V9E_c688f11d5e6b0690bb94e4c66aec2401_repeat_1,234.09690380096436
5V9E_c6a3908ac1a467c0b3e281e6a6aef3b5_repeat_1,99.11746883392334
5V9E_c6f6fea5b969bda628eda40ca6de954f_repeat_1,149.73890829086304
5V9E_c70963b3f721dabfadc228ef8158c71d_repeat_1,220.8102993965149
5V9E_c74c8d67773abccbc200595da0a84f13_repeat_1,197.14765405654907
5V9E_c74ff178b57122c475ff309fd62aca04_repeat_1,266.99763798713684
5V9E_c76f2535e0d32a074c118535bc98fe6f_repeat_1,232.31063532829285
5V9E_c770b7c682c03a804243b5e75aaeb5ea_repeat_1,207.97639870643616
5V9E_c771d2cee59f8fcafbbd979331fab93c_repeat_1,424.6562077999115
5V9E_c782d1c66c64956ac8e3e4a69bbf364d_repeat_1,184.98287630081177
5V9E_c7961a234fe57cf82069456b2fac7eee_repeat_1,185.94018125534058
5V9E_c79ab67b59abd0c4103bf4df2714d5e6_repeat_1,236.32005500793457
5V9E_c7c282d3e0d0531952cb882e0997c202_repeat_1,209.16584539413452
5V9E_c7de025024f95e604a5bfa89f4fc41a0_repeat_1,170.19515299797058
5V9E_c7e0f34b266629249dc683794e38bf46_repeat_1,365.38967418670654
5V9E_c81301674400392d34dd81448c22e69a_repeat_1,187.35569620132446
5V9E_c82d8d7a1a03775b7880ea41ea004c1e_repeat_1,228.5041172504425
5V9E_c84320eadfd1a21b50eb9295eb4e4964_repeat_1,215.37002515792847
5V9E_c859d2d2ef7473d90a6de8f4ccdf3844_repeat_1,307.1376359462738
5V9E_c86974daf13990391e81aa133ff89818_repeat_1,292.2697916030884
5V9E_c8758e17492cfbb97cb94d2f41a50e91_repeat_1,248.3528184890747
5V9E_c887c45af759a358d9eb4191c87f7610_repeat_1,238.77936220169067
5V9E_c89315c072ad822ce7010bca146fbecc_repeat_1,165.767480134964
5V9E_c90265cf332f92a8e283b7060c51bc79_repeat_1,154.52992939949036
5V9E_c90994ab1c1f30967e897f1fa84e27b5_repeat_1,439.2287459373474
5V9E_c931cb895a34e52827d5b1f9a2359169_repeat_1,109.38723278045654
5V9E_c94ff1402abc834ffcd80485218d60f0_repeat_1,136.6117537021637
5V9E_c97f4d27ba8161d807cc3a45a2a4f32e_repeat_1,333.81544041633606
5V9E_c98fe62d1dec0a9bd1fbe092a5d7b529_repeat_1,159.6941373348236
5V9E_c999d52625d3b2267cde86f21c7d8943_repeat_1,179.4887182712555
5V9E_c9ae550f3476ff7aff2ecfcc51a11333_repeat_1,338.9612150192261
5V9E_c9edd3ba7e7bb36a69fe695a6c19b162_repeat_1,145.06983351707458
5V9E_ca0eb3d8d58c1bd95d52ff61c3b9dac2_repeat_1,256.7084550857544
5V9E_ca1fa2e87b788b5c7fd40f722b91fe6c_repeat_1,345.51696372032166
5V9E_ca4786187f796b467caa8d7f4a200774_repeat_1,285.482430934906
5V9E_ca485081f28d269a39e74b90d200f527_repeat_1,243.284903049469
5V9E_ca548741288594b4f10bdf4055a25741_repeat_1,203.46816086769104
5V9E_ca8614a3a3c669ac1753e0d7f8a5a8f7_repeat_1,129.6844997406006
5V9E_caa708f19208b3191c8b2640128853f7_repeat_1,224.546448469162
5V9E_cadfae8b3fbe174b6960711ca5e4d4c2_repeat_1,288.59527134895325
5V9E_cae2c64bcbe370d2ed5319704fcd07e6_repeat_1,349.4821524620056
5V9E_caefce2999e0e0a502724f137055415d_repeat_1,416.39635491371155
5V9E_cb1516f1783294828fbca6694f56b182_repeat_1,214.75106072425842
5V9E_cb22906f90ae0089d0d8050aaef91298_repeat_1,186.89056301116943
5V9E_cb30972e6dc79817a9a1661e301e3d02_repeat_1,134.2880139350891
5V9E_cb75762e5971ea3cdccb647d2fb3c5ba_repeat_1,183.33751821517944
5V9E_cb84642551060780096039b88342c74e_repeat_1,256.10082268714905
5V9E_cb8571516c13bb90ca531c78d2eb8ca7_repeat_1,101.34798264503479
5V9E_cbb861a7ddff3ab4dbf4a5109a3caf61_repeat_1,259.6065163612366
5V9E_cbc788142e3f53b7636f3b03bae5fd7a_repeat_1,257.1118154525757
5V9E_cc39fabec515be89e14d32ceb13a7237_repeat_1,121.90873408317566
5V9E_cc46f18bda4e396c989680f741fab700_repeat_1,185.5829267501831
5V9E_cc48153f90d545408dd9f1608760708e_repeat_1,203.2602949142456
5V9E_cc58032af53a9f2e997b7411160fcd2c_repeat_1,333.06790590286255
5V9E_cc6d064ee40945e1653c745ed30ac9e7_repeat_1,178.1551637649536
5V9E_ccb3be4f3a5a26f06c9b5a866bfec035_repeat_1,375.2595913410187
5V9E_ccddef4f5055d0f5ad2e9ea32281464d_repeat_1,173.28570246696472
5V9E_ccf491bf845b789e20509d37ce558265_repeat_1,381.98679971694946
5V9E_ccf91df12c722606f23dfdc0e616d75d_repeat_1,139.83278441429138
5V9E_cd0159abc5752668574fa292563da812_repeat_1,284.4219493865967
5V9E_cd0c51cca29f03c616f2bb436adddcb2_repeat_1,375.74418115615845
5V9E_cd1d5ecee2acf20816616c6bcf708dac_repeat_1,252.07875633239746
5V9E_cd33aadc3211bfaef453df6fca07dd87_repeat_1,206.56982612609863
5V9E_cd3ef8ccc1407bedece72bc94bd41997_repeat_1,289.13838291168213
5V9E_cd9184f13d1d9ddd7b744e76327bd10d_repeat_1,240.5265507698059
5V9E_cd9f6a377acb0d756ab3eb46f3f2286c_repeat_1,386.20789194107056
5V9E_ce365d42808396bddaf1acff3cb3faf9_repeat_1,217.29160571098328
5V9E_ce49e06d9a1914df23e00fcee5e560fd_repeat_1,257.6930010318756
5V9E_ce5489d6a999a67124340cb3f658aadf_repeat_1,135.54168558120728
5V9E_ce6e90a7ba4b1b72be5f36fb26b64196_repeat_1,179.1539123058319
5V9E_ce80ca4911c14602f370237dbbf72cf8_repeat_1,267.1671030521393
5V9E_ce9bc2765d63f261e5ad257382c09e92_repeat_1,168.9402289390564
5V9E_ceaaa1beaca7f28cda45639aba99b66d_repeat_1,158.70546650886536
5V9E_cef7bc97d34211add3e80068dd478853_repeat_1,150.51937246322632
5V9E_cefa59722e332b4846df381d3f9e3763_repeat_1,198.6635594367981
5V9E_cf03685ff0d505fd5ecd5a7cbe5e6cd2_repeat_1,124.76827311515808
5V9E_cf238ea9b7ab280851e4278e94260589_repeat_1,164.94313025474548
5V9E_cf401ffe8f6595f807934cf9f62f127f_repeat_1,384.52628469467163
5V9E_cf404457b72da0769eeb25e115f571c8_repeat_1,179.24539995193481
5V9E_cf5a37cfed7d9c3e86f1abe7fd0771c8_repeat_1,160.34674334526062
5V9E_cfacd4ca013fed5568df62f9de3b61f9_repeat_1,137.26100778579712
5V9E_cfb7f46f5cbc7fcbb5bbc104c2009f66_repeat_1,167.46224975585938
5V9E_cfe46e494025bc2b13cd320219b602e2_repeat_1,170.98401713371277
5V9E_d048217dba5830a8c982253a84bfc343_repeat_1,166.40214467048645
5V9E_d04fbc738502c2fd0646fafcc14a33cb_repeat_1,108.64156103134155
5V9E_d067f46eba479874f0b013cc23367f6e_repeat_1,193.46588897705078
5V9E_d06d3c4e1dfc01e231521dd8b6be24ec_repeat_1,225.7822184562683
5V9E_d06d7cb8510ad07b37d425464e4e5171_repeat_1,282.9253776073456
5V9E_d0938d84ed89b18eb57ed5757e79386e_repeat_1,248.20980596542358
5V9E_d0a42926ac54f770e3b760b33e6ba3a8_repeat_1,135.05297255516052
5V9E_d0a5ff67e269a1ac4f305c618a88ac85_repeat_1,182.9525225162506
5V9E_d0aa50d5b1fb5e7532f98d423bcd0d48_repeat_1,197.44485878944397
5V9E_d0d034ec52002dd0d6a0061309c4b216_repeat_1,182.63782858848572
5V9E_d0e858cc6dc8a867800b8b7636f6a7c6_repeat_1,196.45451164245605
5V9E_d0f8792195f64bc36b7f26fc000dfd30_repeat_1,251.2923185825348
5V9E_d0fb40efe1ae6994de0689c93ecc96d8_repeat_1,253.8666787147522
5V9E_d1080b5413f35763b51a74f00d6e596d_repeat_1,189.05969524383545
5V9E_d1256c62d2efb0b34a5b800fc82e4051_repeat_1,201.06662273406982
5V9E_d1269d9156ddc027c40473008192958a_repeat_1,96.7856035232544
5V9E_d177a617804128f037865b481cb94042_repeat_1,168.1595904827118
5V9E_d1816d4dd30475f33534805afd1460d9_repeat_1,230.37237668037415
5V9E_d18898a057969acfbb9a74cc5c427278_repeat_1,88.1354455947876
5V9E_d1bee6187407bfd3de9fcb729cb29e8f_repeat_1,225.76140975952148
5V9E_d1f74c99e25086728773cc5f1e8c39e1_repeat_1,281.84469985961914
5V9E_d201d9349a9f6997dd5e5f9a36dd4ec1_repeat_1,220.0202443599701
5V9E_d2045fdfc1a94039713acfc73cc2995e_repeat_1,218.49960589408875
5V9E_d226e4d188df51b2843f228c90f49334_repeat_1,165.49991250038147
5V9E_d246382ee596c4ce5b997f901edd1b35_repeat_1,226.52090215682983
5V9E_d2a6f067291469274117651128405c40_repeat_1,222.6809196472168
5V9E_d2ab2239c2f1dac67c177092d1c5f978_repeat_1,155.973623752594
5V9E_d2df64e938fdc7df30c1a654d5436732_repeat_1,106.56059980392456
5V9E_d2e1236cec99783bda51f4a3631fa4fa_repeat_1,208.1232602596283
5V9E_d2e401b52b8b8665d5fb8c274477e9f2_repeat_1,205.71293210983276
5V9E_d2fc85c84cfce21684e2650a10e5a99e_repeat_1,180.95351600646973
5V9E_d30f6cb405f0a8a3942d8d33cf2fbb02_repeat_1,149.7599904537201
5V9E_d32d0b26d534203b48d866facd98cc3e_repeat_1,193.80466723442078
5V9E_d33a7e98165bc5842e5bbe2b0942e2a5_repeat_1,82.75967144966125
5V9E_d359c3110a26fadd4bc7bb599437752f_repeat_1,182.90204453468323
5V9E_d361dd8459334e866bd97976404951a8_repeat_1,133.37113499641418
5V9E_d37c8ea2ad425d3e8bebe3197d480050_repeat_1,193.6188941001892
5V9E_d37ea15e9e8562fb91fbdbd0ff17e59a_repeat_1,163.98487210273743
5V9E_d3ce4b357bab991e98b34e3a8722b3bb_repeat_1,149.4395763874054
5V9E_d3d908eee72c89f6f1fec9f89d7369c1_repeat_1,164.45681619644165
5V9E_d3fccdd0c7a1c3a4a85c1f40079ba557_repeat_1,184.90302085876465
5V9E_d4075f56234a8adca57b987509ad3004_repeat_1,166.27094841003418
5V9E_d418c70430e907fc86f4c54c8c46e0ee_repeat_1,123.42666244506836
5V9E_d432f149d7205a3a1cb89c5d6b1d87b4_repeat_1,94.49743008613586
5V9E_d4495ac57e21db4422e5b4acf008dd07_repeat_1,159.095153093338
5V9E_d47d3bdddf29088e31a046c6bd97f843_repeat_1,256.6627142429352
5V9E_d494811e0bee5aaa9f6f08226acc0dbf_repeat_1,347.8376715183258
5V9E_d4bf00172f3d76635603aade03370aed_repeat_1,370.386488199234
5V9E_d4e5b7f0e92172773fb32cf4dfdc5cd7_repeat_1,144.13187336921692
5V9E_d513e0208531f61c3c012a81e1b4c541_repeat_1,229.68246221542358
5V9E_d53dc2b3d3ef7250cf879175a96b0fd5_repeat_1,261.2693078517914
5V9E_d55664660ab74c7e7a004ee3023e2cac_repeat_1,151.54601001739502
5V9E_d5736abba8e9a2df38d15aabd7d57ea6_repeat_1,158.40158438682556
5V9E_d587b852ba62e1d8ded27c28f45a2cad_repeat_1,176.9492552280426
5V9E_d5c01523f4ef6db991063f7b27b1db20_repeat_1,295.7045772075653
5V9E_d5c149d4f50391696d5e5a1920356ded_repeat_1,127.910236120224
5V9E_d5f46ef7558f5ae601c8b1405cac3c72_repeat_1,151.70658469200134
5V9E_d60239f5b569f8ef343e7ae0093ad0d8_repeat_1,158.91092371940613
5V9E_d64cb08779a245bbbaea9e1c5981e65f_repeat_1,192.22686195373535
5V9E_d651772609955555e7a4e837f88a3d44_repeat_1,188.2259750366211
5V9E_d685aa277c7aaa46d1a21b4146d6b19f_repeat_1,169.50133609771729
5V9E_d6a9598c0a8af57bf1cf9ac4e8b81750_repeat_1,137.16573452949524
5V9E_d6c8dfe186d5b1853e1110ce2525a028_repeat_1,265.62183570861816
5V9E_d6dadfb76a46607e2cc77e8f079844a6_repeat_1,223.50667476654053
5V9E_d6efe3b81504d055e39d7fd12e13bc1b_repeat_1,173.9655303955078
5V9E_d6fee5a43e1026945756ff852dd82318_repeat_1,145.49532413482666
5V9E_d72029f297f87d83fd0a0d514141bdec_repeat_1,129.58250212669373
5V9E_d723fafcc2ca745c82f157d07850d40a_repeat_1,201.5356729030609
5V9E_d73366ef16a32aac5887b31e6d5f7a86_repeat_1,133.06219696998596
5V9E_d777189d047089ae711e48fd6aee6060_repeat_1,212.46849870681763
5V9E_d79634f2282f12b9c7dcc4f2bffa6d8b_repeat_1,190.65383863449097
5V9E_d79b9e6e8b68158393a0f14f694032f2_repeat_1,189.94145894050598
5V9E_d7af6f28ec780f25680c2a52617dba8f_repeat_1,174.10248947143555
5V9E_d7be890f6f0211692757e24d60e3b415_repeat_1,162.76228857040405
5V9E_d7d93331c5d09df66b163b6e8a61aa77_repeat_1,303.42514872550964
5V9E_d7f688b140bea4f032b44f9e96e65fe0_repeat_1,254.55653262138367
5V9E_d84811e8c3855496e04bc6bc6ecdbf01_repeat_1,201.03816413879395
5V9E_d8500b33a42735f03f4fe62eb27dceb8_repeat_1,148.9865598678589
5V9E_d85be5973c1302af7d13527323dd1680_repeat_1,291.5580253601074
5V9E_d8691604d67e06374f9f9f6ba1d9b4fd_repeat_1,83.87738943099976
5V9E_d86a8aff14ed0517175f662b058693e6_repeat_1,104.73397779464722
5V9E_d8932b0f0fc1ed4479ee283216448e87_repeat_1,159.1179964542389
5V9E_d8d9e7dd352a3b4e0b94bc65062f1aa7_repeat_1,142.3018708229065
5V9E_d8ebc601b5da07b82b1e0f29dbf4ffd5_repeat_1,129.2793629169464
5V9E_d8f124cd501519126f69594a5e86ee23_repeat_1,148.03164649009705
5V9E_d8f75149fb951077e1533c2d939e6b34_repeat_1,195.87660574913025
5V9E_d96606f36e9ee9ae4b23ae68d62ef8a3_repeat_1,208.32867288589478
5V9E_d98327d9be1f6affbab42b130965f1a9_repeat_1,232.02974343299866
5V9E_d98d4487925c8f8c234c97483dd37317_repeat_1,132.78933095932007
5V9E_d9e199c0b69ef43e93a946be79483432_repeat_1,383.0273232460022
5V9E_d9e1f650ba8f96d55df6db8c3d5211c4_repeat_1,221.09361958503723
5V9E_d9f5233f906dac205124db6a217a064d_repeat_1,190.5809953212738
5V9E_da09b12075e2d090c2b646861180047f_repeat_1,171.80706334114075
5V9E_da1cf91eec7eff5543ff1f4a0f6f5e35_repeat_1,165.0983440876007
5V9E_da1e0f34ab147096bf45cb73050b86c2_repeat_1,152.72609663009644
5V9E_da97e09581402a416ec5513e20e1bd10_repeat_1,168.06523275375366
5V9E_dac9fab4cc67438cef294da864d4a08b_repeat_1,142.7893352508545
5V9E_dad42b80457bcee66256b1dad812ded4_repeat_1,160.23351097106934
5V9E_dadd1a28e4d698ec2d7f8559a5a6d0f1_repeat_1,165.56111478805542
5V9E_daf1fb098f6bacbd5245caa3e7e2dcce_repeat_1,120.3206205368042
5V9E_daf274adb00423ee83f9739b3f38af3b_repeat_1,145.90251541137695
5V9E_daf2e711245b0ddbd3c22733d49f290b_repeat_1,206.26667189598083
5V9E_db1025224f65fe728a41b07b8ddcc9d7_repeat_1,202.6622281074524
5V9E_db8e80e9539892152d83f498770fcb56_repeat_1,150.2864375114441
5V9E_dbbee9e11fd122b21ef2ecb865c34e81_repeat_1,428.37034130096436
5V9E_dbfcf7b2b638d6e2cdca0f27cdd989b7_repeat_1,102.91662549972534
5V9E_dc25ceb730d61377b87359f179a9e0d8_repeat_1,161.82748103141785
5V9E_dc3bd71bd0a23c2681e40faa5d1d03fb_repeat_1,167.72246265411377
5V9E_dc3c41f551a5326e718367cf280fa813_repeat_1,175.64625763893127
5V9E_dc3d651293b54bb70035e345a1c07db6_repeat_1,238.97344303131104
5V9E_dc66e65f6a4ea54b6a274c2835ee0be8_repeat_1,235.6483976840973
5V9E_dc7e8dc166ecd3938aa88b5996ef4b22_repeat_1,211.21963548660278
5V9E_dc94c412f6673b7e6d46f17314e68ea8_repeat_1,146.9157211780548
5V9E_dc99113c00e577de05212b57b73997d2_repeat_1,264.619181394577
5V9E_dc9aacf1fe121a6558d97f1c9aacaa2b_repeat_1,157.40570378303528
5V9E_dcca6f5d5b4dc27ebe96fcc250ef3f03_repeat_1,254.46155762672424
5V9E_dcd96ca5e258ce3c5d0ec15bf5314aef_repeat_1,196.760320186615
5V9E_dceed79a101fc2680f6f4c9de1ae8787_repeat_1,337.6156551837921
5V9E_dcf01e86f16327b2df0a11c1927532a2_repeat_1,242.60354089736938
5V9E_dd113a3ebc921597fc2393ae7e7676b7_repeat_1,175.54172253608704
5V9E_dd2841e50f1b283d738e6d553643479d_repeat_1,179.5697672367096
5V9E_dd2bf9008cf1cfc640e84f82792fcc1e_repeat_1,199.28459763526917
5V9E_dd37b8def981de492e058a40f6e6e14a_repeat_1,251.3391683101654
5V9E_dd40b6db3dbdebea801d5339bdbb2273_repeat_1,237.5711362361908
5V9E_dd9313d1014b45431cdd449dc085062a_repeat_1,211.97026658058167
5V9E_ddc173cb67401aa75964c1f3cf5c2ba5_repeat_1,180.9228138923645
5V9E_ddf68fe4a072b540320dc38997be8824_repeat_1,192.66578125953674
5V9E_de05b970dfda935a72fb23007c333140_repeat_1,287.7531111240387
5V9E_de491bc93479e76142c8d93c65a42f04_repeat_1,159.4754023551941
5V9E_de4b5931b5566c583e670192f6b47284_repeat_1,137.77155685424805
5V9E_de7f2c26234fdd46a07577ea38bd8f10_repeat_1,201.3040816783905
5V9E_dea114f90173e88f7656aef4085ac4e4_repeat_1,285.5556802749634
5V9E_deba30fb74ccd63de350edf798e6d0cd_repeat_1,192.0346441268921
5V9E_deecf0e9eb36e2def93e734c932e56b4_repeat_1,210.82265210151672
5V9E_def161d9a30748755878ad773e991533_repeat_1,392.72202229499817
5V9E_def9cf6cd86a434fd1c8dd40e77a51d5_repeat_1,154.61682534217834
5V9E_def9d5a0ef8200bdc2a268f7d80b38d2_repeat_1,217.8760735988617
5V9E_df01bff54940d096b3133ac2670408a3_repeat_1,183.23315525054932
5V9E_df0e8591f350c8614c0733748d1eb545_repeat_1,189.03775787353516
5V9E_df343536075127bb6a1784e5e143f52e_repeat_1,174.61250400543213
5V9E_df7006d7ecff405cbe7563ebb289a49f_repeat_1,147.195410490036
5V9E_df88284e984b0a3c35a2fe5a23cd2803_repeat_1,208.34820127487183
5V9E_df91200be02f6d54eec66d58fb5241a6_repeat_1,191.97437930107117
5V9E_dfe52db72e1a7bb2c2c64169d779dbda_repeat_1,180.68150734901428
5V9E_e009e5e7eea3fbae9431c986e95084db_repeat_1,145.98984718322754
5V9E_e00c3f96ac65870a9b59c90189207b29_repeat_1,203.63594388961792
5V9E_e03687f460a3ae2e1c3f56caffe31ce8_repeat_1,215.59357023239136
5V9E_e03a0963ea0ebef7d0ffb31fdf9f3138_repeat_1,215.72624111175537
5V9E_e03d88a400089345dacca1dae98d17eb_repeat_1,152.74816942214966
5V9E_e04f46dc485ba3431922bb6ea6dac5cd_repeat_1,245.49630689620972
5V9E_e082a7497736de1e796c5383eb9d88f1_repeat_1,152.0229468345642
5V9E_e086b435c4c448c85305e39d3f9d38fb_repeat_1,158.41551160812378
5V9E_e09c915a4a4798c2bb9bc2d2222887de_repeat_1,93.26136875152588
5V9E_e0abcaacb07a8ae78c27c1d1f2a03acc_repeat_1,176.361567735672
5V9E_e0bf104933efca06b94adce403b3c5c6_repeat_1,220.0700180530548
5V9E_e0bf6b1b1abe2ab921eef2e3240f6bfa_repeat_1,171.96378469467163
5V9E_e0c9fd3cf18a7cb7d355d548618e9d38_repeat_1,120.7609760761261
5V9E_e0d8aff66796e44910806b5195249979_repeat_1,254.0152189731598
5V9E_e0fbc1268de1a96c4d069ff9ebbe7fbe_repeat_1,260.34632873535156
5V9E_e0fd7bfa848e091d9d6e23f7ea8b0929_repeat_1,139.19335889816284
5V9E_e10d317d066bdb1010685d7dd4a975d3_repeat_1,171.0043077468872
5V9E_e11da5142620d12855233a4a82e6bc07_repeat_1,167.30383849143982
5V9E_e16150e9c326e5ff63f32ce3fae5290c_repeat_1,145.7203390598297
5V9E_e1a2327fe97a7d213320bee67a8b5c47_repeat_1,99.7130115032196
5V9E_e1a25b2bebea5b9954184fbb23e7841c_repeat_1,129.82969212532043
5V9E_e1aeb470572477cf15b1bd3644d59370_repeat_1,180.15425205230713
5V9E_e1b9949dbe4313167d64c75917356bcf_repeat_1,285.3695538043976
5V9E_e1f19266715d98e5a401ade28cca20c2_repeat_1,186.06915664672852
5V9E_e209a8b91e3c1759ccdfdced0b2f2abd_repeat_1,215.13956880569458
5V9E_e22dec2e50c6704a94c23d9b329e6422_repeat_1,278.4525661468506
5V9E_e23d568e9b36a088df07fd312fb37282_repeat_1,221.85475397109985
5V9E_e2549b073f0cceff8635170ef31993c0_repeat_1,194.65431785583496
5V9E_e263a61fbdfebd1172ecfc41ff5bc236_repeat_1,255.39057159423828
5V9E_e29eb3c4908e520f32576f050ee2ba56_repeat_1,197.5496859550476
5V9E_e2bef536a6fa29437601550bc6287a6f_repeat_1,275.0642464160919
5V9E_e2cb2841b5e76b07a027a1072f67ac17_repeat_1,146.2489287853241
5V9E_e2de4287699eeeccb3f1c39b6cb5005e_repeat_1,226.6330008506775
5V9E_e2e2ef179b37ac9404de958914809fb8_repeat_1,187.23044681549072
5V9E_e2f458998ebf3547163dc7feab665b7d_repeat_1,177.31696343421936
5V9E_e3f654efcc95e22861bcd3c6308e692e_repeat_1,214.12657070159912
5V9E_e3ffd83ed3a2e2e6ea028113dc25ed94_repeat_1,141.13077449798584
5V9E_e406889599e3ff4524e193c7f115427d_repeat_1,195.75610375404358
5V9E_e40abc8628d4a8ab993b32a8d02ff057_repeat_1,181.78045558929443
5V9E_e41b30a0f4b1e15990b09891a4cb0be0_repeat_1,217.85578060150146
5V9E_e42a72784bb41816d0e3a430233a9e13_repeat_1,132.8809781074524
5V9E_e42ac6beea6648b13ed5c287191fab26_repeat_1,137.63763570785522
5V9E_e44c43cec55719df8a498edd23d84bb3_repeat_1,160.52867937088013
5V9E_e4503db7118052f64d62d719e54176b1_repeat_1,266.27461433410645
5V9E_e453762620909592021a6afbfdaed8b9_repeat_1,185.45063090324402
5V9E_e4658b1cc531ce06335380de59a04fc0_repeat_1,207.5216944217682
5V9E_e4771d954782bd49980c39e8960492fa_repeat_1,292.1280794143677
5V9E_e4886d063a614eb6e6840f106303b254_repeat_1,167.40162777900696
5V9E_e4ae03390b962416037cb82391d2724b_repeat_1,196.3785355091095
5V9E_e4c6dbcf55cae25268c414a0bdc621ec_repeat_1,72.92921304702759
5V9E_e54049b2e95057a25b6aa1372fb61be3_repeat_1,191.54441118240356
5V9E_e54690806ee1efa48ea8a0072afc641c_repeat_1,146.11592364311218
5V9E_e546c7cb2de322ecbdbb6b08df81ee2f_repeat_1,244.927006483078
5V9E_e552b148c8add84a913d1f685e89e451_repeat_1,204.43201637268066
5V9E_e55ef639bf391d66b8eb4eae07811f14_repeat_1,161.01567006111145
5V9E_e563c7b9f48ee3387cd25ad37efe86f3_repeat_1,193.84119415283203
5V9E_e56e80228d8f7272d9429d94dde7486f_repeat_1,293.35423159599304
5V9E_e5790ec4debc70e142412cb93b0b1059_repeat_1,180.0400152206421
5V9E_e5a8038201ff317594fa62c45ecd2d05_repeat_1,239.45451998710632
5V9E_e5bc2206a2c7197eb4971f2441ab613c_repeat_1,140.5959701538086
5V9E_e5e6fc9315ad8a73344f723dbede3ecd_repeat_1,129.58016204833984
5V9E_e5eddf7bb00a16bdcab947212a18d398_repeat_1,193.2363519668579
5V9E_e5ffee75aba0e92d66b29839039ed21e_repeat_1,234.47889256477356
5V9E_e67378a54a25f33ee0ebd4758b268749_repeat_1,238.4136610031128
5V9E_e6a21c47208f1f9f3f954887665520a8_repeat_1,199.73039031028748
5V9E_e6a2db43b9ca1d9e50fa1a91fd690604_repeat_1,221.80730199813843
5V9E_e6b44aa0f4da28675e012a2625a35038_repeat_1,292.729651927948
5V9E_e6d6d76f8d57018cc8d101d170c47d6d_repeat_1,141.46490788459778
5V9E_e6ddd6587e85c844fab504168224aae4_repeat_1,124.01374387741089
5V9E_e6f65bd9450c26fbd6ca371f663a3f62_repeat_1,298.5326645374298
5V9E_e711697fe7bdfa946d1bc699ca63c915_repeat_1,100.42410802841187
5V9E_e72c855fe0fbfff6d390d0a148f6a09e_repeat_1,197.51284384727478
5V9E_e73040bb4bdf6d93257da5b470144562_repeat_1,267.88011860847473
5V9E_e7460dcb4d3904703d373c4b8e471b35_repeat_1,162.12064337730408
5V9E_e749c0ad86ac111d12eeea8f53c2f46d_repeat_1,97.81882572174072
5V9E_e773a7a186b03b0957d57fed0f4d014a_repeat_1,67.54785704612732
5V9E_e7756aaacad8b35dd5516908e10850f0_repeat_1,101.46126008033752
5V9E_e79152669512efd378b0763d3484fc41_repeat_1,147.8950924873352
5V9E_e799720d2f43df821689b61db99f8507_repeat_1,155.1048069000244
5V9E_e7a43a659c284137396f8957a7fad84a_repeat_1,201.79151821136475
5V9E_e7b38f1a037d0ed8baa609fef2a60e70_repeat_1,208.4936397075653
5V9E_e7cc87a6864e0e56bcecada83c2fd80c_repeat_1,173.26034688949585
5V9E_e7d8fef4ecd32170b1e7fbf918e55a95_repeat_1,244.79761171340942
5V9E_e7f31293566724324d3ccc875f097f01_repeat_1,99.92425727844238
5V9E_e7fb0fbb29caf4999a7aea868ed13da7_repeat_1,121.46106553077698
5V9E_e83266b45dcf4408d6c0788f18075426_repeat_1,279.04494857788086
5V9E_e833ee7d095f08dab909f662e32a5296_repeat_1,435.7450695037842
5V9E_e8470b6fb1c23503b77c3fd214ecceda_repeat_1,167.95602440834045
5V9E_e87534ad56e386e5a177ca8ae7e895aa_repeat_1,217.9363374710083
5V9E_e87a860b81f20611d1f365bd824d1597_repeat_1,295.2293589115143
5V9E_e8a44a9b0ecb40b29c347fc777dcbcca_repeat_1,117.06329011917114
5V9E_e8b3445242f5f63bf1c7f721fda534f2_repeat_1,286.6160111427307
5V9E_e8ed0b29657e17d8c7aa54136a3b96ec_repeat_1,126.00528001785278
5V9E_e92eabf6188fc9bc4985d9b943ebde02_repeat_1,258.24438858032227
5V9E_e9498742d82f8b485a8a4f7214867403_repeat_1,186.62997436523438
5V9E_e991bd73ec9e1cb4597427806187879b_repeat_1,232.69137573242188
5V9E_e99b8dac60a8802fac7d0bac009dffe7_repeat_1,195.9141309261322
5V9E_e9a6e16494592a3f845c784ea73889d3_repeat_1,257.69182324409485
5V9E_e9b600e3ab2383eafcc84ec0d3602933_repeat_1,253.30874180793762
5V9E_e9c3354da8d7c789789485d56131d8c7_repeat_1,111.15278792381287
5V9E_e9e7fa29e6bf9c6b8b64ea447023123d_repeat_1,159.39922404289246
5V9E_e9e91e247623ba40cf2634cdea34888b_repeat_1,200.42994832992554
5V9E_e9f1cbec20cf9b95e0bd17f8ff876d69_repeat_1,224.1500015258789
5V9E_ea1463fe3476d8068cc377b48e28e271_repeat_1,176.01886081695557
5V9E_ea1bac63640c0650c031d2ef64f4b236_repeat_1,174.682852268219
5V9E_ea2132b5e152c9e28e5b63de09c096d1_repeat_1,173.38755440711975
5V9E_ea6b75332453027923e1ead143a167f3_repeat_1,380.5135827064514
5V9E_ea82d6ddbb42775964f1716fe757f0f4_repeat_1,214.8422873020172
5V9E_ea8c14742d27cfe9920ecd49d4fa68fd_repeat_1,186.23138999938965
5V9E_ea9270f536a1f1094f446246dad4fe89_repeat_1,331.01502442359924
5V9E_eaade98cd49cde43cb221c11db3285de_repeat_1,197.96106696128845
5V9E_eab1d349bb6cc7b87e2067e1047628bd_repeat_1,174.31264901161194
5V9E_eaf968bafbd6ed3827a637743f1024b6_repeat_1,235.82825875282288
5V9E_eb1c577f52c4bcbff339c7a4708c2882_repeat_1,256.53001642227173
5V9E_eb3c80158b68a720a7c7bdbde1f27548_repeat_1,269.5168080329895
5V9E_eb53b52ec1e7809ec5f8c9b7c8daa040_repeat_1,262.91249799728394
5V9E_eb609c4aba07b9423b8bda37ea2e0b74_repeat_1,169.67386269569397
5V9E_eb61009d9b84ae92185b2b268a71099e_repeat_1,203.031108379364
5V9E_eb6c90e7da8c48e839ee9dadcf95848c_repeat_1,302.0601418018341
5V9E_eb6ff4629468e9d1d6647c8173b474a4_repeat_1,225.76149654388428
5V9E_eb7e2ac6e1c5b3218d8ea1e9f8cc1b33_repeat_1,195.84138083457947
5V9E_ebac81bdb8f5d131644eef19005ea271_repeat_1,170.76659893989563
5V9E_ebf50f8118d5be17070444f16849ae3c_repeat_1,223.4791452884674
5V9E_ebffa4a0f1190fb589cb6de05de0471c_repeat_1,178.91148400306702
5V9E_ec26245c97faf1385a829291dbfdca9c_repeat_1,247.91925692558289
5V9E_ec6e23f4b5513791ee9f6ecd9a16efe0_repeat_1,288.1402497291565
5V9E_ec9be77b32d72788bcc29816701ccf44_repeat_1,244.86212635040283
5V9E_ecd863ef79a1ddf0834dc7d00d3d7a5a_repeat_1,286.62779569625854
5V9E_ed0c97c08dabc04eb2a965ea2ccc1842_repeat_1,181.80529284477234
5V9E_ed18cd67fa82faa398bc3dee0859010a_repeat_1,284.8452191352844
5V9E_ed40920e6cb195796bb4e6eca06a2d13_repeat_1,211.72614645957947
5V9E_ed52d19573c8d9065661d15930bf8cb8_repeat_1,223.62950658798218
5V9E_ed56282d8e234fa03130e028474f57f8_repeat_1,180.97360610961914
5V9E_ed5bcd9c3f72fdaaa2c012fddd7a8d20_repeat_1,234.80611038208008
5V9E_ed5d7a52862003a21f9fcb18c50478b3_repeat_1,203.14814949035645
5V9E_ed61aff15aac90d3ee292221fb5e83ee_repeat_1,238.95527911186218
5V9E_ed6af9e61312637627532e19eb259f72_repeat_1,255.1007399559021
5V9E_ed6dc696e5452f4e335ed0bb88b269fc_repeat_1,138.48797225952148
5V9E_edb7648dd596405eddc9a5c607b494a6_repeat_1,243.0272090435028
5V9E_edb8ead009649b34412402626dc9f179_repeat_1,164.2039132118225
5V9E_edd1e4572a3809b84cd4a580fb26ef9d_repeat_1,198.47538661956787
5V9E_ede6b7807bc8f766f9c0c41587929e77_repeat_1,390.1321220397949
5V9E_ee08328e988cf3de056733d9fdba3198_repeat_1,211.28464603424072
5V9E_ee1870e631c91c3e8903cd23049e7996_repeat_1,200.34505009651184
5V9E_ee4d186e7eb6755c6263d98631221bba_repeat_1,287.68066596984863
5V9E_ee5f0aae324f18461d6c74a7cee4d7f0_repeat_1,333.40320920944214
5V9E_ee80700d1bd9ec627175e605a810876d_repeat_1,177.58646202087402
5V9E_eeb81c375693d4839a953bed51130841_repeat_1,122.25483345985413
5V9E_eece4d93c3c6f84d9bc38d1d366bb301_repeat_1,263.8730432987213
5V9E_eeea973771594ddebfbd99b2881fe28c_repeat_1,301.2336175441742
5V9E_ef1459e9496c85cf89fc329a5e5d79af_repeat_1,260.038143157959
5V9E_ef29c4c030a130980d10c4db6dd789a6_repeat_1,200.84545469284058
5V9E_ef44c651301d0e3c268e626a14eb7c71_repeat_1,148.44437980651855
5V9E_ef48e128abd15e37628468a05b551f2e_repeat_1,419.20028138160706
5V9E_ef4c3e729fb1830cc02de088d1199a46_repeat_1,235.42470908164978
5V9E_ef63094bf673f4e41409cdd64c33800d_repeat_1,128.83890390396118
5V9E_efa7b7ac558ff04720d4d9ff047c7f43_repeat_1,196.7177333831787
5V9E_efa7e1e496128505fa421af5c3c2564f_repeat_1,220.42653608322144
5V9E_efb424374d66a4621c9f9f5554e5d60a_repeat_1,209.70294642448425
5V9E_efb564ffc4337c98ac255427ca94f896_repeat_1,165.10209441184998
5V9E_efddb15127c67262d4d1924b692b7685_repeat_1,328.4813549518585
5V9E_efe3304d787cbfd823397ecc54a3a86f_repeat_1,387.29266381263733
5V9E_efedf5b12ecdfad842fc52df23cdb2e5_repeat_1,268.201256275177
5V9E_eff2588ef228ca27834c3d2759397b0a_repeat_1,238.83210039138794
5V9E_f007dfe06017dcb52eb914c2de9775a5_repeat_1,352.860559463501
5V9E_f0088674d557487ca82535b4729c86f1_repeat_1,257.0892221927643
5V9E_f01746601f3200d854e1dfcc82fd9adb_repeat_1,182.31088256835938
5V9E_f05da66629e2953fcdb520484e9d1fa7_repeat_1,301.78039360046387
5V9E_f0694a6a497a0736476a820197ca26ed_repeat_1,285.83149099349976
5V9E_f0791f47669add08b6222d6690f58a6f_repeat_1,116.05216693878174
5V9E_f09a1b5745263648000ae032e40d0cf3_repeat_1,203.7563512325287
5V9E_f0b3a4377a435e42b84a3a0962770884_repeat_1,239.77105069160461
5V9E_f165afe824c895bfa066369612435499_repeat_1,339.5496516227722
5V9E_f1682f08f0baf2fcb2ae86dfa71bbd08_repeat_1,127.01329135894775
5V9E_f17bd1303f007742bf57835cfd0bf709_repeat_1,192.78330969810486
5V9E_f189d52d8b7ab65717a13dbb3b1b71ab_repeat_1,199.49036765098572
5V9E_f18ed9baf1addd2ea9cb145df9cd21af_repeat_1,279.2593698501587
5V9E_f18f92bd05e080fb4abecd7553dcec74_repeat_1,277.4336099624634
5V9E_f1a39ff93449e79432cace56241bb69d_repeat_1,232.66380381584167
5V9E_f1afa38b485842abab379a575051eb0f_repeat_1,149.80387926101685
5V9E_f1b56d72cd30367b5fa63a7b7d183407_repeat_1,213.80152678489685
5V9E_f1b72eb02755e3ecc3a0c0e03819d341_repeat_1,155.11212801933289
5V9E_f1dc5951418950c1f79435a307439ce7_repeat_1,194.29287004470825
5V9E_f1e430d2ad737a9710b71c48eeece81e_repeat_1,109.61357259750366
5V9E_f1e64291e0bd66be8570ccf30660667e_repeat_1,188.93886303901672
5V9E_f1f08b8b5deb5bb1b7a8e0ecb42fdf72_repeat_1,298.8389358520508
5V9E_f1f4a9fafee6a1231a508cb861fdf144_repeat_1,234.84542417526245
5V9E_f20d9a3f960c2f27cf95219bf98374ed_repeat_1,217.2454273700714
5V9E_f211a14120473b3d5f07bf95507bf7ae_repeat_1,210.18220376968384
5V9E_f21e6aef3f146a6c1e908ea59f67d1f7_repeat_1,213.8972668647766
5V9E_f23d084dbfdc3d251a85c4e19666caeb_repeat_1,212.96360611915588
5V9E_f248b779698339aa798c8379c6469824_repeat_1,262.67202973365784
5V9E_f27cdc2fe8a6dacf6e446b1fe535eade_repeat_1,393.93412947654724
5V9E_f295931cdf12562ed0542fd80c2a02fe_repeat_1,159.15443348884583
5V9E_f2abeaf25b8465b27914601a5500ebc9_repeat_1,290.2388286590576
5V9E_f2b1d19bcc83c6f1458e99d1ca831ac9_repeat_1,121.28803849220276
5V9E_f2cc97433654486df6c963e51f4dfd6f_repeat_1,281.0793890953064
5V9E_f2e9311f6b6eac35216fd40d52a40723_repeat_1,189.34802269935608
5V9E_f2eece77866f37f71a6f8bdfbea77605_repeat_1,139.4099326133728
5V9E_f2fedb2cc4050df494bfe42c0bf69a0b_repeat_1,255.97252440452576
5V9E_f310c9244f097f36730db6c7947d3a84_repeat_1,227.30908203125
5V9E_f37336e333df1e0663d200369b41d1f2_repeat_1,216.30544352531433
5V9E_f37d82d681439bc8a3a61d85c80f2bc7_repeat_1,125.51012086868286
5V9E_f38ab0035dd663d9ca00679b81603494_repeat_1,236.53255558013916
5V9E_f38b7aac62ef3b0c7660c515ec9a2e67_repeat_1,190.55917382240295
5V9E_f39c49622b1b2a431b7f645d6b37e629_repeat_1,221.48460602760315
5V9E_f3c3d584e66c0a5a57f268e63a53699b_repeat_1,198.7197687625885
5V9E_f3c990624f5da833edd7ffc4495959ac_repeat_1,162.11087346076965
5V9E_f40c2cd28e36751a9ce0641e5dd94e3f_repeat_1,218.7552947998047
5V9E_f40ff58b414a043a1e7ec2ba93b81605_repeat_1,246.46646904945374
5V9E_f41fc247b874cf81e8f300c7e7a818ba_repeat_1,255.69398188591003
5V9E_f436569816db0c65e78176c6dcd28bbb_repeat_1,153.0755214691162
5V9E_f4625f4d279e75c1e7a03274a4f96f78_repeat_1,147.20532608032227
5V9E_f4af848c85562078a370424d8bd0d66e_repeat_1,162.07635807991028
5V9E_f4c0f965afab8df4dff4afec148f78bc_repeat_1,252.48823833465576
5V9E_f4c7bd987446fd4f676cd1fc51620218_repeat_1,154.95479249954224
5V9E_f4dae825707af21c57fe3a993fabdace_repeat_1,193.6177065372467
5V9E_f4de324bebe9871012eb313f872ec756_repeat_1,182.53302693367004
5V9E_f4f70a97275d1c8636268845a5167803_repeat_1,166.10461950302124
5V9E_f4fb4c4c912bd60f689bc91ce48320c3_repeat_1,245.68218159675598
5V9E_f50f9ba3776d5711cfd291624b0b11cc_repeat_1,176.64133262634277
5V9E_f5112a2f340a3ebf9285532a8c5d4956_repeat_1,309.9379322528839
5V9E_f515a8887a799d3aa46037a4985b3153_repeat_1,168.66397619247437
5V9E_f58e050330a86b024a520267e2dd846f_repeat_1,133.49586486816406
5V9E_f5900572689a5294f8fe021d4d7861e0_repeat_1,275.42697930336
5V9E_f5a2f4f9d1e63457f64919ae084e8be8_repeat_1,247.8767488002777
5V9E_f5a6499d5d9a618f315ebd89f1d544ff_repeat_1,215.68640542030334
5V9E_f5a9095616a562d1d7b64a1752b85091_repeat_1,278.1502034664154
5V9E_f5c706ea2f4ee1b635493b39d0765f32_repeat_1,139.24793124198914
5V9E_f5d9849d3c37a810ac43b8a42aa5d19f_repeat_1,436.68607664108276
5V9E_f5e0f9f5aadb3b64f7be2e1647f08e6d_repeat_1,195.7246277332306
5V9E_f5ead45139106e60fc5142a691958e56_repeat_1,184.6380386352539
5V9E_f5ebc10da59d1863d7f775f08dc4acbd_repeat_1,338.6036412715912
5V9E_f6340da3302bdd81f9694f5797c529b6_repeat_1,185.9260289669037
5V9E_f63d96938ceb89f0e4f6b7d58a9ba720_repeat_1,127.81910371780396
5V9E_f6438292640b056faa59c5319f66c4f3_repeat_1,125.69342637062073
5V9E_f6600729a1d2f2f5ae54850096c33411_repeat_1,153.69146704673767
5V9E_f66662ce4b1ae420ce5480d7286c8530_repeat_1,158.89774441719055
5V9E_f66a1325aa7048c10fe6a092ab471a2f_repeat_1,206.79236721992493
5V9E_f6a31e55dc98e109a5ba2e6abf06db1d_repeat_1,154.5322561264038
5V9E_f6bf8c43f6ecd7646c0090093cd8310c_repeat_1,265.6020758152008
5V9E_f6ccc55f9228fa8e8aa3b89b2ffbaa7d_repeat_1,178.1704671382904
5V9E_f6d1e6b529eb33dcd4a0719e1a791d65_repeat_1,178.1402130126953
5V9E_f6d5124bdcda9fa7084e8af7fa6f3864_repeat_1,152.9673731327057
5V9E_f6daef06b6384e8f449d67bf871604cb_repeat_1,173.1498990058899
5V9E_f6e7c67dea32f782a5eac509a99609be_repeat_1,144.3665325641632
5V9E_f70e1374d470113de6f35c65eb94c171_repeat_1,203.3598072528839
5V9E_f719f87fc76f013c185499842419a538_repeat_1,183.91240978240967
5V9E_f7245ac7f59777177c77ed6d740b1a6a_repeat_1,182.989483833313
5V9E_f7409e91acdaee3aba2ba0112212630d_repeat_1,119.1824734210968
5V9E_f740b5a6cbb4d9bc1c0e08f5ad473332_repeat_1,228.53367471694946
5V9E_f75ac04fd1b014dc490e75adb3b5d674_repeat_1,273.974396944046
5V9E_f75ae51d6677f137c58eb2ed8b85f209_repeat_1,237.62210083007812
5V9E_f76e7cfdf651a2b3d6b069cb91f07cd3_repeat_1,221.12484002113342
5V9E_f77b993b9d4438c3d3047cd1bce9eb2f_repeat_1,174.74212193489075
5V9E_f780a7ebdfab0d9ddecdeb1523e273ab_repeat_1,217.73524808883667
5V9E_f78d80719d987d04fd7d33a63a21a5a4_repeat_1,246.46949982643127
5V9E_f7a4182178ee0158a30a6439e067f04e_repeat_1,217.9942910671234
5V9E_f7a473f185ad6d5abb245d5612290791_repeat_1,129.749498128891
5V9E_f7aef9c7f9c8fac7f153113c5c6c0d46_repeat_1,189.0168240070343
5V9E_f8511acc1b78f417a12dd55d0446c601_repeat_1,126.31797122955322
5V9E_f85405c14c3d4599018f5790849c8286_repeat_1,125.25396060943604
5V9E_f8578e25a7736638b845bb062fd656e9_repeat_1,132.81464290618896
5V9E_f8728a61ae26622502b234e6784ecce6_repeat_1,323.11053252220154
5V9E_f88ac8219848516aa8b3c078b15ee83b_repeat_1,192.81572723388672
5V9E_f891d72e2192c57d6bd9baf532ec4f35_repeat_1,228.0244014263153
5V9E_f89762252adf9e056b62e047c020653e_repeat_1,239.02005553245544
5V9E_f89f33a165607c1760b13a7ecf84ec3e_repeat_1,239.5418725013733
5V9E_f8abf1fdcb1c6e90c6f6c7ce7f325003_repeat_1,89.62764430046082
5V9E_f8c0054e51d8858707d3cb153d5366d2_repeat_1,249.5332682132721
5V9E_f8c869297df0e56db2a15f41a3300eeb_repeat_1,192.34397387504578
5V9E_f8d312aad9f8be2022e4d3fc97f648ce_repeat_1,228.87513375282288
5V9E_f94d7054e8a1260bfecda539bbf5f37e_repeat_1,303.0274727344513
5V9E_f97406b64f324a712cb7ff500d38b15d_repeat_1,249.28271889686584
5V9E_f99d882053efce43ce24755117a8b479_repeat_1,246.43953657150269
5V9E_f9f52a334faf4fbcb060d6e83dcc27b7_repeat_1,229.23571944236755
5V9E_f9f949a66ab2544ba6a6f722e1f1de7b_repeat_1,193.22796964645386
5V9E_fa2d79e0c08a6f9b7930fce6a82753a1_repeat_1,191.54905486106873
5V9E_fa7fffdca23db84b48bd3b274e89d2b8_repeat_1,217.83276414871216
5V9E_fa81d74c73497a734a900e408c537abd_repeat_1,223.05759024620056
5V9E_fa8ccb83e097512bc3bee687238dfc1a_repeat_1,167.88579630851746
5V9E_fab21e229117a9faf00b80d643d20d72_repeat_1,189.74102520942688
5V9E_fab4537ada65dd8d12ce0232d1369ef8_repeat_1,120.41721248626709
5V9E_fb1d906c496017a3f8b8b112acf041fb_repeat_1,215.19773316383362
5V9E_fb76b6259c623500d5c06f0fd7f9dbeb_repeat_1,256.3211703300476
5V9E_fbaa7afd885589dc30e934564a027add_repeat_1,173.2383291721344
5V9E_fbad25518689a2aa5aa6490ce8a6c74b_repeat_1,218.8270411491394
5V9E_fbb1d7ade13ca4259516358c423dd8a5_repeat_1,151.22586393356323
5V9E_fbbb1c1e1126ebe5ac41f94480254cb0_repeat_1,214.26561307907104
5V9E_fbc6095fef52f64c3f784767e703b8e8_repeat_1,233.8999412059784
5V9E_fc120f17e69038f055436d56cb09d5f3_repeat_1,233.32329869270325
5V9E_fc1c2e1a30f7e91f56c8a01c25d364d3_repeat_1,144.38103032112122
5V9E_fc3a4ad8222fb357433c758682e283f1_repeat_1,218.51875734329224
5V9E_fca3d3671f135e0347cd3688f3f34cad_repeat_1,151.36888456344604
5V9E_fcc1e77f36eb12f3fbecee43a084cd65_repeat_1,185.087393283844
5V9E_fcc2af2a747f34b2bead512aba98b5fa_repeat_1,257.59621500968933
5V9E_fcccc9ecc7ec5b26dca78993cf011f90_repeat_1,186.70661664009094
5V9E_fcd975a69e77e2032a389ef63f12c3df_repeat_1,197.7069697380066
5V9E_fd4f31fecaf908c3a49bafc5336333e0_repeat_1,240.09994649887085
5V9E_fd76b9b49a68c242c1f2ed6105962186_repeat_1,117.7678587436676
5V9E_fd7c41694282b4fc73ceaec42a40ceaa_repeat_1,331.4302318096161
5V9E_fd87dcc7abdcb1c26bf6f25327b187f6_repeat_1,232.9133059978485
5V9E_fd9205bacd883e50fea071e4472f8052_repeat_1,251.51825594902039
5V9E_fdb3b8724508bd7caa7151b0f696079a_repeat_1,161.76153588294983
5V9E_fdb78f9628ba5ea10a41fa63e83d8681_repeat_1,221.53742790222168
5V9E_fe628b8f43ab1331e542b0c10ac7a960_repeat_1,388.3952565193176
5V9E_fe7ff1dcecae2dccf2efaaa5ed62400e_repeat_1,148.13072037696838
5V9E_fea6c8f9ec485ee357893d8f78855ebf_repeat_1,229.94129848480225
5V9E_feb42593a0a0ece2da0273560e28f97a_repeat_1,172.09980654716492
5V9E_fee10697875153376343da66d33b60c5_repeat_1,211.5736107826233
5V9E_feeae27b3781b2e71b431ad5d8833951_repeat_1,154.6088433265686
5V9E_fef53d84594a57e6ea09dd70657fe764_repeat_1,134.5394856929779
5V9E_ff0123c1307350eaf41171aa73428c59_repeat_1,302.54718232154846
5V9E_ff380e03ea25af14a4e7d6c4e2a15007_repeat_1,324.0024263858795
5V9E_ff51d7bc886fa372f03ee6b6d39650be_repeat_1,210.45959877967834
5V9E_ff549b5511d1916ab6e788284df072c9_repeat_1,114.90114784240723
5V9E_ff57f99772483a8cd0442fc8828ab491_repeat_1,197.6325922012329
5V9E_ff5875a7bd0b60254c7de818ab01da3b_repeat_1,212.73282504081726
5V9E_ff59a3090051844c945075102954e5ee_repeat_1,186.52463293075562
5V9E_ff5e32ab8020fad79a38bac794d82f81_repeat_1,82.5087022781372
5V9E_ff65a8822f08d8a7f669d94d95904862_repeat_1,227.8517460823059
5V9E_ff6f80fa6e91b05e348a4727eff20a5e_repeat_1,204.81963872909546
5V9E_ff981cf0ea3141f7e93dafeb50766a01_repeat_1,257.20369124412537
5V9E_ffc6db829d9e764bd1a9d177391e76d4_repeat_1,248.69560027122498
5V9E_fff0c9c7d8826ddd949823a245927898_repeat_1,189.2915415763855
